2024-04-01 17:05:06.1350|DEBUG|Microsoft.AspNetCore.Mvc.ModelBinding.ModelBinderFactory|Registered model binder providers, in the following order: Microsoft.AspNetCore.Mvc.ModelBinding.Binders.BinderTypeModelBinderProvider, Microsoft.AspNetCore.Mvc.ModelBinding.Binders.ServicesModelBinderProvider, Microsoft.AspNetCore.Mvc.ModelBinding.Binders.BodyModelBinderProvider, Microsoft.AspNetCore.Mvc.ModelBinding.Binders.HeaderModelBinderProvider, Microsoft.AspNetCore.Mvc.ModelBinding.Binders.FloatingPointTypeModelBinderProvider, Microsoft.AspNetCore.Mvc.ModelBinding.Binders.EnumTypeModelBinderProvider, Microsoft.AspNetCore.Mvc.ModelBinding.Binders.DateTimeModelBinderProvider, Microsoft.AspNetCore.Mvc.ModelBinding.Binders.SimpleTypeModelBinderProvider, Microsoft.AspNetCore.Mvc.ModelBinding.Binders.TryParseModelBinderProvider, Microsoft.AspNetCore.Mvc.ModelBinding.Binders.CancellationTokenModelBinderProvider, Microsoft.AspNetCore.Mvc.ModelBinding.Binders.ByteArrayModelBinderProvider, Microsoft.AspNetCore.Mvc.ModelBinding.Binders.FormFileModelBinderProvider, Microsoft.AspNetCore.Mvc.ModelBinding.Binders.FormCollectionModelBinderProvider, Microsoft.AspNetCore.Mvc.ModelBinding.Binders.KeyValuePairModelBinderProvider, Microsoft.AspNetCore.Mvc.ModelBinding.Binders.DictionaryModelBinderProvider, Microsoft.AspNetCore.Mvc.ModelBinding.Binders.ArrayModelBinderProvider, Microsoft.AspNetCore.Mvc.ModelBinding.Binders.CollectionModelBinderProvider, Microsoft.AspNetCore.Mvc.ModelBinding.Binders.ComplexObjectModelBinderProvider 
2024-04-01 17:05:06.2639|DEBUG|Microsoft.Extensions.Hosting.Internal.Host|Hosting starting 
2024-04-01 17:05:06.3134|INFO|Microsoft.AspNetCore.DataProtection.KeyManagement.XmlKeyManager|User profile is available. Using 'C:\Users\25968\AppData\Local\ASP.NET\DataProtection-Keys' as key repository and Windows DPAPI to encrypt keys at rest. 
2024-04-01 17:05:06.3227|DEBUG|Microsoft.AspNetCore.DataProtection.Repositories.FileSystemXmlRepository|Reading data from file 'C:\Users\25968\AppData\Local\ASP.NET\DataProtection-Keys\key-04331095-e001-4e86-a2a5-ac77c623d11c.xml'. 
2024-04-01 17:05:06.3402|DEBUG|Microsoft.AspNetCore.DataProtection.KeyManagement.XmlKeyManager|Found key {04331095-e001-4e86-a2a5-ac77c623d11c}. 
2024-04-01 17:05:06.3541|DEBUG|Microsoft.AspNetCore.DataProtection.KeyManagement.DefaultKeyResolver|Considering key {04331095-e001-4e86-a2a5-ac77c623d11c} with expiration date 2024-04-11 12:24:14Z as default key. 
2024-04-01 17:05:06.3541|DEBUG|Microsoft.AspNetCore.DataProtection.TypeForwardingActivator|Forwarded activator type request from Microsoft.AspNetCore.DataProtection.XmlEncryption.DpapiXmlDecryptor, Microsoft.AspNetCore.DataProtection, Version=8.0.0.0, Culture=neutral, PublicKeyToken=adb9793829ddae60 to Microsoft.AspNetCore.DataProtection.XmlEncryption.DpapiXmlDecryptor, Microsoft.AspNetCore.DataProtection, Culture=neutral, PublicKeyToken=adb9793829ddae60 
2024-04-01 17:05:06.3541|DEBUG|Microsoft.AspNetCore.DataProtection.XmlEncryption.DpapiXmlDecryptor|Decrypting secret element using Windows DPAPI. 
2024-04-01 17:05:06.3541|DEBUG|Microsoft.AspNetCore.DataProtection.TypeForwardingActivator|Forwarded activator type request from Microsoft.AspNetCore.DataProtection.AuthenticatedEncryption.ConfigurationModel.AuthenticatedEncryptorDescriptorDeserializer, Microsoft.AspNetCore.DataProtection, Version=8.0.0.0, Culture=neutral, PublicKeyToken=adb9793829ddae60 to Microsoft.AspNetCore.DataProtection.AuthenticatedEncryption.ConfigurationModel.AuthenticatedEncryptorDescriptorDeserializer, Microsoft.AspNetCore.DataProtection, Culture=neutral, PublicKeyToken=adb9793829ddae60 
2024-04-01 17:05:06.3652|DEBUG|Microsoft.AspNetCore.DataProtection.AuthenticatedEncryption.CngCbcAuthenticatedEncryptorFactory|Opening CNG algorithm 'AES' from provider '(null)' with chaining mode CBC. 
2024-04-01 17:05:06.3652|DEBUG|Microsoft.AspNetCore.DataProtection.AuthenticatedEncryption.CngCbcAuthenticatedEncryptorFactory|Opening CNG algorithm 'SHA256' from provider '(null)' with HMAC. 
2024-04-01 17:05:06.3652|DEBUG|Microsoft.AspNetCore.DataProtection.KeyManagement.KeyRingProvider|Using key {04331095-e001-4e86-a2a5-ac77c623d11c} as the default key. 
2024-04-01 17:05:06.3652|DEBUG|Microsoft.AspNetCore.DataProtection.Internal.DataProtectionHostedService|Key ring with default key {04331095-e001-4e86-a2a5-ac77c623d11c} was loaded during application startup. 
2024-04-01 17:05:06.6561|INFO|Microsoft.Hosting.Lifetime|Now listening on: https://localhost:7290 
2024-04-01 17:05:06.6585|INFO|Microsoft.Hosting.Lifetime|Now listening on: http://localhost:5167 
2024-04-01 17:05:06.6585|DEBUG|Microsoft.AspNetCore.Hosting.Diagnostics|Loaded hosting startup assembly LitZhu.WebApi 
2024-04-01 17:05:06.6585|DEBUG|Microsoft.AspNetCore.Hosting.Diagnostics|Loaded hosting startup assembly Microsoft.AspNetCore.Watch.BrowserRefresh 
2024-04-01 17:05:06.6585|DEBUG|Microsoft.AspNetCore.Hosting.Diagnostics|Loaded hosting startup assembly Microsoft.WebTools.BrowserLink.Net 
2024-04-01 17:05:06.6585|INFO|Microsoft.Hosting.Lifetime|Application started. Press Ctrl+C to shut down. 
2024-04-01 17:05:06.6585|INFO|Microsoft.Hosting.Lifetime|Hosting environment: Development 
2024-04-01 17:05:06.6585|INFO|Microsoft.Hosting.Lifetime|Content root path: D:\Desktop\website\litzhu\LitZhu_backend\LitZhu.WebApi 
2024-04-01 17:05:06.6585|DEBUG|Microsoft.Extensions.Hosting.Internal.Host|Hosting started 
2024-04-01 17:05:07.0033|DEBUG|Microsoft.AspNetCore.Server.Kestrel.Connections|Connection id "0HN2I5B9NP6UB" accepted. 
2024-04-01 17:05:07.0033|DEBUG|Microsoft.AspNetCore.Server.Kestrel.Connections|Connection id "0HN2I5B9NP6UB" started. 
2024-04-01 17:05:07.0033|DEBUG|Microsoft.AspNetCore.Server.Kestrel.Connections|Connection id "0HN2I5B9NP6UC" accepted. 
2024-04-01 17:05:07.0033|DEBUG|Microsoft.AspNetCore.Server.Kestrel.Connections|Connection id "0HN2I5B9NP6UC" started. 
2024-04-01 17:05:11.9583|DEBUG|Microsoft.AspNetCore.Server.Kestrel.Connections|Connection id "0HN2I5B9NP6UD" accepted. 
2024-04-01 17:05:11.9583|DEBUG|Microsoft.AspNetCore.Server.Kestrel.Connections|Connection id "0HN2I5B9NP6UD" started. 
2024-04-01 17:05:12.1311|DEBUG|Microsoft.AspNetCore.Server.Kestrel.Https.Internal.HttpsConnectionMiddleware|Connection 0HN2I5B9NP6UD established using the following protocol: Tls13 
2024-04-01 17:05:12.1790|TRACE|Microsoft.AspNetCore.Server.Kestrel.Http2|Connection id "0HN2I5B9NP6UD" sending SETTINGS frame for stream ID 0 with length 24 and flags NONE. 
2024-04-01 17:05:12.1790|TRACE|Microsoft.AspNetCore.Server.Kestrel.Http2|Connection id "0HN2I5B9NP6UD" sending WINDOW_UPDATE frame for stream ID 0 with length 4 and flags 0x0. 
2024-04-01 17:05:12.1790|TRACE|Microsoft.AspNetCore.Server.Kestrel.Http2|Connection id "0HN2I5B9NP6UD" received SETTINGS frame for stream ID 0 with length 24 and flags NONE. 
2024-04-01 17:05:12.1910|TRACE|Microsoft.AspNetCore.Server.Kestrel.Http2|Connection id "0HN2I5B9NP6UD" sending SETTINGS frame for stream ID 0 with length 0 and flags ACK. 
2024-04-01 17:05:12.1910|TRACE|Microsoft.AspNetCore.Server.Kestrel.Http2|Connection id "0HN2I5B9NP6UD" received WINDOW_UPDATE frame for stream ID 0 with length 4 and flags 0x0. 
2024-04-01 17:05:12.1910|TRACE|Microsoft.AspNetCore.Server.Kestrel.Http2|Connection id "0HN2I5B9NP6UD" received HEADERS frame for stream ID 1 with length 462 and flags END_STREAM, END_HEADERS, PRIORITY. 
2024-04-01 17:05:12.2382|TRACE|Microsoft.AspNetCore.Server.Kestrel.Http2|Connection id "0HN2I5B9NP6UD" received SETTINGS frame for stream ID 0 with length 0 and flags ACK. 
2024-04-01 17:05:12.2591|INFO|Microsoft.AspNetCore.Hosting.Diagnostics|Request starting HTTP/2 GET https://localhost:7290/swagger/index.html - - - 
2024-04-01 17:05:13.0869|DEBUG|Microsoft.AspNetCore.HostFiltering.HostFilteringMiddleware|Wildcard detected, all requests with hosts will be allowed. 
2024-04-01 17:05:13.0869|TRACE|Microsoft.AspNetCore.HostFiltering.HostFilteringMiddleware|All hosts are allowed. 
2024-04-01 17:05:13.1029|DEBUG|Microsoft.AspNetCore.Routing.Matching.DfaMatcher|No candidates found for the request path '/swagger/index.html' 
2024-04-01 17:05:13.1029|DEBUG|Microsoft.AspNetCore.Routing.EndpointRoutingMiddleware|Request did not match any endpoints 
2024-04-01 17:05:13.1986|DEBUG|Microsoft.AspNetCore.Watch.BrowserRefresh.BrowserRefreshMiddleware|Response markup is scheduled to include browser refresh script injection. 
2024-04-01 17:05:13.1986|TRACE|Microsoft.AspNetCore.Server.Kestrel.Http2|Connection id "0HN2I5B9NP6UD" sending HEADERS frame for stream ID 1 with length 66 and flags END_HEADERS. 
2024-04-01 17:05:13.2102|TRACE|Microsoft.AspNetCore.Server.Kestrel.Http2|Connection id "0HN2I5B9NP6UD" sending DATA frame for stream ID 1 with length 4096 and flags NONE. 
2024-04-01 17:05:13.2102|TRACE|Microsoft.AspNetCore.Server.Kestrel.Http2|Connection id "0HN2I5B9NP6UD" sending DATA frame for stream ID 1 with length 992 and flags NONE. 
2024-04-01 17:05:13.2102|TRACE|Microsoft.AspNetCore.Server.Kestrel.Http2|Connection id "0HN2I5B9NP6UD" sending DATA frame for stream ID 1 with length 81 and flags NONE. 
2024-04-01 17:05:13.2102|DEBUG|Microsoft.AspNetCore.Watch.BrowserRefresh.BrowserRefreshMiddleware|Response markup was updated to include browser refresh script injection. 
2024-04-01 17:05:13.2211|TRACE|Microsoft.AspNetCore.Server.Kestrel.Http2|Connection id "0HN2I5B9NP6UD" sending DATA frame for stream ID 1 with length 0 and flags END_STREAM. 
2024-04-01 17:05:13.2211|INFO|Microsoft.AspNetCore.Hosting.Diagnostics|Request finished HTTP/2 GET https://localhost:7290/swagger/index.html - 200 - text/html;charset=utf-8 974.6336ms 
2024-04-01 17:05:13.3019|TRACE|Microsoft.AspNetCore.Server.Kestrel.Http2|Connection id "0HN2I5B9NP6UD" received HEADERS frame for stream ID 3 with length 109 and flags END_STREAM, END_HEADERS, PRIORITY. 
2024-04-01 17:05:13.3019|INFO|Microsoft.AspNetCore.Hosting.Diagnostics|Request starting HTTP/2 GET https://localhost:7290/_framework/aspnetcore-browser-refresh.js - - - 
2024-04-01 17:05:13.3019|TRACE|Microsoft.AspNetCore.Server.Kestrel.Http2|Connection id "0HN2I5B9NP6UD" sending HEADERS frame for stream ID 3 with length 60 and flags END_HEADERS. 
2024-04-01 17:05:13.3019|TRACE|Microsoft.AspNetCore.Server.Kestrel.Http2|Connection id "0HN2I5B9NP6UD" sending DATA frame for stream ID 3 with length 13761 and flags NONE. 
2024-04-01 17:05:13.3019|TRACE|Microsoft.AspNetCore.Server.Kestrel.Http2|Connection id "0HN2I5B9NP6UD" sending DATA frame for stream ID 3 with length 0 and flags END_STREAM. 
2024-04-01 17:05:13.3019|INFO|Microsoft.AspNetCore.Hosting.Diagnostics|Request finished HTTP/2 GET https://localhost:7290/_framework/aspnetcore-browser-refresh.js - 200 13761 application/javascript;+charset=utf-8 9.0302ms 
2024-04-01 17:05:13.3660|TRACE|Microsoft.AspNetCore.Server.Kestrel.Http2|Connection id "0HN2I5B9NP6UD" received HEADERS frame for stream ID 5 with length 57 and flags END_STREAM, END_HEADERS, PRIORITY. 
2024-04-01 17:05:13.3660|INFO|Microsoft.AspNetCore.Hosting.Diagnostics|Request starting HTTP/2 GET https://localhost:7290/_vs/browserLink - - - 
2024-04-01 17:05:13.4746|TRACE|Microsoft.AspNetCore.Server.Kestrel.Http2|Connection id "0HN2I5B9NP6UD" sending HEADERS frame for stream ID 5 with length 149 and flags END_HEADERS. 
2024-04-01 17:05:13.4746|TRACE|Microsoft.AspNetCore.Server.Kestrel.Http2|Connection id "0HN2I5B9NP6UD" sending DATA frame for stream ID 5 with length 9986 and flags NONE. 
2024-04-01 17:05:13.4746|TRACE|Microsoft.AspNetCore.Server.Kestrel.Http2|Connection id "0HN2I5B9NP6UD" sending DATA frame for stream ID 5 with length 10240 and flags NONE. 
2024-04-01 17:05:13.4746|TRACE|Microsoft.AspNetCore.Server.Kestrel.Http2|Connection id "0HN2I5B9NP6UD" sending DATA frame for stream ID 5 with length 10240 and flags NONE. 
2024-04-01 17:05:13.4746|TRACE|Microsoft.AspNetCore.Server.Kestrel.Http2|Connection id "0HN2I5B9NP6UD" sending DATA frame for stream ID 5 with length 10240 and flags NONE. 
2024-04-01 17:05:13.4746|TRACE|Microsoft.AspNetCore.Server.Kestrel.Http2|Connection id "0HN2I5B9NP6UD" sending DATA frame for stream ID 5 with length 10240 and flags NONE. 
2024-04-01 17:05:13.4746|TRACE|Microsoft.AspNetCore.Server.Kestrel.Http2|Connection id "0HN2I5B9NP6UD" sending DATA frame for stream ID 5 with length 10240 and flags NONE. 
2024-04-01 17:05:13.4746|TRACE|Microsoft.AspNetCore.Server.Kestrel.Http2|Connection id "0HN2I5B9NP6UD" sending DATA frame for stream ID 5 with length 10240 and flags NONE. 
2024-04-01 17:05:13.4874|TRACE|Microsoft.AspNetCore.Server.Kestrel.Http2|Connection id "0HN2I5B9NP6UD" sending DATA frame for stream ID 5 with length 10240 and flags NONE. 
2024-04-01 17:05:13.4874|TRACE|Microsoft.AspNetCore.Server.Kestrel.Http2|Connection id "0HN2I5B9NP6UD" sending DATA frame for stream ID 5 with length 10240 and flags NONE. 
2024-04-01 17:05:13.4874|TRACE|Microsoft.AspNetCore.Server.Kestrel.Http2|Connection id "0HN2I5B9NP6UD" sending DATA frame for stream ID 5 with length 10240 and flags NONE. 
2024-04-01 17:05:13.4874|TRACE|Microsoft.AspNetCore.Server.Kestrel.Http2|Connection id "0HN2I5B9NP6UD" sending DATA frame for stream ID 5 with length 10240 and flags NONE. 
2024-04-01 17:05:13.4874|TRACE|Microsoft.AspNetCore.Server.Kestrel.Http2|Connection id "0HN2I5B9NP6UD" sending DATA frame for stream ID 5 with length 10240 and flags NONE. 
2024-04-01 17:05:13.4874|TRACE|Microsoft.AspNetCore.Server.Kestrel.Http2|Connection id "0HN2I5B9NP6UD" sending DATA frame for stream ID 5 with length 10240 and flags NONE. 
2024-04-01 17:05:13.4874|TRACE|Microsoft.AspNetCore.Server.Kestrel.Http2|Connection id "0HN2I5B9NP6UD" sending DATA frame for stream ID 5 with length 10240 and flags NONE. 
2024-04-01 17:05:13.4874|TRACE|Microsoft.AspNetCore.Server.Kestrel.Http2|Connection id "0HN2I5B9NP6UD" sending DATA frame for stream ID 5 with length 10240 and flags NONE. 
2024-04-01 17:05:13.4874|TRACE|Microsoft.AspNetCore.Server.Kestrel.Http2|Connection id "0HN2I5B9NP6UD" sending DATA frame for stream ID 5 with length 160 and flags NONE. 
2024-04-01 17:05:13.4874|INFO|Microsoft.AspNetCore.Hosting.Diagnostics|Request finished HTTP/2 GET https://localhost:7290/_vs/browserLink - 200 - text/javascript;+charset=UTF-8 130.9967ms 
2024-04-01 17:05:13.4874|TRACE|Microsoft.AspNetCore.Server.Kestrel.Http2|Connection id "0HN2I5B9NP6UD" sending DATA frame for stream ID 5 with length 0 and flags END_STREAM. 
2024-04-01 17:05:13.8707|TRACE|Microsoft.AspNetCore.Server.Kestrel.Http2|Connection id "0HN2I5B9NP6UD" received HEADERS frame for stream ID 7 with length 66 and flags END_STREAM, END_HEADERS, PRIORITY. 
2024-04-01 17:05:13.8707|INFO|Microsoft.AspNetCore.Hosting.Diagnostics|Request starting HTTP/2 GET https://localhost:7290/swagger/v1/swagger.json - - - 
2024-04-01 17:05:13.8707|TRACE|Microsoft.AspNetCore.HostFiltering.HostFilteringMiddleware|All hosts are allowed. 
2024-04-01 17:05:13.8707|DEBUG|Microsoft.AspNetCore.Routing.Matching.DfaMatcher|No candidates found for the request path '/swagger/v1/swagger.json' 
2024-04-01 17:05:13.8707|DEBUG|Microsoft.AspNetCore.Routing.EndpointRoutingMiddleware|Request did not match any endpoints 
2024-04-01 17:05:13.9236|TRACE|Microsoft.AspNetCore.Server.Kestrel.Http2|Connection id "0HN2I5B9NP6UD" received HEADERS frame for stream ID 9 with length 96 and flags END_STREAM, END_HEADERS, PRIORITY. 
2024-04-01 17:05:13.9248|INFO|Microsoft.AspNetCore.Hosting.Diagnostics|Request starting HTTP/2 GET https://localhost:7290/swagger/favicon-32x32.png - - - 
2024-04-01 17:05:13.9248|TRACE|Microsoft.AspNetCore.HostFiltering.HostFilteringMiddleware|All hosts are allowed. 
2024-04-01 17:05:13.9248|DEBUG|Microsoft.AspNetCore.Routing.Matching.DfaMatcher|No candidates found for the request path '/swagger/favicon-32x32.png' 
2024-04-01 17:05:13.9248|DEBUG|Microsoft.AspNetCore.Routing.EndpointRoutingMiddleware|Request did not match any endpoints 
2024-04-01 17:05:13.9248|TRACE|Microsoft.AspNetCore.StaticFiles.StaticFileMiddleware|Range header's value is empty. 
2024-04-01 17:05:13.9248|TRACE|Microsoft.AspNetCore.Server.Kestrel.Http2|Connection id "0HN2I5B9NP6UD" sending HEADERS frame for stream ID 9 with length 77 and flags END_HEADERS. 
2024-04-01 17:05:13.9248|TRACE|Microsoft.AspNetCore.Server.Kestrel.Http2|Connection id "0HN2I5B9NP6UD" sending DATA frame for stream ID 9 with length 628 and flags NONE. 
2024-04-01 17:05:13.9248|INFO|Microsoft.AspNetCore.StaticFiles.StaticFileMiddleware|Sending file. Request path: '/favicon-32x32.png'. Physical path: 'N/A' 
2024-04-01 17:05:13.9248|INFO|Microsoft.AspNetCore.Hosting.Diagnostics|Request finished HTTP/2 GET https://localhost:7290/swagger/favicon-32x32.png - 200 628 image/png 12.0152ms 
2024-04-01 17:05:13.9248|TRACE|Microsoft.AspNetCore.Server.Kestrel.Http2|Connection id "0HN2I5B9NP6UD" sending DATA frame for stream ID 9 with length 0 and flags END_STREAM. 
2024-04-01 17:05:14.2081|TRACE|Microsoft.AspNetCore.Server.Kestrel.Http2|Connection id "0HN2I5B9NP6UD" sending HEADERS frame for stream ID 7 with length 35 and flags END_HEADERS. 
2024-04-01 17:05:14.2081|TRACE|Microsoft.AspNetCore.Server.Kestrel.Http2|Connection id "0HN2I5B9NP6UD" sending DATA frame for stream ID 7 with length 16384 and flags NONE. 
2024-04-01 17:05:14.2081|TRACE|Microsoft.AspNetCore.Server.Kestrel.Http2|Connection id "0HN2I5B9NP6UD" sending DATA frame for stream ID 7 with length 16384 and flags NONE. 
2024-04-01 17:05:14.2081|TRACE|Microsoft.AspNetCore.Server.Kestrel.Http2|Connection id "0HN2I5B9NP6UD" sending DATA frame for stream ID 7 with length 16384 and flags NONE. 
2024-04-01 17:05:14.2081|TRACE|Microsoft.AspNetCore.Server.Kestrel.Http2|Connection id "0HN2I5B9NP6UD" sending DATA frame for stream ID 7 with length 9384 and flags NONE. 
2024-04-01 17:05:14.2081|TRACE|Microsoft.AspNetCore.Server.Kestrel.Http2|Connection id "0HN2I5B9NP6UD" sending DATA frame for stream ID 7 with length 0 and flags END_STREAM. 
2024-04-01 17:05:14.2081|INFO|Microsoft.AspNetCore.Hosting.Diagnostics|Request finished HTTP/2 GET https://localhost:7290/swagger/v1/swagger.json - 200 - application/json;charset=utf-8 341.3644ms 
2024-04-01 17:05:14.3999|DEBUG|Microsoft.AspNetCore.Server.Kestrel.Transport.Sockets|Connection id "0HN2I5B9NP6UD" received FIN. 
2024-04-01 17:05:14.3999|DEBUG|Microsoft.AspNetCore.Server.Kestrel.Http2|The connection queue processing loop for 0HN2I5B9NP6UD completed. 
2024-04-01 17:05:14.3999|DEBUG|Microsoft.AspNetCore.Server.Kestrel.Http2|Connection id "0HN2I5B9NP6UD" is closed. The last processed stream ID was 9. 
2024-04-01 17:05:14.3999|DEBUG|Microsoft.AspNetCore.Server.Kestrel.Transport.Sockets|Connection id "0HN2I5B9NP6UD" sending FIN because: "The Socket transport's send loop completed gracefully." 
2024-04-01 17:05:14.4283|DEBUG|Microsoft.AspNetCore.Server.Kestrel.Connections|Connection id "0HN2I5B9NP6UD" stopped. 
2024-04-01 17:05:17.0264|DEBUG|Microsoft.AspNetCore.Server.Kestrel.Https.Internal.HttpsConnectionMiddleware|Authentication of the HTTPS connection timed out. 
2024-04-01 17:05:17.0264|DEBUG|Microsoft.AspNetCore.Server.Kestrel.Https.Internal.HttpsConnectionMiddleware|Authentication of the HTTPS connection timed out. 
2024-04-01 17:05:17.0264|DEBUG|Microsoft.AspNetCore.Server.Kestrel.Connections|Connection id "0HN2I5B9NP6UC" stopped. 
2024-04-01 17:05:17.0264|DEBUG|Microsoft.AspNetCore.Server.Kestrel.Connections|Connection id "0HN2I5B9NP6UB" stopped. 
2024-04-01 17:05:17.0264|DEBUG|Microsoft.AspNetCore.Server.Kestrel.Transport.Sockets|Connection id "0HN2I5B9NP6UC" sending FIN because: "The Socket transport's send loop completed gracefully." 
2024-04-01 17:05:17.0264|DEBUG|Microsoft.AspNetCore.Server.Kestrel.Transport.Sockets|Connection id "0HN2I5B9NP6UB" sending FIN because: "The Socket transport's send loop completed gracefully." 
2024-04-01 17:05:17.6261|DEBUG|Microsoft.AspNetCore.Server.Kestrel.Connections|Connection id "0HN2I5B9NP6UE" accepted. 
2024-04-01 17:05:17.6261|DEBUG|Microsoft.AspNetCore.Server.Kestrel.Connections|Connection id "0HN2I5B9NP6UE" started. 
2024-04-01 17:05:17.6350|DEBUG|Microsoft.AspNetCore.Server.Kestrel.Https.Internal.HttpsConnectionMiddleware|Connection 0HN2I5B9NP6UE established using the following protocol: Tls13 
2024-04-01 17:05:17.6350|TRACE|Microsoft.AspNetCore.Server.Kestrel.Http2|Connection id "0HN2I5B9NP6UE" sending SETTINGS frame for stream ID 0 with length 24 and flags NONE. 
2024-04-01 17:05:17.6350|TRACE|Microsoft.AspNetCore.Server.Kestrel.Http2|Connection id "0HN2I5B9NP6UE" sending WINDOW_UPDATE frame for stream ID 0 with length 4 and flags 0x0. 
2024-04-01 17:05:17.6350|TRACE|Microsoft.AspNetCore.Server.Kestrel.Http2|Connection id "0HN2I5B9NP6UE" received SETTINGS frame for stream ID 0 with length 24 and flags NONE. 
2024-04-01 17:05:17.6350|TRACE|Microsoft.AspNetCore.Server.Kestrel.Http2|Connection id "0HN2I5B9NP6UE" sending SETTINGS frame for stream ID 0 with length 0 and flags ACK. 
2024-04-01 17:05:17.6350|TRACE|Microsoft.AspNetCore.Server.Kestrel.Http2|Connection id "0HN2I5B9NP6UE" received WINDOW_UPDATE frame for stream ID 0 with length 4 and flags 0x0. 
2024-04-01 17:05:17.6350|TRACE|Microsoft.AspNetCore.Server.Kestrel.Http2|Connection id "0HN2I5B9NP6UE" received HEADERS frame for stream ID 1 with length 358 and flags END_STREAM, END_HEADERS, PRIORITY. 
2024-04-01 17:05:17.6350|TRACE|Microsoft.AspNetCore.Server.Kestrel.Http2|Connection id "0HN2I5B9NP6UE" received SETTINGS frame for stream ID 0 with length 0 and flags ACK. 
2024-04-01 17:05:17.6350|INFO|Microsoft.AspNetCore.Hosting.Diagnostics|Request starting HTTP/2 GET https://localhost:7290/api/Article - - - 
2024-04-01 17:05:17.6350|TRACE|Microsoft.AspNetCore.HostFiltering.HostFilteringMiddleware|All hosts are allowed. 
2024-04-01 17:05:17.6350|DEBUG|Microsoft.AspNetCore.Routing.Matching.DfaMatcher|1 candidate(s) found for the request path '/api/Article' 
2024-04-01 17:05:17.6350|DEBUG|Microsoft.AspNetCore.Routing.Matching.DfaMatcher|Endpoint 'LitZhu.WebApi.Controllers.Article.ArticleController.GetArticle (LitZhu.WebApi)' with route pattern 'api/Article' is valid for the request path '/api/Article' 
2024-04-01 17:05:17.6472|DEBUG|Microsoft.AspNetCore.Routing.EndpointRoutingMiddleware|Request matched endpoint 'LitZhu.WebApi.Controllers.Article.ArticleController.GetArticle (LitZhu.WebApi)' 
2024-04-01 17:05:17.6472|TRACE|Microsoft.AspNetCore.Routing.EndpointRoutingMiddleware|The endpoint does not specify the IRequestSizeLimitMetadata. 
2024-04-01 17:05:17.6472|DEBUG|Microsoft.AspNetCore.StaticFiles.StaticFileMiddleware|Static files was skipped as the request already matched an endpoint. 
2024-04-01 17:05:17.7341|DEBUG|Microsoft.AspNetCore.Authentication.JwtBearer.JwtBearerHandler|AuthenticationScheme: Bearer was not authenticated. 
2024-04-01 17:05:17.7341|INFO|Microsoft.AspNetCore.Routing.EndpointMiddleware|Executing endpoint 'LitZhu.WebApi.Controllers.Article.ArticleController.GetArticle (LitZhu.WebApi)' 
2024-04-01 17:05:17.7618|INFO|Microsoft.AspNetCore.Mvc.Infrastructure.ControllerActionInvoker|Route matched with {action = "GetArticle", controller = "Article"}. Executing controller action with signature System.Threading.Tasks.Task`1[Microsoft.AspNetCore.Mvc.ActionResult`1[System.Collections.Generic.List`1[Article.Domain.DTO.ArticleDto]]] GetArticle(Article.Domain.DTO.ArticleParametersDto) on controller LitZhu.WebApi.Controllers.Article.ArticleController (LitZhu.WebApi). 
2024-04-01 17:05:17.7618|DEBUG|Microsoft.AspNetCore.Mvc.Infrastructure.ControllerActionInvoker|Execution plan of authorization filters (in the following order): None 
2024-04-01 17:05:17.7618|DEBUG|Microsoft.AspNetCore.Mvc.Infrastructure.ControllerActionInvoker|Execution plan of resource filters (in the following order): None 
2024-04-01 17:05:17.7618|DEBUG|Microsoft.AspNetCore.Mvc.Infrastructure.ControllerActionInvoker|Execution plan of action filters (in the following order): Microsoft.AspNetCore.Mvc.ModelBinding.UnsupportedContentTypeFilter (Order: -3000), Microsoft.AspNetCore.Mvc.Infrastructure.ModelStateInvalidFilter (Order: -2000) 
2024-04-01 17:05:17.7618|DEBUG|Microsoft.AspNetCore.Mvc.Infrastructure.ControllerActionInvoker|Execution plan of exception filters (in the following order): None 
2024-04-01 17:05:17.7618|DEBUG|Microsoft.AspNetCore.Mvc.Infrastructure.ControllerActionInvoker|Execution plan of result filters (in the following order): Microsoft.AspNetCore.Mvc.Infrastructure.ClientErrorResultFilter (Order: -2000) 
2024-04-01 17:05:17.7618|DEBUG|Microsoft.AspNetCore.Mvc.Infrastructure.ControllerActionInvoker|Executing controller factory for controller LitZhu.WebApi.Controllers.Article.ArticleController (LitZhu.WebApi) 
2024-04-01 17:05:18.0329|DEBUG|Microsoft.EntityFrameworkCore.Infrastructure|An additional 'IServiceProvider' was created for internal use by Entity Framework. An existing service provider was not used due to the following configuration changes: configuration changed for 'Core:ConfigureWarnings', configuration added for 'Pomelo.EntityFrameworkCore.MySql:ServerVersion', configuration added for 'Pomelo.EntityFrameworkCore.MySql:DisableBackslashEscaping', configuration added for 'Pomelo.EntityFrameworkCore.MySql:SetSqlModeOnOpen', configuration added for 'Pomelo.EntityFrameworkCore.MySql:DisableLineBreakToCharSubstition', configuration added for 'Pomelo.EntityFrameworkCore.MySql:DefaultDataTypeMappings', configuration added for 'Pomelo.EntityFrameworkCore.MySql:SchemaBehavior', configuration added for 'Pomelo.EntityFrameworkCore.MySql:SchemaNameTranslator', configuration added for 'Pomelo.EntityFrameworkCore.MySql:EnableIndexOptimizedBooleanColumns', configuration added for 'Pomelo.EntityFrameworkCore.MySql:LimitKeyedOrIndexedStringColumnLength', configuration added for 'Pomelo.EntityFrameworkCore.MySql:EnableStringComparisonTranslations', configuration added for 'Pomelo.EntityFrameworkCore.MySql:EnablePrimitiveCollectionsSupport'. 
2024-04-01 17:05:18.4893|DEBUG|Microsoft.EntityFrameworkCore.Model|The index {'ArticleId'} was not created on entity type 'ArticleTags' as the properties are already covered by the index {'ArticleId', 'TagId'}. 
2024-04-01 17:05:18.5681|WARN|Microsoft.EntityFrameworkCore.Model.Validation|Entity 'Articles' has a global query filter defined and is the required end of a relationship with the entity 'ArticleTags'. This may lead to unexpected results when the required entity is filtered out. Either configure the navigation as optional, or define matching query filters for both entities in the navigation. See https://go.microsoft.com/fwlink/?linkid=2131316 for more information. 
2024-04-01 17:05:18.5681|WARN|Microsoft.EntityFrameworkCore.Model.Validation|Entity 'Articles' has a global query filter defined and is the required end of a relationship with the entity 'Comments'. This may lead to unexpected results when the required entity is filtered out. Either configure the navigation as optional, or define matching query filters for both entities in the navigation. See https://go.microsoft.com/fwlink/?linkid=2131316 for more information. 
2024-04-01 17:05:18.7571|DEBUG|Microsoft.EntityFrameworkCore.Infrastructure|Entity Framework Core 8.0.1 initialized 'ArticleDbContext' using provider 'Pomelo.EntityFrameworkCore.MySql:8.0.1' with options: ServerVersion=8.0.23-mysql  
2024-04-01 17:05:18.8972|DEBUG|Microsoft.AspNetCore.Mvc.Infrastructure.ControllerActionInvoker|Executed controller factory for controller LitZhu.WebApi.Controllers.Article.ArticleController (LitZhu.WebApi) 
2024-04-01 17:05:18.8972|DEBUG|Microsoft.AspNetCore.Mvc.ModelBinding.ParameterBinder|Attempting to bind parameter 'parameters' of type 'Article.Domain.DTO.ArticleParametersDto' ... 
2024-04-01 17:05:18.8972|DEBUG|Microsoft.AspNetCore.Mvc.ModelBinding.Binders.ComplexObjectModelBinder|Attempting to bind parameter 'parameters' of type 'Article.Domain.DTO.ArticleParametersDto' using the name '' in request data ... 
2024-04-01 17:05:18.8972|DEBUG|Microsoft.AspNetCore.Mvc.ModelBinding.Binders.SimpleTypeModelBinder|Attempting to bind parameter 'Q' of type 'System.String' using the name 'Q' in request data ... 
2024-04-01 17:05:18.8972|DEBUG|Microsoft.AspNetCore.Mvc.ModelBinding.Binders.SimpleTypeModelBinder|Could not find a value in the request with name 'Q' for binding parameter 'Q' of type 'System.String'. 
2024-04-01 17:05:18.8972|DEBUG|Microsoft.AspNetCore.Mvc.ModelBinding.Binders.SimpleTypeModelBinder|Done attempting to bind parameter 'Q' of type 'System.String'. 
2024-04-01 17:05:18.8972|DEBUG|Microsoft.AspNetCore.Mvc.ModelBinding.Binders.SimpleTypeModelBinder|Attempting to bind parameter 'PageIndex' of type 'System.Int32' using the name 'PageIndex' in request data ... 
2024-04-01 17:05:18.8972|DEBUG|Microsoft.AspNetCore.Mvc.ModelBinding.Binders.SimpleTypeModelBinder|Could not find a value in the request with name 'PageIndex' for binding parameter 'PageIndex' of type 'System.Int32'. 
2024-04-01 17:05:18.8972|DEBUG|Microsoft.AspNetCore.Mvc.ModelBinding.Binders.SimpleTypeModelBinder|Done attempting to bind parameter 'PageIndex' of type 'System.Int32'. 
2024-04-01 17:05:18.8972|DEBUG|Microsoft.AspNetCore.Mvc.ModelBinding.Binders.SimpleTypeModelBinder|Attempting to bind parameter 'PageSize' of type 'System.Int32' using the name 'PageSize' in request data ... 
2024-04-01 17:05:18.8972|DEBUG|Microsoft.AspNetCore.Mvc.ModelBinding.Binders.SimpleTypeModelBinder|Could not find a value in the request with name 'PageSize' for binding parameter 'PageSize' of type 'System.Int32'. 
2024-04-01 17:05:18.8972|DEBUG|Microsoft.AspNetCore.Mvc.ModelBinding.Binders.SimpleTypeModelBinder|Done attempting to bind parameter 'PageSize' of type 'System.Int32'. 
2024-04-01 17:05:18.8972|DEBUG|Microsoft.AspNetCore.Mvc.ModelBinding.Binders.SimpleTypeModelBinder|Attempting to bind parameter 'OrderBy' of type 'System.String' using the name 'OrderBy' in request data ... 
2024-04-01 17:05:18.8972|DEBUG|Microsoft.AspNetCore.Mvc.ModelBinding.Binders.SimpleTypeModelBinder|Could not find a value in the request with name 'OrderBy' for binding parameter 'OrderBy' of type 'System.String'. 
2024-04-01 17:05:18.8972|DEBUG|Microsoft.AspNetCore.Mvc.ModelBinding.Binders.SimpleTypeModelBinder|Done attempting to bind parameter 'OrderBy' of type 'System.String'. 
2024-04-01 17:05:18.8972|DEBUG|Microsoft.AspNetCore.Mvc.ModelBinding.Binders.ComplexObjectModelBinder|Done attempting to bind parameter 'parameters' of type 'Article.Domain.DTO.ArticleParametersDto'. 
2024-04-01 17:05:18.8972|DEBUG|Microsoft.AspNetCore.Mvc.ModelBinding.ParameterBinder|Done attempting to bind parameter 'parameters' of type 'Article.Domain.DTO.ArticleParametersDto'. 
2024-04-01 17:05:18.8972|DEBUG|Microsoft.AspNetCore.Mvc.ModelBinding.ParameterBinder|Attempting to validate the bound parameter 'parameters' of type 'Article.Domain.DTO.ArticleParametersDto' ... 
2024-04-01 17:05:18.9153|DEBUG|Microsoft.AspNetCore.Mvc.ModelBinding.ParameterBinder|Done attempting to validate the bound parameter 'parameters' of type 'Article.Domain.DTO.ArticleParametersDto'. 
2024-04-01 17:05:18.9153|TRACE|Microsoft.AspNetCore.Mvc.Infrastructure.ControllerActionInvoker|Action Filter: Before executing OnActionExecuting on filter Microsoft.AspNetCore.Mvc.ModelBinding.UnsupportedContentTypeFilter. 
2024-04-01 17:05:18.9153|TRACE|Microsoft.AspNetCore.Mvc.Infrastructure.ControllerActionInvoker|Action Filter: After executing OnActionExecuting on filter Microsoft.AspNetCore.Mvc.ModelBinding.UnsupportedContentTypeFilter. 
2024-04-01 17:05:18.9153|TRACE|Microsoft.AspNetCore.Mvc.Infrastructure.ControllerActionInvoker|Action Filter: Before executing OnActionExecuting on filter Microsoft.AspNetCore.Mvc.Infrastructure.ModelStateInvalidFilter. 
2024-04-01 17:05:18.9153|TRACE|Microsoft.AspNetCore.Mvc.Infrastructure.ControllerActionInvoker|Action Filter: After executing OnActionExecuting on filter Microsoft.AspNetCore.Mvc.Infrastructure.ModelStateInvalidFilter. 
2024-04-01 17:05:18.9153|INFO|Microsoft.AspNetCore.Mvc.Infrastructure.ControllerActionInvoker|Executing action method LitZhu.WebApi.Controllers.Article.ArticleController.GetArticle (LitZhu.WebApi) - Validation state: Valid 
2024-04-01 17:05:18.9153|TRACE|Microsoft.AspNetCore.Mvc.Infrastructure.ControllerActionInvoker|Executing action method LitZhu.WebApi.Controllers.Article.ArticleController.GetArticle (LitZhu.WebApi) with arguments (ArticleParametersDto { Q = , PageIndex = 1, PageSize = 10, OrderBy = Likes }) 
2024-04-01 17:05:18.9600|DEBUG|Microsoft.EntityFrameworkCore.Query|Compiling query expression: 
'DbSet<Articles>()
    .Include(x => x.Comments)
    .Include(x => x.ArticleTagsList)
    .ThenInclude(at => at.Tags)
    .OrderByDescending(x => x.Likes)
    .Skip(__p_0)
    .Take(__p_1)' 
2024-04-01 17:05:19.0245|DEBUG|Microsoft.EntityFrameworkCore.Query|Including navigation: 'Articles.Comments'. 
2024-04-01 17:05:19.0245|DEBUG|Microsoft.EntityFrameworkCore.Query|Including navigation: 'Articles.ArticleTagsList'. 
2024-04-01 17:05:19.0473|DEBUG|Microsoft.EntityFrameworkCore.Query|Including navigation: 'ArticleTags.Tags'. 
2024-04-01 17:05:19.2659|WARN|Microsoft.EntityFrameworkCore.Query|Compiling a query which loads related collections for more than one collection navigation, either via 'Include' or through projection, but no 'QuerySplittingBehavior' has been configured. By default, Entity Framework will use 'QuerySplittingBehavior.SingleQuery', which can potentially result in slow query performance. See https://go.microsoft.com/fwlink/?linkid=2134277 for more information. To identify the query that's triggering this warning call 'ConfigureWarnings(w => w.Throw(RelationalEventId.MultipleCollectionIncludeWarning))'. 
2024-04-01 17:05:19.2844|DEBUG|Microsoft.EntityFrameworkCore.Query|Generated query execution expression: 
'queryContext => new SingleQueryingEnumerable<Articles>(
    (RelationalQueryContext)queryContext, 
    RelationalCommandCache.QueryExpression(
        Client Projections:
            0 -> Dictionary<IProperty, int> { [Property: Articles.Id (Guid) Required PK AfterSave:Throw ValueGenerated.OnAdd, 0], [Property: Articles.Content (string) Required, 1], [Property: Articles.CreationTime (DateTime) Required, 2], [Property: Articles.DeletionTime (DateTime?), 3], [Property: Articles.Desc (string) Required, 4], [Property: Articles.Image (string) Required, 5], [Property: Articles.IsDeleted (bool) Required Index, 6], [Property: Articles.LastModificationTime (DateTime?), 7], [Property: Articles.Likes (int) Required, 8], [Property: Articles.Title (string) Required Index MaxLength(20), 9], [Property: Articles.UserId (Guid) Required, 10], [Property: Articles.Views (int) Required, 11] }
            1 -> 0
            2 -> Dictionary<IProperty, int> { [Property: Comments.Id (Guid) Required PK AfterSave:Throw ValueGenerated.OnAdd, 12], [Property: Comments.ArticleId (Guid) Required FK Index, 13], [Property: Comments.Content (string) Required MaxLength(1000), 14], [Property: Comments.CreationTime (DateTime) Required, 15], [Property: Comments.LastModificationTime (DateTime?), 16], [Property: Comments.Likes (int) Required, 17], [Property: Comments.PId (Guid) Required, 18], [Property: Comments.Path (string) Required, 19], [Property: Comments.UserId (Guid) Required, 20] }
            3 -> 12
            4 -> Dictionary<IProperty, int> { [Property: ArticleTags.ArticleId (Guid) Required PK FK AfterSave:Throw, 21], [Property: ArticleTags.TagId (Guid) Required PK FK Index AfterSave:Throw, 22] }
            5 -> Dictionary<IProperty, int> { [Property: Tags.Id (Guid) Required PK AfterSave:Throw ValueGenerated.OnAdd, 23], [Property: Tags.CreationTime (DateTime) Required, 24], [Property: Tags.DeletionTime (DateTime?), 25], [Property: Tags.IsDeleted (bool) Required Index, 26], [Property: Tags.LastModificationTime (DateTime?), 27], [Property: Tags.TagName (string) Required MaxLength(10), 28] }
            6 -> 21
            7 -> 22
            8 -> 23
        SELECT t.Id, t.Content, t.CreationTime, t.DeletionTime, t.Desc, t.Image, t.IsDeleted, t.LastModificationTime, t.Likes, t.Title, t.UserId, t.Views, c.Id, c.ArticleId, c.Content, c.CreationTime, c.LastModificationTime, c.Likes, c.PId, c.Path, c.UserId, t1.ArticleId, t1.TagId, t1.Id, t1.CreationTime, t1.DeletionTime, t1.IsDeleted, t1.LastModificationTime, t1.TagName
        FROM 
        (
            SELECT a.Id, a.Content, a.CreationTime, a.DeletionTime, a.Desc, a.Image, a.IsDeleted, a.LastModificationTime, a.Likes, a.Title, a.UserId, a.Views
            FROM Articles AS a
            WHERE a.IsDeleted == FALSE
            ORDER BY a.Likes DESC
            OFFSET @__p_0 ROWS FETCH NEXT @__p_1 ROWS ONLY
        ) AS t
        LEFT JOIN Comments AS c ON t.Id == c.ArticleId
        LEFT JOIN 
        (
            SELECT a0.ArticleId, a0.TagId, t0.Id, t0.CreationTime, t0.DeletionTime, t0.IsDeleted, t0.LastModificationTime, t0.TagName
            FROM Articles_Tags AS a0
            INNER JOIN 
            (
                SELECT t2.Id, t2.CreationTime, t2.DeletionTime, t2.IsDeleted, t2.LastModificationTime, t2.TagName
                FROM Tags AS t2
                WHERE t2.IsDeleted == FALSE
            ) AS t0 ON a0.TagId == t0.Id
        ) AS t1 ON t.Id == t1.ArticleId
        ORDER BY t.Likes DESC, t.Id ASC, c.Id ASC, t1.ArticleId ASC, t1.TagId ASC), 
    null, 
    Func<QueryContext, DbDataReader, ResultContext, SingleQueryResultCoordinator, Articles>, 
    Article.Infrastructure.ArticleDbContext, 
    False, 
    False, 
    True
)' 
2024-04-01 17:05:19.3201|DEBUG|Microsoft.EntityFrameworkCore.Database.Connection|Creating DbConnection. 
2024-04-01 17:05:19.3201|DEBUG|Microsoft.EntityFrameworkCore.Database.Connection|Created DbConnection. (5ms). 
2024-04-01 17:05:19.3351|DEBUG|Microsoft.EntityFrameworkCore.Database.Connection|Opening connection to database 'LitZhu' on server 'localhost'. 
2024-04-01 17:05:19.4440|DEBUG|Microsoft.EntityFrameworkCore.Database.Connection|Opened connection to database 'LitZhu' on server 'localhost'. 
2024-04-01 17:05:19.4440|DEBUG|Microsoft.EntityFrameworkCore.Database.Command|Creating DbCommand for 'ExecuteReader'. 
2024-04-01 17:05:19.4440|DEBUG|Microsoft.EntityFrameworkCore.Database.Command|Created DbCommand for 'ExecuteReader' (2ms). 
2024-04-01 17:05:19.4703|DEBUG|Microsoft.EntityFrameworkCore.Database.Command|Initialized DbCommand for 'ExecuteReader' (23ms). 
2024-04-01 17:05:19.4703|DEBUG|Microsoft.EntityFrameworkCore.Database.Command|Executing DbCommand [Parameters=[@__p_1='?' (DbType = Int32), @__p_0='?' (DbType = Int32)], CommandType='Text', CommandTimeout='30']
SELECT `t`.`Id`, `t`.`Content`, `t`.`CreationTime`, `t`.`DeletionTime`, `t`.`Desc`, `t`.`Image`, `t`.`IsDeleted`, `t`.`LastModificationTime`, `t`.`Likes`, `t`.`Title`, `t`.`UserId`, `t`.`Views`, `c`.`Id`, `c`.`ArticleId`, `c`.`Content`, `c`.`CreationTime`, `c`.`LastModificationTime`, `c`.`Likes`, `c`.`PId`, `c`.`Path`, `c`.`UserId`, `t1`.`ArticleId`, `t1`.`TagId`, `t1`.`Id`, `t1`.`CreationTime`, `t1`.`DeletionTime`, `t1`.`IsDeleted`, `t1`.`LastModificationTime`, `t1`.`TagName`
FROM (
    SELECT `a`.`Id`, `a`.`Content`, `a`.`CreationTime`, `a`.`DeletionTime`, `a`.`Desc`, `a`.`Image`, `a`.`IsDeleted`, `a`.`LastModificationTime`, `a`.`Likes`, `a`.`Title`, `a`.`UserId`, `a`.`Views`
    FROM `Articles` AS `a`
    WHERE NOT (`a`.`IsDeleted`)
    ORDER BY `a`.`Likes` DESC
    LIMIT @__p_1 OFFSET @__p_0
) AS `t`
LEFT JOIN `Comments` AS `c` ON `t`.`Id` = `c`.`ArticleId`
LEFT JOIN (
    SELECT `a0`.`ArticleId`, `a0`.`TagId`, `t0`.`Id`, `t0`.`CreationTime`, `t0`.`DeletionTime`, `t0`.`IsDeleted`, `t0`.`LastModificationTime`, `t0`.`TagName`
    FROM `Articles_Tags` AS `a0`
    INNER JOIN (
        SELECT `t2`.`Id`, `t2`.`CreationTime`, `t2`.`DeletionTime`, `t2`.`IsDeleted`, `t2`.`LastModificationTime`, `t2`.`TagName`
        FROM `Tags` AS `t2`
        WHERE NOT (`t2`.`IsDeleted`)
    ) AS `t0` ON `a0`.`TagId` = `t0`.`Id`
) AS `t1` ON `t`.`Id` = `t1`.`ArticleId`
ORDER BY `t`.`Likes` DESC, `t`.`Id`, `c`.`Id`, `t1`.`ArticleId`, `t1`.`TagId` 
2024-04-01 17:05:19.5421|INFO|Microsoft.EntityFrameworkCore.Database.Command|Executed DbCommand (66ms) [Parameters=[@__p_1='?' (DbType = Int32), @__p_0='?' (DbType = Int32)], CommandType='Text', CommandTimeout='30']
SELECT `t`.`Id`, `t`.`Content`, `t`.`CreationTime`, `t`.`DeletionTime`, `t`.`Desc`, `t`.`Image`, `t`.`IsDeleted`, `t`.`LastModificationTime`, `t`.`Likes`, `t`.`Title`, `t`.`UserId`, `t`.`Views`, `c`.`Id`, `c`.`ArticleId`, `c`.`Content`, `c`.`CreationTime`, `c`.`LastModificationTime`, `c`.`Likes`, `c`.`PId`, `c`.`Path`, `c`.`UserId`, `t1`.`ArticleId`, `t1`.`TagId`, `t1`.`Id`, `t1`.`CreationTime`, `t1`.`DeletionTime`, `t1`.`IsDeleted`, `t1`.`LastModificationTime`, `t1`.`TagName`
FROM (
    SELECT `a`.`Id`, `a`.`Content`, `a`.`CreationTime`, `a`.`DeletionTime`, `a`.`Desc`, `a`.`Image`, `a`.`IsDeleted`, `a`.`LastModificationTime`, `a`.`Likes`, `a`.`Title`, `a`.`UserId`, `a`.`Views`
    FROM `Articles` AS `a`
    WHERE NOT (`a`.`IsDeleted`)
    ORDER BY `a`.`Likes` DESC
    LIMIT @__p_1 OFFSET @__p_0
) AS `t`
LEFT JOIN `Comments` AS `c` ON `t`.`Id` = `c`.`ArticleId`
LEFT JOIN (
    SELECT `a0`.`ArticleId`, `a0`.`TagId`, `t0`.`Id`, `t0`.`CreationTime`, `t0`.`DeletionTime`, `t0`.`IsDeleted`, `t0`.`LastModificationTime`, `t0`.`TagName`
    FROM `Articles_Tags` AS `a0`
    INNER JOIN (
        SELECT `t2`.`Id`, `t2`.`CreationTime`, `t2`.`DeletionTime`, `t2`.`IsDeleted`, `t2`.`LastModificationTime`, `t2`.`TagName`
        FROM `Tags` AS `t2`
        WHERE NOT (`t2`.`IsDeleted`)
    ) AS `t0` ON `a0`.`TagId` = `t0`.`Id`
) AS `t1` ON `t`.`Id` = `t1`.`ArticleId`
ORDER BY `t`.`Likes` DESC, `t`.`Id`, `c`.`Id`, `t1`.`ArticleId`, `t1`.`TagId` 
2024-04-01 17:05:19.5939|DEBUG|Microsoft.EntityFrameworkCore.ChangeTracking|Context 'ArticleDbContext' started tracking 'Articles' entity. Consider using 'DbContextOptionsBuilder.EnableSensitiveDataLogging' to see key values. 
2024-04-01 17:05:19.6410|DEBUG|Microsoft.EntityFrameworkCore.ChangeTracking|Context 'ArticleDbContext' started tracking 'Articles' entity. Consider using 'DbContextOptionsBuilder.EnableSensitiveDataLogging' to see key values. 
2024-04-01 17:05:19.6410|DEBUG|Microsoft.EntityFrameworkCore.ChangeTracking|Context 'ArticleDbContext' started tracking 'Articles' entity. Consider using 'DbContextOptionsBuilder.EnableSensitiveDataLogging' to see key values. 
2024-04-01 17:05:19.6410|DEBUG|Microsoft.EntityFrameworkCore.ChangeTracking|Context 'ArticleDbContext' started tracking 'Articles' entity. Consider using 'DbContextOptionsBuilder.EnableSensitiveDataLogging' to see key values. 
2024-04-01 17:05:19.6454|DEBUG|Microsoft.EntityFrameworkCore.Database.Command|Closing data reader to 'LitZhu' on server 'localhost'. 
2024-04-01 17:05:19.6454|DEBUG|Microsoft.EntityFrameworkCore.Database.Command|A data reader for 'LitZhu' on server 'localhost' is being disposed after spending 107ms reading results. 
2024-04-01 17:05:19.6454|DEBUG|Microsoft.EntityFrameworkCore.Database.Connection|Closing connection to database 'LitZhu' on server 'localhost'. 
2024-04-01 17:05:19.6454|DEBUG|Microsoft.EntityFrameworkCore.Database.Connection|Closed connection to database 'LitZhu' on server 'localhost' (3ms). 
2024-04-01 17:05:39.1045|INFO|Microsoft.AspNetCore.Mvc.Infrastructure.ControllerActionInvoker|Executed action method LitZhu.WebApi.Controllers.Article.ArticleController.GetArticle (LitZhu.WebApi), returned result Microsoft.AspNetCore.Mvc.OkObjectResult in 20174.7732ms. 
2024-04-01 17:05:39.1045|TRACE|Microsoft.AspNetCore.Mvc.Infrastructure.ControllerActionInvoker|Action Filter: Before executing OnActionExecuted on filter Microsoft.AspNetCore.Mvc.Infrastructure.ModelStateInvalidFilter. 
2024-04-01 17:05:39.1045|TRACE|Microsoft.AspNetCore.Mvc.Infrastructure.ControllerActionInvoker|Action Filter: After executing OnActionExecuted on filter Microsoft.AspNetCore.Mvc.Infrastructure.ModelStateInvalidFilter. 
2024-04-01 17:05:39.1045|TRACE|Microsoft.AspNetCore.Mvc.Infrastructure.ControllerActionInvoker|Action Filter: Before executing OnActionExecuted on filter Microsoft.AspNetCore.Mvc.ModelBinding.UnsupportedContentTypeFilter. 
2024-04-01 17:05:39.1045|TRACE|Microsoft.AspNetCore.Mvc.Infrastructure.ControllerActionInvoker|Action Filter: After executing OnActionExecuted on filter Microsoft.AspNetCore.Mvc.ModelBinding.UnsupportedContentTypeFilter. 
2024-04-01 17:05:39.1045|TRACE|Microsoft.AspNetCore.Mvc.Infrastructure.ControllerActionInvoker|Result Filter: Before executing OnResultExecuting on filter Microsoft.AspNetCore.Mvc.Infrastructure.ClientErrorResultFilter. 
2024-04-01 17:05:39.1045|TRACE|Microsoft.AspNetCore.Mvc.Infrastructure.ControllerActionInvoker|Result Filter: After executing OnResultExecuting on filter Microsoft.AspNetCore.Mvc.Infrastructure.ClientErrorResultFilter. 
2024-04-01 17:05:39.1130|TRACE|Microsoft.AspNetCore.Mvc.Infrastructure.ControllerActionInvoker|Before executing action result Microsoft.AspNetCore.Mvc.OkObjectResult. 
2024-04-01 17:05:39.1130|DEBUG|Microsoft.AspNetCore.Mvc.Infrastructure.DefaultOutputFormatterSelector|List of registered output formatters, in the following order: Microsoft.AspNetCore.Mvc.Formatters.HttpNoContentOutputFormatter, Microsoft.AspNetCore.Mvc.Formatters.StringOutputFormatter, Microsoft.AspNetCore.Mvc.Formatters.StreamOutputFormatter, Microsoft.AspNetCore.Mvc.Formatters.NewtonsoftJsonOutputFormatter 
2024-04-01 17:05:39.1130|DEBUG|Microsoft.AspNetCore.Mvc.Infrastructure.DefaultOutputFormatterSelector|Attempting to select an output formatter based on Accept header 'text/plain'. 
2024-04-01 17:05:39.1130|DEBUG|Microsoft.AspNetCore.Mvc.Infrastructure.DefaultOutputFormatterSelector|Could not find an output formatter based on content negotiation. Accepted types were (text/plain) 
2024-04-01 17:05:39.1130|DEBUG|Microsoft.AspNetCore.Mvc.Infrastructure.DefaultOutputFormatterSelector|Attempting to select an output formatter without using a content type as no explicit content types were specified for the response. 
2024-04-01 17:05:39.1130|DEBUG|Microsoft.AspNetCore.Mvc.Infrastructure.DefaultOutputFormatterSelector|Attempting to select the first formatter in the output formatters list which can write the result. 
2024-04-01 17:05:39.1130|DEBUG|Microsoft.AspNetCore.Mvc.Infrastructure.DefaultOutputFormatterSelector|Selected output formatter 'Microsoft.AspNetCore.Mvc.Formatters.NewtonsoftJsonOutputFormatter' and content type 'application/json' to write the response. 
2024-04-01 17:05:39.1274|INFO|Microsoft.AspNetCore.Mvc.Infrastructure.ObjectResultExecutor|Executing OkObjectResult, writing value of type 'LitZhu.WebApi.R'. 
2024-04-01 17:05:43.0515|TRACE|Microsoft.AspNetCore.Server.Kestrel.Http2|Connection id "0HN2I5B9NP6UE" sending HEADERS frame for stream ID 1 with length 81 and flags END_HEADERS. 
2024-04-01 17:05:43.0515|TRACE|Microsoft.AspNetCore.Server.Kestrel.Http2|Connection id "0HN2I5B9NP6UE" sending DATA frame for stream ID 1 with length 2809 and flags NONE. 
2024-04-01 17:05:43.0515|TRACE|Microsoft.AspNetCore.Mvc.Infrastructure.ControllerActionInvoker|After executing action result Microsoft.AspNetCore.Mvc.OkObjectResult. 
2024-04-01 17:05:43.0515|TRACE|Microsoft.AspNetCore.Mvc.Infrastructure.ControllerActionInvoker|Result Filter: Before executing OnResultExecuted on filter Microsoft.AspNetCore.Mvc.Infrastructure.ClientErrorResultFilter. 
2024-04-01 17:05:43.0515|TRACE|Microsoft.AspNetCore.Mvc.Infrastructure.ControllerActionInvoker|Result Filter: After executing OnResultExecuted on filter Microsoft.AspNetCore.Mvc.Infrastructure.ClientErrorResultFilter. 
2024-04-01 17:05:43.0515|TRACE|Microsoft.AspNetCore.Server.Kestrel.Http2|Connection id "0HN2I5B9NP6UE" received WINDOW_UPDATE frame for stream ID 0 with length 4 and flags 0x0. 
2024-04-01 17:05:43.0515|TRACE|Microsoft.AspNetCore.Server.Kestrel.Http2|Connection id "0HN2I5B9NP6UE" received WINDOW_UPDATE frame for stream ID 1 with length 4 and flags 0x0. 
2024-04-01 17:05:43.0515|INFO|Microsoft.AspNetCore.Mvc.Infrastructure.ControllerActionInvoker|Executed action LitZhu.WebApi.Controllers.Article.ArticleController.GetArticle (LitZhu.WebApi) in 25289.9394ms 
2024-04-01 17:05:43.0515|INFO|Microsoft.AspNetCore.Routing.EndpointMiddleware|Executed endpoint 'LitZhu.WebApi.Controllers.Article.ArticleController.GetArticle (LitZhu.WebApi)' 
2024-04-01 17:05:43.0657|TRACE|Microsoft.AspNetCore.Server.Kestrel.Http2|Connection id "0HN2I5B9NP6UE" sending DATA frame for stream ID 1 with length 0 and flags END_STREAM. 
2024-04-01 17:05:43.0657|DEBUG|Microsoft.EntityFrameworkCore.Infrastructure|'ArticleDbContext' disposed. 
2024-04-01 17:05:43.0657|DEBUG|Microsoft.EntityFrameworkCore.Database.Connection|Disposing connection to database 'LitZhu' on server 'localhost'. 
2024-04-01 17:05:43.0657|DEBUG|Microsoft.EntityFrameworkCore.Database.Connection|Disposed connection to database 'LitZhu' on server 'localhost' (2ms). 
2024-04-01 17:05:43.0657|INFO|Microsoft.AspNetCore.Hosting.Diagnostics|Request finished HTTP/2 GET https://localhost:7290/api/Article - 200 2809 application/json;+charset=utf-8 25440.7195ms 
2024-04-01 17:06:25.4519|TRACE|Microsoft.AspNetCore.Server.Kestrel.Http2|Connection id "0HN2I5B9NP6UE" received HEADERS frame for stream ID 3 with length 28 and flags END_STREAM, END_HEADERS, PRIORITY. 
2024-04-01 17:06:25.4519|TRACE|Microsoft.AspNetCore.Server.Kestrel.Http2|Connection id "0HN2I5B9NP6UE" received PING frame for stream ID 0 with length 8 and flags NONE. 
2024-04-01 17:06:25.4519|INFO|Microsoft.AspNetCore.Hosting.Diagnostics|Request starting HTTP/2 GET https://localhost:7290/api/User - - - 
2024-04-01 17:06:25.4519|TRACE|Microsoft.AspNetCore.Server.Kestrel.Http2|Connection id "0HN2I5B9NP6UE" sending PING frame for stream ID 0 with length 8 and flags ACK. 
2024-04-01 17:06:25.4519|TRACE|Microsoft.AspNetCore.HostFiltering.HostFilteringMiddleware|All hosts are allowed. 
2024-04-01 17:06:25.4563|DEBUG|Microsoft.AspNetCore.Routing.Matching.DfaMatcher|1 candidate(s) found for the request path '/api/User' 
2024-04-01 17:06:25.4563|DEBUG|Microsoft.AspNetCore.Routing.Matching.DfaMatcher|Endpoint 'LitZhu.WebApi.Controllers.User.UserController.GetUser (LitZhu.WebApi)' with route pattern 'api/User' is valid for the request path '/api/User' 
2024-04-01 17:06:25.4563|DEBUG|Microsoft.AspNetCore.Routing.EndpointRoutingMiddleware|Request matched endpoint 'LitZhu.WebApi.Controllers.User.UserController.GetUser (LitZhu.WebApi)' 
2024-04-01 17:06:25.4563|TRACE|Microsoft.AspNetCore.Routing.EndpointRoutingMiddleware|The endpoint does not specify the IRequestSizeLimitMetadata. 
2024-04-01 17:06:25.4563|DEBUG|Microsoft.AspNetCore.StaticFiles.StaticFileMiddleware|Static files was skipped as the request already matched an endpoint. 
2024-04-01 17:06:25.4563|DEBUG|Microsoft.AspNetCore.Authentication.JwtBearer.JwtBearerHandler|AuthenticationScheme: Bearer was not authenticated. 
2024-04-01 17:06:25.4563|DEBUG|Microsoft.AspNetCore.Authorization.AuthorizationMiddleware|Policy authentication schemes  did not succeed 
2024-04-01 17:06:25.4750|INFO|Microsoft.AspNetCore.Authorization.DefaultAuthorizationService|Authorization failed. These requirements were not met:
DenyAnonymousAuthorizationRequirement: Requires an authenticated user. 
2024-04-01 17:06:25.4890|INFO|Microsoft.AspNetCore.Hosting.Diagnostics|Request finished HTTP/2 GET https://localhost:7290/api/User - 401 - application/json 35.4689ms 
2024-04-01 17:06:25.4890|TRACE|Microsoft.AspNetCore.Server.Kestrel.Http2|Connection id "0HN2I5B9NP6UE" sending HEADERS frame for stream ID 3 with length 55 and flags END_HEADERS. 
2024-04-01 17:06:25.4890|TRACE|Microsoft.AspNetCore.Server.Kestrel.Http2|Connection id "0HN2I5B9NP6UE" sending DATA frame for stream ID 3 with length 72 and flags END_STREAM. 
2024-04-01 17:06:25.4890|TRACE|Microsoft.AspNetCore.Server.Kestrel.Http2|Connection id "0HN2I5B9NP6UE" received WINDOW_UPDATE frame for stream ID 0 with length 4 and flags 0x0. 
2024-04-01 17:06:26.5502|TRACE|Microsoft.AspNetCore.Server.Kestrel.Http2|Connection id "0HN2I5B9NP6UE" received HEADERS frame for stream ID 5 with length 28 and flags END_STREAM, END_HEADERS, PRIORITY. 
2024-04-01 17:06:26.5502|INFO|Microsoft.AspNetCore.Hosting.Diagnostics|Request starting HTTP/2 GET https://localhost:7290/api/User - - - 
2024-04-01 17:06:26.5502|TRACE|Microsoft.AspNetCore.HostFiltering.HostFilteringMiddleware|All hosts are allowed. 
2024-04-01 17:06:26.5502|DEBUG|Microsoft.AspNetCore.Routing.Matching.DfaMatcher|1 candidate(s) found for the request path '/api/User' 
2024-04-01 17:06:26.5502|DEBUG|Microsoft.AspNetCore.Routing.Matching.DfaMatcher|Endpoint 'LitZhu.WebApi.Controllers.User.UserController.GetUser (LitZhu.WebApi)' with route pattern 'api/User' is valid for the request path '/api/User' 
2024-04-01 17:06:26.5502|DEBUG|Microsoft.AspNetCore.Routing.EndpointRoutingMiddleware|Request matched endpoint 'LitZhu.WebApi.Controllers.User.UserController.GetUser (LitZhu.WebApi)' 
2024-04-01 17:06:26.5502|TRACE|Microsoft.AspNetCore.Routing.EndpointRoutingMiddleware|The endpoint does not specify the IRequestSizeLimitMetadata. 
2024-04-01 17:06:26.5502|DEBUG|Microsoft.AspNetCore.StaticFiles.StaticFileMiddleware|Static files was skipped as the request already matched an endpoint. 
2024-04-01 17:06:26.5502|DEBUG|Microsoft.AspNetCore.Authentication.JwtBearer.JwtBearerHandler|AuthenticationScheme: Bearer was not authenticated. 
2024-04-01 17:06:26.5502|DEBUG|Microsoft.AspNetCore.Authorization.AuthorizationMiddleware|Policy authentication schemes  did not succeed 
2024-04-01 17:06:26.5502|INFO|Microsoft.AspNetCore.Authorization.DefaultAuthorizationService|Authorization failed. These requirements were not met:
DenyAnonymousAuthorizationRequirement: Requires an authenticated user. 
2024-04-01 17:06:26.5502|TRACE|Microsoft.AspNetCore.Server.Kestrel.Http2|Connection id "0HN2I5B9NP6UE" sending HEADERS frame for stream ID 5 with length 34 and flags END_HEADERS. 
2024-04-01 17:06:26.5502|TRACE|Microsoft.AspNetCore.Server.Kestrel.Http2|Connection id "0HN2I5B9NP6UE" sending DATA frame for stream ID 5 with length 72 and flags END_STREAM. 
2024-04-01 17:06:26.5502|INFO|Microsoft.AspNetCore.Hosting.Diagnostics|Request finished HTTP/2 GET https://localhost:7290/api/User - 401 - application/json 6.1313ms 
2024-04-01 17:06:43.2129|TRACE|Microsoft.AspNetCore.Server.Kestrel.Http2|Connection id "0HN2I5B9NP6UE" received HEADERS frame for stream ID 7 with length 28 and flags END_STREAM, END_HEADERS, PRIORITY. 
2024-04-01 17:06:43.2129|TRACE|Microsoft.AspNetCore.Server.Kestrel.Http2|Connection id "0HN2I5B9NP6UE" received PING frame for stream ID 0 with length 8 and flags NONE. 
2024-04-01 17:06:43.2129|TRACE|Microsoft.AspNetCore.Server.Kestrel.Http2|Connection id "0HN2I5B9NP6UE" sending PING frame for stream ID 0 with length 8 and flags ACK. 
2024-04-01 17:06:43.2129|INFO|Microsoft.AspNetCore.Hosting.Diagnostics|Request starting HTTP/2 GET https://localhost:7290/api/User - - - 
2024-04-01 17:06:43.2129|TRACE|Microsoft.AspNetCore.HostFiltering.HostFilteringMiddleware|All hosts are allowed. 
2024-04-01 17:06:43.2129|DEBUG|Microsoft.AspNetCore.Routing.Matching.DfaMatcher|1 candidate(s) found for the request path '/api/User' 
2024-04-01 17:06:43.2129|DEBUG|Microsoft.AspNetCore.Routing.Matching.DfaMatcher|Endpoint 'LitZhu.WebApi.Controllers.User.UserController.GetUser (LitZhu.WebApi)' with route pattern 'api/User' is valid for the request path '/api/User' 
2024-04-01 17:06:43.2129|DEBUG|Microsoft.AspNetCore.Routing.EndpointRoutingMiddleware|Request matched endpoint 'LitZhu.WebApi.Controllers.User.UserController.GetUser (LitZhu.WebApi)' 
2024-04-01 17:06:43.2129|TRACE|Microsoft.AspNetCore.Routing.EndpointRoutingMiddleware|The endpoint does not specify the IRequestSizeLimitMetadata. 
2024-04-01 17:06:43.2129|DEBUG|Microsoft.AspNetCore.StaticFiles.StaticFileMiddleware|Static files was skipped as the request already matched an endpoint. 
2024-04-01 17:06:43.2129|DEBUG|Microsoft.AspNetCore.Authentication.JwtBearer.JwtBearerHandler|AuthenticationScheme: Bearer was not authenticated. 
2024-04-01 17:06:43.2129|DEBUG|Microsoft.AspNetCore.Authorization.AuthorizationMiddleware|Policy authentication schemes  did not succeed 
2024-04-01 17:06:43.2129|INFO|Microsoft.AspNetCore.Authorization.DefaultAuthorizationService|Authorization failed. These requirements were not met:
DenyAnonymousAuthorizationRequirement: Requires an authenticated user. 
2024-04-01 17:06:43.2129|INFO|Microsoft.AspNetCore.Hosting.Diagnostics|Request finished HTTP/2 GET https://localhost:7290/api/User - 401 - application/json 2.9316ms 
2024-04-01 17:06:43.2129|TRACE|Microsoft.AspNetCore.Server.Kestrel.Http2|Connection id "0HN2I5B9NP6UE" sending HEADERS frame for stream ID 7 with length 34 and flags END_HEADERS. 
2024-04-01 17:06:43.2129|TRACE|Microsoft.AspNetCore.Server.Kestrel.Http2|Connection id "0HN2I5B9NP6UE" sending DATA frame for stream ID 7 with length 72 and flags END_STREAM. 
2024-04-01 17:06:43.2129|TRACE|Microsoft.AspNetCore.Server.Kestrel.Http2|Connection id "0HN2I5B9NP6UE" received WINDOW_UPDATE frame for stream ID 0 with length 4 and flags 0x0. 
2024-04-01 17:06:48.1904|TRACE|Microsoft.AspNetCore.Server.Kestrel.Http2|Connection id "0HN2I5B9NP6UE" received HEADERS frame for stream ID 9 with length 30 and flags END_STREAM, END_HEADERS, PRIORITY. 
2024-04-01 17:06:48.1904|INFO|Microsoft.AspNetCore.Hosting.Diagnostics|Request starting HTTP/2 GET https://localhost:7290/api/Article - - - 
2024-04-01 17:06:48.1904|TRACE|Microsoft.AspNetCore.HostFiltering.HostFilteringMiddleware|All hosts are allowed. 
2024-04-01 17:06:48.1904|DEBUG|Microsoft.AspNetCore.Routing.Matching.DfaMatcher|1 candidate(s) found for the request path '/api/Article' 
2024-04-01 17:06:48.1904|DEBUG|Microsoft.AspNetCore.Routing.Matching.DfaMatcher|Endpoint 'LitZhu.WebApi.Controllers.Article.ArticleController.GetArticle (LitZhu.WebApi)' with route pattern 'api/Article' is valid for the request path '/api/Article' 
2024-04-01 17:06:48.1904|DEBUG|Microsoft.AspNetCore.Routing.EndpointRoutingMiddleware|Request matched endpoint 'LitZhu.WebApi.Controllers.Article.ArticleController.GetArticle (LitZhu.WebApi)' 
2024-04-01 17:06:48.1904|TRACE|Microsoft.AspNetCore.Routing.EndpointRoutingMiddleware|The endpoint does not specify the IRequestSizeLimitMetadata. 
2024-04-01 17:06:48.1904|DEBUG|Microsoft.AspNetCore.StaticFiles.StaticFileMiddleware|Static files was skipped as the request already matched an endpoint. 
2024-04-01 17:06:48.1904|DEBUG|Microsoft.AspNetCore.Authentication.JwtBearer.JwtBearerHandler|AuthenticationScheme: Bearer was not authenticated. 
2024-04-01 17:06:48.1904|INFO|Microsoft.AspNetCore.Routing.EndpointMiddleware|Executing endpoint 'LitZhu.WebApi.Controllers.Article.ArticleController.GetArticle (LitZhu.WebApi)' 
2024-04-01 17:06:48.1904|INFO|Microsoft.AspNetCore.Mvc.Infrastructure.ControllerActionInvoker|Route matched with {action = "GetArticle", controller = "Article"}. Executing controller action with signature System.Threading.Tasks.Task`1[Microsoft.AspNetCore.Mvc.ActionResult`1[System.Collections.Generic.List`1[Article.Domain.DTO.ArticleDto]]] GetArticle(Article.Domain.DTO.ArticleParametersDto) on controller LitZhu.WebApi.Controllers.Article.ArticleController (LitZhu.WebApi). 
2024-04-01 17:06:48.1904|DEBUG|Microsoft.AspNetCore.Mvc.Infrastructure.ControllerActionInvoker|Execution plan of authorization filters (in the following order): None 
2024-04-01 17:06:48.1904|DEBUG|Microsoft.AspNetCore.Mvc.Infrastructure.ControllerActionInvoker|Execution plan of resource filters (in the following order): None 
2024-04-01 17:06:48.1904|DEBUG|Microsoft.AspNetCore.Mvc.Infrastructure.ControllerActionInvoker|Execution plan of action filters (in the following order): Microsoft.AspNetCore.Mvc.ModelBinding.UnsupportedContentTypeFilter (Order: -3000), Microsoft.AspNetCore.Mvc.Infrastructure.ModelStateInvalidFilter (Order: -2000) 
2024-04-01 17:06:48.1904|DEBUG|Microsoft.AspNetCore.Mvc.Infrastructure.ControllerActionInvoker|Execution plan of exception filters (in the following order): None 
2024-04-01 17:06:48.1904|DEBUG|Microsoft.AspNetCore.Mvc.Infrastructure.ControllerActionInvoker|Execution plan of result filters (in the following order): Microsoft.AspNetCore.Mvc.Infrastructure.ClientErrorResultFilter (Order: -2000) 
2024-04-01 17:06:48.1904|DEBUG|Microsoft.AspNetCore.Mvc.Infrastructure.ControllerActionInvoker|Executing controller factory for controller LitZhu.WebApi.Controllers.Article.ArticleController (LitZhu.WebApi) 
2024-04-01 17:06:48.2355|DEBUG|Microsoft.EntityFrameworkCore.Infrastructure|Entity Framework Core 8.0.1 initialized 'ArticleDbContext' using provider 'Pomelo.EntityFrameworkCore.MySql:8.0.1' with options: ServerVersion=8.0.23-mysql  
2024-04-01 17:06:48.2362|DEBUG|Microsoft.AspNetCore.Mvc.Infrastructure.ControllerActionInvoker|Executed controller factory for controller LitZhu.WebApi.Controllers.Article.ArticleController (LitZhu.WebApi) 
2024-04-01 17:06:48.2362|DEBUG|Microsoft.AspNetCore.Mvc.ModelBinding.ParameterBinder|Attempting to bind parameter 'parameters' of type 'Article.Domain.DTO.ArticleParametersDto' ... 
2024-04-01 17:06:48.2362|DEBUG|Microsoft.AspNetCore.Mvc.ModelBinding.Binders.ComplexObjectModelBinder|Attempting to bind parameter 'parameters' of type 'Article.Domain.DTO.ArticleParametersDto' using the name '' in request data ... 
2024-04-01 17:06:48.2362|DEBUG|Microsoft.AspNetCore.Mvc.ModelBinding.Binders.SimpleTypeModelBinder|Attempting to bind parameter 'Q' of type 'System.String' using the name 'Q' in request data ... 
2024-04-01 17:06:48.2362|DEBUG|Microsoft.AspNetCore.Mvc.ModelBinding.Binders.SimpleTypeModelBinder|Could not find a value in the request with name 'Q' for binding parameter 'Q' of type 'System.String'. 
2024-04-01 17:06:48.2362|DEBUG|Microsoft.AspNetCore.Mvc.ModelBinding.Binders.SimpleTypeModelBinder|Done attempting to bind parameter 'Q' of type 'System.String'. 
2024-04-01 17:06:48.2362|DEBUG|Microsoft.AspNetCore.Mvc.ModelBinding.Binders.SimpleTypeModelBinder|Attempting to bind parameter 'PageIndex' of type 'System.Int32' using the name 'PageIndex' in request data ... 
2024-04-01 17:06:48.2362|DEBUG|Microsoft.AspNetCore.Mvc.ModelBinding.Binders.SimpleTypeModelBinder|Could not find a value in the request with name 'PageIndex' for binding parameter 'PageIndex' of type 'System.Int32'. 
2024-04-01 17:06:48.2362|DEBUG|Microsoft.AspNetCore.Mvc.ModelBinding.Binders.SimpleTypeModelBinder|Done attempting to bind parameter 'PageIndex' of type 'System.Int32'. 
2024-04-01 17:06:48.2362|DEBUG|Microsoft.AspNetCore.Mvc.ModelBinding.Binders.SimpleTypeModelBinder|Attempting to bind parameter 'PageSize' of type 'System.Int32' using the name 'PageSize' in request data ... 
2024-04-01 17:06:48.2362|DEBUG|Microsoft.AspNetCore.Mvc.ModelBinding.Binders.SimpleTypeModelBinder|Could not find a value in the request with name 'PageSize' for binding parameter 'PageSize' of type 'System.Int32'. 
2024-04-01 17:06:48.2362|DEBUG|Microsoft.AspNetCore.Mvc.ModelBinding.Binders.SimpleTypeModelBinder|Done attempting to bind parameter 'PageSize' of type 'System.Int32'. 
2024-04-01 17:06:48.2362|DEBUG|Microsoft.AspNetCore.Mvc.ModelBinding.Binders.SimpleTypeModelBinder|Attempting to bind parameter 'OrderBy' of type 'System.String' using the name 'OrderBy' in request data ... 
2024-04-01 17:06:48.2362|DEBUG|Microsoft.AspNetCore.Mvc.ModelBinding.Binders.SimpleTypeModelBinder|Could not find a value in the request with name 'OrderBy' for binding parameter 'OrderBy' of type 'System.String'. 
2024-04-01 17:06:48.2362|DEBUG|Microsoft.AspNetCore.Mvc.ModelBinding.Binders.SimpleTypeModelBinder|Done attempting to bind parameter 'OrderBy' of type 'System.String'. 
2024-04-01 17:06:48.2362|DEBUG|Microsoft.AspNetCore.Mvc.ModelBinding.Binders.ComplexObjectModelBinder|Done attempting to bind parameter 'parameters' of type 'Article.Domain.DTO.ArticleParametersDto'. 
2024-04-01 17:06:48.2362|DEBUG|Microsoft.AspNetCore.Mvc.ModelBinding.ParameterBinder|Done attempting to bind parameter 'parameters' of type 'Article.Domain.DTO.ArticleParametersDto'. 
2024-04-01 17:06:48.2362|DEBUG|Microsoft.AspNetCore.Mvc.ModelBinding.ParameterBinder|Attempting to validate the bound parameter 'parameters' of type 'Article.Domain.DTO.ArticleParametersDto' ... 
2024-04-01 17:06:48.2362|DEBUG|Microsoft.AspNetCore.Mvc.ModelBinding.ParameterBinder|Done attempting to validate the bound parameter 'parameters' of type 'Article.Domain.DTO.ArticleParametersDto'. 
2024-04-01 17:06:48.2362|TRACE|Microsoft.AspNetCore.Mvc.Infrastructure.ControllerActionInvoker|Action Filter: Before executing OnActionExecuting on filter Microsoft.AspNetCore.Mvc.ModelBinding.UnsupportedContentTypeFilter. 
2024-04-01 17:06:48.2362|TRACE|Microsoft.AspNetCore.Mvc.Infrastructure.ControllerActionInvoker|Action Filter: After executing OnActionExecuting on filter Microsoft.AspNetCore.Mvc.ModelBinding.UnsupportedContentTypeFilter. 
2024-04-01 17:06:48.2362|TRACE|Microsoft.AspNetCore.Mvc.Infrastructure.ControllerActionInvoker|Action Filter: Before executing OnActionExecuting on filter Microsoft.AspNetCore.Mvc.Infrastructure.ModelStateInvalidFilter. 
2024-04-01 17:06:48.2362|TRACE|Microsoft.AspNetCore.Mvc.Infrastructure.ControllerActionInvoker|Action Filter: After executing OnActionExecuting on filter Microsoft.AspNetCore.Mvc.Infrastructure.ModelStateInvalidFilter. 
2024-04-01 17:06:48.2362|INFO|Microsoft.AspNetCore.Mvc.Infrastructure.ControllerActionInvoker|Executing action method LitZhu.WebApi.Controllers.Article.ArticleController.GetArticle (LitZhu.WebApi) - Validation state: Valid 
2024-04-01 17:06:48.2362|TRACE|Microsoft.AspNetCore.Mvc.Infrastructure.ControllerActionInvoker|Executing action method LitZhu.WebApi.Controllers.Article.ArticleController.GetArticle (LitZhu.WebApi) with arguments (ArticleParametersDto { Q = , PageIndex = 1, PageSize = 10, OrderBy = Likes }) 
2024-04-01 17:06:48.2533|DEBUG|Microsoft.EntityFrameworkCore.Database.Connection|Creating DbConnection. 
2024-04-01 17:06:48.2533|DEBUG|Microsoft.EntityFrameworkCore.Database.Connection|Created DbConnection. (0ms). 
2024-04-01 17:06:48.2533|DEBUG|Microsoft.EntityFrameworkCore.Database.Connection|Opening connection to database 'LitZhu' on server 'localhost'. 
2024-04-01 17:06:48.2678|DEBUG|Microsoft.EntityFrameworkCore.Database.Connection|Opened connection to database 'LitZhu' on server 'localhost'. 
2024-04-01 17:06:48.2678|DEBUG|Microsoft.EntityFrameworkCore.Database.Command|Creating DbCommand for 'ExecuteReader'. 
2024-04-01 17:06:48.2678|DEBUG|Microsoft.EntityFrameworkCore.Database.Command|Created DbCommand for 'ExecuteReader' (0ms). 
2024-04-01 17:06:48.2678|DEBUG|Microsoft.EntityFrameworkCore.Database.Command|Initialized DbCommand for 'ExecuteReader' (0ms). 
2024-04-01 17:06:48.2678|DEBUG|Microsoft.EntityFrameworkCore.Database.Command|Executing DbCommand [Parameters=[@__p_1='?' (DbType = Int32), @__p_0='?' (DbType = Int32)], CommandType='Text', CommandTimeout='30']
SELECT `t`.`Id`, `t`.`Content`, `t`.`CreationTime`, `t`.`DeletionTime`, `t`.`Desc`, `t`.`Image`, `t`.`IsDeleted`, `t`.`LastModificationTime`, `t`.`Likes`, `t`.`Title`, `t`.`UserId`, `t`.`Views`, `c`.`Id`, `c`.`ArticleId`, `c`.`Content`, `c`.`CreationTime`, `c`.`LastModificationTime`, `c`.`Likes`, `c`.`PId`, `c`.`Path`, `c`.`UserId`, `t1`.`ArticleId`, `t1`.`TagId`, `t1`.`Id`, `t1`.`CreationTime`, `t1`.`DeletionTime`, `t1`.`IsDeleted`, `t1`.`LastModificationTime`, `t1`.`TagName`
FROM (
    SELECT `a`.`Id`, `a`.`Content`, `a`.`CreationTime`, `a`.`DeletionTime`, `a`.`Desc`, `a`.`Image`, `a`.`IsDeleted`, `a`.`LastModificationTime`, `a`.`Likes`, `a`.`Title`, `a`.`UserId`, `a`.`Views`
    FROM `Articles` AS `a`
    WHERE NOT (`a`.`IsDeleted`)
    ORDER BY `a`.`Likes` DESC
    LIMIT @__p_1 OFFSET @__p_0
) AS `t`
LEFT JOIN `Comments` AS `c` ON `t`.`Id` = `c`.`ArticleId`
LEFT JOIN (
    SELECT `a0`.`ArticleId`, `a0`.`TagId`, `t0`.`Id`, `t0`.`CreationTime`, `t0`.`DeletionTime`, `t0`.`IsDeleted`, `t0`.`LastModificationTime`, `t0`.`TagName`
    FROM `Articles_Tags` AS `a0`
    INNER JOIN (
        SELECT `t2`.`Id`, `t2`.`CreationTime`, `t2`.`DeletionTime`, `t2`.`IsDeleted`, `t2`.`LastModificationTime`, `t2`.`TagName`
        FROM `Tags` AS `t2`
        WHERE NOT (`t2`.`IsDeleted`)
    ) AS `t0` ON `a0`.`TagId` = `t0`.`Id`
) AS `t1` ON `t`.`Id` = `t1`.`ArticleId`
ORDER BY `t`.`Likes` DESC, `t`.`Id`, `c`.`Id`, `t1`.`ArticleId`, `t1`.`TagId` 
2024-04-01 17:06:48.2678|INFO|Microsoft.EntityFrameworkCore.Database.Command|Executed DbCommand (3ms) [Parameters=[@__p_1='?' (DbType = Int32), @__p_0='?' (DbType = Int32)], CommandType='Text', CommandTimeout='30']
SELECT `t`.`Id`, `t`.`Content`, `t`.`CreationTime`, `t`.`DeletionTime`, `t`.`Desc`, `t`.`Image`, `t`.`IsDeleted`, `t`.`LastModificationTime`, `t`.`Likes`, `t`.`Title`, `t`.`UserId`, `t`.`Views`, `c`.`Id`, `c`.`ArticleId`, `c`.`Content`, `c`.`CreationTime`, `c`.`LastModificationTime`, `c`.`Likes`, `c`.`PId`, `c`.`Path`, `c`.`UserId`, `t1`.`ArticleId`, `t1`.`TagId`, `t1`.`Id`, `t1`.`CreationTime`, `t1`.`DeletionTime`, `t1`.`IsDeleted`, `t1`.`LastModificationTime`, `t1`.`TagName`
FROM (
    SELECT `a`.`Id`, `a`.`Content`, `a`.`CreationTime`, `a`.`DeletionTime`, `a`.`Desc`, `a`.`Image`, `a`.`IsDeleted`, `a`.`LastModificationTime`, `a`.`Likes`, `a`.`Title`, `a`.`UserId`, `a`.`Views`
    FROM `Articles` AS `a`
    WHERE NOT (`a`.`IsDeleted`)
    ORDER BY `a`.`Likes` DESC
    LIMIT @__p_1 OFFSET @__p_0
) AS `t`
LEFT JOIN `Comments` AS `c` ON `t`.`Id` = `c`.`ArticleId`
LEFT JOIN (
    SELECT `a0`.`ArticleId`, `a0`.`TagId`, `t0`.`Id`, `t0`.`CreationTime`, `t0`.`DeletionTime`, `t0`.`IsDeleted`, `t0`.`LastModificationTime`, `t0`.`TagName`
    FROM `Articles_Tags` AS `a0`
    INNER JOIN (
        SELECT `t2`.`Id`, `t2`.`CreationTime`, `t2`.`DeletionTime`, `t2`.`IsDeleted`, `t2`.`LastModificationTime`, `t2`.`TagName`
        FROM `Tags` AS `t2`
        WHERE NOT (`t2`.`IsDeleted`)
    ) AS `t0` ON `a0`.`TagId` = `t0`.`Id`
) AS `t1` ON `t`.`Id` = `t1`.`ArticleId`
ORDER BY `t`.`Likes` DESC, `t`.`Id`, `c`.`Id`, `t1`.`ArticleId`, `t1`.`TagId` 
2024-04-01 17:06:48.2678|DEBUG|Microsoft.EntityFrameworkCore.ChangeTracking|Context 'ArticleDbContext' started tracking 'Articles' entity. Consider using 'DbContextOptionsBuilder.EnableSensitiveDataLogging' to see key values. 
2024-04-01 17:06:48.2678|DEBUG|Microsoft.EntityFrameworkCore.ChangeTracking|Context 'ArticleDbContext' started tracking 'Articles' entity. Consider using 'DbContextOptionsBuilder.EnableSensitiveDataLogging' to see key values. 
2024-04-01 17:06:48.2678|DEBUG|Microsoft.EntityFrameworkCore.ChangeTracking|Context 'ArticleDbContext' started tracking 'Articles' entity. Consider using 'DbContextOptionsBuilder.EnableSensitiveDataLogging' to see key values. 
2024-04-01 17:06:48.2678|DEBUG|Microsoft.EntityFrameworkCore.ChangeTracking|Context 'ArticleDbContext' started tracking 'Articles' entity. Consider using 'DbContextOptionsBuilder.EnableSensitiveDataLogging' to see key values. 
2024-04-01 17:06:48.2678|DEBUG|Microsoft.EntityFrameworkCore.Database.Command|Closing data reader to 'LitZhu' on server 'localhost'. 
2024-04-01 17:06:48.2678|DEBUG|Microsoft.EntityFrameworkCore.Database.Command|A data reader for 'LitZhu' on server 'localhost' is being disposed after spending 1ms reading results. 
2024-04-01 17:06:48.2678|DEBUG|Microsoft.EntityFrameworkCore.Database.Connection|Closing connection to database 'LitZhu' on server 'localhost'. 
2024-04-01 17:06:48.2678|DEBUG|Microsoft.EntityFrameworkCore.Database.Connection|Closed connection to database 'LitZhu' on server 'localhost' (0ms). 
2024-04-01 17:07:23.7391|INFO|Microsoft.AspNetCore.Mvc.Infrastructure.ControllerActionInvoker|Executed action method LitZhu.WebApi.Controllers.Article.ArticleController.GetArticle (LitZhu.WebApi), returned result Microsoft.AspNetCore.Mvc.OkObjectResult in 35491.0571ms. 
2024-04-01 17:07:23.7391|TRACE|Microsoft.AspNetCore.Mvc.Infrastructure.ControllerActionInvoker|Action Filter: Before executing OnActionExecuted on filter Microsoft.AspNetCore.Mvc.Infrastructure.ModelStateInvalidFilter. 
2024-04-01 17:07:23.7391|TRACE|Microsoft.AspNetCore.Mvc.Infrastructure.ControllerActionInvoker|Action Filter: After executing OnActionExecuted on filter Microsoft.AspNetCore.Mvc.Infrastructure.ModelStateInvalidFilter. 
2024-04-01 17:07:23.7391|TRACE|Microsoft.AspNetCore.Mvc.Infrastructure.ControllerActionInvoker|Action Filter: Before executing OnActionExecuted on filter Microsoft.AspNetCore.Mvc.ModelBinding.UnsupportedContentTypeFilter. 
2024-04-01 17:07:23.7391|TRACE|Microsoft.AspNetCore.Mvc.Infrastructure.ControllerActionInvoker|Action Filter: After executing OnActionExecuted on filter Microsoft.AspNetCore.Mvc.ModelBinding.UnsupportedContentTypeFilter. 
2024-04-01 17:07:23.7391|TRACE|Microsoft.AspNetCore.Mvc.Infrastructure.ControllerActionInvoker|Result Filter: Before executing OnResultExecuting on filter Microsoft.AspNetCore.Mvc.Infrastructure.ClientErrorResultFilter. 
2024-04-01 17:07:23.7391|TRACE|Microsoft.AspNetCore.Mvc.Infrastructure.ControllerActionInvoker|Result Filter: After executing OnResultExecuting on filter Microsoft.AspNetCore.Mvc.Infrastructure.ClientErrorResultFilter. 
2024-04-01 17:07:23.7391|TRACE|Microsoft.AspNetCore.Mvc.Infrastructure.ControllerActionInvoker|Before executing action result Microsoft.AspNetCore.Mvc.OkObjectResult. 
2024-04-01 17:07:23.7391|DEBUG|Microsoft.AspNetCore.Mvc.Infrastructure.DefaultOutputFormatterSelector|List of registered output formatters, in the following order: Microsoft.AspNetCore.Mvc.Formatters.HttpNoContentOutputFormatter, Microsoft.AspNetCore.Mvc.Formatters.StringOutputFormatter, Microsoft.AspNetCore.Mvc.Formatters.StreamOutputFormatter, Microsoft.AspNetCore.Mvc.Formatters.NewtonsoftJsonOutputFormatter 
2024-04-01 17:07:23.7391|DEBUG|Microsoft.AspNetCore.Mvc.Infrastructure.DefaultOutputFormatterSelector|Attempting to select an output formatter based on Accept header 'text/plain'. 
2024-04-01 17:07:23.7391|DEBUG|Microsoft.AspNetCore.Mvc.Infrastructure.DefaultOutputFormatterSelector|Could not find an output formatter based on content negotiation. Accepted types were (text/plain) 
2024-04-01 17:07:23.7391|DEBUG|Microsoft.AspNetCore.Mvc.Infrastructure.DefaultOutputFormatterSelector|Attempting to select an output formatter without using a content type as no explicit content types were specified for the response. 
2024-04-01 17:07:23.7391|DEBUG|Microsoft.AspNetCore.Mvc.Infrastructure.DefaultOutputFormatterSelector|Attempting to select the first formatter in the output formatters list which can write the result. 
2024-04-01 17:07:23.7391|DEBUG|Microsoft.AspNetCore.Mvc.Infrastructure.DefaultOutputFormatterSelector|Selected output formatter 'Microsoft.AspNetCore.Mvc.Formatters.NewtonsoftJsonOutputFormatter' and content type 'application/json' to write the response. 
2024-04-01 17:07:23.7391|INFO|Microsoft.AspNetCore.Mvc.Infrastructure.ObjectResultExecutor|Executing OkObjectResult, writing value of type 'LitZhu.WebApi.R'. 
2024-04-01 17:07:47.4532|TRACE|Microsoft.AspNetCore.Mvc.Infrastructure.ControllerActionInvoker|After executing action result Microsoft.AspNetCore.Mvc.OkObjectResult. 
2024-04-01 17:07:47.4532|TRACE|Microsoft.AspNetCore.Mvc.Infrastructure.ControllerActionInvoker|Result Filter: Before executing OnResultExecuted on filter Microsoft.AspNetCore.Mvc.Infrastructure.ClientErrorResultFilter. 
2024-04-01 17:07:47.4532|TRACE|Microsoft.AspNetCore.Mvc.Infrastructure.ControllerActionInvoker|Result Filter: After executing OnResultExecuted on filter Microsoft.AspNetCore.Mvc.Infrastructure.ClientErrorResultFilter. 
2024-04-01 17:07:47.4532|TRACE|Microsoft.AspNetCore.Server.Kestrel.Http2|Connection id "0HN2I5B9NP6UE" sending HEADERS frame for stream ID 9 with length 41 and flags END_HEADERS. 
2024-04-01 17:07:47.4532|INFO|Microsoft.AspNetCore.Mvc.Infrastructure.ControllerActionInvoker|Executed action LitZhu.WebApi.Controllers.Article.ArticleController.GetArticle (LitZhu.WebApi) in 59259.6929ms 
2024-04-01 17:07:47.4532|TRACE|Microsoft.AspNetCore.Server.Kestrel.Http2|Connection id "0HN2I5B9NP6UE" sending DATA frame for stream ID 9 with length 2809 and flags NONE. 
2024-04-01 17:07:47.4532|INFO|Microsoft.AspNetCore.Routing.EndpointMiddleware|Executed endpoint 'LitZhu.WebApi.Controllers.Article.ArticleController.GetArticle (LitZhu.WebApi)' 
2024-04-01 17:07:47.4532|TRACE|Microsoft.AspNetCore.Server.Kestrel.Http2|Connection id "0HN2I5B9NP6UE" sending DATA frame for stream ID 9 with length 0 and flags END_STREAM. 
2024-04-01 17:07:47.4532|DEBUG|Microsoft.EntityFrameworkCore.Infrastructure|'ArticleDbContext' disposed. 
2024-04-01 17:07:47.4532|DEBUG|Microsoft.EntityFrameworkCore.Database.Connection|Disposing connection to database 'LitZhu' on server 'localhost'. 
2024-04-01 17:07:47.4546|DEBUG|Microsoft.EntityFrameworkCore.Database.Connection|Disposed connection to database 'LitZhu' on server 'localhost' (0ms). 
2024-04-01 17:07:47.4546|INFO|Microsoft.AspNetCore.Hosting.Diagnostics|Request finished HTTP/2 GET https://localhost:7290/api/Article - 200 2809 application/json;+charset=utf-8 59263.7166ms 
2024-04-01 17:07:47.5072|TRACE|Microsoft.AspNetCore.Server.Kestrel.Http2|Connection id "0HN2I5B9NP6UE" received WINDOW_UPDATE frame for stream ID 0 with length 4 and flags 0x0. 
2024-04-01 17:09:26.0091|DEBUG|Microsoft.AspNetCore.Server.Kestrel.Connections|Connection id "0HN2I5B9NP6UF" accepted. 
2024-04-01 17:09:26.0091|DEBUG|Microsoft.AspNetCore.Server.Kestrel.Connections|Connection id "0HN2I5B9NP6UF" started. 
2024-04-01 17:09:26.0465|DEBUG|Microsoft.AspNetCore.Server.Kestrel.Https.Internal.HttpsConnectionMiddleware|Connection 0HN2I5B9NP6UF established using the following protocol: Tls13 
2024-04-01 17:09:26.0510|INFO|Microsoft.AspNetCore.Hosting.Diagnostics|Request starting HTTP/1.1 POST https://localhost:7290/api/Auth/Login - application/json 61 
2024-04-01 17:09:26.0510|TRACE|Microsoft.AspNetCore.HostFiltering.HostFilteringMiddleware|All hosts are allowed. 
2024-04-01 17:09:26.0510|DEBUG|Microsoft.AspNetCore.Routing.Matching.DfaMatcher|1 candidate(s) found for the request path '/api/Auth/Login' 
2024-04-01 17:09:26.0510|DEBUG|Microsoft.AspNetCore.Routing.Matching.DfaMatcher|Endpoint 'LitZhu.WebApi.Controllers.User.AuthController.VerifyLoginUsernamePassword (LitZhu.WebApi)' with route pattern 'api/Auth/Login' is valid for the request path '/api/Auth/Login' 
2024-04-01 17:09:26.0510|DEBUG|Microsoft.AspNetCore.Routing.EndpointRoutingMiddleware|Request matched endpoint 'LitZhu.WebApi.Controllers.User.AuthController.VerifyLoginUsernamePassword (LitZhu.WebApi)' 
2024-04-01 17:09:26.0510|TRACE|Microsoft.AspNetCore.Routing.EndpointRoutingMiddleware|The endpoint does not specify the IRequestSizeLimitMetadata. 
2024-04-01 17:09:26.0510|DEBUG|Microsoft.AspNetCore.StaticFiles.StaticFileMiddleware|Static files was skipped as the request already matched an endpoint. 
2024-04-01 17:09:26.0510|DEBUG|Microsoft.AspNetCore.Authentication.JwtBearer.JwtBearerHandler|AuthenticationScheme: Bearer was not authenticated. 
2024-04-01 17:09:26.0510|INFO|Microsoft.AspNetCore.Routing.EndpointMiddleware|Executing endpoint 'LitZhu.WebApi.Controllers.User.AuthController.VerifyLoginUsernamePassword (LitZhu.WebApi)' 
2024-04-01 17:09:26.0510|INFO|Microsoft.AspNetCore.Mvc.Infrastructure.ControllerActionInvoker|Route matched with {action = "VerifyLoginUsernamePassword", controller = "Auth"}. Executing controller action with signature System.Threading.Tasks.Task`1[Microsoft.AspNetCore.Mvc.ActionResult`1[System.String]] VerifyLoginUsernamePassword(LitZhu.WebApi.Controllers.User.VerifyLoginUsernamePasswordRequest) on controller LitZhu.WebApi.Controllers.User.AuthController (LitZhu.WebApi). 
2024-04-01 17:09:26.0510|DEBUG|Microsoft.AspNetCore.Mvc.Infrastructure.ControllerActionInvoker|Execution plan of authorization filters (in the following order): None 
2024-04-01 17:09:26.0510|DEBUG|Microsoft.AspNetCore.Mvc.Infrastructure.ControllerActionInvoker|Execution plan of resource filters (in the following order): None 
2024-04-01 17:09:26.0510|DEBUG|Microsoft.AspNetCore.Mvc.Infrastructure.ControllerActionInvoker|Execution plan of action filters (in the following order): Microsoft.AspNetCore.Mvc.ModelBinding.UnsupportedContentTypeFilter (Order: -3000), Microsoft.AspNetCore.Mvc.Infrastructure.ModelStateInvalidFilter (Order: -2000) 
2024-04-01 17:09:26.0510|DEBUG|Microsoft.AspNetCore.Mvc.Infrastructure.ControllerActionInvoker|Execution plan of exception filters (in the following order): None 
2024-04-01 17:09:26.0510|DEBUG|Microsoft.AspNetCore.Mvc.Infrastructure.ControllerActionInvoker|Execution plan of result filters (in the following order): Microsoft.AspNetCore.Mvc.Infrastructure.ClientErrorResultFilter (Order: -2000) 
2024-04-01 17:09:26.0510|DEBUG|Microsoft.AspNetCore.Mvc.Infrastructure.ControllerActionInvoker|Executing controller factory for controller LitZhu.WebApi.Controllers.User.AuthController (LitZhu.WebApi) 
2024-04-01 17:09:26.1652|DEBUG|Microsoft.EntityFrameworkCore.Model|The index {'UserId'} was not created on entity type 'UserRoles' as the properties are already covered by the index {'UserId', 'RoleId'}. 
2024-04-01 17:09:26.1742|WARN|Microsoft.EntityFrameworkCore.Model.Validation|Entity 'Users' has a global query filter defined and is the required end of a relationship with the entity 'UserAccessFail'. This may lead to unexpected results when the required entity is filtered out. Either configure the navigation as optional, or define matching query filters for both entities in the navigation. See https://go.microsoft.com/fwlink/?linkid=2131316 for more information. 
2024-04-01 17:09:26.1742|WARN|Microsoft.EntityFrameworkCore.Model.Validation|Entity 'Roles' has a global query filter defined and is the required end of a relationship with the entity 'UserRoles'. This may lead to unexpected results when the required entity is filtered out. Either configure the navigation as optional, or define matching query filters for both entities in the navigation. See https://go.microsoft.com/fwlink/?linkid=2131316 for more information. 
2024-04-01 17:09:26.2348|DEBUG|Microsoft.EntityFrameworkCore.Infrastructure|Entity Framework Core 8.0.1 initialized 'UserDbContext' using provider 'Pomelo.EntityFrameworkCore.MySql:8.0.1' with options: ServerVersion=8.0.23-mysql  
2024-04-01 17:09:26.5132|DEBUG|Microsoft.AspNetCore.Mvc.Infrastructure.ControllerActionInvoker|Executed controller factory for controller LitZhu.WebApi.Controllers.User.AuthController (LitZhu.WebApi) 
2024-04-01 17:09:26.5132|DEBUG|Microsoft.AspNetCore.Mvc.ModelBinding.ParameterBinder|Attempting to bind parameter 'req' of type 'LitZhu.WebApi.Controllers.User.VerifyLoginUsernamePasswordRequest' ... 
2024-04-01 17:09:26.5132|DEBUG|Microsoft.AspNetCore.Mvc.ModelBinding.Binders.BodyModelBinder|Attempting to bind parameter 'req' of type 'LitZhu.WebApi.Controllers.User.VerifyLoginUsernamePasswordRequest' using the name '' in request data ... 
2024-04-01 17:09:26.5132|DEBUG|Microsoft.AspNetCore.Mvc.ModelBinding.Binders.BodyModelBinder|Rejected input formatter 'Microsoft.AspNetCore.Mvc.Formatters.NewtonsoftJsonPatchInputFormatter' for content type 'application/json'. 
2024-04-01 17:09:26.5132|DEBUG|Microsoft.AspNetCore.Mvc.ModelBinding.Binders.BodyModelBinder|Selected input formatter 'Microsoft.AspNetCore.Mvc.Formatters.NewtonsoftJsonInputFormatter' for content type 'application/json'. 
2024-04-01 17:09:26.5209|DEBUG|Microsoft.AspNetCore.Server.Kestrel|Connection id "0HN2I5B9NP6UF", Request id "0HN2I5B9NP6UF:00000001": started reading request body. 
2024-04-01 17:09:26.5209|DEBUG|Microsoft.AspNetCore.Server.Kestrel|Connection id "0HN2I5B9NP6UF", Request id "0HN2I5B9NP6UF:00000001": done reading request body. 
2024-04-01 17:09:26.5529|DEBUG|Microsoft.AspNetCore.Mvc.ModelBinding.Binders.BodyModelBinder|Done attempting to bind parameter 'req' of type 'LitZhu.WebApi.Controllers.User.VerifyLoginUsernamePasswordRequest'. 
2024-04-01 17:09:26.5529|DEBUG|Microsoft.AspNetCore.Mvc.ModelBinding.ParameterBinder|Done attempting to bind parameter 'req' of type 'LitZhu.WebApi.Controllers.User.VerifyLoginUsernamePasswordRequest'. 
2024-04-01 17:09:26.5529|DEBUG|Microsoft.AspNetCore.Mvc.ModelBinding.ParameterBinder|Attempting to validate the bound parameter 'req' of type 'LitZhu.WebApi.Controllers.User.VerifyLoginUsernamePasswordRequest' ... 
2024-04-01 17:09:26.5529|DEBUG|Microsoft.AspNetCore.Mvc.ModelBinding.ParameterBinder|Done attempting to validate the bound parameter 'req' of type 'LitZhu.WebApi.Controllers.User.VerifyLoginUsernamePasswordRequest'. 
2024-04-01 17:09:26.5529|TRACE|Microsoft.AspNetCore.Mvc.Infrastructure.ControllerActionInvoker|Action Filter: Before executing OnActionExecuting on filter Microsoft.AspNetCore.Mvc.ModelBinding.UnsupportedContentTypeFilter. 
2024-04-01 17:09:26.5529|TRACE|Microsoft.AspNetCore.Mvc.Infrastructure.ControllerActionInvoker|Action Filter: After executing OnActionExecuting on filter Microsoft.AspNetCore.Mvc.ModelBinding.UnsupportedContentTypeFilter. 
2024-04-01 17:09:26.5529|TRACE|Microsoft.AspNetCore.Mvc.Infrastructure.ControllerActionInvoker|Action Filter: Before executing OnActionExecuting on filter Microsoft.AspNetCore.Mvc.Infrastructure.ModelStateInvalidFilter. 
2024-04-01 17:09:26.5529|TRACE|Microsoft.AspNetCore.Mvc.Infrastructure.ControllerActionInvoker|Action Filter: After executing OnActionExecuting on filter Microsoft.AspNetCore.Mvc.Infrastructure.ModelStateInvalidFilter. 
2024-04-01 17:09:26.5529|INFO|Microsoft.AspNetCore.Mvc.Infrastructure.ControllerActionInvoker|Executing action method LitZhu.WebApi.Controllers.User.AuthController.VerifyLoginUsernamePassword (LitZhu.WebApi) - Validation state: Valid 
2024-04-01 17:09:26.5529|TRACE|Microsoft.AspNetCore.Mvc.Infrastructure.ControllerActionInvoker|Executing action method LitZhu.WebApi.Controllers.User.AuthController.VerifyLoginUsernamePassword (LitZhu.WebApi) with arguments (VerifyLoginUsernamePasswordRequest { Username = LitZhuTest, Password = LitZhuTest }) 
2024-04-01 17:09:26.5648|DEBUG|Microsoft.EntityFrameworkCore.Query|Compiling query expression: 
'DbSet<Users>()
    .Include(x => x.UserAccessFail)
    .Include(x => x.UserRoles)
    .ThenInclude(ur => ur.Roles)
    .FirstOrDefault(x => x.Username == __username_0)' 
2024-04-01 17:09:26.5648|DEBUG|Microsoft.EntityFrameworkCore.Query|Including navigation: 'Users.UserAccessFail'. 
2024-04-01 17:09:26.5648|DEBUG|Microsoft.EntityFrameworkCore.Query|Including navigation: 'Users.UserRoles'. 
2024-04-01 17:09:26.5648|DEBUG|Microsoft.EntityFrameworkCore.Query|Including navigation: 'UserRoles.Roles'. 
2024-04-01 17:09:26.6013|DEBUG|Microsoft.EntityFrameworkCore.Query|Generated query execution expression: 
'queryContext => ShapedQueryCompilingExpressionVisitor.SingleOrDefaultAsync<Users>(
    asyncEnumerable: new SingleQueryingEnumerable<Users>(
        (RelationalQueryContext)queryContext, 
        RelationalCommandCache.QueryExpression(
            Client Projections:
                0 -> Dictionary<IProperty, int> { [Property: Users.Id (Guid) Required PK AfterSave:Throw ValueGenerated.OnAdd, 0], [Property: Users.Avatar (string), 1], [Property: Users.CreationTime (DateTime) Required, 2], [Property: Users.DeletionTime (DateTime?), 3], [Property: Users.Email (string), 4], [Property: Users.Gender (Gender) Required, 5], [Property: Users.IsDeleted (bool) Required Index, 6], [Property: Users.LastModificationTime (DateTime?), 7], [Property: Users.Password (string) Required MaxLength(100) ANSI, 8], [Property: Users.Phone (string), 9], [Property: Users.Username (string) Required Index MaxLength(10), 10] }
                1 -> Dictionary<IProperty, int> { [Property: UserAccessFail.Id (Guid) Required PK AfterSave:Throw ValueGenerated.OnAdd, 11], [Property: UserAccessFail.AccessFailedCount (int) Required, 12], [Property: UserAccessFail.CreationTime (DateTime) Required, 13], [Property: UserAccessFail.IsLockOut (bool) Required, 14], [Property: UserAccessFail.LockOutEnd (DateTime?), 15], [Property: UserAccessFail.UserId (Guid) Required FK Index, 16] }
                2 -> 0
                3 -> 11
                4 -> Dictionary<IProperty, int> { [Property: UserRoles.UserId (Guid) Required PK FK AfterSave:Throw, 17], [Property: UserRoles.RoleId (Guid) Required PK FK Index AfterSave:Throw, 18] }
                5 -> Dictionary<IProperty, int> { [Property: Roles.Id (Guid) Required PK AfterSave:Throw ValueGenerated.OnAdd, 19], [Property: Roles.CreationTime (DateTime) Required, 20], [Property: Roles.DeletionTime (DateTime?), 21], [Property: Roles.IsDeleted (bool) Required Index, 22], [Property: Roles.LastModificationTime (DateTime?), 23], [Property: Roles.RoleDesc (string) Required, 24], [Property: Roles.RoleName (string) Required MaxLength(10), 25] }
                6 -> 17
                7 -> 18
                8 -> 19
            SELECT t.Id, t.Avatar, t.CreationTime, t.DeletionTime, t.Email, t.Gender, t.IsDeleted, t.LastModificationTime, t.Password, t.Phone, t.Username, t.Id0, t.AccessFailedCount, t.CreationTime0, t.IsLockOut, t.LockOutEnd, t.UserId, t0.UserId, t0.RoleId, t0.Id, t0.CreationTime, t0.DeletionTime, t0.IsDeleted, t0.LastModificationTime, t0.RoleDesc, t0.RoleName
            FROM 
            (
                SELECT TOP(1) u.Id, u.Avatar, u.CreationTime, u.DeletionTime, u.Email, u.Gender, u.IsDeleted, u.LastModificationTime, u.Password, u.Phone, u.Username, u0.Id AS Id0, u0.AccessFailedCount, u0.CreationTime AS CreationTime0, u0.IsLockOut, u0.LockOutEnd, u0.UserId
                FROM Users AS u
                LEFT JOIN UserAccessFails AS u0 ON u.Id == u0.UserId
                WHERE (u.IsDeleted == FALSE) && (u.Username == @__username_0)
            ) AS t
            LEFT JOIN 
            (
                SELECT u1.UserId, u1.RoleId, t1.Id, t1.CreationTime, t1.DeletionTime, t1.IsDeleted, t1.LastModificationTime, t1.RoleDesc, t1.RoleName
                FROM Users_Roles AS u1
                INNER JOIN 
                (
                    SELECT r.Id, r.CreationTime, r.DeletionTime, r.IsDeleted, r.LastModificationTime, r.RoleDesc, r.RoleName
                    FROM Roles AS r
                    WHERE r.IsDeleted == FALSE
                ) AS t1 ON u1.RoleId == t1.Id
            ) AS t0 ON t.Id == t0.UserId
            ORDER BY t.Id ASC, t.Id0 ASC, t0.UserId ASC, t0.RoleId ASC), 
        null, 
        Func<QueryContext, DbDataReader, ResultContext, SingleQueryResultCoordinator, Users>, 
        User.Infrastructure.UserDbContext, 
        False, 
        False, 
        True
    ), 
    cancellationToken: queryContext.CancellationToken)' 
2024-04-01 17:09:26.6013|DEBUG|Microsoft.EntityFrameworkCore.Database.Connection|Creating DbConnection. 
2024-04-01 17:09:26.6013|DEBUG|Microsoft.EntityFrameworkCore.Database.Connection|Created DbConnection. (0ms). 
2024-04-01 17:09:26.6013|DEBUG|Microsoft.EntityFrameworkCore.Database.Connection|Opening connection to database 'LitZhu' on server 'localhost'. 
2024-04-01 17:09:26.6013|DEBUG|Microsoft.EntityFrameworkCore.Database.Connection|Opened connection to database 'LitZhu' on server 'localhost'. 
2024-04-01 17:09:26.6013|DEBUG|Microsoft.EntityFrameworkCore.Database.Command|Creating DbCommand for 'ExecuteReader'. 
2024-04-01 17:09:26.6013|DEBUG|Microsoft.EntityFrameworkCore.Database.Command|Created DbCommand for 'ExecuteReader' (0ms). 
2024-04-01 17:09:26.6013|DEBUG|Microsoft.EntityFrameworkCore.Database.Command|Initialized DbCommand for 'ExecuteReader' (1ms). 
2024-04-01 17:09:26.6013|DEBUG|Microsoft.EntityFrameworkCore.Database.Command|Executing DbCommand [Parameters=[@__username_0='?' (Size = 10)], CommandType='Text', CommandTimeout='30']
SELECT `t`.`Id`, `t`.`Avatar`, `t`.`CreationTime`, `t`.`DeletionTime`, `t`.`Email`, `t`.`Gender`, `t`.`IsDeleted`, `t`.`LastModificationTime`, `t`.`Password`, `t`.`Phone`, `t`.`Username`, `t`.`Id0`, `t`.`AccessFailedCount`, `t`.`CreationTime0`, `t`.`IsLockOut`, `t`.`LockOutEnd`, `t`.`UserId`, `t0`.`UserId`, `t0`.`RoleId`, `t0`.`Id`, `t0`.`CreationTime`, `t0`.`DeletionTime`, `t0`.`IsDeleted`, `t0`.`LastModificationTime`, `t0`.`RoleDesc`, `t0`.`RoleName`
FROM (
    SELECT `u`.`Id`, `u`.`Avatar`, `u`.`CreationTime`, `u`.`DeletionTime`, `u`.`Email`, `u`.`Gender`, `u`.`IsDeleted`, `u`.`LastModificationTime`, `u`.`Password`, `u`.`Phone`, `u`.`Username`, `u0`.`Id` AS `Id0`, `u0`.`AccessFailedCount`, `u0`.`CreationTime` AS `CreationTime0`, `u0`.`IsLockOut`, `u0`.`LockOutEnd`, `u0`.`UserId`
    FROM `Users` AS `u`
    LEFT JOIN `UserAccessFails` AS `u0` ON `u`.`Id` = `u0`.`UserId`
    WHERE NOT (`u`.`IsDeleted`) AND (`u`.`Username` = @__username_0)
    LIMIT 1
) AS `t`
LEFT JOIN (
    SELECT `u1`.`UserId`, `u1`.`RoleId`, `t1`.`Id`, `t1`.`CreationTime`, `t1`.`DeletionTime`, `t1`.`IsDeleted`, `t1`.`LastModificationTime`, `t1`.`RoleDesc`, `t1`.`RoleName`
    FROM `Users_Roles` AS `u1`
    INNER JOIN (
        SELECT `r`.`Id`, `r`.`CreationTime`, `r`.`DeletionTime`, `r`.`IsDeleted`, `r`.`LastModificationTime`, `r`.`RoleDesc`, `r`.`RoleName`
        FROM `Roles` AS `r`
        WHERE NOT (`r`.`IsDeleted`)
    ) AS `t1` ON `u1`.`RoleId` = `t1`.`Id`
) AS `t0` ON `t`.`Id` = `t0`.`UserId`
ORDER BY `t`.`Id`, `t`.`Id0`, `t0`.`UserId`, `t0`.`RoleId` 
2024-04-01 17:09:26.6290|INFO|Microsoft.EntityFrameworkCore.Database.Command|Executed DbCommand (18ms) [Parameters=[@__username_0='?' (Size = 10)], CommandType='Text', CommandTimeout='30']
SELECT `t`.`Id`, `t`.`Avatar`, `t`.`CreationTime`, `t`.`DeletionTime`, `t`.`Email`, `t`.`Gender`, `t`.`IsDeleted`, `t`.`LastModificationTime`, `t`.`Password`, `t`.`Phone`, `t`.`Username`, `t`.`Id0`, `t`.`AccessFailedCount`, `t`.`CreationTime0`, `t`.`IsLockOut`, `t`.`LockOutEnd`, `t`.`UserId`, `t0`.`UserId`, `t0`.`RoleId`, `t0`.`Id`, `t0`.`CreationTime`, `t0`.`DeletionTime`, `t0`.`IsDeleted`, `t0`.`LastModificationTime`, `t0`.`RoleDesc`, `t0`.`RoleName`
FROM (
    SELECT `u`.`Id`, `u`.`Avatar`, `u`.`CreationTime`, `u`.`DeletionTime`, `u`.`Email`, `u`.`Gender`, `u`.`IsDeleted`, `u`.`LastModificationTime`, `u`.`Password`, `u`.`Phone`, `u`.`Username`, `u0`.`Id` AS `Id0`, `u0`.`AccessFailedCount`, `u0`.`CreationTime` AS `CreationTime0`, `u0`.`IsLockOut`, `u0`.`LockOutEnd`, `u0`.`UserId`
    FROM `Users` AS `u`
    LEFT JOIN `UserAccessFails` AS `u0` ON `u`.`Id` = `u0`.`UserId`
    WHERE NOT (`u`.`IsDeleted`) AND (`u`.`Username` = @__username_0)
    LIMIT 1
) AS `t`
LEFT JOIN (
    SELECT `u1`.`UserId`, `u1`.`RoleId`, `t1`.`Id`, `t1`.`CreationTime`, `t1`.`DeletionTime`, `t1`.`IsDeleted`, `t1`.`LastModificationTime`, `t1`.`RoleDesc`, `t1`.`RoleName`
    FROM `Users_Roles` AS `u1`
    INNER JOIN (
        SELECT `r`.`Id`, `r`.`CreationTime`, `r`.`DeletionTime`, `r`.`IsDeleted`, `r`.`LastModificationTime`, `r`.`RoleDesc`, `r`.`RoleName`
        FROM `Roles` AS `r`
        WHERE NOT (`r`.`IsDeleted`)
    ) AS `t1` ON `u1`.`RoleId` = `t1`.`Id`
) AS `t0` ON `t`.`Id` = `t0`.`UserId`
ORDER BY `t`.`Id`, `t`.`Id0`, `t0`.`UserId`, `t0`.`RoleId` 
2024-04-01 17:09:26.6290|DEBUG|Microsoft.EntityFrameworkCore.ChangeTracking|Context 'UserDbContext' started tracking 'Users' entity. Consider using 'DbContextOptionsBuilder.EnableSensitiveDataLogging' to see key values. 
2024-04-01 17:09:26.6801|DEBUG|Microsoft.EntityFrameworkCore.ChangeTracking|The navigation 'Users.UserAccessFail' was detected as changed. Consider using 'DbContextOptionsBuilder.EnableSensitiveDataLogging' to see key values. 
2024-04-01 17:09:26.6801|DEBUG|Microsoft.EntityFrameworkCore.ChangeTracking|Context 'UserDbContext' started tracking 'UserAccessFail' entity. Consider using 'DbContextOptionsBuilder.EnableSensitiveDataLogging' to see key values. 
2024-04-01 17:09:26.7018|DEBUG|Microsoft.EntityFrameworkCore.Database.Command|Closing data reader to 'LitZhu' on server 'localhost'. 
2024-04-01 17:09:26.7018|DEBUG|Microsoft.EntityFrameworkCore.Database.Command|A data reader for 'LitZhu' on server 'localhost' is being disposed after spending 72ms reading results. 
2024-04-01 17:09:26.7018|DEBUG|Microsoft.EntityFrameworkCore.Database.Connection|Closing connection to database 'LitZhu' on server 'localhost'. 
2024-04-01 17:09:26.7018|DEBUG|Microsoft.EntityFrameworkCore.Database.Connection|Closed connection to database 'LitZhu' on server 'localhost' (0ms). 
2024-04-01 17:09:32.2379|DEBUG|Microsoft.EntityFrameworkCore.Database.Connection|Opening connection to database 'LitZhu' on server 'localhost'. 
2024-04-01 17:09:32.2379|DEBUG|Microsoft.EntityFrameworkCore.Database.Connection|Opened connection to database 'LitZhu' on server 'localhost'. 
2024-04-01 17:09:32.2379|DEBUG|Microsoft.EntityFrameworkCore.Database.Command|Creating DbCommand for 'ExecuteReader'. 
2024-04-01 17:09:32.2379|DEBUG|Microsoft.EntityFrameworkCore.Database.Command|Created DbCommand for 'ExecuteReader' (0ms). 
2024-04-01 17:09:32.2379|DEBUG|Microsoft.EntityFrameworkCore.Database.Command|Initialized DbCommand for 'ExecuteReader' (0ms). 
2024-04-01 17:09:32.2379|DEBUG|Microsoft.EntityFrameworkCore.Database.Command|Executing DbCommand [Parameters=[@__username_0='?' (Size = 10)], CommandType='Text', CommandTimeout='30']
SELECT `t`.`Id`, `t`.`Avatar`, `t`.`CreationTime`, `t`.`DeletionTime`, `t`.`Email`, `t`.`Gender`, `t`.`IsDeleted`, `t`.`LastModificationTime`, `t`.`Password`, `t`.`Phone`, `t`.`Username`, `t`.`Id0`, `t`.`AccessFailedCount`, `t`.`CreationTime0`, `t`.`IsLockOut`, `t`.`LockOutEnd`, `t`.`UserId`, `t0`.`UserId`, `t0`.`RoleId`, `t0`.`Id`, `t0`.`CreationTime`, `t0`.`DeletionTime`, `t0`.`IsDeleted`, `t0`.`LastModificationTime`, `t0`.`RoleDesc`, `t0`.`RoleName`
FROM (
    SELECT `u`.`Id`, `u`.`Avatar`, `u`.`CreationTime`, `u`.`DeletionTime`, `u`.`Email`, `u`.`Gender`, `u`.`IsDeleted`, `u`.`LastModificationTime`, `u`.`Password`, `u`.`Phone`, `u`.`Username`, `u0`.`Id` AS `Id0`, `u0`.`AccessFailedCount`, `u0`.`CreationTime` AS `CreationTime0`, `u0`.`IsLockOut`, `u0`.`LockOutEnd`, `u0`.`UserId`
    FROM `Users` AS `u`
    LEFT JOIN `UserAccessFails` AS `u0` ON `u`.`Id` = `u0`.`UserId`
    WHERE NOT (`u`.`IsDeleted`) AND (`u`.`Username` = @__username_0)
    LIMIT 1
) AS `t`
LEFT JOIN (
    SELECT `u1`.`UserId`, `u1`.`RoleId`, `t1`.`Id`, `t1`.`CreationTime`, `t1`.`DeletionTime`, `t1`.`IsDeleted`, `t1`.`LastModificationTime`, `t1`.`RoleDesc`, `t1`.`RoleName`
    FROM `Users_Roles` AS `u1`
    INNER JOIN (
        SELECT `r`.`Id`, `r`.`CreationTime`, `r`.`DeletionTime`, `r`.`IsDeleted`, `r`.`LastModificationTime`, `r`.`RoleDesc`, `r`.`RoleName`
        FROM `Roles` AS `r`
        WHERE NOT (`r`.`IsDeleted`)
    ) AS `t1` ON `u1`.`RoleId` = `t1`.`Id`
) AS `t0` ON `t`.`Id` = `t0`.`UserId`
ORDER BY `t`.`Id`, `t`.`Id0`, `t0`.`UserId`, `t0`.`RoleId` 
2024-04-01 17:09:32.2379|INFO|Microsoft.EntityFrameworkCore.Database.Command|Executed DbCommand (3ms) [Parameters=[@__username_0='?' (Size = 10)], CommandType='Text', CommandTimeout='30']
SELECT `t`.`Id`, `t`.`Avatar`, `t`.`CreationTime`, `t`.`DeletionTime`, `t`.`Email`, `t`.`Gender`, `t`.`IsDeleted`, `t`.`LastModificationTime`, `t`.`Password`, `t`.`Phone`, `t`.`Username`, `t`.`Id0`, `t`.`AccessFailedCount`, `t`.`CreationTime0`, `t`.`IsLockOut`, `t`.`LockOutEnd`, `t`.`UserId`, `t0`.`UserId`, `t0`.`RoleId`, `t0`.`Id`, `t0`.`CreationTime`, `t0`.`DeletionTime`, `t0`.`IsDeleted`, `t0`.`LastModificationTime`, `t0`.`RoleDesc`, `t0`.`RoleName`
FROM (
    SELECT `u`.`Id`, `u`.`Avatar`, `u`.`CreationTime`, `u`.`DeletionTime`, `u`.`Email`, `u`.`Gender`, `u`.`IsDeleted`, `u`.`LastModificationTime`, `u`.`Password`, `u`.`Phone`, `u`.`Username`, `u0`.`Id` AS `Id0`, `u0`.`AccessFailedCount`, `u0`.`CreationTime` AS `CreationTime0`, `u0`.`IsLockOut`, `u0`.`LockOutEnd`, `u0`.`UserId`
    FROM `Users` AS `u`
    LEFT JOIN `UserAccessFails` AS `u0` ON `u`.`Id` = `u0`.`UserId`
    WHERE NOT (`u`.`IsDeleted`) AND (`u`.`Username` = @__username_0)
    LIMIT 1
) AS `t`
LEFT JOIN (
    SELECT `u1`.`UserId`, `u1`.`RoleId`, `t1`.`Id`, `t1`.`CreationTime`, `t1`.`DeletionTime`, `t1`.`IsDeleted`, `t1`.`LastModificationTime`, `t1`.`RoleDesc`, `t1`.`RoleName`
    FROM `Users_Roles` AS `u1`
    INNER JOIN (
        SELECT `r`.`Id`, `r`.`CreationTime`, `r`.`DeletionTime`, `r`.`IsDeleted`, `r`.`LastModificationTime`, `r`.`RoleDesc`, `r`.`RoleName`
        FROM `Roles` AS `r`
        WHERE NOT (`r`.`IsDeleted`)
    ) AS `t1` ON `u1`.`RoleId` = `t1`.`Id`
) AS `t0` ON `t`.`Id` = `t0`.`UserId`
ORDER BY `t`.`Id`, `t`.`Id0`, `t0`.`UserId`, `t0`.`RoleId` 
2024-04-01 17:09:32.2379|DEBUG|Microsoft.EntityFrameworkCore.Database.Command|Closing data reader to 'LitZhu' on server 'localhost'. 
2024-04-01 17:09:32.2379|DEBUG|Microsoft.EntityFrameworkCore.Database.Command|A data reader for 'LitZhu' on server 'localhost' is being disposed after spending 0ms reading results. 
2024-04-01 17:09:32.2379|DEBUG|Microsoft.EntityFrameworkCore.Database.Connection|Closing connection to database 'LitZhu' on server 'localhost'. 
2024-04-01 17:09:32.2379|DEBUG|Microsoft.EntityFrameworkCore.Database.Connection|Closed connection to database 'LitZhu' on server 'localhost' (0ms). 
2024-04-01 17:09:32.2814|DEBUG|Microsoft.EntityFrameworkCore.ChangeTracking|'UserDbContext' generated a temporary value for the property 'UserLoginHistory.Id'. Consider using 'DbContextOptionsBuilder.EnableSensitiveDataLogging' to see key values. 
2024-04-01 17:09:32.3157|DEBUG|Microsoft.EntityFrameworkCore.ChangeTracking|Context 'UserDbContext' started tracking 'UserLoginHistory' entity. Consider using 'DbContextOptionsBuilder.EnableSensitiveDataLogging' to see key values. 
2024-04-01 17:09:32.3157|DEBUG|Microsoft.EntityFrameworkCore.Update|SaveChanges starting for 'UserDbContext'. 
2024-04-01 17:09:32.3157|DEBUG|Microsoft.EntityFrameworkCore.ChangeTracking|DetectChanges starting for 'UserDbContext'. 
2024-04-01 17:09:32.3767|DEBUG|Microsoft.EntityFrameworkCore.ChangeTracking|DetectChanges completed for 'UserDbContext'. 
2024-04-01 17:09:32.4635|DEBUG|Microsoft.EntityFrameworkCore.Database.Connection|Opening connection to database 'LitZhu' on server 'localhost'. 
2024-04-01 17:09:32.4635|DEBUG|Microsoft.EntityFrameworkCore.Database.Connection|Opened connection to database 'LitZhu' on server 'localhost'. 
2024-04-01 17:09:32.4705|DEBUG|Microsoft.EntityFrameworkCore.Database.Transaction|Beginning transaction with isolation level 'Unspecified'. 
2024-04-01 17:09:32.4892|DEBUG|Microsoft.EntityFrameworkCore.Database.Transaction|Began transaction with isolation level 'Unspecified'. 
2024-04-01 17:09:32.4892|DEBUG|Microsoft.EntityFrameworkCore.Database.Command|Creating DbCommand for 'ExecuteReader'. 
2024-04-01 17:09:32.4892|DEBUG|Microsoft.EntityFrameworkCore.Database.Command|Created DbCommand for 'ExecuteReader' (0ms). 
2024-04-01 17:09:32.4892|DEBUG|Microsoft.EntityFrameworkCore.Database.Command|Initialized DbCommand for 'ExecuteReader' (0ms). 
2024-04-01 17:09:32.4892|DEBUG|Microsoft.EntityFrameworkCore.Database.Command|Executing DbCommand [Parameters=[@p0='?' (Size = 4000), @p1='?' (DbType = DateTime), @p2='?' (Size = 4000), @p3='?' (DbType = Guid), @p4='?' (Size = 4000)], CommandType='Text', CommandTimeout='30']
INSERT INTO `UserLoginHistories` (`Email`, `LoginTime`, `Message`, `UserId`, `Username`)
VALUES (@p0, @p1, @p2, @p3, @p4);
SELECT `Id`
FROM `UserLoginHistories`
WHERE ROW_COUNT() = 1 AND `Id` = LAST_INSERT_ID(); 
2024-04-01 17:09:32.5092|INFO|Microsoft.EntityFrameworkCore.Database.Command|Executed DbCommand (15ms) [Parameters=[@p0='?' (Size = 4000), @p1='?' (DbType = DateTime), @p2='?' (Size = 4000), @p3='?' (DbType = Guid), @p4='?' (Size = 4000)], CommandType='Text', CommandTimeout='30']
INSERT INTO `UserLoginHistories` (`Email`, `LoginTime`, `Message`, `UserId`, `Username`)
VALUES (@p0, @p1, @p2, @p3, @p4);
SELECT `Id`
FROM `UserLoginHistories`
WHERE ROW_COUNT() = 1 AND `Id` = LAST_INSERT_ID(); 
2024-04-01 17:09:32.5240|DEBUG|Microsoft.EntityFrameworkCore.ChangeTracking|The foreign key property 'UserLoginHistory.Id' was detected as changed. Consider using 'DbContextOptionsBuilder.EnableSensitiveDataLogging' to see property values. 
2024-04-01 17:09:32.5240|DEBUG|Microsoft.EntityFrameworkCore.Database.Command|Closing data reader to 'LitZhu' on server 'localhost'. 
2024-04-01 17:09:32.5240|DEBUG|Microsoft.EntityFrameworkCore.Database.Command|A data reader for 'LitZhu' on server 'localhost' is being disposed after spending 20ms reading results. 
2024-04-01 17:09:32.5329|DEBUG|Microsoft.EntityFrameworkCore.Database.Transaction|Committing transaction. 
2024-04-01 17:09:32.5329|DEBUG|Microsoft.EntityFrameworkCore.Database.Transaction|Committed transaction. 
2024-04-01 17:09:32.5329|DEBUG|Microsoft.EntityFrameworkCore.Database.Connection|Closing connection to database 'LitZhu' on server 'localhost'. 
2024-04-01 17:09:32.5329|DEBUG|Microsoft.EntityFrameworkCore.Database.Connection|Closed connection to database 'LitZhu' on server 'localhost' (0ms). 
2024-04-01 17:09:32.5329|DEBUG|Microsoft.EntityFrameworkCore.Database.Transaction|Disposing transaction. 
2024-04-01 17:09:32.5584|DEBUG|Microsoft.EntityFrameworkCore.ChangeTracking|An entity of type 'UserLoginHistory' tracked by 'UserDbContext' changed state from 'Added' to 'Unchanged'. Consider using 'DbContextOptionsBuilder.EnableSensitiveDataLogging' to see key values. 
2024-04-01 17:09:32.5584|DEBUG|Microsoft.EntityFrameworkCore.Update|SaveChanges completed for 'UserDbContext' with 1 entities written to the database. 
2024-04-01 17:09:32.5670|DEBUG|LitZhu.WebApi.Controllers.User.AuthController|进行登录 
2024-04-01 17:09:37.7702|INFO|Microsoft.AspNetCore.Mvc.Infrastructure.ControllerActionInvoker|Executed action method LitZhu.WebApi.Controllers.User.AuthController.VerifyLoginUsernamePassword (LitZhu.WebApi), returned result Microsoft.AspNetCore.Mvc.OkObjectResult in 11214.9804ms. 
2024-04-01 17:09:37.7702|TRACE|Microsoft.AspNetCore.Mvc.Infrastructure.ControllerActionInvoker|Action Filter: Before executing OnActionExecuted on filter Microsoft.AspNetCore.Mvc.Infrastructure.ModelStateInvalidFilter. 
2024-04-01 17:09:37.7702|TRACE|Microsoft.AspNetCore.Mvc.Infrastructure.ControllerActionInvoker|Action Filter: After executing OnActionExecuted on filter Microsoft.AspNetCore.Mvc.Infrastructure.ModelStateInvalidFilter. 
2024-04-01 17:09:37.7702|TRACE|Microsoft.AspNetCore.Mvc.Infrastructure.ControllerActionInvoker|Action Filter: Before executing OnActionExecuted on filter Microsoft.AspNetCore.Mvc.ModelBinding.UnsupportedContentTypeFilter. 
2024-04-01 17:09:37.7702|TRACE|Microsoft.AspNetCore.Mvc.Infrastructure.ControllerActionInvoker|Action Filter: After executing OnActionExecuted on filter Microsoft.AspNetCore.Mvc.ModelBinding.UnsupportedContentTypeFilter. 
2024-04-01 17:09:37.7702|TRACE|Microsoft.AspNetCore.Mvc.Infrastructure.ControllerActionInvoker|Result Filter: Before executing OnResultExecuting on filter Microsoft.AspNetCore.Mvc.Infrastructure.ClientErrorResultFilter. 
2024-04-01 17:09:37.7702|TRACE|Microsoft.AspNetCore.Mvc.Infrastructure.ControllerActionInvoker|Result Filter: After executing OnResultExecuting on filter Microsoft.AspNetCore.Mvc.Infrastructure.ClientErrorResultFilter. 
2024-04-01 17:09:37.7702|TRACE|Microsoft.AspNetCore.Mvc.Infrastructure.ControllerActionInvoker|Before executing action result Microsoft.AspNetCore.Mvc.OkObjectResult. 
2024-04-01 17:09:37.7702|DEBUG|Microsoft.AspNetCore.Mvc.Infrastructure.DefaultOutputFormatterSelector|List of registered output formatters, in the following order: Microsoft.AspNetCore.Mvc.Formatters.HttpNoContentOutputFormatter, Microsoft.AspNetCore.Mvc.Formatters.StringOutputFormatter, Microsoft.AspNetCore.Mvc.Formatters.StreamOutputFormatter, Microsoft.AspNetCore.Mvc.Formatters.NewtonsoftJsonOutputFormatter 
2024-04-01 17:09:37.7702|DEBUG|Microsoft.AspNetCore.Mvc.Infrastructure.DefaultOutputFormatterSelector|No information found on request to perform content negotiation. 
2024-04-01 17:09:37.7702|DEBUG|Microsoft.AspNetCore.Mvc.Infrastructure.DefaultOutputFormatterSelector|Attempting to select an output formatter without using a content type as no explicit content types were specified for the response. 
2024-04-01 17:09:37.7702|DEBUG|Microsoft.AspNetCore.Mvc.Infrastructure.DefaultOutputFormatterSelector|Attempting to select the first formatter in the output formatters list which can write the result. 
2024-04-01 17:09:37.7702|DEBUG|Microsoft.AspNetCore.Mvc.Infrastructure.DefaultOutputFormatterSelector|Selected output formatter 'Microsoft.AspNetCore.Mvc.Formatters.NewtonsoftJsonOutputFormatter' and content type 'application/json' to write the response. 
2024-04-01 17:09:37.7702|INFO|Microsoft.AspNetCore.Mvc.Infrastructure.ObjectResultExecutor|Executing OkObjectResult, writing value of type 'LitZhu.WebApi.R'. 
2024-04-01 17:09:37.7702|TRACE|Microsoft.AspNetCore.Mvc.Infrastructure.ControllerActionInvoker|After executing action result Microsoft.AspNetCore.Mvc.OkObjectResult. 
2024-04-01 17:09:37.7702|TRACE|Microsoft.AspNetCore.Mvc.Infrastructure.ControllerActionInvoker|Result Filter: Before executing OnResultExecuted on filter Microsoft.AspNetCore.Mvc.Infrastructure.ClientErrorResultFilter. 
2024-04-01 17:09:37.7702|TRACE|Microsoft.AspNetCore.Mvc.Infrastructure.ControllerActionInvoker|Result Filter: After executing OnResultExecuted on filter Microsoft.AspNetCore.Mvc.Infrastructure.ClientErrorResultFilter. 
2024-04-01 17:09:37.7702|INFO|Microsoft.AspNetCore.Mvc.Infrastructure.ControllerActionInvoker|Executed action LitZhu.WebApi.Controllers.User.AuthController.VerifyLoginUsernamePassword (LitZhu.WebApi) in 11717.5197ms 
2024-04-01 17:09:37.7702|INFO|Microsoft.AspNetCore.Routing.EndpointMiddleware|Executed endpoint 'LitZhu.WebApi.Controllers.User.AuthController.VerifyLoginUsernamePassword (LitZhu.WebApi)' 
2024-04-01 17:09:37.7702|DEBUG|Microsoft.AspNetCore.Server.Kestrel.Connections|Connection id "0HN2I5B9NP6UF" completed keep alive response. 
2024-04-01 17:09:37.7702|DEBUG|Microsoft.EntityFrameworkCore.Infrastructure|'UserDbContext' disposed. 
2024-04-01 17:09:37.7702|DEBUG|Microsoft.EntityFrameworkCore.Database.Connection|Disposing connection to database 'LitZhu' on server 'localhost'. 
2024-04-01 17:09:37.7702|DEBUG|Microsoft.EntityFrameworkCore.Database.Connection|Disposed connection to database 'LitZhu' on server 'localhost' (0ms). 
2024-04-01 17:09:37.7702|INFO|Microsoft.AspNetCore.Hosting.Diagnostics|Request finished HTTP/1.1 POST https://localhost:7290/api/Auth/Login - 200 52 application/json;+charset=utf-8 11726.0691ms 
2024-04-01 17:09:37.7886|DEBUG|Microsoft.AspNetCore.Server.Kestrel.Transport.Sockets|Connection id "0HN2I5B9NP6UF" received FIN. 
2024-04-01 17:09:37.7886|DEBUG|Microsoft.AspNetCore.Server.Kestrel.Transport.Sockets|Connection id "0HN2I5B9NP6UF" sending FIN because: "The Socket transport's send loop completed gracefully." 
2024-04-01 17:09:37.7886|DEBUG|Microsoft.AspNetCore.Server.Kestrel.Connections|Connection id "0HN2I5B9NP6UF" disconnecting. 
2024-04-01 17:09:37.7886|DEBUG|Microsoft.AspNetCore.Server.Kestrel.Connections|Connection id "0HN2I5B9NP6UF" stopped. 
2024-04-01 17:09:51.8327|DEBUG|Microsoft.AspNetCore.Server.Kestrel.Connections|Connection id "0HN2I5B9NP6UG" accepted. 
2024-04-01 17:09:51.8327|DEBUG|Microsoft.AspNetCore.Server.Kestrel.Connections|Connection id "0HN2I5B9NP6UG" started. 
2024-04-01 17:09:51.8327|DEBUG|Microsoft.AspNetCore.Server.Kestrel.Https.Internal.HttpsConnectionMiddleware|Connection 0HN2I5B9NP6UG established using the following protocol: Tls13 
2024-04-01 17:09:51.8327|INFO|Microsoft.AspNetCore.Hosting.Diagnostics|Request starting HTTP/1.1 POST https://localhost:7290/api/User/Username - application/json 68 
2024-04-01 17:09:51.8327|TRACE|Microsoft.AspNetCore.HostFiltering.HostFilteringMiddleware|All hosts are allowed. 
2024-04-01 17:09:51.8327|DEBUG|Microsoft.AspNetCore.Routing.Matching.DfaMatcher|1 candidate(s) found for the request path '/api/User/Username' 
2024-04-01 17:09:51.8327|DEBUG|Microsoft.AspNetCore.Routing.Matching.DfaMatcher|Endpoint 'LitZhu.WebApi.Controllers.User.UserController.CreateUserByUsername (LitZhu.WebApi)' with route pattern 'api/User/Username' is valid for the request path '/api/User/Username' 
2024-04-01 17:09:51.8327|DEBUG|Microsoft.AspNetCore.Routing.EndpointRoutingMiddleware|Request matched endpoint 'LitZhu.WebApi.Controllers.User.UserController.CreateUserByUsername (LitZhu.WebApi)' 
2024-04-01 17:09:51.8327|TRACE|Microsoft.AspNetCore.Routing.EndpointRoutingMiddleware|The endpoint does not specify the IRequestSizeLimitMetadata. 
2024-04-01 17:09:51.8327|DEBUG|Microsoft.AspNetCore.StaticFiles.StaticFileMiddleware|Static files was skipped as the request already matched an endpoint. 
2024-04-01 17:09:51.8327|DEBUG|Microsoft.AspNetCore.Authentication.JwtBearer.JwtBearerHandler|AuthenticationScheme: Bearer was not authenticated. 
2024-04-01 17:09:51.8327|INFO|Microsoft.AspNetCore.Routing.EndpointMiddleware|Executing endpoint 'LitZhu.WebApi.Controllers.User.UserController.CreateUserByUsername (LitZhu.WebApi)' 
2024-04-01 17:09:51.8458|INFO|Microsoft.AspNetCore.Mvc.Infrastructure.ControllerActionInvoker|Route matched with {action = "CreateUserByUsername", controller = "User"}. Executing controller action with signature System.Threading.Tasks.Task`1[Microsoft.AspNetCore.Mvc.ActionResult`1[User.Domain.DTO.UserDto]] CreateUserByUsername(User.Domain.DTO.UserCreateByUsernameDto) on controller LitZhu.WebApi.Controllers.User.UserController (LitZhu.WebApi). 
2024-04-01 17:09:51.8458|DEBUG|Microsoft.AspNetCore.Mvc.Infrastructure.ControllerActionInvoker|Execution plan of authorization filters (in the following order): None 
2024-04-01 17:09:51.8458|DEBUG|Microsoft.AspNetCore.Mvc.Infrastructure.ControllerActionInvoker|Execution plan of resource filters (in the following order): None 
2024-04-01 17:09:51.8458|DEBUG|Microsoft.AspNetCore.Mvc.Infrastructure.ControllerActionInvoker|Execution plan of action filters (in the following order): Microsoft.AspNetCore.Mvc.ModelBinding.UnsupportedContentTypeFilter (Order: -3000), Microsoft.AspNetCore.Mvc.Infrastructure.ModelStateInvalidFilter (Order: -2000) 
2024-04-01 17:09:51.8458|DEBUG|Microsoft.AspNetCore.Mvc.Infrastructure.ControllerActionInvoker|Execution plan of exception filters (in the following order): None 
2024-04-01 17:09:51.8458|DEBUG|Microsoft.AspNetCore.Mvc.Infrastructure.ControllerActionInvoker|Execution plan of result filters (in the following order): Microsoft.AspNetCore.Mvc.Infrastructure.ClientErrorResultFilter (Order: -2000) 
2024-04-01 17:09:51.8458|DEBUG|Microsoft.AspNetCore.Mvc.Infrastructure.ControllerActionInvoker|Executing controller factory for controller LitZhu.WebApi.Controllers.User.UserController (LitZhu.WebApi) 
2024-04-01 17:09:51.8458|DEBUG|Microsoft.EntityFrameworkCore.Infrastructure|Entity Framework Core 8.0.1 initialized 'UserDbContext' using provider 'Pomelo.EntityFrameworkCore.MySql:8.0.1' with options: ServerVersion=8.0.23-mysql  
2024-04-01 17:09:51.8458|DEBUG|Microsoft.AspNetCore.Mvc.Infrastructure.ControllerActionInvoker|Executed controller factory for controller LitZhu.WebApi.Controllers.User.UserController (LitZhu.WebApi) 
2024-04-01 17:09:51.8458|DEBUG|Microsoft.AspNetCore.Mvc.ModelBinding.ParameterBinder|Attempting to bind parameter 'createDto' of type 'User.Domain.DTO.UserCreateByUsernameDto' ... 
2024-04-01 17:09:51.8458|DEBUG|Microsoft.AspNetCore.Mvc.ModelBinding.Binders.BodyModelBinder|Attempting to bind parameter 'createDto' of type 'User.Domain.DTO.UserCreateByUsernameDto' using the name '' in request data ... 
2024-04-01 17:09:51.8458|DEBUG|Microsoft.AspNetCore.Mvc.ModelBinding.Binders.BodyModelBinder|Rejected input formatter 'Microsoft.AspNetCore.Mvc.Formatters.NewtonsoftJsonPatchInputFormatter' for content type 'application/json'. 
2024-04-01 17:09:51.8458|DEBUG|Microsoft.AspNetCore.Mvc.ModelBinding.Binders.BodyModelBinder|Selected input formatter 'Microsoft.AspNetCore.Mvc.Formatters.NewtonsoftJsonInputFormatter' for content type 'application/json'. 
2024-04-01 17:09:51.8458|DEBUG|Microsoft.AspNetCore.Server.Kestrel|Connection id "0HN2I5B9NP6UG", Request id "0HN2I5B9NP6UG:00000001": started reading request body. 
2024-04-01 17:09:51.8458|DEBUG|Microsoft.AspNetCore.Server.Kestrel|Connection id "0HN2I5B9NP6UG", Request id "0HN2I5B9NP6UG:00000001": done reading request body. 
2024-04-01 17:09:51.8458|DEBUG|Microsoft.AspNetCore.Mvc.ModelBinding.Binders.BodyModelBinder|Done attempting to bind parameter 'createDto' of type 'User.Domain.DTO.UserCreateByUsernameDto'. 
2024-04-01 17:09:51.8458|DEBUG|Microsoft.AspNetCore.Mvc.ModelBinding.ParameterBinder|Done attempting to bind parameter 'createDto' of type 'User.Domain.DTO.UserCreateByUsernameDto'. 
2024-04-01 17:09:51.8458|DEBUG|Microsoft.AspNetCore.Mvc.ModelBinding.ParameterBinder|Attempting to validate the bound parameter 'createDto' of type 'User.Domain.DTO.UserCreateByUsernameDto' ... 
2024-04-01 17:09:51.8458|DEBUG|Microsoft.AspNetCore.Mvc.ModelBinding.ParameterBinder|Done attempting to validate the bound parameter 'createDto' of type 'User.Domain.DTO.UserCreateByUsernameDto'. 
2024-04-01 17:09:51.8458|TRACE|Microsoft.AspNetCore.Mvc.Infrastructure.ControllerActionInvoker|Action Filter: Before executing OnActionExecuting on filter Microsoft.AspNetCore.Mvc.ModelBinding.UnsupportedContentTypeFilter. 
2024-04-01 17:09:51.8458|TRACE|Microsoft.AspNetCore.Mvc.Infrastructure.ControllerActionInvoker|Action Filter: After executing OnActionExecuting on filter Microsoft.AspNetCore.Mvc.ModelBinding.UnsupportedContentTypeFilter. 
2024-04-01 17:09:51.8458|TRACE|Microsoft.AspNetCore.Mvc.Infrastructure.ControllerActionInvoker|Action Filter: Before executing OnActionExecuting on filter Microsoft.AspNetCore.Mvc.Infrastructure.ModelStateInvalidFilter. 
2024-04-01 17:09:51.8458|TRACE|Microsoft.AspNetCore.Mvc.Infrastructure.ControllerActionInvoker|Action Filter: After executing OnActionExecuting on filter Microsoft.AspNetCore.Mvc.Infrastructure.ModelStateInvalidFilter. 
2024-04-01 17:09:51.8458|INFO|Microsoft.AspNetCore.Mvc.Infrastructure.ControllerActionInvoker|Executing action method LitZhu.WebApi.Controllers.User.UserController.CreateUserByUsername (LitZhu.WebApi) - Validation state: Valid 
2024-04-01 17:09:51.8458|TRACE|Microsoft.AspNetCore.Mvc.Infrastructure.ControllerActionInvoker|Executing action method LitZhu.WebApi.Controllers.User.UserController.CreateUserByUsername (LitZhu.WebApi) with arguments (UserCreateByUsernameDto { Username = 13413, Password = LitZhu241656133123 }) 
2024-04-01 17:09:51.8458|DEBUG|Microsoft.EntityFrameworkCore.Database.Connection|Creating DbConnection. 
2024-04-01 17:09:51.8458|DEBUG|Microsoft.EntityFrameworkCore.Database.Connection|Created DbConnection. (0ms). 
2024-04-01 17:09:51.8458|DEBUG|Microsoft.EntityFrameworkCore.Database.Connection|Opening connection to database 'LitZhu' on server 'localhost'. 
2024-04-01 17:09:51.8632|DEBUG|Microsoft.EntityFrameworkCore.Database.Connection|Opened connection to database 'LitZhu' on server 'localhost'. 
2024-04-01 17:09:51.8632|DEBUG|Microsoft.EntityFrameworkCore.Database.Command|Creating DbCommand for 'ExecuteReader'. 
2024-04-01 17:09:51.8632|DEBUG|Microsoft.EntityFrameworkCore.Database.Command|Created DbCommand for 'ExecuteReader' (0ms). 
2024-04-01 17:09:51.8632|DEBUG|Microsoft.EntityFrameworkCore.Database.Command|Initialized DbCommand for 'ExecuteReader' (0ms). 
2024-04-01 17:09:51.8632|DEBUG|Microsoft.EntityFrameworkCore.Database.Command|Executing DbCommand [Parameters=[@__username_0='?' (Size = 10)], CommandType='Text', CommandTimeout='30']
SELECT `t`.`Id`, `t`.`Avatar`, `t`.`CreationTime`, `t`.`DeletionTime`, `t`.`Email`, `t`.`Gender`, `t`.`IsDeleted`, `t`.`LastModificationTime`, `t`.`Password`, `t`.`Phone`, `t`.`Username`, `t`.`Id0`, `t`.`AccessFailedCount`, `t`.`CreationTime0`, `t`.`IsLockOut`, `t`.`LockOutEnd`, `t`.`UserId`, `t0`.`UserId`, `t0`.`RoleId`, `t0`.`Id`, `t0`.`CreationTime`, `t0`.`DeletionTime`, `t0`.`IsDeleted`, `t0`.`LastModificationTime`, `t0`.`RoleDesc`, `t0`.`RoleName`
FROM (
    SELECT `u`.`Id`, `u`.`Avatar`, `u`.`CreationTime`, `u`.`DeletionTime`, `u`.`Email`, `u`.`Gender`, `u`.`IsDeleted`, `u`.`LastModificationTime`, `u`.`Password`, `u`.`Phone`, `u`.`Username`, `u0`.`Id` AS `Id0`, `u0`.`AccessFailedCount`, `u0`.`CreationTime` AS `CreationTime0`, `u0`.`IsLockOut`, `u0`.`LockOutEnd`, `u0`.`UserId`
    FROM `Users` AS `u`
    LEFT JOIN `UserAccessFails` AS `u0` ON `u`.`Id` = `u0`.`UserId`
    WHERE NOT (`u`.`IsDeleted`) AND (`u`.`Username` = @__username_0)
    LIMIT 1
) AS `t`
LEFT JOIN (
    SELECT `u1`.`UserId`, `u1`.`RoleId`, `t1`.`Id`, `t1`.`CreationTime`, `t1`.`DeletionTime`, `t1`.`IsDeleted`, `t1`.`LastModificationTime`, `t1`.`RoleDesc`, `t1`.`RoleName`
    FROM `Users_Roles` AS `u1`
    INNER JOIN (
        SELECT `r`.`Id`, `r`.`CreationTime`, `r`.`DeletionTime`, `r`.`IsDeleted`, `r`.`LastModificationTime`, `r`.`RoleDesc`, `r`.`RoleName`
        FROM `Roles` AS `r`
        WHERE NOT (`r`.`IsDeleted`)
    ) AS `t1` ON `u1`.`RoleId` = `t1`.`Id`
) AS `t0` ON `t`.`Id` = `t0`.`UserId`
ORDER BY `t`.`Id`, `t`.`Id0`, `t0`.`UserId`, `t0`.`RoleId` 
2024-04-01 17:09:51.8632|INFO|Microsoft.EntityFrameworkCore.Database.Command|Executed DbCommand (4ms) [Parameters=[@__username_0='?' (Size = 10)], CommandType='Text', CommandTimeout='30']
SELECT `t`.`Id`, `t`.`Avatar`, `t`.`CreationTime`, `t`.`DeletionTime`, `t`.`Email`, `t`.`Gender`, `t`.`IsDeleted`, `t`.`LastModificationTime`, `t`.`Password`, `t`.`Phone`, `t`.`Username`, `t`.`Id0`, `t`.`AccessFailedCount`, `t`.`CreationTime0`, `t`.`IsLockOut`, `t`.`LockOutEnd`, `t`.`UserId`, `t0`.`UserId`, `t0`.`RoleId`, `t0`.`Id`, `t0`.`CreationTime`, `t0`.`DeletionTime`, `t0`.`IsDeleted`, `t0`.`LastModificationTime`, `t0`.`RoleDesc`, `t0`.`RoleName`
FROM (
    SELECT `u`.`Id`, `u`.`Avatar`, `u`.`CreationTime`, `u`.`DeletionTime`, `u`.`Email`, `u`.`Gender`, `u`.`IsDeleted`, `u`.`LastModificationTime`, `u`.`Password`, `u`.`Phone`, `u`.`Username`, `u0`.`Id` AS `Id0`, `u0`.`AccessFailedCount`, `u0`.`CreationTime` AS `CreationTime0`, `u0`.`IsLockOut`, `u0`.`LockOutEnd`, `u0`.`UserId`
    FROM `Users` AS `u`
    LEFT JOIN `UserAccessFails` AS `u0` ON `u`.`Id` = `u0`.`UserId`
    WHERE NOT (`u`.`IsDeleted`) AND (`u`.`Username` = @__username_0)
    LIMIT 1
) AS `t`
LEFT JOIN (
    SELECT `u1`.`UserId`, `u1`.`RoleId`, `t1`.`Id`, `t1`.`CreationTime`, `t1`.`DeletionTime`, `t1`.`IsDeleted`, `t1`.`LastModificationTime`, `t1`.`RoleDesc`, `t1`.`RoleName`
    FROM `Users_Roles` AS `u1`
    INNER JOIN (
        SELECT `r`.`Id`, `r`.`CreationTime`, `r`.`DeletionTime`, `r`.`IsDeleted`, `r`.`LastModificationTime`, `r`.`RoleDesc`, `r`.`RoleName`
        FROM `Roles` AS `r`
        WHERE NOT (`r`.`IsDeleted`)
    ) AS `t1` ON `u1`.`RoleId` = `t1`.`Id`
) AS `t0` ON `t`.`Id` = `t0`.`UserId`
ORDER BY `t`.`Id`, `t`.`Id0`, `t0`.`UserId`, `t0`.`RoleId` 
2024-04-01 17:09:51.8632|DEBUG|Microsoft.EntityFrameworkCore.ChangeTracking|Context 'UserDbContext' started tracking 'Users' entity. Consider using 'DbContextOptionsBuilder.EnableSensitiveDataLogging' to see key values. 
2024-04-01 17:09:51.8632|DEBUG|Microsoft.EntityFrameworkCore.ChangeTracking|The navigation 'Users.UserAccessFail' was detected as changed. Consider using 'DbContextOptionsBuilder.EnableSensitiveDataLogging' to see key values. 
2024-04-01 17:09:51.8632|DEBUG|Microsoft.EntityFrameworkCore.ChangeTracking|Context 'UserDbContext' started tracking 'UserAccessFail' entity. Consider using 'DbContextOptionsBuilder.EnableSensitiveDataLogging' to see key values. 
2024-04-01 17:09:51.8632|DEBUG|Microsoft.EntityFrameworkCore.Database.Command|Closing data reader to 'LitZhu' on server 'localhost'. 
2024-04-01 17:09:51.8632|DEBUG|Microsoft.EntityFrameworkCore.Database.Command|A data reader for 'LitZhu' on server 'localhost' is being disposed after spending 1ms reading results. 
2024-04-01 17:09:51.8632|DEBUG|Microsoft.EntityFrameworkCore.Database.Connection|Closing connection to database 'LitZhu' on server 'localhost'. 
2024-04-01 17:09:51.8632|DEBUG|Microsoft.EntityFrameworkCore.Database.Connection|Closed connection to database 'LitZhu' on server 'localhost' (0ms). 
2024-04-01 17:09:52.2210|INFO|Microsoft.AspNetCore.Mvc.Infrastructure.ControllerActionInvoker|Executed action method LitZhu.WebApi.Controllers.User.UserController.CreateUserByUsername (LitZhu.WebApi), returned result Microsoft.AspNetCore.Mvc.BadRequestObjectResult in 366.6917ms. 
2024-04-01 17:09:52.2210|TRACE|Microsoft.AspNetCore.Mvc.Infrastructure.ControllerActionInvoker|Action Filter: Before executing OnActionExecuted on filter Microsoft.AspNetCore.Mvc.Infrastructure.ModelStateInvalidFilter. 
2024-04-01 17:09:52.2210|TRACE|Microsoft.AspNetCore.Mvc.Infrastructure.ControllerActionInvoker|Action Filter: After executing OnActionExecuted on filter Microsoft.AspNetCore.Mvc.Infrastructure.ModelStateInvalidFilter. 
2024-04-01 17:09:52.2210|TRACE|Microsoft.AspNetCore.Mvc.Infrastructure.ControllerActionInvoker|Action Filter: Before executing OnActionExecuted on filter Microsoft.AspNetCore.Mvc.ModelBinding.UnsupportedContentTypeFilter. 
2024-04-01 17:09:52.2210|TRACE|Microsoft.AspNetCore.Mvc.Infrastructure.ControllerActionInvoker|Action Filter: After executing OnActionExecuted on filter Microsoft.AspNetCore.Mvc.ModelBinding.UnsupportedContentTypeFilter. 
2024-04-01 17:09:52.2210|TRACE|Microsoft.AspNetCore.Mvc.Infrastructure.ControllerActionInvoker|Result Filter: Before executing OnResultExecuting on filter Microsoft.AspNetCore.Mvc.Infrastructure.ClientErrorResultFilter. 
2024-04-01 17:09:52.2210|TRACE|Microsoft.AspNetCore.Mvc.Infrastructure.ControllerActionInvoker|Result Filter: After executing OnResultExecuting on filter Microsoft.AspNetCore.Mvc.Infrastructure.ClientErrorResultFilter. 
2024-04-01 17:09:52.2210|TRACE|Microsoft.AspNetCore.Mvc.Infrastructure.ControllerActionInvoker|Before executing action result Microsoft.AspNetCore.Mvc.BadRequestObjectResult. 
2024-04-01 17:09:52.2210|DEBUG|Microsoft.AspNetCore.Mvc.Infrastructure.DefaultOutputFormatterSelector|List of registered output formatters, in the following order: Microsoft.AspNetCore.Mvc.Formatters.HttpNoContentOutputFormatter, Microsoft.AspNetCore.Mvc.Formatters.StringOutputFormatter, Microsoft.AspNetCore.Mvc.Formatters.StreamOutputFormatter, Microsoft.AspNetCore.Mvc.Formatters.NewtonsoftJsonOutputFormatter 
2024-04-01 17:09:52.2210|DEBUG|Microsoft.AspNetCore.Mvc.Infrastructure.DefaultOutputFormatterSelector|No information found on request to perform content negotiation. 
2024-04-01 17:09:52.2210|DEBUG|Microsoft.AspNetCore.Mvc.Infrastructure.DefaultOutputFormatterSelector|Attempting to select an output formatter without using a content type as no explicit content types were specified for the response. 
2024-04-01 17:09:52.2210|DEBUG|Microsoft.AspNetCore.Mvc.Infrastructure.DefaultOutputFormatterSelector|Attempting to select the first formatter in the output formatters list which can write the result. 
2024-04-01 17:09:52.2210|DEBUG|Microsoft.AspNetCore.Mvc.Infrastructure.DefaultOutputFormatterSelector|Selected output formatter 'Microsoft.AspNetCore.Mvc.Formatters.NewtonsoftJsonOutputFormatter' and content type 'application/json' to write the response. 
2024-04-01 17:09:52.2210|INFO|Microsoft.AspNetCore.Mvc.Infrastructure.ObjectResultExecutor|Executing BadRequestObjectResult, writing value of type 'LitZhu.WebApi.R'. 
2024-04-01 17:09:52.2210|TRACE|Microsoft.AspNetCore.Mvc.Infrastructure.ControllerActionInvoker|After executing action result Microsoft.AspNetCore.Mvc.BadRequestObjectResult. 
2024-04-01 17:09:52.2210|TRACE|Microsoft.AspNetCore.Mvc.Infrastructure.ControllerActionInvoker|Result Filter: Before executing OnResultExecuted on filter Microsoft.AspNetCore.Mvc.Infrastructure.ClientErrorResultFilter. 
2024-04-01 17:09:52.2210|TRACE|Microsoft.AspNetCore.Mvc.Infrastructure.ControllerActionInvoker|Result Filter: After executing OnResultExecuted on filter Microsoft.AspNetCore.Mvc.Infrastructure.ClientErrorResultFilter. 
2024-04-01 17:09:52.2210|INFO|Microsoft.AspNetCore.Mvc.Infrastructure.ControllerActionInvoker|Executed action LitZhu.WebApi.Controllers.User.UserController.CreateUserByUsername (LitZhu.WebApi) in 376.101ms 
2024-04-01 17:09:52.2210|INFO|Microsoft.AspNetCore.Routing.EndpointMiddleware|Executed endpoint 'LitZhu.WebApi.Controllers.User.UserController.CreateUserByUsername (LitZhu.WebApi)' 
2024-04-01 17:09:52.2210|DEBUG|Microsoft.AspNetCore.Server.Kestrel.Connections|Connection id "0HN2I5B9NP6UG" completed keep alive response. 
2024-04-01 17:09:52.2210|DEBUG|Microsoft.EntityFrameworkCore.Infrastructure|'UserDbContext' disposed. 
2024-04-01 17:09:52.2210|DEBUG|Microsoft.EntityFrameworkCore.Database.Connection|Disposing connection to database 'LitZhu' on server 'localhost'. 
2024-04-01 17:09:52.2210|DEBUG|Microsoft.EntityFrameworkCore.Database.Connection|Disposed connection to database 'LitZhu' on server 'localhost' (0ms). 
2024-04-01 17:09:52.2210|INFO|Microsoft.AspNetCore.Hosting.Diagnostics|Request finished HTTP/1.1 POST https://localhost:7290/api/User/Username - 400 73 application/json;+charset=utf-8 383.4801ms 
2024-04-01 17:09:52.2210|DEBUG|Microsoft.AspNetCore.Server.Kestrel.Transport.Sockets|Connection id "0HN2I5B9NP6UG" received FIN. 
2024-04-01 17:09:52.2210|DEBUG|Microsoft.AspNetCore.Server.Kestrel.Transport.Sockets|Connection id "0HN2I5B9NP6UG" sending FIN because: "The Socket transport's send loop completed gracefully." 
2024-04-01 17:09:52.2210|DEBUG|Microsoft.AspNetCore.Server.Kestrel.Connections|Connection id "0HN2I5B9NP6UG" disconnecting. 
2024-04-01 17:09:52.2210|DEBUG|Microsoft.AspNetCore.Server.Kestrel.Connections|Connection id "0HN2I5B9NP6UG" stopped. 
2024-04-01 17:09:58.1984|DEBUG|Microsoft.AspNetCore.Server.Kestrel.Connections|Connection id "0HN2I5B9NP6UH" accepted. 
2024-04-01 17:09:58.1984|DEBUG|Microsoft.AspNetCore.Server.Kestrel.Connections|Connection id "0HN2I5B9NP6UH" started. 
2024-04-01 17:09:58.2161|DEBUG|Microsoft.AspNetCore.Server.Kestrel.Https.Internal.HttpsConnectionMiddleware|Connection 0HN2I5B9NP6UH established using the following protocol: Tls13 
2024-04-01 17:09:58.2161|INFO|Microsoft.AspNetCore.Hosting.Diagnostics|Request starting HTTP/1.1 POST https://localhost:7290/api/User/Username - application/json 51 
2024-04-01 17:09:58.2161|TRACE|Microsoft.AspNetCore.HostFiltering.HostFilteringMiddleware|All hosts are allowed. 
2024-04-01 17:09:58.2161|DEBUG|Microsoft.AspNetCore.Routing.Matching.DfaMatcher|1 candidate(s) found for the request path '/api/User/Username' 
2024-04-01 17:09:58.2161|DEBUG|Microsoft.AspNetCore.Routing.Matching.DfaMatcher|Endpoint 'LitZhu.WebApi.Controllers.User.UserController.CreateUserByUsername (LitZhu.WebApi)' with route pattern 'api/User/Username' is valid for the request path '/api/User/Username' 
2024-04-01 17:09:58.2161|DEBUG|Microsoft.AspNetCore.Routing.EndpointRoutingMiddleware|Request matched endpoint 'LitZhu.WebApi.Controllers.User.UserController.CreateUserByUsername (LitZhu.WebApi)' 
2024-04-01 17:09:58.2161|TRACE|Microsoft.AspNetCore.Routing.EndpointRoutingMiddleware|The endpoint does not specify the IRequestSizeLimitMetadata. 
2024-04-01 17:09:58.2161|DEBUG|Microsoft.AspNetCore.StaticFiles.StaticFileMiddleware|Static files was skipped as the request already matched an endpoint. 
2024-04-01 17:09:58.2161|DEBUG|Microsoft.AspNetCore.Authentication.JwtBearer.JwtBearerHandler|AuthenticationScheme: Bearer was not authenticated. 
2024-04-01 17:09:58.2161|INFO|Microsoft.AspNetCore.Routing.EndpointMiddleware|Executing endpoint 'LitZhu.WebApi.Controllers.User.UserController.CreateUserByUsername (LitZhu.WebApi)' 
2024-04-01 17:09:58.2161|INFO|Microsoft.AspNetCore.Mvc.Infrastructure.ControllerActionInvoker|Route matched with {action = "CreateUserByUsername", controller = "User"}. Executing controller action with signature System.Threading.Tasks.Task`1[Microsoft.AspNetCore.Mvc.ActionResult`1[User.Domain.DTO.UserDto]] CreateUserByUsername(User.Domain.DTO.UserCreateByUsernameDto) on controller LitZhu.WebApi.Controllers.User.UserController (LitZhu.WebApi). 
2024-04-01 17:09:58.2161|DEBUG|Microsoft.AspNetCore.Mvc.Infrastructure.ControllerActionInvoker|Execution plan of authorization filters (in the following order): None 
2024-04-01 17:09:58.2161|DEBUG|Microsoft.AspNetCore.Mvc.Infrastructure.ControllerActionInvoker|Execution plan of resource filters (in the following order): None 
2024-04-01 17:09:58.2161|DEBUG|Microsoft.AspNetCore.Mvc.Infrastructure.ControllerActionInvoker|Execution plan of action filters (in the following order): Microsoft.AspNetCore.Mvc.ModelBinding.UnsupportedContentTypeFilter (Order: -3000), Microsoft.AspNetCore.Mvc.Infrastructure.ModelStateInvalidFilter (Order: -2000) 
2024-04-01 17:09:58.2161|DEBUG|Microsoft.AspNetCore.Mvc.Infrastructure.ControllerActionInvoker|Execution plan of exception filters (in the following order): None 
2024-04-01 17:09:58.2161|DEBUG|Microsoft.AspNetCore.Mvc.Infrastructure.ControllerActionInvoker|Execution plan of result filters (in the following order): Microsoft.AspNetCore.Mvc.Infrastructure.ClientErrorResultFilter (Order: -2000) 
2024-04-01 17:09:58.2161|DEBUG|Microsoft.AspNetCore.Mvc.Infrastructure.ControllerActionInvoker|Executing controller factory for controller LitZhu.WebApi.Controllers.User.UserController (LitZhu.WebApi) 
2024-04-01 17:09:58.2257|DEBUG|Microsoft.EntityFrameworkCore.Infrastructure|Entity Framework Core 8.0.1 initialized 'UserDbContext' using provider 'Pomelo.EntityFrameworkCore.MySql:8.0.1' with options: ServerVersion=8.0.23-mysql  
2024-04-01 17:09:58.2257|DEBUG|Microsoft.AspNetCore.Mvc.Infrastructure.ControllerActionInvoker|Executed controller factory for controller LitZhu.WebApi.Controllers.User.UserController (LitZhu.WebApi) 
2024-04-01 17:09:58.2257|DEBUG|Microsoft.AspNetCore.Mvc.ModelBinding.ParameterBinder|Attempting to bind parameter 'createDto' of type 'User.Domain.DTO.UserCreateByUsernameDto' ... 
2024-04-01 17:09:58.2257|DEBUG|Microsoft.AspNetCore.Mvc.ModelBinding.Binders.BodyModelBinder|Attempting to bind parameter 'createDto' of type 'User.Domain.DTO.UserCreateByUsernameDto' using the name '' in request data ... 
2024-04-01 17:09:58.2257|DEBUG|Microsoft.AspNetCore.Mvc.ModelBinding.Binders.BodyModelBinder|Rejected input formatter 'Microsoft.AspNetCore.Mvc.Formatters.NewtonsoftJsonPatchInputFormatter' for content type 'application/json'. 
2024-04-01 17:09:58.2257|DEBUG|Microsoft.AspNetCore.Mvc.ModelBinding.Binders.BodyModelBinder|Selected input formatter 'Microsoft.AspNetCore.Mvc.Formatters.NewtonsoftJsonInputFormatter' for content type 'application/json'. 
2024-04-01 17:09:58.2257|DEBUG|Microsoft.AspNetCore.Server.Kestrel|Connection id "0HN2I5B9NP6UH", Request id "0HN2I5B9NP6UH:00000001": started reading request body. 
2024-04-01 17:09:58.2257|DEBUG|Microsoft.AspNetCore.Server.Kestrel|Connection id "0HN2I5B9NP6UH", Request id "0HN2I5B9NP6UH:00000001": done reading request body. 
2024-04-01 17:09:58.2257|DEBUG|Microsoft.AspNetCore.Mvc.ModelBinding.Binders.BodyModelBinder|Done attempting to bind parameter 'createDto' of type 'User.Domain.DTO.UserCreateByUsernameDto'. 
2024-04-01 17:09:58.2257|DEBUG|Microsoft.AspNetCore.Mvc.ModelBinding.ParameterBinder|Done attempting to bind parameter 'createDto' of type 'User.Domain.DTO.UserCreateByUsernameDto'. 
2024-04-01 17:09:58.2257|DEBUG|Microsoft.AspNetCore.Mvc.ModelBinding.ParameterBinder|Attempting to validate the bound parameter 'createDto' of type 'User.Domain.DTO.UserCreateByUsernameDto' ... 
2024-04-01 17:09:58.2257|DEBUG|Microsoft.AspNetCore.Mvc.ModelBinding.ParameterBinder|Done attempting to validate the bound parameter 'createDto' of type 'User.Domain.DTO.UserCreateByUsernameDto'. 
2024-04-01 17:09:58.2257|TRACE|Microsoft.AspNetCore.Mvc.Infrastructure.ControllerActionInvoker|Action Filter: Before executing OnActionExecuting on filter Microsoft.AspNetCore.Mvc.ModelBinding.UnsupportedContentTypeFilter. 
2024-04-01 17:09:58.2257|TRACE|Microsoft.AspNetCore.Mvc.Infrastructure.ControllerActionInvoker|Action Filter: After executing OnActionExecuting on filter Microsoft.AspNetCore.Mvc.ModelBinding.UnsupportedContentTypeFilter. 
2024-04-01 17:09:58.2257|TRACE|Microsoft.AspNetCore.Mvc.Infrastructure.ControllerActionInvoker|Action Filter: Before executing OnActionExecuting on filter Microsoft.AspNetCore.Mvc.Infrastructure.ModelStateInvalidFilter. 
2024-04-01 17:09:58.2257|TRACE|Microsoft.AspNetCore.Mvc.Infrastructure.ControllerActionInvoker|Action Filter: After executing OnActionExecuting on filter Microsoft.AspNetCore.Mvc.Infrastructure.ModelStateInvalidFilter. 
2024-04-01 17:09:58.2257|INFO|Microsoft.AspNetCore.Mvc.Infrastructure.ControllerActionInvoker|Executing action method LitZhu.WebApi.Controllers.User.UserController.CreateUserByUsername (LitZhu.WebApi) - Validation state: Valid 
2024-04-01 17:09:58.2257|TRACE|Microsoft.AspNetCore.Mvc.Infrastructure.ControllerActionInvoker|Executing action method LitZhu.WebApi.Controllers.User.UserController.CreateUserByUsername (LitZhu.WebApi) with arguments (UserCreateByUsernameDto { Username = qwe, Password = qwe }) 
2024-04-01 17:09:58.2257|DEBUG|Microsoft.EntityFrameworkCore.Database.Connection|Creating DbConnection. 
2024-04-01 17:09:58.2257|DEBUG|Microsoft.EntityFrameworkCore.Database.Connection|Created DbConnection. (0ms). 
2024-04-01 17:09:58.2257|DEBUG|Microsoft.EntityFrameworkCore.Database.Connection|Opening connection to database 'LitZhu' on server 'localhost'. 
2024-04-01 17:09:58.2364|DEBUG|Microsoft.EntityFrameworkCore.Database.Connection|Opened connection to database 'LitZhu' on server 'localhost'. 
2024-04-01 17:09:58.2364|DEBUG|Microsoft.EntityFrameworkCore.Database.Command|Creating DbCommand for 'ExecuteReader'. 
2024-04-01 17:09:58.2364|DEBUG|Microsoft.EntityFrameworkCore.Database.Command|Created DbCommand for 'ExecuteReader' (1ms). 
2024-04-01 17:09:58.2364|DEBUG|Microsoft.EntityFrameworkCore.Database.Command|Initialized DbCommand for 'ExecuteReader' (1ms). 
2024-04-01 17:09:58.2364|DEBUG|Microsoft.EntityFrameworkCore.Database.Command|Executing DbCommand [Parameters=[@__username_0='?' (Size = 10)], CommandType='Text', CommandTimeout='30']
SELECT `t`.`Id`, `t`.`Avatar`, `t`.`CreationTime`, `t`.`DeletionTime`, `t`.`Email`, `t`.`Gender`, `t`.`IsDeleted`, `t`.`LastModificationTime`, `t`.`Password`, `t`.`Phone`, `t`.`Username`, `t`.`Id0`, `t`.`AccessFailedCount`, `t`.`CreationTime0`, `t`.`IsLockOut`, `t`.`LockOutEnd`, `t`.`UserId`, `t0`.`UserId`, `t0`.`RoleId`, `t0`.`Id`, `t0`.`CreationTime`, `t0`.`DeletionTime`, `t0`.`IsDeleted`, `t0`.`LastModificationTime`, `t0`.`RoleDesc`, `t0`.`RoleName`
FROM (
    SELECT `u`.`Id`, `u`.`Avatar`, `u`.`CreationTime`, `u`.`DeletionTime`, `u`.`Email`, `u`.`Gender`, `u`.`IsDeleted`, `u`.`LastModificationTime`, `u`.`Password`, `u`.`Phone`, `u`.`Username`, `u0`.`Id` AS `Id0`, `u0`.`AccessFailedCount`, `u0`.`CreationTime` AS `CreationTime0`, `u0`.`IsLockOut`, `u0`.`LockOutEnd`, `u0`.`UserId`
    FROM `Users` AS `u`
    LEFT JOIN `UserAccessFails` AS `u0` ON `u`.`Id` = `u0`.`UserId`
    WHERE NOT (`u`.`IsDeleted`) AND (`u`.`Username` = @__username_0)
    LIMIT 1
) AS `t`
LEFT JOIN (
    SELECT `u1`.`UserId`, `u1`.`RoleId`, `t1`.`Id`, `t1`.`CreationTime`, `t1`.`DeletionTime`, `t1`.`IsDeleted`, `t1`.`LastModificationTime`, `t1`.`RoleDesc`, `t1`.`RoleName`
    FROM `Users_Roles` AS `u1`
    INNER JOIN (
        SELECT `r`.`Id`, `r`.`CreationTime`, `r`.`DeletionTime`, `r`.`IsDeleted`, `r`.`LastModificationTime`, `r`.`RoleDesc`, `r`.`RoleName`
        FROM `Roles` AS `r`
        WHERE NOT (`r`.`IsDeleted`)
    ) AS `t1` ON `u1`.`RoleId` = `t1`.`Id`
) AS `t0` ON `t`.`Id` = `t0`.`UserId`
ORDER BY `t`.`Id`, `t`.`Id0`, `t0`.`UserId`, `t0`.`RoleId` 
2024-04-01 17:09:58.2364|INFO|Microsoft.EntityFrameworkCore.Database.Command|Executed DbCommand (3ms) [Parameters=[@__username_0='?' (Size = 10)], CommandType='Text', CommandTimeout='30']
SELECT `t`.`Id`, `t`.`Avatar`, `t`.`CreationTime`, `t`.`DeletionTime`, `t`.`Email`, `t`.`Gender`, `t`.`IsDeleted`, `t`.`LastModificationTime`, `t`.`Password`, `t`.`Phone`, `t`.`Username`, `t`.`Id0`, `t`.`AccessFailedCount`, `t`.`CreationTime0`, `t`.`IsLockOut`, `t`.`LockOutEnd`, `t`.`UserId`, `t0`.`UserId`, `t0`.`RoleId`, `t0`.`Id`, `t0`.`CreationTime`, `t0`.`DeletionTime`, `t0`.`IsDeleted`, `t0`.`LastModificationTime`, `t0`.`RoleDesc`, `t0`.`RoleName`
FROM (
    SELECT `u`.`Id`, `u`.`Avatar`, `u`.`CreationTime`, `u`.`DeletionTime`, `u`.`Email`, `u`.`Gender`, `u`.`IsDeleted`, `u`.`LastModificationTime`, `u`.`Password`, `u`.`Phone`, `u`.`Username`, `u0`.`Id` AS `Id0`, `u0`.`AccessFailedCount`, `u0`.`CreationTime` AS `CreationTime0`, `u0`.`IsLockOut`, `u0`.`LockOutEnd`, `u0`.`UserId`
    FROM `Users` AS `u`
    LEFT JOIN `UserAccessFails` AS `u0` ON `u`.`Id` = `u0`.`UserId`
    WHERE NOT (`u`.`IsDeleted`) AND (`u`.`Username` = @__username_0)
    LIMIT 1
) AS `t`
LEFT JOIN (
    SELECT `u1`.`UserId`, `u1`.`RoleId`, `t1`.`Id`, `t1`.`CreationTime`, `t1`.`DeletionTime`, `t1`.`IsDeleted`, `t1`.`LastModificationTime`, `t1`.`RoleDesc`, `t1`.`RoleName`
    FROM `Users_Roles` AS `u1`
    INNER JOIN (
        SELECT `r`.`Id`, `r`.`CreationTime`, `r`.`DeletionTime`, `r`.`IsDeleted`, `r`.`LastModificationTime`, `r`.`RoleDesc`, `r`.`RoleName`
        FROM `Roles` AS `r`
        WHERE NOT (`r`.`IsDeleted`)
    ) AS `t1` ON `u1`.`RoleId` = `t1`.`Id`
) AS `t0` ON `t`.`Id` = `t0`.`UserId`
ORDER BY `t`.`Id`, `t`.`Id0`, `t0`.`UserId`, `t0`.`RoleId` 
2024-04-01 17:09:58.2364|DEBUG|Microsoft.EntityFrameworkCore.Database.Command|Closing data reader to 'LitZhu' on server 'localhost'. 
2024-04-01 17:09:58.2364|DEBUG|Microsoft.EntityFrameworkCore.Database.Command|A data reader for 'LitZhu' on server 'localhost' is being disposed after spending 0ms reading results. 
2024-04-01 17:09:58.2364|DEBUG|Microsoft.EntityFrameworkCore.Database.Connection|Closing connection to database 'LitZhu' on server 'localhost'. 
2024-04-01 17:09:58.2364|DEBUG|Microsoft.EntityFrameworkCore.Database.Connection|Closed connection to database 'LitZhu' on server 'localhost' (0ms). 
2024-04-01 17:09:58.2364|DEBUG|Microsoft.EntityFrameworkCore.ChangeTracking|Context 'UserDbContext' started tracking 'Users' entity. Consider using 'DbContextOptionsBuilder.EnableSensitiveDataLogging' to see key values. 
2024-04-01 17:09:58.2566|DEBUG|Microsoft.EntityFrameworkCore.ChangeTracking|The navigation 'UserAccessFail.User' was detected as changed. Consider using 'DbContextOptionsBuilder.EnableSensitiveDataLogging' to see key values. 
2024-04-01 17:09:58.2566|DEBUG|Microsoft.EntityFrameworkCore.ChangeTracking|Context 'UserDbContext' started tracking 'UserAccessFail' entity. Consider using 'DbContextOptionsBuilder.EnableSensitiveDataLogging' to see key values. 
2024-04-01 17:09:58.2566|DEBUG|Microsoft.EntityFrameworkCore.Update|SaveChanges starting for 'UserDbContext'. 
2024-04-01 17:09:58.2566|DEBUG|Microsoft.EntityFrameworkCore.ChangeTracking|DetectChanges starting for 'UserDbContext'. 
2024-04-01 17:09:58.2566|DEBUG|Microsoft.EntityFrameworkCore.ChangeTracking|DetectChanges completed for 'UserDbContext'. 
2024-04-01 17:09:58.3112|DEBUG|Microsoft.EntityFrameworkCore.Update|Executing 2 update commands as a batch. 
2024-04-01 17:09:58.3112|DEBUG|Microsoft.EntityFrameworkCore.Database.Connection|Opening connection to database 'LitZhu' on server 'localhost'. 
2024-04-01 17:09:58.3154|DEBUG|Microsoft.EntityFrameworkCore.Database.Connection|Opened connection to database 'LitZhu' on server 'localhost'. 
2024-04-01 17:09:58.3154|DEBUG|Microsoft.EntityFrameworkCore.Database.Transaction|Beginning transaction with isolation level 'Unspecified'. 
2024-04-01 17:09:58.3154|DEBUG|Microsoft.EntityFrameworkCore.Database.Transaction|Began transaction with isolation level 'Unspecified'. 
2024-04-01 17:09:58.3154|DEBUG|Microsoft.EntityFrameworkCore.Database.Command|Creating DbCommand for 'ExecuteReader'. 
2024-04-01 17:09:58.3154|DEBUG|Microsoft.EntityFrameworkCore.Database.Command|Created DbCommand for 'ExecuteReader' (0ms). 
2024-04-01 17:09:58.3154|DEBUG|Microsoft.EntityFrameworkCore.Database.Command|Initialized DbCommand for 'ExecuteReader' (3ms). 
2024-04-01 17:09:58.3154|DEBUG|Microsoft.EntityFrameworkCore.Database.Command|Executing DbCommand [Parameters=[@p0='?' (DbType = Guid), @p1='?' (Size = 4000), @p2='?' (DbType = DateTime), @p3='?' (DbType = DateTime), @p4='?' (Size = 4000), @p5='?' (DbType = Int32), @p6='?' (DbType = Boolean), @p7='?' (DbType = DateTime), @p8='?' (Size = 100), @p9='?' (Size = 4000), @p10='?' (Size = 10), @p11='?' (DbType = Guid), @p12='?' (DbType = Int32), @p13='?' (DbType = DateTime), @p14='?' (DbType = Boolean), @p15='?' (DbType = DateTime), @p16='?' (DbType = Guid)], CommandType='Text', CommandTimeout='30']
INSERT INTO `Users` (`Id`, `Avatar`, `CreationTime`, `DeletionTime`, `Email`, `Gender`, `IsDeleted`, `LastModificationTime`, `Password`, `Phone`, `Username`)
VALUES (@p0, @p1, @p2, @p3, @p4, @p5, @p6, @p7, @p8, @p9, @p10);
INSERT INTO `UserAccessFails` (`Id`, `AccessFailedCount`, `CreationTime`, `IsLockOut`, `LockOutEnd`, `UserId`)
VALUES (@p11, @p12, @p13, @p14, @p15, @p16); 
2024-04-01 17:09:58.3357|INFO|Microsoft.EntityFrameworkCore.Database.Command|Executed DbCommand (10ms) [Parameters=[@p0='?' (DbType = Guid), @p1='?' (Size = 4000), @p2='?' (DbType = DateTime), @p3='?' (DbType = DateTime), @p4='?' (Size = 4000), @p5='?' (DbType = Int32), @p6='?' (DbType = Boolean), @p7='?' (DbType = DateTime), @p8='?' (Size = 100), @p9='?' (Size = 4000), @p10='?' (Size = 10), @p11='?' (DbType = Guid), @p12='?' (DbType = Int32), @p13='?' (DbType = DateTime), @p14='?' (DbType = Boolean), @p15='?' (DbType = DateTime), @p16='?' (DbType = Guid)], CommandType='Text', CommandTimeout='30']
INSERT INTO `Users` (`Id`, `Avatar`, `CreationTime`, `DeletionTime`, `Email`, `Gender`, `IsDeleted`, `LastModificationTime`, `Password`, `Phone`, `Username`)
VALUES (@p0, @p1, @p2, @p3, @p4, @p5, @p6, @p7, @p8, @p9, @p10);
INSERT INTO `UserAccessFails` (`Id`, `AccessFailedCount`, `CreationTime`, `IsLockOut`, `LockOutEnd`, `UserId`)
VALUES (@p11, @p12, @p13, @p14, @p15, @p16); 
2024-04-01 17:09:58.3357|DEBUG|Microsoft.EntityFrameworkCore.Database.Command|Closing data reader to 'LitZhu' on server 'localhost'. 
2024-04-01 17:09:58.3357|DEBUG|Microsoft.EntityFrameworkCore.Database.Command|A data reader for 'LitZhu' on server 'localhost' is being disposed after spending 0ms reading results. 
2024-04-01 17:09:58.3357|DEBUG|Microsoft.EntityFrameworkCore.Database.Transaction|Committing transaction. 
2024-04-01 17:09:58.3357|DEBUG|Microsoft.EntityFrameworkCore.Database.Transaction|Committed transaction. 
2024-04-01 17:09:58.3357|DEBUG|Microsoft.EntityFrameworkCore.Database.Connection|Closing connection to database 'LitZhu' on server 'localhost'. 
2024-04-01 17:09:58.3357|DEBUG|Microsoft.EntityFrameworkCore.Database.Connection|Closed connection to database 'LitZhu' on server 'localhost' (0ms). 
2024-04-01 17:09:58.3357|DEBUG|Microsoft.EntityFrameworkCore.Database.Transaction|Disposing transaction. 
2024-04-01 17:09:58.3357|DEBUG|Microsoft.EntityFrameworkCore.ChangeTracking|An entity of type 'Users' tracked by 'UserDbContext' changed state from 'Added' to 'Unchanged'. Consider using 'DbContextOptionsBuilder.EnableSensitiveDataLogging' to see key values. 
2024-04-01 17:09:58.3357|DEBUG|Microsoft.EntityFrameworkCore.ChangeTracking|An entity of type 'UserAccessFail' tracked by 'UserDbContext' changed state from 'Added' to 'Unchanged'. Consider using 'DbContextOptionsBuilder.EnableSensitiveDataLogging' to see key values. 
2024-04-01 17:09:58.3357|DEBUG|Microsoft.EntityFrameworkCore.Update|SaveChanges completed for 'UserDbContext' with 2 entities written to the database. 
2024-04-01 17:09:58.3478|INFO|Microsoft.AspNetCore.Mvc.Infrastructure.ControllerActionInvoker|Executed action method LitZhu.WebApi.Controllers.User.UserController.CreateUserByUsername (LitZhu.WebApi), returned result Microsoft.AspNetCore.Mvc.OkObjectResult in 119.5552ms. 
2024-04-01 17:09:58.3478|TRACE|Microsoft.AspNetCore.Mvc.Infrastructure.ControllerActionInvoker|Action Filter: Before executing OnActionExecuted on filter Microsoft.AspNetCore.Mvc.Infrastructure.ModelStateInvalidFilter. 
2024-04-01 17:09:58.3478|TRACE|Microsoft.AspNetCore.Mvc.Infrastructure.ControllerActionInvoker|Action Filter: After executing OnActionExecuted on filter Microsoft.AspNetCore.Mvc.Infrastructure.ModelStateInvalidFilter. 
2024-04-01 17:09:58.3478|TRACE|Microsoft.AspNetCore.Mvc.Infrastructure.ControllerActionInvoker|Action Filter: Before executing OnActionExecuted on filter Microsoft.AspNetCore.Mvc.ModelBinding.UnsupportedContentTypeFilter. 
2024-04-01 17:09:58.3478|TRACE|Microsoft.AspNetCore.Mvc.Infrastructure.ControllerActionInvoker|Action Filter: After executing OnActionExecuted on filter Microsoft.AspNetCore.Mvc.ModelBinding.UnsupportedContentTypeFilter. 
2024-04-01 17:09:58.3478|TRACE|Microsoft.AspNetCore.Mvc.Infrastructure.ControllerActionInvoker|Result Filter: Before executing OnResultExecuting on filter Microsoft.AspNetCore.Mvc.Infrastructure.ClientErrorResultFilter. 
2024-04-01 17:09:58.3478|TRACE|Microsoft.AspNetCore.Mvc.Infrastructure.ControllerActionInvoker|Result Filter: After executing OnResultExecuting on filter Microsoft.AspNetCore.Mvc.Infrastructure.ClientErrorResultFilter. 
2024-04-01 17:09:58.3478|TRACE|Microsoft.AspNetCore.Mvc.Infrastructure.ControllerActionInvoker|Before executing action result Microsoft.AspNetCore.Mvc.OkObjectResult. 
2024-04-01 17:09:58.3478|DEBUG|Microsoft.AspNetCore.Mvc.Infrastructure.DefaultOutputFormatterSelector|List of registered output formatters, in the following order: Microsoft.AspNetCore.Mvc.Formatters.HttpNoContentOutputFormatter, Microsoft.AspNetCore.Mvc.Formatters.StringOutputFormatter, Microsoft.AspNetCore.Mvc.Formatters.StreamOutputFormatter, Microsoft.AspNetCore.Mvc.Formatters.NewtonsoftJsonOutputFormatter 
2024-04-01 17:09:58.3478|DEBUG|Microsoft.AspNetCore.Mvc.Infrastructure.DefaultOutputFormatterSelector|No information found on request to perform content negotiation. 
2024-04-01 17:09:58.3478|DEBUG|Microsoft.AspNetCore.Mvc.Infrastructure.DefaultOutputFormatterSelector|Attempting to select an output formatter without using a content type as no explicit content types were specified for the response. 
2024-04-01 17:09:58.3478|DEBUG|Microsoft.AspNetCore.Mvc.Infrastructure.DefaultOutputFormatterSelector|Attempting to select the first formatter in the output formatters list which can write the result. 
2024-04-01 17:09:58.3478|DEBUG|Microsoft.AspNetCore.Mvc.Infrastructure.DefaultOutputFormatterSelector|Selected output formatter 'Microsoft.AspNetCore.Mvc.Formatters.NewtonsoftJsonOutputFormatter' and content type 'application/json' to write the response. 
2024-04-01 17:09:58.3478|INFO|Microsoft.AspNetCore.Mvc.Infrastructure.ObjectResultExecutor|Executing OkObjectResult, writing value of type 'LitZhu.WebApi.R'. 
2024-04-01 17:09:58.3929|TRACE|Microsoft.AspNetCore.Mvc.Infrastructure.ControllerActionInvoker|After executing action result Microsoft.AspNetCore.Mvc.OkObjectResult. 
2024-04-01 17:09:58.3929|TRACE|Microsoft.AspNetCore.Mvc.Infrastructure.ControllerActionInvoker|Result Filter: Before executing OnResultExecuted on filter Microsoft.AspNetCore.Mvc.Infrastructure.ClientErrorResultFilter. 
2024-04-01 17:09:58.3929|TRACE|Microsoft.AspNetCore.Mvc.Infrastructure.ControllerActionInvoker|Result Filter: After executing OnResultExecuted on filter Microsoft.AspNetCore.Mvc.Infrastructure.ClientErrorResultFilter. 
2024-04-01 17:09:58.3929|INFO|Microsoft.AspNetCore.Mvc.Infrastructure.ControllerActionInvoker|Executed action LitZhu.WebApi.Controllers.User.UserController.CreateUserByUsername (LitZhu.WebApi) in 173.291ms 
2024-04-01 17:09:58.3929|INFO|Microsoft.AspNetCore.Routing.EndpointMiddleware|Executed endpoint 'LitZhu.WebApi.Controllers.User.UserController.CreateUserByUsername (LitZhu.WebApi)' 
2024-04-01 17:09:58.3929|DEBUG|Microsoft.AspNetCore.Server.Kestrel.Connections|Connection id "0HN2I5B9NP6UH" completed keep alive response. 
2024-04-01 17:09:58.3929|DEBUG|Microsoft.EntityFrameworkCore.Infrastructure|'UserDbContext' disposed. 
2024-04-01 17:09:58.3929|DEBUG|Microsoft.EntityFrameworkCore.Database.Connection|Disposing connection to database 'LitZhu' on server 'localhost'. 
2024-04-01 17:09:58.3929|DEBUG|Microsoft.EntityFrameworkCore.Database.Connection|Disposed connection to database 'LitZhu' on server 'localhost' (0ms). 
2024-04-01 17:09:58.3929|INFO|Microsoft.AspNetCore.Hosting.Diagnostics|Request finished HTTP/1.1 POST https://localhost:7290/api/User/Username - 200 236 application/json;+charset=utf-8 177.4600ms 
2024-04-01 17:09:58.4273|DEBUG|Microsoft.AspNetCore.Server.Kestrel.Transport.Sockets|Connection id "0HN2I5B9NP6UH" received FIN. 
2024-04-01 17:09:58.4273|DEBUG|Microsoft.AspNetCore.Server.Kestrel.Transport.Sockets|Connection id "0HN2I5B9NP6UH" sending FIN because: "The Socket transport's send loop completed gracefully." 
2024-04-01 17:09:58.4273|DEBUG|Microsoft.AspNetCore.Server.Kestrel.Connections|Connection id "0HN2I5B9NP6UH" disconnecting. 
2024-04-01 17:09:58.4273|DEBUG|Microsoft.AspNetCore.Server.Kestrel.Connections|Connection id "0HN2I5B9NP6UH" stopped. 
2024-04-01 17:10:06.3359|DEBUG|Microsoft.AspNetCore.Server.Kestrel.Connections|Connection id "0HN2I5B9NP6UI" accepted. 
2024-04-01 17:10:06.3359|DEBUG|Microsoft.AspNetCore.Server.Kestrel.Connections|Connection id "0HN2I5B9NP6UI" started. 
2024-04-01 17:10:06.3359|DEBUG|Microsoft.AspNetCore.Server.Kestrel.Https.Internal.HttpsConnectionMiddleware|Connection 0HN2I5B9NP6UI established using the following protocol: Tls13 
2024-04-01 17:10:06.3359|INFO|Microsoft.AspNetCore.Hosting.Diagnostics|Request starting HTTP/1.1 POST https://localhost:7290/api/Auth/Login - application/json 47 
2024-04-01 17:10:06.3359|TRACE|Microsoft.AspNetCore.HostFiltering.HostFilteringMiddleware|All hosts are allowed. 
2024-04-01 17:10:06.3359|DEBUG|Microsoft.AspNetCore.Routing.Matching.DfaMatcher|1 candidate(s) found for the request path '/api/Auth/Login' 
2024-04-01 17:10:06.3359|DEBUG|Microsoft.AspNetCore.Routing.Matching.DfaMatcher|Endpoint 'LitZhu.WebApi.Controllers.User.AuthController.VerifyLoginUsernamePassword (LitZhu.WebApi)' with route pattern 'api/Auth/Login' is valid for the request path '/api/Auth/Login' 
2024-04-01 17:10:06.3359|DEBUG|Microsoft.AspNetCore.Routing.EndpointRoutingMiddleware|Request matched endpoint 'LitZhu.WebApi.Controllers.User.AuthController.VerifyLoginUsernamePassword (LitZhu.WebApi)' 
2024-04-01 17:10:06.3359|TRACE|Microsoft.AspNetCore.Routing.EndpointRoutingMiddleware|The endpoint does not specify the IRequestSizeLimitMetadata. 
2024-04-01 17:10:06.3359|DEBUG|Microsoft.AspNetCore.StaticFiles.StaticFileMiddleware|Static files was skipped as the request already matched an endpoint. 
2024-04-01 17:10:06.3451|DEBUG|Microsoft.AspNetCore.Authentication.JwtBearer.JwtBearerHandler|AuthenticationScheme: Bearer was not authenticated. 
2024-04-01 17:10:06.3451|INFO|Microsoft.AspNetCore.Routing.EndpointMiddleware|Executing endpoint 'LitZhu.WebApi.Controllers.User.AuthController.VerifyLoginUsernamePassword (LitZhu.WebApi)' 
2024-04-01 17:10:06.3451|INFO|Microsoft.AspNetCore.Mvc.Infrastructure.ControllerActionInvoker|Route matched with {action = "VerifyLoginUsernamePassword", controller = "Auth"}. Executing controller action with signature System.Threading.Tasks.Task`1[Microsoft.AspNetCore.Mvc.ActionResult`1[System.String]] VerifyLoginUsernamePassword(LitZhu.WebApi.Controllers.User.VerifyLoginUsernamePasswordRequest) on controller LitZhu.WebApi.Controllers.User.AuthController (LitZhu.WebApi). 
2024-04-01 17:10:06.3451|DEBUG|Microsoft.AspNetCore.Mvc.Infrastructure.ControllerActionInvoker|Execution plan of authorization filters (in the following order): None 
2024-04-01 17:10:06.3451|DEBUG|Microsoft.AspNetCore.Mvc.Infrastructure.ControllerActionInvoker|Execution plan of resource filters (in the following order): None 
2024-04-01 17:10:06.3451|DEBUG|Microsoft.AspNetCore.Mvc.Infrastructure.ControllerActionInvoker|Execution plan of action filters (in the following order): Microsoft.AspNetCore.Mvc.ModelBinding.UnsupportedContentTypeFilter (Order: -3000), Microsoft.AspNetCore.Mvc.Infrastructure.ModelStateInvalidFilter (Order: -2000) 
2024-04-01 17:10:06.3451|DEBUG|Microsoft.AspNetCore.Mvc.Infrastructure.ControllerActionInvoker|Execution plan of exception filters (in the following order): None 
2024-04-01 17:10:06.3451|DEBUG|Microsoft.AspNetCore.Mvc.Infrastructure.ControllerActionInvoker|Execution plan of result filters (in the following order): Microsoft.AspNetCore.Mvc.Infrastructure.ClientErrorResultFilter (Order: -2000) 
2024-04-01 17:10:06.3451|DEBUG|Microsoft.AspNetCore.Mvc.Infrastructure.ControllerActionInvoker|Executing controller factory for controller LitZhu.WebApi.Controllers.User.AuthController (LitZhu.WebApi) 
2024-04-01 17:10:06.3451|DEBUG|Microsoft.EntityFrameworkCore.Infrastructure|Entity Framework Core 8.0.1 initialized 'UserDbContext' using provider 'Pomelo.EntityFrameworkCore.MySql:8.0.1' with options: ServerVersion=8.0.23-mysql  
2024-04-01 17:10:06.3451|DEBUG|Microsoft.AspNetCore.Mvc.Infrastructure.ControllerActionInvoker|Executed controller factory for controller LitZhu.WebApi.Controllers.User.AuthController (LitZhu.WebApi) 
2024-04-01 17:10:06.3451|DEBUG|Microsoft.AspNetCore.Mvc.ModelBinding.ParameterBinder|Attempting to bind parameter 'req' of type 'LitZhu.WebApi.Controllers.User.VerifyLoginUsernamePasswordRequest' ... 
2024-04-01 17:10:06.3451|DEBUG|Microsoft.AspNetCore.Mvc.ModelBinding.Binders.BodyModelBinder|Attempting to bind parameter 'req' of type 'LitZhu.WebApi.Controllers.User.VerifyLoginUsernamePasswordRequest' using the name '' in request data ... 
2024-04-01 17:10:06.3451|DEBUG|Microsoft.AspNetCore.Mvc.ModelBinding.Binders.BodyModelBinder|Rejected input formatter 'Microsoft.AspNetCore.Mvc.Formatters.NewtonsoftJsonPatchInputFormatter' for content type 'application/json'. 
2024-04-01 17:10:06.3451|DEBUG|Microsoft.AspNetCore.Mvc.ModelBinding.Binders.BodyModelBinder|Selected input formatter 'Microsoft.AspNetCore.Mvc.Formatters.NewtonsoftJsonInputFormatter' for content type 'application/json'. 
2024-04-01 17:10:06.3451|DEBUG|Microsoft.AspNetCore.Server.Kestrel|Connection id "0HN2I5B9NP6UI", Request id "0HN2I5B9NP6UI:00000001": started reading request body. 
2024-04-01 17:10:06.3451|DEBUG|Microsoft.AspNetCore.Server.Kestrel|Connection id "0HN2I5B9NP6UI", Request id "0HN2I5B9NP6UI:00000001": done reading request body. 
2024-04-01 17:10:06.3451|DEBUG|Microsoft.AspNetCore.Mvc.ModelBinding.Binders.BodyModelBinder|Done attempting to bind parameter 'req' of type 'LitZhu.WebApi.Controllers.User.VerifyLoginUsernamePasswordRequest'. 
2024-04-01 17:10:06.3451|DEBUG|Microsoft.AspNetCore.Mvc.ModelBinding.ParameterBinder|Done attempting to bind parameter 'req' of type 'LitZhu.WebApi.Controllers.User.VerifyLoginUsernamePasswordRequest'. 
2024-04-01 17:10:06.3451|DEBUG|Microsoft.AspNetCore.Mvc.ModelBinding.ParameterBinder|Attempting to validate the bound parameter 'req' of type 'LitZhu.WebApi.Controllers.User.VerifyLoginUsernamePasswordRequest' ... 
2024-04-01 17:10:06.3451|DEBUG|Microsoft.AspNetCore.Mvc.ModelBinding.ParameterBinder|Done attempting to validate the bound parameter 'req' of type 'LitZhu.WebApi.Controllers.User.VerifyLoginUsernamePasswordRequest'. 
2024-04-01 17:10:06.3451|TRACE|Microsoft.AspNetCore.Mvc.Infrastructure.ControllerActionInvoker|Action Filter: Before executing OnActionExecuting on filter Microsoft.AspNetCore.Mvc.ModelBinding.UnsupportedContentTypeFilter. 
2024-04-01 17:10:06.3451|TRACE|Microsoft.AspNetCore.Mvc.Infrastructure.ControllerActionInvoker|Action Filter: After executing OnActionExecuting on filter Microsoft.AspNetCore.Mvc.ModelBinding.UnsupportedContentTypeFilter. 
2024-04-01 17:10:06.3451|TRACE|Microsoft.AspNetCore.Mvc.Infrastructure.ControllerActionInvoker|Action Filter: Before executing OnActionExecuting on filter Microsoft.AspNetCore.Mvc.Infrastructure.ModelStateInvalidFilter. 
2024-04-01 17:10:06.3451|TRACE|Microsoft.AspNetCore.Mvc.Infrastructure.ControllerActionInvoker|Action Filter: After executing OnActionExecuting on filter Microsoft.AspNetCore.Mvc.Infrastructure.ModelStateInvalidFilter. 
2024-04-01 17:10:06.3451|INFO|Microsoft.AspNetCore.Mvc.Infrastructure.ControllerActionInvoker|Executing action method LitZhu.WebApi.Controllers.User.AuthController.VerifyLoginUsernamePassword (LitZhu.WebApi) - Validation state: Valid 
2024-04-01 17:10:06.3451|TRACE|Microsoft.AspNetCore.Mvc.Infrastructure.ControllerActionInvoker|Executing action method LitZhu.WebApi.Controllers.User.AuthController.VerifyLoginUsernamePassword (LitZhu.WebApi) with arguments (VerifyLoginUsernamePasswordRequest { Username = qwe, Password = qwe }) 
2024-04-01 17:10:06.3451|DEBUG|Microsoft.EntityFrameworkCore.Database.Connection|Creating DbConnection. 
2024-04-01 17:10:06.3451|DEBUG|Microsoft.EntityFrameworkCore.Database.Connection|Created DbConnection. (0ms). 
2024-04-01 17:10:06.3451|DEBUG|Microsoft.EntityFrameworkCore.Database.Connection|Opening connection to database 'LitZhu' on server 'localhost'. 
2024-04-01 17:10:06.3451|DEBUG|Microsoft.EntityFrameworkCore.Database.Connection|Opened connection to database 'LitZhu' on server 'localhost'. 
2024-04-01 17:10:06.3451|DEBUG|Microsoft.EntityFrameworkCore.Database.Command|Creating DbCommand for 'ExecuteReader'. 
2024-04-01 17:10:06.3451|DEBUG|Microsoft.EntityFrameworkCore.Database.Command|Created DbCommand for 'ExecuteReader' (0ms). 
2024-04-01 17:10:06.3451|DEBUG|Microsoft.EntityFrameworkCore.Database.Command|Initialized DbCommand for 'ExecuteReader' (1ms). 
2024-04-01 17:10:06.3451|DEBUG|Microsoft.EntityFrameworkCore.Database.Command|Executing DbCommand [Parameters=[@__username_0='?' (Size = 10)], CommandType='Text', CommandTimeout='30']
SELECT `t`.`Id`, `t`.`Avatar`, `t`.`CreationTime`, `t`.`DeletionTime`, `t`.`Email`, `t`.`Gender`, `t`.`IsDeleted`, `t`.`LastModificationTime`, `t`.`Password`, `t`.`Phone`, `t`.`Username`, `t`.`Id0`, `t`.`AccessFailedCount`, `t`.`CreationTime0`, `t`.`IsLockOut`, `t`.`LockOutEnd`, `t`.`UserId`, `t0`.`UserId`, `t0`.`RoleId`, `t0`.`Id`, `t0`.`CreationTime`, `t0`.`DeletionTime`, `t0`.`IsDeleted`, `t0`.`LastModificationTime`, `t0`.`RoleDesc`, `t0`.`RoleName`
FROM (
    SELECT `u`.`Id`, `u`.`Avatar`, `u`.`CreationTime`, `u`.`DeletionTime`, `u`.`Email`, `u`.`Gender`, `u`.`IsDeleted`, `u`.`LastModificationTime`, `u`.`Password`, `u`.`Phone`, `u`.`Username`, `u0`.`Id` AS `Id0`, `u0`.`AccessFailedCount`, `u0`.`CreationTime` AS `CreationTime0`, `u0`.`IsLockOut`, `u0`.`LockOutEnd`, `u0`.`UserId`
    FROM `Users` AS `u`
    LEFT JOIN `UserAccessFails` AS `u0` ON `u`.`Id` = `u0`.`UserId`
    WHERE NOT (`u`.`IsDeleted`) AND (`u`.`Username` = @__username_0)
    LIMIT 1
) AS `t`
LEFT JOIN (
    SELECT `u1`.`UserId`, `u1`.`RoleId`, `t1`.`Id`, `t1`.`CreationTime`, `t1`.`DeletionTime`, `t1`.`IsDeleted`, `t1`.`LastModificationTime`, `t1`.`RoleDesc`, `t1`.`RoleName`
    FROM `Users_Roles` AS `u1`
    INNER JOIN (
        SELECT `r`.`Id`, `r`.`CreationTime`, `r`.`DeletionTime`, `r`.`IsDeleted`, `r`.`LastModificationTime`, `r`.`RoleDesc`, `r`.`RoleName`
        FROM `Roles` AS `r`
        WHERE NOT (`r`.`IsDeleted`)
    ) AS `t1` ON `u1`.`RoleId` = `t1`.`Id`
) AS `t0` ON `t`.`Id` = `t0`.`UserId`
ORDER BY `t`.`Id`, `t`.`Id0`, `t0`.`UserId`, `t0`.`RoleId` 
2024-04-01 17:10:06.3645|INFO|Microsoft.EntityFrameworkCore.Database.Command|Executed DbCommand (8ms) [Parameters=[@__username_0='?' (Size = 10)], CommandType='Text', CommandTimeout='30']
SELECT `t`.`Id`, `t`.`Avatar`, `t`.`CreationTime`, `t`.`DeletionTime`, `t`.`Email`, `t`.`Gender`, `t`.`IsDeleted`, `t`.`LastModificationTime`, `t`.`Password`, `t`.`Phone`, `t`.`Username`, `t`.`Id0`, `t`.`AccessFailedCount`, `t`.`CreationTime0`, `t`.`IsLockOut`, `t`.`LockOutEnd`, `t`.`UserId`, `t0`.`UserId`, `t0`.`RoleId`, `t0`.`Id`, `t0`.`CreationTime`, `t0`.`DeletionTime`, `t0`.`IsDeleted`, `t0`.`LastModificationTime`, `t0`.`RoleDesc`, `t0`.`RoleName`
FROM (
    SELECT `u`.`Id`, `u`.`Avatar`, `u`.`CreationTime`, `u`.`DeletionTime`, `u`.`Email`, `u`.`Gender`, `u`.`IsDeleted`, `u`.`LastModificationTime`, `u`.`Password`, `u`.`Phone`, `u`.`Username`, `u0`.`Id` AS `Id0`, `u0`.`AccessFailedCount`, `u0`.`CreationTime` AS `CreationTime0`, `u0`.`IsLockOut`, `u0`.`LockOutEnd`, `u0`.`UserId`
    FROM `Users` AS `u`
    LEFT JOIN `UserAccessFails` AS `u0` ON `u`.`Id` = `u0`.`UserId`
    WHERE NOT (`u`.`IsDeleted`) AND (`u`.`Username` = @__username_0)
    LIMIT 1
) AS `t`
LEFT JOIN (
    SELECT `u1`.`UserId`, `u1`.`RoleId`, `t1`.`Id`, `t1`.`CreationTime`, `t1`.`DeletionTime`, `t1`.`IsDeleted`, `t1`.`LastModificationTime`, `t1`.`RoleDesc`, `t1`.`RoleName`
    FROM `Users_Roles` AS `u1`
    INNER JOIN (
        SELECT `r`.`Id`, `r`.`CreationTime`, `r`.`DeletionTime`, `r`.`IsDeleted`, `r`.`LastModificationTime`, `r`.`RoleDesc`, `r`.`RoleName`
        FROM `Roles` AS `r`
        WHERE NOT (`r`.`IsDeleted`)
    ) AS `t1` ON `u1`.`RoleId` = `t1`.`Id`
) AS `t0` ON `t`.`Id` = `t0`.`UserId`
ORDER BY `t`.`Id`, `t`.`Id0`, `t0`.`UserId`, `t0`.`RoleId` 
2024-04-01 17:10:06.3645|DEBUG|Microsoft.EntityFrameworkCore.ChangeTracking|Context 'UserDbContext' started tracking 'Users' entity. Consider using 'DbContextOptionsBuilder.EnableSensitiveDataLogging' to see key values. 
2024-04-01 17:10:06.3645|DEBUG|Microsoft.EntityFrameworkCore.ChangeTracking|The navigation 'Users.UserAccessFail' was detected as changed. Consider using 'DbContextOptionsBuilder.EnableSensitiveDataLogging' to see key values. 
2024-04-01 17:10:06.3645|DEBUG|Microsoft.EntityFrameworkCore.ChangeTracking|Context 'UserDbContext' started tracking 'UserAccessFail' entity. Consider using 'DbContextOptionsBuilder.EnableSensitiveDataLogging' to see key values. 
2024-04-01 17:10:06.3645|DEBUG|Microsoft.EntityFrameworkCore.Database.Command|Closing data reader to 'LitZhu' on server 'localhost'. 
2024-04-01 17:10:06.3645|DEBUG|Microsoft.EntityFrameworkCore.Database.Command|A data reader for 'LitZhu' on server 'localhost' is being disposed after spending 1ms reading results. 
2024-04-01 17:10:06.3645|DEBUG|Microsoft.EntityFrameworkCore.Database.Connection|Closing connection to database 'LitZhu' on server 'localhost'. 
2024-04-01 17:10:06.3645|DEBUG|Microsoft.EntityFrameworkCore.Database.Connection|Closed connection to database 'LitZhu' on server 'localhost' (0ms). 
2024-04-01 17:10:12.3303|DEBUG|Microsoft.EntityFrameworkCore.Database.Connection|Opening connection to database 'LitZhu' on server 'localhost'. 
2024-04-01 17:10:12.3303|DEBUG|Microsoft.EntityFrameworkCore.Database.Connection|Opened connection to database 'LitZhu' on server 'localhost'. 
2024-04-01 17:10:12.3303|DEBUG|Microsoft.EntityFrameworkCore.Database.Command|Creating DbCommand for 'ExecuteReader'. 
2024-04-01 17:10:12.3303|DEBUG|Microsoft.EntityFrameworkCore.Database.Command|Created DbCommand for 'ExecuteReader' (0ms). 
2024-04-01 17:10:12.3303|DEBUG|Microsoft.EntityFrameworkCore.Database.Command|Initialized DbCommand for 'ExecuteReader' (0ms). 
2024-04-01 17:10:12.3303|DEBUG|Microsoft.EntityFrameworkCore.Database.Command|Executing DbCommand [Parameters=[@__username_0='?' (Size = 10)], CommandType='Text', CommandTimeout='30']
SELECT `t`.`Id`, `t`.`Avatar`, `t`.`CreationTime`, `t`.`DeletionTime`, `t`.`Email`, `t`.`Gender`, `t`.`IsDeleted`, `t`.`LastModificationTime`, `t`.`Password`, `t`.`Phone`, `t`.`Username`, `t`.`Id0`, `t`.`AccessFailedCount`, `t`.`CreationTime0`, `t`.`IsLockOut`, `t`.`LockOutEnd`, `t`.`UserId`, `t0`.`UserId`, `t0`.`RoleId`, `t0`.`Id`, `t0`.`CreationTime`, `t0`.`DeletionTime`, `t0`.`IsDeleted`, `t0`.`LastModificationTime`, `t0`.`RoleDesc`, `t0`.`RoleName`
FROM (
    SELECT `u`.`Id`, `u`.`Avatar`, `u`.`CreationTime`, `u`.`DeletionTime`, `u`.`Email`, `u`.`Gender`, `u`.`IsDeleted`, `u`.`LastModificationTime`, `u`.`Password`, `u`.`Phone`, `u`.`Username`, `u0`.`Id` AS `Id0`, `u0`.`AccessFailedCount`, `u0`.`CreationTime` AS `CreationTime0`, `u0`.`IsLockOut`, `u0`.`LockOutEnd`, `u0`.`UserId`
    FROM `Users` AS `u`
    LEFT JOIN `UserAccessFails` AS `u0` ON `u`.`Id` = `u0`.`UserId`
    WHERE NOT (`u`.`IsDeleted`) AND (`u`.`Username` = @__username_0)
    LIMIT 1
) AS `t`
LEFT JOIN (
    SELECT `u1`.`UserId`, `u1`.`RoleId`, `t1`.`Id`, `t1`.`CreationTime`, `t1`.`DeletionTime`, `t1`.`IsDeleted`, `t1`.`LastModificationTime`, `t1`.`RoleDesc`, `t1`.`RoleName`
    FROM `Users_Roles` AS `u1`
    INNER JOIN (
        SELECT `r`.`Id`, `r`.`CreationTime`, `r`.`DeletionTime`, `r`.`IsDeleted`, `r`.`LastModificationTime`, `r`.`RoleDesc`, `r`.`RoleName`
        FROM `Roles` AS `r`
        WHERE NOT (`r`.`IsDeleted`)
    ) AS `t1` ON `u1`.`RoleId` = `t1`.`Id`
) AS `t0` ON `t`.`Id` = `t0`.`UserId`
ORDER BY `t`.`Id`, `t`.`Id0`, `t0`.`UserId`, `t0`.`RoleId` 
2024-04-01 17:10:12.3303|INFO|Microsoft.EntityFrameworkCore.Database.Command|Executed DbCommand (3ms) [Parameters=[@__username_0='?' (Size = 10)], CommandType='Text', CommandTimeout='30']
SELECT `t`.`Id`, `t`.`Avatar`, `t`.`CreationTime`, `t`.`DeletionTime`, `t`.`Email`, `t`.`Gender`, `t`.`IsDeleted`, `t`.`LastModificationTime`, `t`.`Password`, `t`.`Phone`, `t`.`Username`, `t`.`Id0`, `t`.`AccessFailedCount`, `t`.`CreationTime0`, `t`.`IsLockOut`, `t`.`LockOutEnd`, `t`.`UserId`, `t0`.`UserId`, `t0`.`RoleId`, `t0`.`Id`, `t0`.`CreationTime`, `t0`.`DeletionTime`, `t0`.`IsDeleted`, `t0`.`LastModificationTime`, `t0`.`RoleDesc`, `t0`.`RoleName`
FROM (
    SELECT `u`.`Id`, `u`.`Avatar`, `u`.`CreationTime`, `u`.`DeletionTime`, `u`.`Email`, `u`.`Gender`, `u`.`IsDeleted`, `u`.`LastModificationTime`, `u`.`Password`, `u`.`Phone`, `u`.`Username`, `u0`.`Id` AS `Id0`, `u0`.`AccessFailedCount`, `u0`.`CreationTime` AS `CreationTime0`, `u0`.`IsLockOut`, `u0`.`LockOutEnd`, `u0`.`UserId`
    FROM `Users` AS `u`
    LEFT JOIN `UserAccessFails` AS `u0` ON `u`.`Id` = `u0`.`UserId`
    WHERE NOT (`u`.`IsDeleted`) AND (`u`.`Username` = @__username_0)
    LIMIT 1
) AS `t`
LEFT JOIN (
    SELECT `u1`.`UserId`, `u1`.`RoleId`, `t1`.`Id`, `t1`.`CreationTime`, `t1`.`DeletionTime`, `t1`.`IsDeleted`, `t1`.`LastModificationTime`, `t1`.`RoleDesc`, `t1`.`RoleName`
    FROM `Users_Roles` AS `u1`
    INNER JOIN (
        SELECT `r`.`Id`, `r`.`CreationTime`, `r`.`DeletionTime`, `r`.`IsDeleted`, `r`.`LastModificationTime`, `r`.`RoleDesc`, `r`.`RoleName`
        FROM `Roles` AS `r`
        WHERE NOT (`r`.`IsDeleted`)
    ) AS `t1` ON `u1`.`RoleId` = `t1`.`Id`
) AS `t0` ON `t`.`Id` = `t0`.`UserId`
ORDER BY `t`.`Id`, `t`.`Id0`, `t0`.`UserId`, `t0`.`RoleId` 
2024-04-01 17:10:12.3303|DEBUG|Microsoft.EntityFrameworkCore.Database.Command|Closing data reader to 'LitZhu' on server 'localhost'. 
2024-04-01 17:10:12.3303|DEBUG|Microsoft.EntityFrameworkCore.Database.Command|A data reader for 'LitZhu' on server 'localhost' is being disposed after spending 0ms reading results. 
2024-04-01 17:10:12.3303|DEBUG|Microsoft.EntityFrameworkCore.Database.Connection|Closing connection to database 'LitZhu' on server 'localhost'. 
2024-04-01 17:10:12.3303|DEBUG|Microsoft.EntityFrameworkCore.Database.Connection|Closed connection to database 'LitZhu' on server 'localhost' (0ms). 
2024-04-01 17:10:12.3303|DEBUG|Microsoft.EntityFrameworkCore.ChangeTracking|'UserDbContext' generated a temporary value for the property 'UserLoginHistory.Id'. Consider using 'DbContextOptionsBuilder.EnableSensitiveDataLogging' to see key values. 
2024-04-01 17:10:12.3303|DEBUG|Microsoft.EntityFrameworkCore.ChangeTracking|Context 'UserDbContext' started tracking 'UserLoginHistory' entity. Consider using 'DbContextOptionsBuilder.EnableSensitiveDataLogging' to see key values. 
2024-04-01 17:10:12.3303|DEBUG|Microsoft.EntityFrameworkCore.Update|SaveChanges starting for 'UserDbContext'. 
2024-04-01 17:10:12.3303|DEBUG|Microsoft.EntityFrameworkCore.ChangeTracking|DetectChanges starting for 'UserDbContext'. 
2024-04-01 17:10:12.3303|DEBUG|Microsoft.EntityFrameworkCore.ChangeTracking|DetectChanges completed for 'UserDbContext'. 
2024-04-01 17:10:12.3303|DEBUG|Microsoft.EntityFrameworkCore.Database.Connection|Opening connection to database 'LitZhu' on server 'localhost'. 
2024-04-01 17:10:12.3303|DEBUG|Microsoft.EntityFrameworkCore.Database.Connection|Opened connection to database 'LitZhu' on server 'localhost'. 
2024-04-01 17:10:12.3303|DEBUG|Microsoft.EntityFrameworkCore.Database.Transaction|Beginning transaction with isolation level 'Unspecified'. 
2024-04-01 17:10:12.3511|DEBUG|Microsoft.EntityFrameworkCore.Database.Transaction|Began transaction with isolation level 'Unspecified'. 
2024-04-01 17:10:12.3511|DEBUG|Microsoft.EntityFrameworkCore.Database.Command|Creating DbCommand for 'ExecuteReader'. 
2024-04-01 17:10:12.3511|DEBUG|Microsoft.EntityFrameworkCore.Database.Command|Created DbCommand for 'ExecuteReader' (0ms). 
2024-04-01 17:10:12.3511|DEBUG|Microsoft.EntityFrameworkCore.Database.Command|Initialized DbCommand for 'ExecuteReader' (0ms). 
2024-04-01 17:10:12.3511|DEBUG|Microsoft.EntityFrameworkCore.Database.Command|Executing DbCommand [Parameters=[@p0='?' (Size = 4000), @p1='?' (DbType = DateTime), @p2='?' (Size = 4000), @p3='?' (DbType = Guid), @p4='?' (Size = 4000)], CommandType='Text', CommandTimeout='30']
INSERT INTO `UserLoginHistories` (`Email`, `LoginTime`, `Message`, `UserId`, `Username`)
VALUES (@p0, @p1, @p2, @p3, @p4);
SELECT `Id`
FROM `UserLoginHistories`
WHERE ROW_COUNT() = 1 AND `Id` = LAST_INSERT_ID(); 
2024-04-01 17:10:12.3511|INFO|Microsoft.EntityFrameworkCore.Database.Command|Executed DbCommand (3ms) [Parameters=[@p0='?' (Size = 4000), @p1='?' (DbType = DateTime), @p2='?' (Size = 4000), @p3='?' (DbType = Guid), @p4='?' (Size = 4000)], CommandType='Text', CommandTimeout='30']
INSERT INTO `UserLoginHistories` (`Email`, `LoginTime`, `Message`, `UserId`, `Username`)
VALUES (@p0, @p1, @p2, @p3, @p4);
SELECT `Id`
FROM `UserLoginHistories`
WHERE ROW_COUNT() = 1 AND `Id` = LAST_INSERT_ID(); 
2024-04-01 17:10:12.3511|DEBUG|Microsoft.EntityFrameworkCore.ChangeTracking|The foreign key property 'UserLoginHistory.Id' was detected as changed. Consider using 'DbContextOptionsBuilder.EnableSensitiveDataLogging' to see property values. 
2024-04-01 17:10:12.3511|DEBUG|Microsoft.EntityFrameworkCore.Database.Command|Closing data reader to 'LitZhu' on server 'localhost'. 
2024-04-01 17:10:12.3511|DEBUG|Microsoft.EntityFrameworkCore.Database.Command|A data reader for 'LitZhu' on server 'localhost' is being disposed after spending 0ms reading results. 
2024-04-01 17:10:12.3511|DEBUG|Microsoft.EntityFrameworkCore.Database.Transaction|Committing transaction. 
2024-04-01 17:10:12.3628|DEBUG|Microsoft.EntityFrameworkCore.Database.Transaction|Committed transaction. 
2024-04-01 17:10:12.3628|DEBUG|Microsoft.EntityFrameworkCore.Database.Connection|Closing connection to database 'LitZhu' on server 'localhost'. 
2024-04-01 17:10:12.3628|DEBUG|Microsoft.EntityFrameworkCore.Database.Connection|Closed connection to database 'LitZhu' on server 'localhost' (0ms). 
2024-04-01 17:10:12.3628|DEBUG|Microsoft.EntityFrameworkCore.Database.Transaction|Disposing transaction. 
2024-04-01 17:10:12.3628|DEBUG|Microsoft.EntityFrameworkCore.ChangeTracking|An entity of type 'UserLoginHistory' tracked by 'UserDbContext' changed state from 'Added' to 'Unchanged'. Consider using 'DbContextOptionsBuilder.EnableSensitiveDataLogging' to see key values. 
2024-04-01 17:10:12.3628|DEBUG|Microsoft.EntityFrameworkCore.Update|SaveChanges completed for 'UserDbContext' with 1 entities written to the database. 
2024-04-01 17:10:12.3628|DEBUG|LitZhu.WebApi.Controllers.User.AuthController|进行登录 
2024-04-01 17:10:12.3628|INFO|Microsoft.AspNetCore.Mvc.Infrastructure.ControllerActionInvoker|Executed action method LitZhu.WebApi.Controllers.User.AuthController.VerifyLoginUsernamePassword (LitZhu.WebApi), returned result Microsoft.AspNetCore.Mvc.OkObjectResult in 6018.4363ms. 
2024-04-01 17:10:12.3628|TRACE|Microsoft.AspNetCore.Mvc.Infrastructure.ControllerActionInvoker|Action Filter: Before executing OnActionExecuted on filter Microsoft.AspNetCore.Mvc.Infrastructure.ModelStateInvalidFilter. 
2024-04-01 17:10:12.3628|TRACE|Microsoft.AspNetCore.Mvc.Infrastructure.ControllerActionInvoker|Action Filter: After executing OnActionExecuted on filter Microsoft.AspNetCore.Mvc.Infrastructure.ModelStateInvalidFilter. 
2024-04-01 17:10:12.3628|TRACE|Microsoft.AspNetCore.Mvc.Infrastructure.ControllerActionInvoker|Action Filter: Before executing OnActionExecuted on filter Microsoft.AspNetCore.Mvc.ModelBinding.UnsupportedContentTypeFilter. 
2024-04-01 17:10:12.3628|TRACE|Microsoft.AspNetCore.Mvc.Infrastructure.ControllerActionInvoker|Action Filter: After executing OnActionExecuted on filter Microsoft.AspNetCore.Mvc.ModelBinding.UnsupportedContentTypeFilter. 
2024-04-01 17:10:12.3628|TRACE|Microsoft.AspNetCore.Mvc.Infrastructure.ControllerActionInvoker|Result Filter: Before executing OnResultExecuting on filter Microsoft.AspNetCore.Mvc.Infrastructure.ClientErrorResultFilter. 
2024-04-01 17:10:12.3628|TRACE|Microsoft.AspNetCore.Mvc.Infrastructure.ControllerActionInvoker|Result Filter: After executing OnResultExecuting on filter Microsoft.AspNetCore.Mvc.Infrastructure.ClientErrorResultFilter. 
2024-04-01 17:10:12.3628|TRACE|Microsoft.AspNetCore.Mvc.Infrastructure.ControllerActionInvoker|Before executing action result Microsoft.AspNetCore.Mvc.OkObjectResult. 
2024-04-01 17:10:12.3628|DEBUG|Microsoft.AspNetCore.Mvc.Infrastructure.DefaultOutputFormatterSelector|List of registered output formatters, in the following order: Microsoft.AspNetCore.Mvc.Formatters.HttpNoContentOutputFormatter, Microsoft.AspNetCore.Mvc.Formatters.StringOutputFormatter, Microsoft.AspNetCore.Mvc.Formatters.StreamOutputFormatter, Microsoft.AspNetCore.Mvc.Formatters.NewtonsoftJsonOutputFormatter 
2024-04-01 17:10:12.3628|DEBUG|Microsoft.AspNetCore.Mvc.Infrastructure.DefaultOutputFormatterSelector|No information found on request to perform content negotiation. 
2024-04-01 17:10:12.3628|DEBUG|Microsoft.AspNetCore.Mvc.Infrastructure.DefaultOutputFormatterSelector|Attempting to select an output formatter without using a content type as no explicit content types were specified for the response. 
2024-04-01 17:10:12.3628|DEBUG|Microsoft.AspNetCore.Mvc.Infrastructure.DefaultOutputFormatterSelector|Attempting to select the first formatter in the output formatters list which can write the result. 
2024-04-01 17:10:12.3628|DEBUG|Microsoft.AspNetCore.Mvc.Infrastructure.DefaultOutputFormatterSelector|Selected output formatter 'Microsoft.AspNetCore.Mvc.Formatters.NewtonsoftJsonOutputFormatter' and content type 'application/json' to write the response. 
2024-04-01 17:10:12.3628|INFO|Microsoft.AspNetCore.Mvc.Infrastructure.ObjectResultExecutor|Executing OkObjectResult, writing value of type 'LitZhu.WebApi.R'. 
2024-04-01 17:10:12.3628|TRACE|Microsoft.AspNetCore.Mvc.Infrastructure.ControllerActionInvoker|After executing action result Microsoft.AspNetCore.Mvc.OkObjectResult. 
2024-04-01 17:10:12.3628|TRACE|Microsoft.AspNetCore.Mvc.Infrastructure.ControllerActionInvoker|Result Filter: Before executing OnResultExecuted on filter Microsoft.AspNetCore.Mvc.Infrastructure.ClientErrorResultFilter. 
2024-04-01 17:10:12.3628|TRACE|Microsoft.AspNetCore.Mvc.Infrastructure.ControllerActionInvoker|Result Filter: After executing OnResultExecuted on filter Microsoft.AspNetCore.Mvc.Infrastructure.ClientErrorResultFilter. 
2024-04-01 17:10:12.3628|INFO|Microsoft.AspNetCore.Mvc.Infrastructure.ControllerActionInvoker|Executed action LitZhu.WebApi.Controllers.User.AuthController.VerifyLoginUsernamePassword (LitZhu.WebApi) in 6025.4948ms 
2024-04-01 17:10:12.3628|INFO|Microsoft.AspNetCore.Routing.EndpointMiddleware|Executed endpoint 'LitZhu.WebApi.Controllers.User.AuthController.VerifyLoginUsernamePassword (LitZhu.WebApi)' 
2024-04-01 17:10:12.3628|DEBUG|Microsoft.AspNetCore.Server.Kestrel.Connections|Connection id "0HN2I5B9NP6UI" completed keep alive response. 
2024-04-01 17:10:12.3628|DEBUG|Microsoft.EntityFrameworkCore.Infrastructure|'UserDbContext' disposed. 
2024-04-01 17:10:12.3628|DEBUG|Microsoft.EntityFrameworkCore.Database.Connection|Disposing connection to database 'LitZhu' on server 'localhost'. 
2024-04-01 17:10:12.3628|DEBUG|Microsoft.EntityFrameworkCore.Database.Connection|Disposed connection to database 'LitZhu' on server 'localhost' (0ms). 
2024-04-01 17:10:12.3628|INFO|Microsoft.AspNetCore.Hosting.Diagnostics|Request finished HTTP/1.1 POST https://localhost:7290/api/Auth/Login - 200 511 application/json;+charset=utf-8 6029.9189ms 
2024-04-01 17:10:12.3628|DEBUG|Microsoft.AspNetCore.Server.Kestrel.Transport.Sockets|Connection id "0HN2I5B9NP6UI" received FIN. 
2024-04-01 17:10:12.3628|DEBUG|Microsoft.AspNetCore.Server.Kestrel.Transport.Sockets|Connection id "0HN2I5B9NP6UI" sending FIN because: "The Socket transport's send loop completed gracefully." 
2024-04-01 17:10:12.3628|DEBUG|Microsoft.AspNetCore.Server.Kestrel.Connections|Connection id "0HN2I5B9NP6UI" disconnecting. 
2024-04-01 17:10:12.3628|DEBUG|Microsoft.AspNetCore.Server.Kestrel.Connections|Connection id "0HN2I5B9NP6UI" stopped. 
2024-04-01 17:10:17.9435|DEBUG|Microsoft.AspNetCore.Server.Kestrel.Connections|Connection id "0HN2I5B9NP6UJ" accepted. 
2024-04-01 17:10:17.9435|DEBUG|Microsoft.AspNetCore.Server.Kestrel.Connections|Connection id "0HN2I5B9NP6UJ" started. 
2024-04-01 17:10:17.9845|DEBUG|Microsoft.AspNetCore.Server.Kestrel.Https.Internal.HttpsConnectionMiddleware|Connection 0HN2I5B9NP6UJ established using the following protocol: Tls13 
2024-04-01 17:10:17.9845|INFO|Microsoft.AspNetCore.Hosting.Diagnostics|Request starting HTTP/1.1 GET https://localhost:7290/api/Article/55cf279d-9122-4679-990d-89ee0e59e20e - application/json - 
2024-04-01 17:10:17.9845|TRACE|Microsoft.AspNetCore.HostFiltering.HostFilteringMiddleware|All hosts are allowed. 
2024-04-01 17:10:17.9845|DEBUG|Microsoft.AspNetCore.Routing.Matching.DfaMatcher|1 candidate(s) found for the request path '/api/Article/55cf279d-9122-4679-990d-89ee0e59e20e' 
2024-04-01 17:10:17.9859|DEBUG|Microsoft.AspNetCore.Routing.Matching.DfaMatcher|Endpoint 'LitZhu.WebApi.Controllers.Article.ArticleController.FindArticle (LitZhu.WebApi)' with route pattern 'api/Article/{articleId}' is valid for the request path '/api/Article/55cf279d-9122-4679-990d-89ee0e59e20e' 
2024-04-01 17:10:17.9859|DEBUG|Microsoft.AspNetCore.Routing.EndpointRoutingMiddleware|Request matched endpoint 'LitZhu.WebApi.Controllers.Article.ArticleController.FindArticle (LitZhu.WebApi)' 
2024-04-01 17:10:17.9859|TRACE|Microsoft.AspNetCore.Routing.EndpointRoutingMiddleware|The endpoint does not specify the IRequestSizeLimitMetadata. 
2024-04-01 17:10:17.9859|DEBUG|Microsoft.AspNetCore.StaticFiles.StaticFileMiddleware|Static files was skipped as the request already matched an endpoint. 
2024-04-01 17:10:18.0378|DEBUG|Microsoft.AspNetCore.Authentication.JwtBearer.JwtBearerHandler|Successfully validated the token. 
2024-04-01 17:10:18.0378|DEBUG|Microsoft.AspNetCore.Authentication.JwtBearer.JwtBearerHandler|AuthenticationScheme: Bearer was successfully authenticated. 
2024-04-01 17:10:18.0378|INFO|Microsoft.AspNetCore.Routing.EndpointMiddleware|Executing endpoint 'LitZhu.WebApi.Controllers.Article.ArticleController.FindArticle (LitZhu.WebApi)' 
2024-04-01 17:10:18.0378|INFO|Microsoft.AspNetCore.Mvc.Infrastructure.ControllerActionInvoker|Route matched with {action = "FindArticle", controller = "Article"}. Executing controller action with signature System.Threading.Tasks.Task`1[Microsoft.AspNetCore.Mvc.ActionResult`1[Article.Domain.DTO.ArticleDto]] FindArticle(System.Guid) on controller LitZhu.WebApi.Controllers.Article.ArticleController (LitZhu.WebApi). 
2024-04-01 17:10:18.0378|DEBUG|Microsoft.AspNetCore.Mvc.Infrastructure.ControllerActionInvoker|Execution plan of authorization filters (in the following order): None 
2024-04-01 17:10:18.0378|DEBUG|Microsoft.AspNetCore.Mvc.Infrastructure.ControllerActionInvoker|Execution plan of resource filters (in the following order): None 
2024-04-01 17:10:18.0378|DEBUG|Microsoft.AspNetCore.Mvc.Infrastructure.ControllerActionInvoker|Execution plan of action filters (in the following order): Microsoft.AspNetCore.Mvc.ModelBinding.UnsupportedContentTypeFilter (Order: -3000), Microsoft.AspNetCore.Mvc.Infrastructure.ModelStateInvalidFilter (Order: -2000) 
2024-04-01 17:10:18.0378|DEBUG|Microsoft.AspNetCore.Mvc.Infrastructure.ControllerActionInvoker|Execution plan of exception filters (in the following order): None 
2024-04-01 17:10:18.0378|DEBUG|Microsoft.AspNetCore.Mvc.Infrastructure.ControllerActionInvoker|Execution plan of result filters (in the following order): Microsoft.AspNetCore.Mvc.Infrastructure.ClientErrorResultFilter (Order: -2000) 
2024-04-01 17:10:18.0378|DEBUG|Microsoft.AspNetCore.Mvc.Infrastructure.ControllerActionInvoker|Executing controller factory for controller LitZhu.WebApi.Controllers.Article.ArticleController (LitZhu.WebApi) 
2024-04-01 17:10:18.0497|DEBUG|Microsoft.EntityFrameworkCore.Infrastructure|Entity Framework Core 8.0.1 initialized 'ArticleDbContext' using provider 'Pomelo.EntityFrameworkCore.MySql:8.0.1' with options: ServerVersion=8.0.23-mysql  
2024-04-01 17:10:18.0497|DEBUG|Microsoft.AspNetCore.Mvc.Infrastructure.ControllerActionInvoker|Executed controller factory for controller LitZhu.WebApi.Controllers.Article.ArticleController (LitZhu.WebApi) 
2024-04-01 17:10:18.0497|DEBUG|Microsoft.AspNetCore.Mvc.ModelBinding.ParameterBinder|Attempting to bind parameter 'articleId' of type 'System.Guid' ... 
2024-04-01 17:10:18.0497|DEBUG|Microsoft.AspNetCore.Mvc.ModelBinding.Binders.SimpleTypeModelBinder|Attempting to bind parameter 'articleId' of type 'System.Guid' using the name 'articleId' in request data ... 
2024-04-01 17:10:18.0497|DEBUG|Microsoft.AspNetCore.Mvc.ModelBinding.Binders.SimpleTypeModelBinder|Done attempting to bind parameter 'articleId' of type 'System.Guid'. 
2024-04-01 17:10:18.0497|DEBUG|Microsoft.AspNetCore.Mvc.ModelBinding.ParameterBinder|Done attempting to bind parameter 'articleId' of type 'System.Guid'. 
2024-04-01 17:10:18.0497|DEBUG|Microsoft.AspNetCore.Mvc.ModelBinding.ParameterBinder|Attempting to validate the bound parameter 'articleId' of type 'System.Guid' ... 
2024-04-01 17:10:18.0497|DEBUG|Microsoft.AspNetCore.Mvc.ModelBinding.ParameterBinder|Done attempting to validate the bound parameter 'articleId' of type 'System.Guid'. 
2024-04-01 17:10:18.0497|TRACE|Microsoft.AspNetCore.Mvc.Infrastructure.ControllerActionInvoker|Action Filter: Before executing OnActionExecuting on filter Microsoft.AspNetCore.Mvc.ModelBinding.UnsupportedContentTypeFilter. 
2024-04-01 17:10:18.0497|TRACE|Microsoft.AspNetCore.Mvc.Infrastructure.ControllerActionInvoker|Action Filter: After executing OnActionExecuting on filter Microsoft.AspNetCore.Mvc.ModelBinding.UnsupportedContentTypeFilter. 
2024-04-01 17:10:18.0497|TRACE|Microsoft.AspNetCore.Mvc.Infrastructure.ControllerActionInvoker|Action Filter: Before executing OnActionExecuting on filter Microsoft.AspNetCore.Mvc.Infrastructure.ModelStateInvalidFilter. 
2024-04-01 17:10:18.0497|TRACE|Microsoft.AspNetCore.Mvc.Infrastructure.ControllerActionInvoker|Action Filter: After executing OnActionExecuting on filter Microsoft.AspNetCore.Mvc.Infrastructure.ModelStateInvalidFilter. 
2024-04-01 17:10:18.0497|INFO|Microsoft.AspNetCore.Mvc.Infrastructure.ControllerActionInvoker|Executing action method LitZhu.WebApi.Controllers.Article.ArticleController.FindArticle (LitZhu.WebApi) - Validation state: Valid 
2024-04-01 17:10:18.0497|TRACE|Microsoft.AspNetCore.Mvc.Infrastructure.ControllerActionInvoker|Executing action method LitZhu.WebApi.Controllers.Article.ArticleController.FindArticle (LitZhu.WebApi) with arguments (55cf279d-9122-4679-990d-89ee0e59e20e) 
2024-04-01 17:10:18.0497|DEBUG|Microsoft.EntityFrameworkCore.Query|Compiling query expression: 
'DbSet<Articles>()
    .Include(x => x.Comments)
    .Include(x => x.ArticleTagsList)
    .ThenInclude(at => at.Tags)
    .FirstOrDefault(x => x.Id == __articleId_0)' 
2024-04-01 17:10:18.0497|DEBUG|Microsoft.EntityFrameworkCore.Query|Including navigation: 'Articles.Comments'. 
2024-04-01 17:10:18.0497|DEBUG|Microsoft.EntityFrameworkCore.Query|Including navigation: 'Articles.ArticleTagsList'. 
2024-04-01 17:10:18.0497|DEBUG|Microsoft.EntityFrameworkCore.Query|Including navigation: 'ArticleTags.Tags'. 
2024-04-01 17:10:18.0796|WARN|Microsoft.EntityFrameworkCore.Query|Compiling a query which loads related collections for more than one collection navigation, either via 'Include' or through projection, but no 'QuerySplittingBehavior' has been configured. By default, Entity Framework will use 'QuerySplittingBehavior.SingleQuery', which can potentially result in slow query performance. See https://go.microsoft.com/fwlink/?linkid=2134277 for more information. To identify the query that's triggering this warning call 'ConfigureWarnings(w => w.Throw(RelationalEventId.MultipleCollectionIncludeWarning))'. 
2024-04-01 17:10:18.0865|DEBUG|Microsoft.EntityFrameworkCore.Query|Generated query execution expression: 
'queryContext => ShapedQueryCompilingExpressionVisitor.SingleOrDefaultAsync<Articles>(
    asyncEnumerable: new SingleQueryingEnumerable<Articles>(
        (RelationalQueryContext)queryContext, 
        RelationalCommandCache.QueryExpression(
            Client Projections:
                0 -> Dictionary<IProperty, int> { [Property: Articles.Id (Guid) Required PK AfterSave:Throw ValueGenerated.OnAdd, 0], [Property: Articles.Content (string) Required, 1], [Property: Articles.CreationTime (DateTime) Required, 2], [Property: Articles.DeletionTime (DateTime?), 3], [Property: Articles.Desc (string) Required, 4], [Property: Articles.Image (string) Required, 5], [Property: Articles.IsDeleted (bool) Required Index, 6], [Property: Articles.LastModificationTime (DateTime?), 7], [Property: Articles.Likes (int) Required, 8], [Property: Articles.Title (string) Required Index MaxLength(20), 9], [Property: Articles.UserId (Guid) Required, 10], [Property: Articles.Views (int) Required, 11] }
                1 -> 0
                2 -> Dictionary<IProperty, int> { [Property: Comments.Id (Guid) Required PK AfterSave:Throw ValueGenerated.OnAdd, 12], [Property: Comments.ArticleId (Guid) Required FK Index, 13], [Property: Comments.Content (string) Required MaxLength(1000), 14], [Property: Comments.CreationTime (DateTime) Required, 15], [Property: Comments.LastModificationTime (DateTime?), 16], [Property: Comments.Likes (int) Required, 17], [Property: Comments.PId (Guid) Required, 18], [Property: Comments.Path (string) Required, 19], [Property: Comments.UserId (Guid) Required, 20] }
                3 -> 12
                4 -> Dictionary<IProperty, int> { [Property: ArticleTags.ArticleId (Guid) Required PK FK AfterSave:Throw, 21], [Property: ArticleTags.TagId (Guid) Required PK FK Index AfterSave:Throw, 22] }
                5 -> Dictionary<IProperty, int> { [Property: Tags.Id (Guid) Required PK AfterSave:Throw ValueGenerated.OnAdd, 23], [Property: Tags.CreationTime (DateTime) Required, 24], [Property: Tags.DeletionTime (DateTime?), 25], [Property: Tags.IsDeleted (bool) Required Index, 26], [Property: Tags.LastModificationTime (DateTime?), 27], [Property: Tags.TagName (string) Required MaxLength(10), 28] }
                6 -> 21
                7 -> 22
                8 -> 23
            SELECT t.Id, t.Content, t.CreationTime, t.DeletionTime, t.Desc, t.Image, t.IsDeleted, t.LastModificationTime, t.Likes, t.Title, t.UserId, t.Views, c.Id, c.ArticleId, c.Content, c.CreationTime, c.LastModificationTime, c.Likes, c.PId, c.Path, c.UserId, t1.ArticleId, t1.TagId, t1.Id, t1.CreationTime, t1.DeletionTime, t1.IsDeleted, t1.LastModificationTime, t1.TagName
            FROM 
            (
                SELECT TOP(1) a.Id, a.Content, a.CreationTime, a.DeletionTime, a.Desc, a.Image, a.IsDeleted, a.LastModificationTime, a.Likes, a.Title, a.UserId, a.Views
                FROM Articles AS a
                WHERE (a.IsDeleted == FALSE) && (a.Id == @__articleId_0)
            ) AS t
            LEFT JOIN Comments AS c ON t.Id == c.ArticleId
            LEFT JOIN 
            (
                SELECT a0.ArticleId, a0.TagId, t0.Id, t0.CreationTime, t0.DeletionTime, t0.IsDeleted, t0.LastModificationTime, t0.TagName
                FROM Articles_Tags AS a0
                INNER JOIN 
                (
                    SELECT t2.Id, t2.CreationTime, t2.DeletionTime, t2.IsDeleted, t2.LastModificationTime, t2.TagName
                    FROM Tags AS t2
                    WHERE t2.IsDeleted == FALSE
                ) AS t0 ON a0.TagId == t0.Id
            ) AS t1 ON t.Id == t1.ArticleId
            ORDER BY t.Id ASC, c.Id ASC, t1.ArticleId ASC, t1.TagId ASC), 
        null, 
        Func<QueryContext, DbDataReader, ResultContext, SingleQueryResultCoordinator, Articles>, 
        Article.Infrastructure.ArticleDbContext, 
        False, 
        False, 
        True
    ), 
    cancellationToken: queryContext.CancellationToken)' 
2024-04-01 17:10:18.0865|DEBUG|Microsoft.EntityFrameworkCore.Database.Connection|Creating DbConnection. 
2024-04-01 17:10:18.0865|DEBUG|Microsoft.EntityFrameworkCore.Database.Connection|Created DbConnection. (0ms). 
2024-04-01 17:10:18.0865|DEBUG|Microsoft.EntityFrameworkCore.Database.Connection|Opening connection to database 'LitZhu' on server 'localhost'. 
2024-04-01 17:10:18.0865|DEBUG|Microsoft.EntityFrameworkCore.Database.Connection|Opened connection to database 'LitZhu' on server 'localhost'. 
2024-04-01 17:10:18.0865|DEBUG|Microsoft.EntityFrameworkCore.Database.Command|Creating DbCommand for 'ExecuteReader'. 
2024-04-01 17:10:18.0865|DEBUG|Microsoft.EntityFrameworkCore.Database.Command|Created DbCommand for 'ExecuteReader' (0ms). 
2024-04-01 17:10:18.0865|DEBUG|Microsoft.EntityFrameworkCore.Database.Command|Initialized DbCommand for 'ExecuteReader' (0ms). 
2024-04-01 17:10:18.0865|DEBUG|Microsoft.EntityFrameworkCore.Database.Command|Executing DbCommand [Parameters=[@__articleId_0='?' (DbType = Guid)], CommandType='Text', CommandTimeout='30']
SELECT `t`.`Id`, `t`.`Content`, `t`.`CreationTime`, `t`.`DeletionTime`, `t`.`Desc`, `t`.`Image`, `t`.`IsDeleted`, `t`.`LastModificationTime`, `t`.`Likes`, `t`.`Title`, `t`.`UserId`, `t`.`Views`, `c`.`Id`, `c`.`ArticleId`, `c`.`Content`, `c`.`CreationTime`, `c`.`LastModificationTime`, `c`.`Likes`, `c`.`PId`, `c`.`Path`, `c`.`UserId`, `t1`.`ArticleId`, `t1`.`TagId`, `t1`.`Id`, `t1`.`CreationTime`, `t1`.`DeletionTime`, `t1`.`IsDeleted`, `t1`.`LastModificationTime`, `t1`.`TagName`
FROM (
    SELECT `a`.`Id`, `a`.`Content`, `a`.`CreationTime`, `a`.`DeletionTime`, `a`.`Desc`, `a`.`Image`, `a`.`IsDeleted`, `a`.`LastModificationTime`, `a`.`Likes`, `a`.`Title`, `a`.`UserId`, `a`.`Views`
    FROM `Articles` AS `a`
    WHERE NOT (`a`.`IsDeleted`) AND (`a`.`Id` = @__articleId_0)
    LIMIT 1
) AS `t`
LEFT JOIN `Comments` AS `c` ON `t`.`Id` = `c`.`ArticleId`
LEFT JOIN (
    SELECT `a0`.`ArticleId`, `a0`.`TagId`, `t0`.`Id`, `t0`.`CreationTime`, `t0`.`DeletionTime`, `t0`.`IsDeleted`, `t0`.`LastModificationTime`, `t0`.`TagName`
    FROM `Articles_Tags` AS `a0`
    INNER JOIN (
        SELECT `t2`.`Id`, `t2`.`CreationTime`, `t2`.`DeletionTime`, `t2`.`IsDeleted`, `t2`.`LastModificationTime`, `t2`.`TagName`
        FROM `Tags` AS `t2`
        WHERE NOT (`t2`.`IsDeleted`)
    ) AS `t0` ON `a0`.`TagId` = `t0`.`Id`
) AS `t1` ON `t`.`Id` = `t1`.`ArticleId`
ORDER BY `t`.`Id`, `c`.`Id`, `t1`.`ArticleId`, `t1`.`TagId` 
2024-04-01 17:10:18.0999|INFO|Microsoft.EntityFrameworkCore.Database.Command|Executed DbCommand (9ms) [Parameters=[@__articleId_0='?' (DbType = Guid)], CommandType='Text', CommandTimeout='30']
SELECT `t`.`Id`, `t`.`Content`, `t`.`CreationTime`, `t`.`DeletionTime`, `t`.`Desc`, `t`.`Image`, `t`.`IsDeleted`, `t`.`LastModificationTime`, `t`.`Likes`, `t`.`Title`, `t`.`UserId`, `t`.`Views`, `c`.`Id`, `c`.`ArticleId`, `c`.`Content`, `c`.`CreationTime`, `c`.`LastModificationTime`, `c`.`Likes`, `c`.`PId`, `c`.`Path`, `c`.`UserId`, `t1`.`ArticleId`, `t1`.`TagId`, `t1`.`Id`, `t1`.`CreationTime`, `t1`.`DeletionTime`, `t1`.`IsDeleted`, `t1`.`LastModificationTime`, `t1`.`TagName`
FROM (
    SELECT `a`.`Id`, `a`.`Content`, `a`.`CreationTime`, `a`.`DeletionTime`, `a`.`Desc`, `a`.`Image`, `a`.`IsDeleted`, `a`.`LastModificationTime`, `a`.`Likes`, `a`.`Title`, `a`.`UserId`, `a`.`Views`
    FROM `Articles` AS `a`
    WHERE NOT (`a`.`IsDeleted`) AND (`a`.`Id` = @__articleId_0)
    LIMIT 1
) AS `t`
LEFT JOIN `Comments` AS `c` ON `t`.`Id` = `c`.`ArticleId`
LEFT JOIN (
    SELECT `a0`.`ArticleId`, `a0`.`TagId`, `t0`.`Id`, `t0`.`CreationTime`, `t0`.`DeletionTime`, `t0`.`IsDeleted`, `t0`.`LastModificationTime`, `t0`.`TagName`
    FROM `Articles_Tags` AS `a0`
    INNER JOIN (
        SELECT `t2`.`Id`, `t2`.`CreationTime`, `t2`.`DeletionTime`, `t2`.`IsDeleted`, `t2`.`LastModificationTime`, `t2`.`TagName`
        FROM `Tags` AS `t2`
        WHERE NOT (`t2`.`IsDeleted`)
    ) AS `t0` ON `a0`.`TagId` = `t0`.`Id`
) AS `t1` ON `t`.`Id` = `t1`.`ArticleId`
ORDER BY `t`.`Id`, `c`.`Id`, `t1`.`ArticleId`, `t1`.`TagId` 
2024-04-01 17:10:18.0999|DEBUG|Microsoft.EntityFrameworkCore.ChangeTracking|Context 'ArticleDbContext' started tracking 'Articles' entity. Consider using 'DbContextOptionsBuilder.EnableSensitiveDataLogging' to see key values. 
2024-04-01 17:10:18.0999|DEBUG|Microsoft.EntityFrameworkCore.Database.Command|Closing data reader to 'LitZhu' on server 'localhost'. 
2024-04-01 17:10:18.0999|DEBUG|Microsoft.EntityFrameworkCore.Database.Command|A data reader for 'LitZhu' on server 'localhost' is being disposed after spending 0ms reading results. 
2024-04-01 17:10:18.0999|DEBUG|Microsoft.EntityFrameworkCore.Database.Connection|Closing connection to database 'LitZhu' on server 'localhost'. 
2024-04-01 17:10:18.0999|DEBUG|Microsoft.EntityFrameworkCore.Database.Connection|Closed connection to database 'LitZhu' on server 'localhost' (0ms). 
2024-04-01 17:10:18.0999|INFO|Microsoft.AspNetCore.Mvc.Infrastructure.ControllerActionInvoker|Executed action method LitZhu.WebApi.Controllers.Article.ArticleController.FindArticle (LitZhu.WebApi), returned result Microsoft.AspNetCore.Mvc.OkObjectResult in 50.4441ms. 
2024-04-01 17:10:18.0999|TRACE|Microsoft.AspNetCore.Mvc.Infrastructure.ControllerActionInvoker|Action Filter: Before executing OnActionExecuted on filter Microsoft.AspNetCore.Mvc.Infrastructure.ModelStateInvalidFilter. 
2024-04-01 17:10:18.0999|TRACE|Microsoft.AspNetCore.Mvc.Infrastructure.ControllerActionInvoker|Action Filter: After executing OnActionExecuted on filter Microsoft.AspNetCore.Mvc.Infrastructure.ModelStateInvalidFilter. 
2024-04-01 17:10:18.0999|TRACE|Microsoft.AspNetCore.Mvc.Infrastructure.ControllerActionInvoker|Action Filter: Before executing OnActionExecuted on filter Microsoft.AspNetCore.Mvc.ModelBinding.UnsupportedContentTypeFilter. 
2024-04-01 17:10:18.0999|TRACE|Microsoft.AspNetCore.Mvc.Infrastructure.ControllerActionInvoker|Action Filter: After executing OnActionExecuted on filter Microsoft.AspNetCore.Mvc.ModelBinding.UnsupportedContentTypeFilter. 
2024-04-01 17:10:18.0999|TRACE|Microsoft.AspNetCore.Mvc.Infrastructure.ControllerActionInvoker|Result Filter: Before executing OnResultExecuting on filter Microsoft.AspNetCore.Mvc.Infrastructure.ClientErrorResultFilter. 
2024-04-01 17:10:18.0999|TRACE|Microsoft.AspNetCore.Mvc.Infrastructure.ControllerActionInvoker|Result Filter: After executing OnResultExecuting on filter Microsoft.AspNetCore.Mvc.Infrastructure.ClientErrorResultFilter. 
2024-04-01 17:10:18.0999|TRACE|Microsoft.AspNetCore.Mvc.Infrastructure.ControllerActionInvoker|Before executing action result Microsoft.AspNetCore.Mvc.OkObjectResult. 
2024-04-01 17:10:18.0999|DEBUG|Microsoft.AspNetCore.Mvc.Infrastructure.DefaultOutputFormatterSelector|List of registered output formatters, in the following order: Microsoft.AspNetCore.Mvc.Formatters.HttpNoContentOutputFormatter, Microsoft.AspNetCore.Mvc.Formatters.StringOutputFormatter, Microsoft.AspNetCore.Mvc.Formatters.StreamOutputFormatter, Microsoft.AspNetCore.Mvc.Formatters.NewtonsoftJsonOutputFormatter 
2024-04-01 17:10:18.0999|DEBUG|Microsoft.AspNetCore.Mvc.Infrastructure.DefaultOutputFormatterSelector|No information found on request to perform content negotiation. 
2024-04-01 17:10:18.0999|DEBUG|Microsoft.AspNetCore.Mvc.Infrastructure.DefaultOutputFormatterSelector|Attempting to select an output formatter without using a content type as no explicit content types were specified for the response. 
2024-04-01 17:10:18.0999|DEBUG|Microsoft.AspNetCore.Mvc.Infrastructure.DefaultOutputFormatterSelector|Attempting to select the first formatter in the output formatters list which can write the result. 
2024-04-01 17:10:18.0999|DEBUG|Microsoft.AspNetCore.Mvc.Infrastructure.DefaultOutputFormatterSelector|Selected output formatter 'Microsoft.AspNetCore.Mvc.Formatters.NewtonsoftJsonOutputFormatter' and content type 'application/json' to write the response. 
2024-04-01 17:10:18.0999|INFO|Microsoft.AspNetCore.Mvc.Infrastructure.ObjectResultExecutor|Executing OkObjectResult, writing value of type 'LitZhu.WebApi.R'. 
2024-04-01 17:10:18.0999|TRACE|Microsoft.AspNetCore.Mvc.Infrastructure.ControllerActionInvoker|After executing action result Microsoft.AspNetCore.Mvc.OkObjectResult. 
2024-04-01 17:10:18.0999|TRACE|Microsoft.AspNetCore.Mvc.Infrastructure.ControllerActionInvoker|Result Filter: Before executing OnResultExecuted on filter Microsoft.AspNetCore.Mvc.Infrastructure.ClientErrorResultFilter. 
2024-04-01 17:10:18.0999|TRACE|Microsoft.AspNetCore.Mvc.Infrastructure.ControllerActionInvoker|Result Filter: After executing OnResultExecuted on filter Microsoft.AspNetCore.Mvc.Infrastructure.ClientErrorResultFilter. 
2024-04-01 17:10:18.0999|INFO|Microsoft.AspNetCore.Mvc.Infrastructure.ControllerActionInvoker|Executed action LitZhu.WebApi.Controllers.Article.ArticleController.FindArticle (LitZhu.WebApi) in 57.6316ms 
2024-04-01 17:10:18.0999|INFO|Microsoft.AspNetCore.Routing.EndpointMiddleware|Executed endpoint 'LitZhu.WebApi.Controllers.Article.ArticleController.FindArticle (LitZhu.WebApi)' 
2024-04-01 17:10:18.0999|DEBUG|Microsoft.AspNetCore.Server.Kestrel.Connections|Connection id "0HN2I5B9NP6UJ" completed keep alive response. 
2024-04-01 17:10:18.0999|DEBUG|Microsoft.EntityFrameworkCore.Infrastructure|'ArticleDbContext' disposed. 
2024-04-01 17:10:18.0999|DEBUG|Microsoft.EntityFrameworkCore.Database.Connection|Disposing connection to database 'LitZhu' on server 'localhost'. 
2024-04-01 17:10:18.0999|DEBUG|Microsoft.EntityFrameworkCore.Database.Connection|Disposed connection to database 'LitZhu' on server 'localhost' (0ms). 
2024-04-01 17:10:18.0999|INFO|Microsoft.AspNetCore.Hosting.Diagnostics|Request finished HTTP/1.1 GET https://localhost:7290/api/Article/55cf279d-9122-4679-990d-89ee0e59e20e - 200 470 application/json;+charset=utf-8 119.0610ms 
2024-04-01 17:10:18.0999|DEBUG|Microsoft.AspNetCore.Server.Kestrel.Transport.Sockets|Connection id "0HN2I5B9NP6UJ" received FIN. 
2024-04-01 17:10:18.0999|DEBUG|Microsoft.AspNetCore.Server.Kestrel.Transport.Sockets|Connection id "0HN2I5B9NP6UJ" sending FIN because: "The Socket transport's send loop completed gracefully." 
2024-04-01 17:10:18.0999|DEBUG|Microsoft.AspNetCore.Server.Kestrel.Connections|Connection id "0HN2I5B9NP6UJ" disconnecting. 
2024-04-01 17:10:18.0999|DEBUG|Microsoft.AspNetCore.Server.Kestrel.Connections|Connection id "0HN2I5B9NP6UJ" stopped. 
2024-04-01 17:10:41.6482|DEBUG|Microsoft.AspNetCore.Server.Kestrel.Connections|Connection id "0HN2I5B9NP6UK" accepted. 
2024-04-01 17:10:41.6482|DEBUG|Microsoft.AspNetCore.Server.Kestrel.Connections|Connection id "0HN2I5B9NP6UK" started. 
2024-04-01 17:10:41.6658|DEBUG|Microsoft.AspNetCore.Server.Kestrel.Https.Internal.HttpsConnectionMiddleware|Connection 0HN2I5B9NP6UK established using the following protocol: Tls13 
2024-04-01 17:10:41.6658|INFO|Microsoft.AspNetCore.Hosting.Diagnostics|Request starting HTTP/1.1 GET https://localhost:7290/api/ArticleTags/45026b26-8941-4bca-807a-06481f145aa5/Tags - application/json - 
2024-04-01 17:10:41.6658|TRACE|Microsoft.AspNetCore.HostFiltering.HostFilteringMiddleware|All hosts are allowed. 
2024-04-01 17:10:41.6658|DEBUG|Microsoft.AspNetCore.Routing.Matching.DfaMatcher|1 candidate(s) found for the request path '/api/ArticleTags/45026b26-8941-4bca-807a-06481f145aa5/Tags' 
2024-04-01 17:10:41.6658|DEBUG|Microsoft.AspNetCore.Routing.Matching.DfaMatcher|Endpoint 'LitZhu.WebApi.Controllers.Article.ArticleTagsController.GetArticleTags (LitZhu.WebApi)' with route pattern 'api/ArticleTags/{articleId}/Tags' is valid for the request path '/api/ArticleTags/45026b26-8941-4bca-807a-06481f145aa5/Tags' 
2024-04-01 17:10:41.6658|DEBUG|Microsoft.AspNetCore.Routing.EndpointRoutingMiddleware|Request matched endpoint 'LitZhu.WebApi.Controllers.Article.ArticleTagsController.GetArticleTags (LitZhu.WebApi)' 
2024-04-01 17:10:41.6658|TRACE|Microsoft.AspNetCore.Routing.EndpointRoutingMiddleware|The endpoint does not specify the IRequestSizeLimitMetadata. 
2024-04-01 17:10:41.6658|DEBUG|Microsoft.AspNetCore.StaticFiles.StaticFileMiddleware|Static files was skipped as the request already matched an endpoint. 
2024-04-01 17:10:41.6658|DEBUG|Microsoft.AspNetCore.Authentication.JwtBearer.JwtBearerHandler|Successfully validated the token. 
2024-04-01 17:10:41.6658|DEBUG|Microsoft.AspNetCore.Authentication.JwtBearer.JwtBearerHandler|AuthenticationScheme: Bearer was successfully authenticated. 
2024-04-01 17:10:41.6658|INFO|Microsoft.AspNetCore.Routing.EndpointMiddleware|Executing endpoint 'LitZhu.WebApi.Controllers.Article.ArticleTagsController.GetArticleTags (LitZhu.WebApi)' 
2024-04-01 17:10:41.6762|INFO|Microsoft.AspNetCore.Mvc.Infrastructure.ControllerActionInvoker|Route matched with {action = "GetArticleTags", controller = "ArticleTags"}. Executing controller action with signature System.Threading.Tasks.Task`1[Microsoft.AspNetCore.Mvc.ActionResult`1[System.Collections.Generic.List`1[Article.Domain.DTO.TagDto]]] GetArticleTags(System.Guid) on controller LitZhu.WebApi.Controllers.Article.ArticleTagsController (LitZhu.WebApi). 
2024-04-01 17:10:41.6762|DEBUG|Microsoft.AspNetCore.Mvc.Infrastructure.ControllerActionInvoker|Execution plan of authorization filters (in the following order): None 
2024-04-01 17:10:41.6762|DEBUG|Microsoft.AspNetCore.Mvc.Infrastructure.ControllerActionInvoker|Execution plan of resource filters (in the following order): None 
2024-04-01 17:10:41.6762|DEBUG|Microsoft.AspNetCore.Mvc.Infrastructure.ControllerActionInvoker|Execution plan of action filters (in the following order): Microsoft.AspNetCore.Mvc.ModelBinding.UnsupportedContentTypeFilter (Order: -3000), Microsoft.AspNetCore.Mvc.Infrastructure.ModelStateInvalidFilter (Order: -2000) 
2024-04-01 17:10:41.6762|DEBUG|Microsoft.AspNetCore.Mvc.Infrastructure.ControllerActionInvoker|Execution plan of exception filters (in the following order): None 
2024-04-01 17:10:41.6762|DEBUG|Microsoft.AspNetCore.Mvc.Infrastructure.ControllerActionInvoker|Execution plan of result filters (in the following order): Microsoft.AspNetCore.Mvc.Infrastructure.ClientErrorResultFilter (Order: -2000) 
2024-04-01 17:10:41.6762|DEBUG|Microsoft.AspNetCore.Mvc.Infrastructure.ControllerActionInvoker|Executing controller factory for controller LitZhu.WebApi.Controllers.Article.ArticleTagsController (LitZhu.WebApi) 
2024-04-01 17:10:41.6762|DEBUG|Microsoft.EntityFrameworkCore.Infrastructure|Entity Framework Core 8.0.1 initialized 'ArticleDbContext' using provider 'Pomelo.EntityFrameworkCore.MySql:8.0.1' with options: ServerVersion=8.0.23-mysql  
2024-04-01 17:10:41.6762|DEBUG|Microsoft.AspNetCore.Mvc.Infrastructure.ControllerActionInvoker|Executed controller factory for controller LitZhu.WebApi.Controllers.Article.ArticleTagsController (LitZhu.WebApi) 
2024-04-01 17:10:41.6762|DEBUG|Microsoft.AspNetCore.Mvc.ModelBinding.ParameterBinder|Attempting to bind parameter 'articleId' of type 'System.Guid' ... 
2024-04-01 17:10:41.6762|DEBUG|Microsoft.AspNetCore.Mvc.ModelBinding.Binders.SimpleTypeModelBinder|Attempting to bind parameter 'articleId' of type 'System.Guid' using the name 'articleId' in request data ... 
2024-04-01 17:10:41.6762|DEBUG|Microsoft.AspNetCore.Mvc.ModelBinding.Binders.SimpleTypeModelBinder|Done attempting to bind parameter 'articleId' of type 'System.Guid'. 
2024-04-01 17:10:41.6762|DEBUG|Microsoft.AspNetCore.Mvc.ModelBinding.ParameterBinder|Done attempting to bind parameter 'articleId' of type 'System.Guid'. 
2024-04-01 17:10:41.6762|DEBUG|Microsoft.AspNetCore.Mvc.ModelBinding.ParameterBinder|Attempting to validate the bound parameter 'articleId' of type 'System.Guid' ... 
2024-04-01 17:10:41.6762|DEBUG|Microsoft.AspNetCore.Mvc.ModelBinding.ParameterBinder|Done attempting to validate the bound parameter 'articleId' of type 'System.Guid'. 
2024-04-01 17:10:41.6762|TRACE|Microsoft.AspNetCore.Mvc.Infrastructure.ControllerActionInvoker|Action Filter: Before executing OnActionExecuting on filter Microsoft.AspNetCore.Mvc.ModelBinding.UnsupportedContentTypeFilter. 
2024-04-01 17:10:41.6762|TRACE|Microsoft.AspNetCore.Mvc.Infrastructure.ControllerActionInvoker|Action Filter: After executing OnActionExecuting on filter Microsoft.AspNetCore.Mvc.ModelBinding.UnsupportedContentTypeFilter. 
2024-04-01 17:10:41.6762|TRACE|Microsoft.AspNetCore.Mvc.Infrastructure.ControllerActionInvoker|Action Filter: Before executing OnActionExecuting on filter Microsoft.AspNetCore.Mvc.Infrastructure.ModelStateInvalidFilter. 
2024-04-01 17:10:41.6762|TRACE|Microsoft.AspNetCore.Mvc.Infrastructure.ControllerActionInvoker|Action Filter: After executing OnActionExecuting on filter Microsoft.AspNetCore.Mvc.Infrastructure.ModelStateInvalidFilter. 
2024-04-01 17:10:41.6762|INFO|Microsoft.AspNetCore.Mvc.Infrastructure.ControllerActionInvoker|Executing action method LitZhu.WebApi.Controllers.Article.ArticleTagsController.GetArticleTags (LitZhu.WebApi) - Validation state: Valid 
2024-04-01 17:10:41.6762|TRACE|Microsoft.AspNetCore.Mvc.Infrastructure.ControllerActionInvoker|Executing action method LitZhu.WebApi.Controllers.Article.ArticleTagsController.GetArticleTags (LitZhu.WebApi) with arguments (45026b26-8941-4bca-807a-06481f145aa5) 
2024-04-01 17:10:41.6762|DEBUG|Microsoft.EntityFrameworkCore.Database.Connection|Creating DbConnection. 
2024-04-01 17:10:41.6762|DEBUG|Microsoft.EntityFrameworkCore.Database.Connection|Created DbConnection. (0ms). 
2024-04-01 17:10:41.6762|DEBUG|Microsoft.EntityFrameworkCore.Database.Connection|Opening connection to database 'LitZhu' on server 'localhost'. 
2024-04-01 17:10:41.6762|DEBUG|Microsoft.EntityFrameworkCore.Database.Connection|Opened connection to database 'LitZhu' on server 'localhost'. 
2024-04-01 17:10:41.6896|DEBUG|Microsoft.EntityFrameworkCore.Database.Command|Creating DbCommand for 'ExecuteReader'. 
2024-04-01 17:10:41.6896|DEBUG|Microsoft.EntityFrameworkCore.Database.Command|Created DbCommand for 'ExecuteReader' (0ms). 
2024-04-01 17:10:41.6896|DEBUG|Microsoft.EntityFrameworkCore.Database.Command|Initialized DbCommand for 'ExecuteReader' (0ms). 
2024-04-01 17:10:41.6896|DEBUG|Microsoft.EntityFrameworkCore.Database.Command|Executing DbCommand [Parameters=[@__articleId_0='?' (DbType = Guid)], CommandType='Text', CommandTimeout='30']
SELECT `t`.`Id`, `t`.`Content`, `t`.`CreationTime`, `t`.`DeletionTime`, `t`.`Desc`, `t`.`Image`, `t`.`IsDeleted`, `t`.`LastModificationTime`, `t`.`Likes`, `t`.`Title`, `t`.`UserId`, `t`.`Views`, `c`.`Id`, `c`.`ArticleId`, `c`.`Content`, `c`.`CreationTime`, `c`.`LastModificationTime`, `c`.`Likes`, `c`.`PId`, `c`.`Path`, `c`.`UserId`, `t1`.`ArticleId`, `t1`.`TagId`, `t1`.`Id`, `t1`.`CreationTime`, `t1`.`DeletionTime`, `t1`.`IsDeleted`, `t1`.`LastModificationTime`, `t1`.`TagName`
FROM (
    SELECT `a`.`Id`, `a`.`Content`, `a`.`CreationTime`, `a`.`DeletionTime`, `a`.`Desc`, `a`.`Image`, `a`.`IsDeleted`, `a`.`LastModificationTime`, `a`.`Likes`, `a`.`Title`, `a`.`UserId`, `a`.`Views`
    FROM `Articles` AS `a`
    WHERE NOT (`a`.`IsDeleted`) AND (`a`.`Id` = @__articleId_0)
    LIMIT 1
) AS `t`
LEFT JOIN `Comments` AS `c` ON `t`.`Id` = `c`.`ArticleId`
LEFT JOIN (
    SELECT `a0`.`ArticleId`, `a0`.`TagId`, `t0`.`Id`, `t0`.`CreationTime`, `t0`.`DeletionTime`, `t0`.`IsDeleted`, `t0`.`LastModificationTime`, `t0`.`TagName`
    FROM `Articles_Tags` AS `a0`
    INNER JOIN (
        SELECT `t2`.`Id`, `t2`.`CreationTime`, `t2`.`DeletionTime`, `t2`.`IsDeleted`, `t2`.`LastModificationTime`, `t2`.`TagName`
        FROM `Tags` AS `t2`
        WHERE NOT (`t2`.`IsDeleted`)
    ) AS `t0` ON `a0`.`TagId` = `t0`.`Id`
) AS `t1` ON `t`.`Id` = `t1`.`ArticleId`
ORDER BY `t`.`Id`, `c`.`Id`, `t1`.`ArticleId`, `t1`.`TagId` 
2024-04-01 17:10:41.6896|INFO|Microsoft.EntityFrameworkCore.Database.Command|Executed DbCommand (15ms) [Parameters=[@__articleId_0='?' (DbType = Guid)], CommandType='Text', CommandTimeout='30']
SELECT `t`.`Id`, `t`.`Content`, `t`.`CreationTime`, `t`.`DeletionTime`, `t`.`Desc`, `t`.`Image`, `t`.`IsDeleted`, `t`.`LastModificationTime`, `t`.`Likes`, `t`.`Title`, `t`.`UserId`, `t`.`Views`, `c`.`Id`, `c`.`ArticleId`, `c`.`Content`, `c`.`CreationTime`, `c`.`LastModificationTime`, `c`.`Likes`, `c`.`PId`, `c`.`Path`, `c`.`UserId`, `t1`.`ArticleId`, `t1`.`TagId`, `t1`.`Id`, `t1`.`CreationTime`, `t1`.`DeletionTime`, `t1`.`IsDeleted`, `t1`.`LastModificationTime`, `t1`.`TagName`
FROM (
    SELECT `a`.`Id`, `a`.`Content`, `a`.`CreationTime`, `a`.`DeletionTime`, `a`.`Desc`, `a`.`Image`, `a`.`IsDeleted`, `a`.`LastModificationTime`, `a`.`Likes`, `a`.`Title`, `a`.`UserId`, `a`.`Views`
    FROM `Articles` AS `a`
    WHERE NOT (`a`.`IsDeleted`) AND (`a`.`Id` = @__articleId_0)
    LIMIT 1
) AS `t`
LEFT JOIN `Comments` AS `c` ON `t`.`Id` = `c`.`ArticleId`
LEFT JOIN (
    SELECT `a0`.`ArticleId`, `a0`.`TagId`, `t0`.`Id`, `t0`.`CreationTime`, `t0`.`DeletionTime`, `t0`.`IsDeleted`, `t0`.`LastModificationTime`, `t0`.`TagName`
    FROM `Articles_Tags` AS `a0`
    INNER JOIN (
        SELECT `t2`.`Id`, `t2`.`CreationTime`, `t2`.`DeletionTime`, `t2`.`IsDeleted`, `t2`.`LastModificationTime`, `t2`.`TagName`
        FROM `Tags` AS `t2`
        WHERE NOT (`t2`.`IsDeleted`)
    ) AS `t0` ON `a0`.`TagId` = `t0`.`Id`
) AS `t1` ON `t`.`Id` = `t1`.`ArticleId`
ORDER BY `t`.`Id`, `c`.`Id`, `t1`.`ArticleId`, `t1`.`TagId` 
2024-04-01 17:10:41.6896|DEBUG|Microsoft.EntityFrameworkCore.Database.Command|Closing data reader to 'LitZhu' on server 'localhost'. 
2024-04-01 17:10:41.6896|DEBUG|Microsoft.EntityFrameworkCore.Database.Command|A data reader for 'LitZhu' on server 'localhost' is being disposed after spending 0ms reading results. 
2024-04-01 17:10:41.6896|DEBUG|Microsoft.EntityFrameworkCore.Database.Connection|Closing connection to database 'LitZhu' on server 'localhost'. 
2024-04-01 17:10:41.6896|DEBUG|Microsoft.EntityFrameworkCore.Database.Connection|Closed connection to database 'LitZhu' on server 'localhost' (0ms). 
2024-04-01 17:10:41.7060|INFO|Microsoft.AspNetCore.Mvc.Infrastructure.ControllerActionInvoker|Executed action method LitZhu.WebApi.Controllers.Article.ArticleTagsController.GetArticleTags (LitZhu.WebApi), returned result Microsoft.AspNetCore.Mvc.NotFoundObjectResult in 22.6721ms. 
2024-04-01 17:10:41.7060|TRACE|Microsoft.AspNetCore.Mvc.Infrastructure.ControllerActionInvoker|Action Filter: Before executing OnActionExecuted on filter Microsoft.AspNetCore.Mvc.Infrastructure.ModelStateInvalidFilter. 
2024-04-01 17:10:41.7060|TRACE|Microsoft.AspNetCore.Mvc.Infrastructure.ControllerActionInvoker|Action Filter: After executing OnActionExecuted on filter Microsoft.AspNetCore.Mvc.Infrastructure.ModelStateInvalidFilter. 
2024-04-01 17:10:41.7060|TRACE|Microsoft.AspNetCore.Mvc.Infrastructure.ControllerActionInvoker|Action Filter: Before executing OnActionExecuted on filter Microsoft.AspNetCore.Mvc.ModelBinding.UnsupportedContentTypeFilter. 
2024-04-01 17:10:41.7060|TRACE|Microsoft.AspNetCore.Mvc.Infrastructure.ControllerActionInvoker|Action Filter: After executing OnActionExecuted on filter Microsoft.AspNetCore.Mvc.ModelBinding.UnsupportedContentTypeFilter. 
2024-04-01 17:10:41.7060|TRACE|Microsoft.AspNetCore.Mvc.Infrastructure.ControllerActionInvoker|Result Filter: Before executing OnResultExecuting on filter Microsoft.AspNetCore.Mvc.Infrastructure.ClientErrorResultFilter. 
2024-04-01 17:10:41.7060|TRACE|Microsoft.AspNetCore.Mvc.Infrastructure.ControllerActionInvoker|Result Filter: After executing OnResultExecuting on filter Microsoft.AspNetCore.Mvc.Infrastructure.ClientErrorResultFilter. 
2024-04-01 17:10:41.7060|TRACE|Microsoft.AspNetCore.Mvc.Infrastructure.ControllerActionInvoker|Before executing action result Microsoft.AspNetCore.Mvc.NotFoundObjectResult. 
2024-04-01 17:10:41.7060|DEBUG|Microsoft.AspNetCore.Mvc.Infrastructure.DefaultOutputFormatterSelector|List of registered output formatters, in the following order: Microsoft.AspNetCore.Mvc.Formatters.HttpNoContentOutputFormatter, Microsoft.AspNetCore.Mvc.Formatters.StringOutputFormatter, Microsoft.AspNetCore.Mvc.Formatters.StreamOutputFormatter, Microsoft.AspNetCore.Mvc.Formatters.NewtonsoftJsonOutputFormatter 
2024-04-01 17:10:41.7060|DEBUG|Microsoft.AspNetCore.Mvc.Infrastructure.DefaultOutputFormatterSelector|No information found on request to perform content negotiation. 
2024-04-01 17:10:41.7060|DEBUG|Microsoft.AspNetCore.Mvc.Infrastructure.DefaultOutputFormatterSelector|Attempting to select an output formatter without using a content type as no explicit content types were specified for the response. 
2024-04-01 17:10:41.7060|DEBUG|Microsoft.AspNetCore.Mvc.Infrastructure.DefaultOutputFormatterSelector|Attempting to select the first formatter in the output formatters list which can write the result. 
2024-04-01 17:10:41.7060|DEBUG|Microsoft.AspNetCore.Mvc.Infrastructure.DefaultOutputFormatterSelector|Selected output formatter 'Microsoft.AspNetCore.Mvc.Formatters.NewtonsoftJsonOutputFormatter' and content type 'application/json' to write the response. 
2024-04-01 17:10:41.7060|INFO|Microsoft.AspNetCore.Mvc.Infrastructure.ObjectResultExecutor|Executing NotFoundObjectResult, writing value of type 'LitZhu.WebApi.R'. 
2024-04-01 17:10:41.7060|TRACE|Microsoft.AspNetCore.Mvc.Infrastructure.ControllerActionInvoker|After executing action result Microsoft.AspNetCore.Mvc.NotFoundObjectResult. 
2024-04-01 17:10:41.7060|TRACE|Microsoft.AspNetCore.Mvc.Infrastructure.ControllerActionInvoker|Result Filter: Before executing OnResultExecuted on filter Microsoft.AspNetCore.Mvc.Infrastructure.ClientErrorResultFilter. 
2024-04-01 17:10:41.7060|TRACE|Microsoft.AspNetCore.Mvc.Infrastructure.ControllerActionInvoker|Result Filter: After executing OnResultExecuted on filter Microsoft.AspNetCore.Mvc.Infrastructure.ClientErrorResultFilter. 
2024-04-01 17:10:41.7060|INFO|Microsoft.AspNetCore.Mvc.Infrastructure.ControllerActionInvoker|Executed action LitZhu.WebApi.Controllers.Article.ArticleTagsController.GetArticleTags (LitZhu.WebApi) in 30.4341ms 
2024-04-01 17:10:41.7060|INFO|Microsoft.AspNetCore.Routing.EndpointMiddleware|Executed endpoint 'LitZhu.WebApi.Controllers.Article.ArticleTagsController.GetArticleTags (LitZhu.WebApi)' 
2024-04-01 17:10:41.7060|DEBUG|Microsoft.AspNetCore.Server.Kestrel.Connections|Connection id "0HN2I5B9NP6UK" completed keep alive response. 
2024-04-01 17:10:41.7060|DEBUG|Microsoft.EntityFrameworkCore.Infrastructure|'ArticleDbContext' disposed. 
2024-04-01 17:10:41.7060|DEBUG|Microsoft.EntityFrameworkCore.Database.Connection|Disposing connection to database 'LitZhu' on server 'localhost'. 
2024-04-01 17:10:41.7060|DEBUG|Microsoft.EntityFrameworkCore.Database.Connection|Disposed connection to database 'LitZhu' on server 'localhost' (0ms). 
2024-04-01 17:10:41.7060|INFO|Microsoft.AspNetCore.Hosting.Diagnostics|Request finished HTTP/1.1 GET https://localhost:7290/api/ArticleTags/45026b26-8941-4bca-807a-06481f145aa5/Tags - 404 55 application/json;+charset=utf-8 41.4649ms 
2024-04-01 17:10:41.7060|DEBUG|Microsoft.AspNetCore.Server.Kestrel.Transport.Sockets|Connection id "0HN2I5B9NP6UK" received FIN. 
2024-04-01 17:10:41.7060|DEBUG|Microsoft.AspNetCore.Server.Kestrel.Transport.Sockets|Connection id "0HN2I5B9NP6UK" sending FIN because: "The Socket transport's send loop completed gracefully." 
2024-04-01 17:10:41.7060|DEBUG|Microsoft.AspNetCore.Server.Kestrel.Connections|Connection id "0HN2I5B9NP6UK" disconnecting. 
2024-04-01 17:10:41.7060|DEBUG|Microsoft.AspNetCore.Server.Kestrel.Connections|Connection id "0HN2I5B9NP6UK" stopped. 
2024-04-01 17:10:53.2219|DEBUG|Microsoft.AspNetCore.Server.Kestrel.Connections|Connection id "0HN2I5B9NP6UL" accepted. 
2024-04-01 17:10:53.2219|DEBUG|Microsoft.AspNetCore.Server.Kestrel.Connections|Connection id "0HN2I5B9NP6UL" started. 
2024-04-01 17:10:53.2219|DEBUG|Microsoft.AspNetCore.Server.Kestrel.Https.Internal.HttpsConnectionMiddleware|Connection 0HN2I5B9NP6UL established using the following protocol: Tls13 
2024-04-01 17:10:53.2219|INFO|Microsoft.AspNetCore.Hosting.Diagnostics|Request starting HTTP/1.1 GET https://localhost:7290/api/ArticleTags/55cf279d-9122-4679-990d-89ee0e59e20e/Tags - application/json - 
2024-04-01 17:10:53.2219|TRACE|Microsoft.AspNetCore.HostFiltering.HostFilteringMiddleware|All hosts are allowed. 
2024-04-01 17:10:53.2219|DEBUG|Microsoft.AspNetCore.Routing.Matching.DfaMatcher|1 candidate(s) found for the request path '/api/ArticleTags/55cf279d-9122-4679-990d-89ee0e59e20e/Tags' 
2024-04-01 17:10:53.2219|DEBUG|Microsoft.AspNetCore.Routing.Matching.DfaMatcher|Endpoint 'LitZhu.WebApi.Controllers.Article.ArticleTagsController.GetArticleTags (LitZhu.WebApi)' with route pattern 'api/ArticleTags/{articleId}/Tags' is valid for the request path '/api/ArticleTags/55cf279d-9122-4679-990d-89ee0e59e20e/Tags' 
2024-04-01 17:10:53.2219|DEBUG|Microsoft.AspNetCore.Routing.EndpointRoutingMiddleware|Request matched endpoint 'LitZhu.WebApi.Controllers.Article.ArticleTagsController.GetArticleTags (LitZhu.WebApi)' 
2024-04-01 17:10:53.2219|TRACE|Microsoft.AspNetCore.Routing.EndpointRoutingMiddleware|The endpoint does not specify the IRequestSizeLimitMetadata. 
2024-04-01 17:10:53.2219|DEBUG|Microsoft.AspNetCore.StaticFiles.StaticFileMiddleware|Static files was skipped as the request already matched an endpoint. 
2024-04-01 17:10:53.2219|DEBUG|Microsoft.AspNetCore.Authentication.JwtBearer.JwtBearerHandler|Successfully validated the token. 
2024-04-01 17:10:53.2219|DEBUG|Microsoft.AspNetCore.Authentication.JwtBearer.JwtBearerHandler|AuthenticationScheme: Bearer was successfully authenticated. 
2024-04-01 17:10:53.2219|INFO|Microsoft.AspNetCore.Routing.EndpointMiddleware|Executing endpoint 'LitZhu.WebApi.Controllers.Article.ArticleTagsController.GetArticleTags (LitZhu.WebApi)' 
2024-04-01 17:10:53.2219|INFO|Microsoft.AspNetCore.Mvc.Infrastructure.ControllerActionInvoker|Route matched with {action = "GetArticleTags", controller = "ArticleTags"}. Executing controller action with signature System.Threading.Tasks.Task`1[Microsoft.AspNetCore.Mvc.ActionResult`1[System.Collections.Generic.List`1[Article.Domain.DTO.TagDto]]] GetArticleTags(System.Guid) on controller LitZhu.WebApi.Controllers.Article.ArticleTagsController (LitZhu.WebApi). 
2024-04-01 17:10:53.2219|DEBUG|Microsoft.AspNetCore.Mvc.Infrastructure.ControllerActionInvoker|Execution plan of authorization filters (in the following order): None 
2024-04-01 17:10:53.2219|DEBUG|Microsoft.AspNetCore.Mvc.Infrastructure.ControllerActionInvoker|Execution plan of resource filters (in the following order): None 
2024-04-01 17:10:53.2219|DEBUG|Microsoft.AspNetCore.Mvc.Infrastructure.ControllerActionInvoker|Execution plan of action filters (in the following order): Microsoft.AspNetCore.Mvc.ModelBinding.UnsupportedContentTypeFilter (Order: -3000), Microsoft.AspNetCore.Mvc.Infrastructure.ModelStateInvalidFilter (Order: -2000) 
2024-04-01 17:10:53.2219|DEBUG|Microsoft.AspNetCore.Mvc.Infrastructure.ControllerActionInvoker|Execution plan of exception filters (in the following order): None 
2024-04-01 17:10:53.2219|DEBUG|Microsoft.AspNetCore.Mvc.Infrastructure.ControllerActionInvoker|Execution plan of result filters (in the following order): Microsoft.AspNetCore.Mvc.Infrastructure.ClientErrorResultFilter (Order: -2000) 
2024-04-01 17:10:53.2219|DEBUG|Microsoft.AspNetCore.Mvc.Infrastructure.ControllerActionInvoker|Executing controller factory for controller LitZhu.WebApi.Controllers.Article.ArticleTagsController (LitZhu.WebApi) 
2024-04-01 17:10:53.2219|DEBUG|Microsoft.EntityFrameworkCore.Infrastructure|Entity Framework Core 8.0.1 initialized 'ArticleDbContext' using provider 'Pomelo.EntityFrameworkCore.MySql:8.0.1' with options: ServerVersion=8.0.23-mysql  
2024-04-01 17:10:53.2219|DEBUG|Microsoft.AspNetCore.Mvc.Infrastructure.ControllerActionInvoker|Executed controller factory for controller LitZhu.WebApi.Controllers.Article.ArticleTagsController (LitZhu.WebApi) 
2024-04-01 17:10:53.2219|DEBUG|Microsoft.AspNetCore.Mvc.ModelBinding.ParameterBinder|Attempting to bind parameter 'articleId' of type 'System.Guid' ... 
2024-04-01 17:10:53.2219|DEBUG|Microsoft.AspNetCore.Mvc.ModelBinding.Binders.SimpleTypeModelBinder|Attempting to bind parameter 'articleId' of type 'System.Guid' using the name 'articleId' in request data ... 
2024-04-01 17:10:53.2219|DEBUG|Microsoft.AspNetCore.Mvc.ModelBinding.Binders.SimpleTypeModelBinder|Done attempting to bind parameter 'articleId' of type 'System.Guid'. 
2024-04-01 17:10:53.2219|DEBUG|Microsoft.AspNetCore.Mvc.ModelBinding.ParameterBinder|Done attempting to bind parameter 'articleId' of type 'System.Guid'. 
2024-04-01 17:10:53.2219|DEBUG|Microsoft.AspNetCore.Mvc.ModelBinding.ParameterBinder|Attempting to validate the bound parameter 'articleId' of type 'System.Guid' ... 
2024-04-01 17:10:53.2219|DEBUG|Microsoft.AspNetCore.Mvc.ModelBinding.ParameterBinder|Done attempting to validate the bound parameter 'articleId' of type 'System.Guid'. 
2024-04-01 17:10:53.2219|TRACE|Microsoft.AspNetCore.Mvc.Infrastructure.ControllerActionInvoker|Action Filter: Before executing OnActionExecuting on filter Microsoft.AspNetCore.Mvc.ModelBinding.UnsupportedContentTypeFilter. 
2024-04-01 17:10:53.2219|TRACE|Microsoft.AspNetCore.Mvc.Infrastructure.ControllerActionInvoker|Action Filter: After executing OnActionExecuting on filter Microsoft.AspNetCore.Mvc.ModelBinding.UnsupportedContentTypeFilter. 
2024-04-01 17:10:53.2219|TRACE|Microsoft.AspNetCore.Mvc.Infrastructure.ControllerActionInvoker|Action Filter: Before executing OnActionExecuting on filter Microsoft.AspNetCore.Mvc.Infrastructure.ModelStateInvalidFilter. 
2024-04-01 17:10:53.2219|TRACE|Microsoft.AspNetCore.Mvc.Infrastructure.ControllerActionInvoker|Action Filter: After executing OnActionExecuting on filter Microsoft.AspNetCore.Mvc.Infrastructure.ModelStateInvalidFilter. 
2024-04-01 17:10:53.2219|INFO|Microsoft.AspNetCore.Mvc.Infrastructure.ControllerActionInvoker|Executing action method LitZhu.WebApi.Controllers.Article.ArticleTagsController.GetArticleTags (LitZhu.WebApi) - Validation state: Valid 
2024-04-01 17:10:53.2219|TRACE|Microsoft.AspNetCore.Mvc.Infrastructure.ControllerActionInvoker|Executing action method LitZhu.WebApi.Controllers.Article.ArticleTagsController.GetArticleTags (LitZhu.WebApi) with arguments (55cf279d-9122-4679-990d-89ee0e59e20e) 
2024-04-01 17:10:53.2219|DEBUG|Microsoft.EntityFrameworkCore.Database.Connection|Creating DbConnection. 
2024-04-01 17:10:53.2219|DEBUG|Microsoft.EntityFrameworkCore.Database.Connection|Created DbConnection. (0ms). 
2024-04-01 17:10:53.2219|DEBUG|Microsoft.EntityFrameworkCore.Database.Connection|Opening connection to database 'LitZhu' on server 'localhost'. 
2024-04-01 17:10:53.2219|DEBUG|Microsoft.EntityFrameworkCore.Database.Connection|Opened connection to database 'LitZhu' on server 'localhost'. 
2024-04-01 17:10:53.2219|DEBUG|Microsoft.EntityFrameworkCore.Database.Command|Creating DbCommand for 'ExecuteReader'. 
2024-04-01 17:10:53.2219|DEBUG|Microsoft.EntityFrameworkCore.Database.Command|Created DbCommand for 'ExecuteReader' (0ms). 
2024-04-01 17:10:53.2219|DEBUG|Microsoft.EntityFrameworkCore.Database.Command|Initialized DbCommand for 'ExecuteReader' (0ms). 
2024-04-01 17:10:53.2367|DEBUG|Microsoft.EntityFrameworkCore.Database.Command|Executing DbCommand [Parameters=[@__articleId_0='?' (DbType = Guid)], CommandType='Text', CommandTimeout='30']
SELECT `t`.`Id`, `t`.`Content`, `t`.`CreationTime`, `t`.`DeletionTime`, `t`.`Desc`, `t`.`Image`, `t`.`IsDeleted`, `t`.`LastModificationTime`, `t`.`Likes`, `t`.`Title`, `t`.`UserId`, `t`.`Views`, `c`.`Id`, `c`.`ArticleId`, `c`.`Content`, `c`.`CreationTime`, `c`.`LastModificationTime`, `c`.`Likes`, `c`.`PId`, `c`.`Path`, `c`.`UserId`, `t1`.`ArticleId`, `t1`.`TagId`, `t1`.`Id`, `t1`.`CreationTime`, `t1`.`DeletionTime`, `t1`.`IsDeleted`, `t1`.`LastModificationTime`, `t1`.`TagName`
FROM (
    SELECT `a`.`Id`, `a`.`Content`, `a`.`CreationTime`, `a`.`DeletionTime`, `a`.`Desc`, `a`.`Image`, `a`.`IsDeleted`, `a`.`LastModificationTime`, `a`.`Likes`, `a`.`Title`, `a`.`UserId`, `a`.`Views`
    FROM `Articles` AS `a`
    WHERE NOT (`a`.`IsDeleted`) AND (`a`.`Id` = @__articleId_0)
    LIMIT 1
) AS `t`
LEFT JOIN `Comments` AS `c` ON `t`.`Id` = `c`.`ArticleId`
LEFT JOIN (
    SELECT `a0`.`ArticleId`, `a0`.`TagId`, `t0`.`Id`, `t0`.`CreationTime`, `t0`.`DeletionTime`, `t0`.`IsDeleted`, `t0`.`LastModificationTime`, `t0`.`TagName`
    FROM `Articles_Tags` AS `a0`
    INNER JOIN (
        SELECT `t2`.`Id`, `t2`.`CreationTime`, `t2`.`DeletionTime`, `t2`.`IsDeleted`, `t2`.`LastModificationTime`, `t2`.`TagName`
        FROM `Tags` AS `t2`
        WHERE NOT (`t2`.`IsDeleted`)
    ) AS `t0` ON `a0`.`TagId` = `t0`.`Id`
) AS `t1` ON `t`.`Id` = `t1`.`ArticleId`
ORDER BY `t`.`Id`, `c`.`Id`, `t1`.`ArticleId`, `t1`.`TagId` 
2024-04-01 17:10:53.2367|INFO|Microsoft.EntityFrameworkCore.Database.Command|Executed DbCommand (4ms) [Parameters=[@__articleId_0='?' (DbType = Guid)], CommandType='Text', CommandTimeout='30']
SELECT `t`.`Id`, `t`.`Content`, `t`.`CreationTime`, `t`.`DeletionTime`, `t`.`Desc`, `t`.`Image`, `t`.`IsDeleted`, `t`.`LastModificationTime`, `t`.`Likes`, `t`.`Title`, `t`.`UserId`, `t`.`Views`, `c`.`Id`, `c`.`ArticleId`, `c`.`Content`, `c`.`CreationTime`, `c`.`LastModificationTime`, `c`.`Likes`, `c`.`PId`, `c`.`Path`, `c`.`UserId`, `t1`.`ArticleId`, `t1`.`TagId`, `t1`.`Id`, `t1`.`CreationTime`, `t1`.`DeletionTime`, `t1`.`IsDeleted`, `t1`.`LastModificationTime`, `t1`.`TagName`
FROM (
    SELECT `a`.`Id`, `a`.`Content`, `a`.`CreationTime`, `a`.`DeletionTime`, `a`.`Desc`, `a`.`Image`, `a`.`IsDeleted`, `a`.`LastModificationTime`, `a`.`Likes`, `a`.`Title`, `a`.`UserId`, `a`.`Views`
    FROM `Articles` AS `a`
    WHERE NOT (`a`.`IsDeleted`) AND (`a`.`Id` = @__articleId_0)
    LIMIT 1
) AS `t`
LEFT JOIN `Comments` AS `c` ON `t`.`Id` = `c`.`ArticleId`
LEFT JOIN (
    SELECT `a0`.`ArticleId`, `a0`.`TagId`, `t0`.`Id`, `t0`.`CreationTime`, `t0`.`DeletionTime`, `t0`.`IsDeleted`, `t0`.`LastModificationTime`, `t0`.`TagName`
    FROM `Articles_Tags` AS `a0`
    INNER JOIN (
        SELECT `t2`.`Id`, `t2`.`CreationTime`, `t2`.`DeletionTime`, `t2`.`IsDeleted`, `t2`.`LastModificationTime`, `t2`.`TagName`
        FROM `Tags` AS `t2`
        WHERE NOT (`t2`.`IsDeleted`)
    ) AS `t0` ON `a0`.`TagId` = `t0`.`Id`
) AS `t1` ON `t`.`Id` = `t1`.`ArticleId`
ORDER BY `t`.`Id`, `c`.`Id`, `t1`.`ArticleId`, `t1`.`TagId` 
2024-04-01 17:10:53.2367|DEBUG|Microsoft.EntityFrameworkCore.ChangeTracking|Context 'ArticleDbContext' started tracking 'Articles' entity. Consider using 'DbContextOptionsBuilder.EnableSensitiveDataLogging' to see key values. 
2024-04-01 17:10:53.2367|DEBUG|Microsoft.EntityFrameworkCore.Database.Command|Closing data reader to 'LitZhu' on server 'localhost'. 
2024-04-01 17:10:53.2367|DEBUG|Microsoft.EntityFrameworkCore.Database.Command|A data reader for 'LitZhu' on server 'localhost' is being disposed after spending 0ms reading results. 
2024-04-01 17:10:53.2367|DEBUG|Microsoft.EntityFrameworkCore.Database.Connection|Closing connection to database 'LitZhu' on server 'localhost'. 
2024-04-01 17:10:53.2367|DEBUG|Microsoft.EntityFrameworkCore.Database.Connection|Closed connection to database 'LitZhu' on server 'localhost' (4ms). 
2024-04-01 17:10:56.7991|INFO|Microsoft.AspNetCore.Mvc.Infrastructure.ControllerActionInvoker|Executed action method LitZhu.WebApi.Controllers.Article.ArticleTagsController.GetArticleTags (LitZhu.WebApi), returned result Microsoft.AspNetCore.Mvc.OkObjectResult in 3567.2972ms. 
2024-04-01 17:10:56.7991|TRACE|Microsoft.AspNetCore.Mvc.Infrastructure.ControllerActionInvoker|Action Filter: Before executing OnActionExecuted on filter Microsoft.AspNetCore.Mvc.Infrastructure.ModelStateInvalidFilter. 
2024-04-01 17:10:56.7991|TRACE|Microsoft.AspNetCore.Mvc.Infrastructure.ControllerActionInvoker|Action Filter: After executing OnActionExecuted on filter Microsoft.AspNetCore.Mvc.Infrastructure.ModelStateInvalidFilter. 
2024-04-01 17:10:56.7991|TRACE|Microsoft.AspNetCore.Mvc.Infrastructure.ControllerActionInvoker|Action Filter: Before executing OnActionExecuted on filter Microsoft.AspNetCore.Mvc.ModelBinding.UnsupportedContentTypeFilter. 
2024-04-01 17:10:56.7991|TRACE|Microsoft.AspNetCore.Mvc.Infrastructure.ControllerActionInvoker|Action Filter: After executing OnActionExecuted on filter Microsoft.AspNetCore.Mvc.ModelBinding.UnsupportedContentTypeFilter. 
2024-04-01 17:10:56.7991|TRACE|Microsoft.AspNetCore.Mvc.Infrastructure.ControllerActionInvoker|Result Filter: Before executing OnResultExecuting on filter Microsoft.AspNetCore.Mvc.Infrastructure.ClientErrorResultFilter. 
2024-04-01 17:10:56.7991|TRACE|Microsoft.AspNetCore.Mvc.Infrastructure.ControllerActionInvoker|Result Filter: After executing OnResultExecuting on filter Microsoft.AspNetCore.Mvc.Infrastructure.ClientErrorResultFilter. 
2024-04-01 17:10:56.7991|TRACE|Microsoft.AspNetCore.Mvc.Infrastructure.ControllerActionInvoker|Before executing action result Microsoft.AspNetCore.Mvc.OkObjectResult. 
2024-04-01 17:10:56.7991|DEBUG|Microsoft.AspNetCore.Mvc.Infrastructure.DefaultOutputFormatterSelector|List of registered output formatters, in the following order: Microsoft.AspNetCore.Mvc.Formatters.HttpNoContentOutputFormatter, Microsoft.AspNetCore.Mvc.Formatters.StringOutputFormatter, Microsoft.AspNetCore.Mvc.Formatters.StreamOutputFormatter, Microsoft.AspNetCore.Mvc.Formatters.NewtonsoftJsonOutputFormatter 
2024-04-01 17:10:56.7991|DEBUG|Microsoft.AspNetCore.Mvc.Infrastructure.DefaultOutputFormatterSelector|No information found on request to perform content negotiation. 
2024-04-01 17:10:56.7991|DEBUG|Microsoft.AspNetCore.Mvc.Infrastructure.DefaultOutputFormatterSelector|Attempting to select an output formatter without using a content type as no explicit content types were specified for the response. 
2024-04-01 17:10:56.7991|DEBUG|Microsoft.AspNetCore.Mvc.Infrastructure.DefaultOutputFormatterSelector|Attempting to select the first formatter in the output formatters list which can write the result. 
2024-04-01 17:10:56.7991|DEBUG|Microsoft.AspNetCore.Mvc.Infrastructure.DefaultOutputFormatterSelector|Selected output formatter 'Microsoft.AspNetCore.Mvc.Formatters.NewtonsoftJsonOutputFormatter' and content type 'application/json' to write the response. 
2024-04-01 17:10:56.7991|INFO|Microsoft.AspNetCore.Mvc.Infrastructure.ObjectResultExecutor|Executing OkObjectResult, writing value of type 'LitZhu.WebApi.R'. 
2024-04-01 17:10:56.7991|TRACE|Microsoft.AspNetCore.Mvc.Infrastructure.ControllerActionInvoker|After executing action result Microsoft.AspNetCore.Mvc.OkObjectResult. 
2024-04-01 17:10:56.7991|TRACE|Microsoft.AspNetCore.Mvc.Infrastructure.ControllerActionInvoker|Result Filter: Before executing OnResultExecuted on filter Microsoft.AspNetCore.Mvc.Infrastructure.ClientErrorResultFilter. 
2024-04-01 17:10:56.7991|TRACE|Microsoft.AspNetCore.Mvc.Infrastructure.ControllerActionInvoker|Result Filter: After executing OnResultExecuted on filter Microsoft.AspNetCore.Mvc.Infrastructure.ClientErrorResultFilter. 
2024-04-01 17:10:56.7991|INFO|Microsoft.AspNetCore.Mvc.Infrastructure.ControllerActionInvoker|Executed action LitZhu.WebApi.Controllers.Article.ArticleTagsController.GetArticleTags (LitZhu.WebApi) in 3573.4841ms 
2024-04-01 17:10:56.7991|INFO|Microsoft.AspNetCore.Routing.EndpointMiddleware|Executed endpoint 'LitZhu.WebApi.Controllers.Article.ArticleTagsController.GetArticleTags (LitZhu.WebApi)' 
2024-04-01 17:10:56.7991|DEBUG|Microsoft.AspNetCore.Server.Kestrel.Connections|Connection id "0HN2I5B9NP6UL" completed keep alive response. 
2024-04-01 17:10:56.7991|DEBUG|Microsoft.EntityFrameworkCore.Infrastructure|'ArticleDbContext' disposed. 
2024-04-01 17:10:56.7991|DEBUG|Microsoft.EntityFrameworkCore.Database.Connection|Disposing connection to database 'LitZhu' on server 'localhost'. 
2024-04-01 17:10:56.7991|DEBUG|Microsoft.EntityFrameworkCore.Database.Connection|Disposed connection to database 'LitZhu' on server 'localhost' (0ms). 
2024-04-01 17:10:56.7991|INFO|Microsoft.AspNetCore.Hosting.Diagnostics|Request finished HTTP/1.1 GET https://localhost:7290/api/ArticleTags/55cf279d-9122-4679-990d-89ee0e59e20e/Tags - 200 42 application/json;+charset=utf-8 3576.6558ms 
2024-04-01 17:10:56.7991|DEBUG|Microsoft.AspNetCore.Server.Kestrel.Transport.Sockets|Connection id "0HN2I5B9NP6UL" received FIN. 
2024-04-01 17:10:56.7991|DEBUG|Microsoft.AspNetCore.Server.Kestrel.Transport.Sockets|Connection id "0HN2I5B9NP6UL" sending FIN because: "The Socket transport's send loop completed gracefully." 
2024-04-01 17:10:56.7991|DEBUG|Microsoft.AspNetCore.Server.Kestrel.Connections|Connection id "0HN2I5B9NP6UL" disconnecting. 
2024-04-01 17:10:56.7991|DEBUG|Microsoft.AspNetCore.Server.Kestrel.Connections|Connection id "0HN2I5B9NP6UL" stopped. 
2024-04-01 17:11:05.3615|DEBUG|Microsoft.AspNetCore.Server.Kestrel.Connections|Connection id "0HN2I5B9NP6UM" accepted. 
2024-04-01 17:11:05.3615|DEBUG|Microsoft.AspNetCore.Server.Kestrel.Connections|Connection id "0HN2I5B9NP6UM" started. 
2024-04-01 17:11:05.3615|DEBUG|Microsoft.AspNetCore.Server.Kestrel.Https.Internal.HttpsConnectionMiddleware|Connection 0HN2I5B9NP6UM established using the following protocol: Tls13 
2024-04-01 17:11:05.3615|INFO|Microsoft.AspNetCore.Hosting.Diagnostics|Request starting HTTP/1.1 GET https://localhost:7290/api/ArticleTags/55cf279d-9122-4679-990d-89ee0e59e20e/Tags - application/json - 
2024-04-01 17:11:05.3615|TRACE|Microsoft.AspNetCore.HostFiltering.HostFilteringMiddleware|All hosts are allowed. 
2024-04-01 17:11:05.3615|DEBUG|Microsoft.AspNetCore.Routing.Matching.DfaMatcher|1 candidate(s) found for the request path '/api/ArticleTags/55cf279d-9122-4679-990d-89ee0e59e20e/Tags' 
2024-04-01 17:11:05.3615|DEBUG|Microsoft.AspNetCore.Routing.Matching.DfaMatcher|Endpoint 'LitZhu.WebApi.Controllers.Article.ArticleTagsController.GetArticleTags (LitZhu.WebApi)' with route pattern 'api/ArticleTags/{articleId}/Tags' is valid for the request path '/api/ArticleTags/55cf279d-9122-4679-990d-89ee0e59e20e/Tags' 
2024-04-01 17:11:05.3615|DEBUG|Microsoft.AspNetCore.Routing.EndpointRoutingMiddleware|Request matched endpoint 'LitZhu.WebApi.Controllers.Article.ArticleTagsController.GetArticleTags (LitZhu.WebApi)' 
2024-04-01 17:11:05.3615|TRACE|Microsoft.AspNetCore.Routing.EndpointRoutingMiddleware|The endpoint does not specify the IRequestSizeLimitMetadata. 
2024-04-01 17:11:05.3615|DEBUG|Microsoft.AspNetCore.StaticFiles.StaticFileMiddleware|Static files was skipped as the request already matched an endpoint. 
2024-04-01 17:11:05.3615|DEBUG|Microsoft.AspNetCore.Authentication.JwtBearer.JwtBearerHandler|Successfully validated the token. 
2024-04-01 17:11:05.3615|DEBUG|Microsoft.AspNetCore.Authentication.JwtBearer.JwtBearerHandler|AuthenticationScheme: Bearer was successfully authenticated. 
2024-04-01 17:11:05.3615|INFO|Microsoft.AspNetCore.Routing.EndpointMiddleware|Executing endpoint 'LitZhu.WebApi.Controllers.Article.ArticleTagsController.GetArticleTags (LitZhu.WebApi)' 
2024-04-01 17:11:05.3615|INFO|Microsoft.AspNetCore.Mvc.Infrastructure.ControllerActionInvoker|Route matched with {action = "GetArticleTags", controller = "ArticleTags"}. Executing controller action with signature System.Threading.Tasks.Task`1[Microsoft.AspNetCore.Mvc.ActionResult`1[System.Collections.Generic.List`1[Article.Domain.DTO.TagDto]]] GetArticleTags(System.Guid) on controller LitZhu.WebApi.Controllers.Article.ArticleTagsController (LitZhu.WebApi). 
2024-04-01 17:11:05.3615|DEBUG|Microsoft.AspNetCore.Mvc.Infrastructure.ControllerActionInvoker|Execution plan of authorization filters (in the following order): None 
2024-04-01 17:11:05.3615|DEBUG|Microsoft.AspNetCore.Mvc.Infrastructure.ControllerActionInvoker|Execution plan of resource filters (in the following order): None 
2024-04-01 17:11:05.3615|DEBUG|Microsoft.AspNetCore.Mvc.Infrastructure.ControllerActionInvoker|Execution plan of action filters (in the following order): Microsoft.AspNetCore.Mvc.ModelBinding.UnsupportedContentTypeFilter (Order: -3000), Microsoft.AspNetCore.Mvc.Infrastructure.ModelStateInvalidFilter (Order: -2000) 
2024-04-01 17:11:05.3615|DEBUG|Microsoft.AspNetCore.Mvc.Infrastructure.ControllerActionInvoker|Execution plan of exception filters (in the following order): None 
2024-04-01 17:11:05.3615|DEBUG|Microsoft.AspNetCore.Mvc.Infrastructure.ControllerActionInvoker|Execution plan of result filters (in the following order): Microsoft.AspNetCore.Mvc.Infrastructure.ClientErrorResultFilter (Order: -2000) 
2024-04-01 17:11:05.3615|DEBUG|Microsoft.AspNetCore.Mvc.Infrastructure.ControllerActionInvoker|Executing controller factory for controller LitZhu.WebApi.Controllers.Article.ArticleTagsController (LitZhu.WebApi) 
2024-04-01 17:11:05.3615|DEBUG|Microsoft.EntityFrameworkCore.Infrastructure|Entity Framework Core 8.0.1 initialized 'ArticleDbContext' using provider 'Pomelo.EntityFrameworkCore.MySql:8.0.1' with options: ServerVersion=8.0.23-mysql  
2024-04-01 17:11:05.3615|DEBUG|Microsoft.AspNetCore.Mvc.Infrastructure.ControllerActionInvoker|Executed controller factory for controller LitZhu.WebApi.Controllers.Article.ArticleTagsController (LitZhu.WebApi) 
2024-04-01 17:11:05.3615|DEBUG|Microsoft.AspNetCore.Mvc.ModelBinding.ParameterBinder|Attempting to bind parameter 'articleId' of type 'System.Guid' ... 
2024-04-01 17:11:05.3615|DEBUG|Microsoft.AspNetCore.Mvc.ModelBinding.Binders.SimpleTypeModelBinder|Attempting to bind parameter 'articleId' of type 'System.Guid' using the name 'articleId' in request data ... 
2024-04-01 17:11:05.3615|DEBUG|Microsoft.AspNetCore.Mvc.ModelBinding.Binders.SimpleTypeModelBinder|Done attempting to bind parameter 'articleId' of type 'System.Guid'. 
2024-04-01 17:11:05.3615|DEBUG|Microsoft.AspNetCore.Mvc.ModelBinding.ParameterBinder|Done attempting to bind parameter 'articleId' of type 'System.Guid'. 
2024-04-01 17:11:05.3615|DEBUG|Microsoft.AspNetCore.Mvc.ModelBinding.ParameterBinder|Attempting to validate the bound parameter 'articleId' of type 'System.Guid' ... 
2024-04-01 17:11:05.3615|DEBUG|Microsoft.AspNetCore.Mvc.ModelBinding.ParameterBinder|Done attempting to validate the bound parameter 'articleId' of type 'System.Guid'. 
2024-04-01 17:11:05.3615|TRACE|Microsoft.AspNetCore.Mvc.Infrastructure.ControllerActionInvoker|Action Filter: Before executing OnActionExecuting on filter Microsoft.AspNetCore.Mvc.ModelBinding.UnsupportedContentTypeFilter. 
2024-04-01 17:11:05.3615|TRACE|Microsoft.AspNetCore.Mvc.Infrastructure.ControllerActionInvoker|Action Filter: After executing OnActionExecuting on filter Microsoft.AspNetCore.Mvc.ModelBinding.UnsupportedContentTypeFilter. 
2024-04-01 17:11:05.3615|TRACE|Microsoft.AspNetCore.Mvc.Infrastructure.ControllerActionInvoker|Action Filter: Before executing OnActionExecuting on filter Microsoft.AspNetCore.Mvc.Infrastructure.ModelStateInvalidFilter. 
2024-04-01 17:11:05.3615|TRACE|Microsoft.AspNetCore.Mvc.Infrastructure.ControllerActionInvoker|Action Filter: After executing OnActionExecuting on filter Microsoft.AspNetCore.Mvc.Infrastructure.ModelStateInvalidFilter. 
2024-04-01 17:11:05.3615|INFO|Microsoft.AspNetCore.Mvc.Infrastructure.ControllerActionInvoker|Executing action method LitZhu.WebApi.Controllers.Article.ArticleTagsController.GetArticleTags (LitZhu.WebApi) - Validation state: Valid 
2024-04-01 17:11:05.3615|TRACE|Microsoft.AspNetCore.Mvc.Infrastructure.ControllerActionInvoker|Executing action method LitZhu.WebApi.Controllers.Article.ArticleTagsController.GetArticleTags (LitZhu.WebApi) with arguments (55cf279d-9122-4679-990d-89ee0e59e20e) 
2024-04-01 17:11:05.3615|DEBUG|Microsoft.EntityFrameworkCore.Database.Connection|Creating DbConnection. 
2024-04-01 17:11:05.3615|DEBUG|Microsoft.EntityFrameworkCore.Database.Connection|Created DbConnection. (0ms). 
2024-04-01 17:11:05.3615|DEBUG|Microsoft.EntityFrameworkCore.Database.Connection|Opening connection to database 'LitZhu' on server 'localhost'. 
2024-04-01 17:11:05.3786|DEBUG|Microsoft.EntityFrameworkCore.Database.Connection|Opened connection to database 'LitZhu' on server 'localhost'. 
2024-04-01 17:11:05.3786|DEBUG|Microsoft.EntityFrameworkCore.Database.Command|Creating DbCommand for 'ExecuteReader'. 
2024-04-01 17:11:05.3786|DEBUG|Microsoft.EntityFrameworkCore.Database.Command|Created DbCommand for 'ExecuteReader' (0ms). 
2024-04-01 17:11:05.3786|DEBUG|Microsoft.EntityFrameworkCore.Database.Command|Initialized DbCommand for 'ExecuteReader' (0ms). 
2024-04-01 17:11:05.3786|DEBUG|Microsoft.EntityFrameworkCore.Database.Command|Executing DbCommand [Parameters=[@__articleId_0='?' (DbType = Guid)], CommandType='Text', CommandTimeout='30']
SELECT `t`.`Id`, `t`.`Content`, `t`.`CreationTime`, `t`.`DeletionTime`, `t`.`Desc`, `t`.`Image`, `t`.`IsDeleted`, `t`.`LastModificationTime`, `t`.`Likes`, `t`.`Title`, `t`.`UserId`, `t`.`Views`, `c`.`Id`, `c`.`ArticleId`, `c`.`Content`, `c`.`CreationTime`, `c`.`LastModificationTime`, `c`.`Likes`, `c`.`PId`, `c`.`Path`, `c`.`UserId`, `t1`.`ArticleId`, `t1`.`TagId`, `t1`.`Id`, `t1`.`CreationTime`, `t1`.`DeletionTime`, `t1`.`IsDeleted`, `t1`.`LastModificationTime`, `t1`.`TagName`
FROM (
    SELECT `a`.`Id`, `a`.`Content`, `a`.`CreationTime`, `a`.`DeletionTime`, `a`.`Desc`, `a`.`Image`, `a`.`IsDeleted`, `a`.`LastModificationTime`, `a`.`Likes`, `a`.`Title`, `a`.`UserId`, `a`.`Views`
    FROM `Articles` AS `a`
    WHERE NOT (`a`.`IsDeleted`) AND (`a`.`Id` = @__articleId_0)
    LIMIT 1
) AS `t`
LEFT JOIN `Comments` AS `c` ON `t`.`Id` = `c`.`ArticleId`
LEFT JOIN (
    SELECT `a0`.`ArticleId`, `a0`.`TagId`, `t0`.`Id`, `t0`.`CreationTime`, `t0`.`DeletionTime`, `t0`.`IsDeleted`, `t0`.`LastModificationTime`, `t0`.`TagName`
    FROM `Articles_Tags` AS `a0`
    INNER JOIN (
        SELECT `t2`.`Id`, `t2`.`CreationTime`, `t2`.`DeletionTime`, `t2`.`IsDeleted`, `t2`.`LastModificationTime`, `t2`.`TagName`
        FROM `Tags` AS `t2`
        WHERE NOT (`t2`.`IsDeleted`)
    ) AS `t0` ON `a0`.`TagId` = `t0`.`Id`
) AS `t1` ON `t`.`Id` = `t1`.`ArticleId`
ORDER BY `t`.`Id`, `c`.`Id`, `t1`.`ArticleId`, `t1`.`TagId` 
2024-04-01 17:11:05.3786|INFO|Microsoft.EntityFrameworkCore.Database.Command|Executed DbCommand (4ms) [Parameters=[@__articleId_0='?' (DbType = Guid)], CommandType='Text', CommandTimeout='30']
SELECT `t`.`Id`, `t`.`Content`, `t`.`CreationTime`, `t`.`DeletionTime`, `t`.`Desc`, `t`.`Image`, `t`.`IsDeleted`, `t`.`LastModificationTime`, `t`.`Likes`, `t`.`Title`, `t`.`UserId`, `t`.`Views`, `c`.`Id`, `c`.`ArticleId`, `c`.`Content`, `c`.`CreationTime`, `c`.`LastModificationTime`, `c`.`Likes`, `c`.`PId`, `c`.`Path`, `c`.`UserId`, `t1`.`ArticleId`, `t1`.`TagId`, `t1`.`Id`, `t1`.`CreationTime`, `t1`.`DeletionTime`, `t1`.`IsDeleted`, `t1`.`LastModificationTime`, `t1`.`TagName`
FROM (
    SELECT `a`.`Id`, `a`.`Content`, `a`.`CreationTime`, `a`.`DeletionTime`, `a`.`Desc`, `a`.`Image`, `a`.`IsDeleted`, `a`.`LastModificationTime`, `a`.`Likes`, `a`.`Title`, `a`.`UserId`, `a`.`Views`
    FROM `Articles` AS `a`
    WHERE NOT (`a`.`IsDeleted`) AND (`a`.`Id` = @__articleId_0)
    LIMIT 1
) AS `t`
LEFT JOIN `Comments` AS `c` ON `t`.`Id` = `c`.`ArticleId`
LEFT JOIN (
    SELECT `a0`.`ArticleId`, `a0`.`TagId`, `t0`.`Id`, `t0`.`CreationTime`, `t0`.`DeletionTime`, `t0`.`IsDeleted`, `t0`.`LastModificationTime`, `t0`.`TagName`
    FROM `Articles_Tags` AS `a0`
    INNER JOIN (
        SELECT `t2`.`Id`, `t2`.`CreationTime`, `t2`.`DeletionTime`, `t2`.`IsDeleted`, `t2`.`LastModificationTime`, `t2`.`TagName`
        FROM `Tags` AS `t2`
        WHERE NOT (`t2`.`IsDeleted`)
    ) AS `t0` ON `a0`.`TagId` = `t0`.`Id`
) AS `t1` ON `t`.`Id` = `t1`.`ArticleId`
ORDER BY `t`.`Id`, `c`.`Id`, `t1`.`ArticleId`, `t1`.`TagId` 
2024-04-01 17:11:05.3786|DEBUG|Microsoft.EntityFrameworkCore.ChangeTracking|Context 'ArticleDbContext' started tracking 'Articles' entity. Consider using 'DbContextOptionsBuilder.EnableSensitiveDataLogging' to see key values. 
2024-04-01 17:11:05.3786|DEBUG|Microsoft.EntityFrameworkCore.Database.Command|Closing data reader to 'LitZhu' on server 'localhost'. 
2024-04-01 17:11:05.3786|DEBUG|Microsoft.EntityFrameworkCore.Database.Command|A data reader for 'LitZhu' on server 'localhost' is being disposed after spending 0ms reading results. 
2024-04-01 17:11:05.3786|DEBUG|Microsoft.EntityFrameworkCore.Database.Connection|Closing connection to database 'LitZhu' on server 'localhost'. 
2024-04-01 17:11:05.3786|DEBUG|Microsoft.EntityFrameworkCore.Database.Connection|Closed connection to database 'LitZhu' on server 'localhost' (0ms). 
2024-04-01 17:11:26.7189|INFO|Microsoft.AspNetCore.Mvc.Infrastructure.ControllerActionInvoker|Executed action method LitZhu.WebApi.Controllers.Article.ArticleTagsController.GetArticleTags (LitZhu.WebApi), returned result Microsoft.AspNetCore.Mvc.OkObjectResult in 21344.3815ms. 
2024-04-01 17:11:26.7189|TRACE|Microsoft.AspNetCore.Mvc.Infrastructure.ControllerActionInvoker|Action Filter: Before executing OnActionExecuted on filter Microsoft.AspNetCore.Mvc.Infrastructure.ModelStateInvalidFilter. 
2024-04-01 17:11:26.7189|TRACE|Microsoft.AspNetCore.Mvc.Infrastructure.ControllerActionInvoker|Action Filter: After executing OnActionExecuted on filter Microsoft.AspNetCore.Mvc.Infrastructure.ModelStateInvalidFilter. 
2024-04-01 17:11:26.7189|TRACE|Microsoft.AspNetCore.Mvc.Infrastructure.ControllerActionInvoker|Action Filter: Before executing OnActionExecuted on filter Microsoft.AspNetCore.Mvc.ModelBinding.UnsupportedContentTypeFilter. 
2024-04-01 17:11:26.7189|TRACE|Microsoft.AspNetCore.Mvc.Infrastructure.ControllerActionInvoker|Action Filter: After executing OnActionExecuted on filter Microsoft.AspNetCore.Mvc.ModelBinding.UnsupportedContentTypeFilter. 
2024-04-01 17:11:26.7189|TRACE|Microsoft.AspNetCore.Mvc.Infrastructure.ControllerActionInvoker|Result Filter: Before executing OnResultExecuting on filter Microsoft.AspNetCore.Mvc.Infrastructure.ClientErrorResultFilter. 
2024-04-01 17:11:26.7189|TRACE|Microsoft.AspNetCore.Mvc.Infrastructure.ControllerActionInvoker|Result Filter: After executing OnResultExecuting on filter Microsoft.AspNetCore.Mvc.Infrastructure.ClientErrorResultFilter. 
2024-04-01 17:11:26.7189|TRACE|Microsoft.AspNetCore.Mvc.Infrastructure.ControllerActionInvoker|Before executing action result Microsoft.AspNetCore.Mvc.OkObjectResult. 
2024-04-01 17:11:26.7189|DEBUG|Microsoft.AspNetCore.Mvc.Infrastructure.DefaultOutputFormatterSelector|List of registered output formatters, in the following order: Microsoft.AspNetCore.Mvc.Formatters.HttpNoContentOutputFormatter, Microsoft.AspNetCore.Mvc.Formatters.StringOutputFormatter, Microsoft.AspNetCore.Mvc.Formatters.StreamOutputFormatter, Microsoft.AspNetCore.Mvc.Formatters.NewtonsoftJsonOutputFormatter 
2024-04-01 17:11:26.7189|DEBUG|Microsoft.AspNetCore.Mvc.Infrastructure.DefaultOutputFormatterSelector|No information found on request to perform content negotiation. 
2024-04-01 17:11:26.7189|DEBUG|Microsoft.AspNetCore.Mvc.Infrastructure.DefaultOutputFormatterSelector|Attempting to select an output formatter without using a content type as no explicit content types were specified for the response. 
2024-04-01 17:11:26.7189|DEBUG|Microsoft.AspNetCore.Mvc.Infrastructure.DefaultOutputFormatterSelector|Attempting to select the first formatter in the output formatters list which can write the result. 
2024-04-01 17:11:26.7189|DEBUG|Microsoft.AspNetCore.Mvc.Infrastructure.DefaultOutputFormatterSelector|Selected output formatter 'Microsoft.AspNetCore.Mvc.Formatters.NewtonsoftJsonOutputFormatter' and content type 'application/json' to write the response. 
2024-04-01 17:11:26.7189|INFO|Microsoft.AspNetCore.Mvc.Infrastructure.ObjectResultExecutor|Executing OkObjectResult, writing value of type 'LitZhu.WebApi.R'. 
2024-04-01 17:11:26.7243|TRACE|Microsoft.AspNetCore.Mvc.Infrastructure.ControllerActionInvoker|After executing action result Microsoft.AspNetCore.Mvc.OkObjectResult. 
2024-04-01 17:11:26.7243|TRACE|Microsoft.AspNetCore.Mvc.Infrastructure.ControllerActionInvoker|Result Filter: Before executing OnResultExecuted on filter Microsoft.AspNetCore.Mvc.Infrastructure.ClientErrorResultFilter. 
2024-04-01 17:11:26.7243|TRACE|Microsoft.AspNetCore.Mvc.Infrastructure.ControllerActionInvoker|Result Filter: After executing OnResultExecuted on filter Microsoft.AspNetCore.Mvc.Infrastructure.ClientErrorResultFilter. 
2024-04-01 17:11:26.7243|INFO|Microsoft.AspNetCore.Mvc.Infrastructure.ControllerActionInvoker|Executed action LitZhu.WebApi.Controllers.Article.ArticleTagsController.GetArticleTags (LitZhu.WebApi) in 21353.7032ms 
2024-04-01 17:11:26.7243|INFO|Microsoft.AspNetCore.Routing.EndpointMiddleware|Executed endpoint 'LitZhu.WebApi.Controllers.Article.ArticleTagsController.GetArticleTags (LitZhu.WebApi)' 
2024-04-01 17:11:26.7243|DEBUG|Microsoft.AspNetCore.Server.Kestrel.Connections|Connection id "0HN2I5B9NP6UM" completed keep alive response. 
2024-04-01 17:11:26.7243|DEBUG|Microsoft.EntityFrameworkCore.Infrastructure|'ArticleDbContext' disposed. 
2024-04-01 17:11:26.7243|DEBUG|Microsoft.EntityFrameworkCore.Database.Connection|Disposing connection to database 'LitZhu' on server 'localhost'. 
2024-04-01 17:11:26.7243|DEBUG|Microsoft.EntityFrameworkCore.Database.Connection|Disposed connection to database 'LitZhu' on server 'localhost' (0ms). 
2024-04-01 17:11:26.7243|INFO|Microsoft.AspNetCore.Hosting.Diagnostics|Request finished HTTP/1.1 GET https://localhost:7290/api/ArticleTags/55cf279d-9122-4679-990d-89ee0e59e20e/Tags - 200 42 application/json;+charset=utf-8 21355.5547ms 
2024-04-01 17:11:26.7243|DEBUG|Microsoft.AspNetCore.Server.Kestrel.Transport.Sockets|Connection id "0HN2I5B9NP6UM" received FIN. 
2024-04-01 17:11:26.7243|DEBUG|Microsoft.AspNetCore.Server.Kestrel.Connections|Connection id "0HN2I5B9NP6UM" disconnecting. 
2024-04-01 17:11:26.7243|DEBUG|Microsoft.AspNetCore.Server.Kestrel.Connections|Connection id "0HN2I5B9NP6UM" stopped. 
2024-04-01 17:11:26.7243|DEBUG|Microsoft.AspNetCore.Server.Kestrel.Transport.Sockets|Connection id "0HN2I5B9NP6UM" sending FIN because: "The Socket transport's send loop completed gracefully." 
2024-04-01 17:11:43.2241|DEBUG|Microsoft.AspNetCore.Server.Kestrel.Connections|Connection id "0HN2I5B9NP6UN" accepted. 
2024-04-01 17:11:43.2241|DEBUG|Microsoft.AspNetCore.Server.Kestrel.Connections|Connection id "0HN2I5B9NP6UN" started. 
2024-04-01 17:11:43.2241|DEBUG|Microsoft.AspNetCore.Server.Kestrel.Https.Internal.HttpsConnectionMiddleware|Connection 0HN2I5B9NP6UN established using the following protocol: Tls13 
2024-04-01 17:11:43.2241|INFO|Microsoft.AspNetCore.Hosting.Diagnostics|Request starting HTTP/1.1 POST https://localhost:7290/api/ArticleTags - application/json 106 
2024-04-01 17:11:43.2241|TRACE|Microsoft.AspNetCore.HostFiltering.HostFilteringMiddleware|All hosts are allowed. 
2024-04-01 17:11:43.2241|DEBUG|Microsoft.AspNetCore.Routing.Matching.DfaMatcher|1 candidate(s) found for the request path '/api/ArticleTags' 
2024-04-01 17:11:43.2241|DEBUG|Microsoft.AspNetCore.Routing.Matching.DfaMatcher|Endpoint 'LitZhu.WebApi.Controllers.Article.ArticleTagsController.CreateArticleTags (LitZhu.WebApi)' with route pattern 'api/ArticleTags' is valid for the request path '/api/ArticleTags' 
2024-04-01 17:11:43.2241|DEBUG|Microsoft.AspNetCore.Routing.EndpointRoutingMiddleware|Request matched endpoint 'LitZhu.WebApi.Controllers.Article.ArticleTagsController.CreateArticleTags (LitZhu.WebApi)' 
2024-04-01 17:11:43.2241|TRACE|Microsoft.AspNetCore.Routing.EndpointRoutingMiddleware|The endpoint does not specify the IRequestSizeLimitMetadata. 
2024-04-01 17:11:43.2241|DEBUG|Microsoft.AspNetCore.StaticFiles.StaticFileMiddleware|Static files was skipped as the request already matched an endpoint. 
2024-04-01 17:11:43.2241|DEBUG|Microsoft.AspNetCore.Authentication.JwtBearer.JwtBearerHandler|Successfully validated the token. 
2024-04-01 17:11:43.2241|DEBUG|Microsoft.AspNetCore.Authentication.JwtBearer.JwtBearerHandler|AuthenticationScheme: Bearer was successfully authenticated. 
2024-04-01 17:11:43.2241|DEBUG|Microsoft.AspNetCore.Authorization.DefaultAuthorizationService|Authorization was successful. 
2024-04-01 17:11:43.2241|INFO|Microsoft.AspNetCore.Routing.EndpointMiddleware|Executing endpoint 'LitZhu.WebApi.Controllers.Article.ArticleTagsController.CreateArticleTags (LitZhu.WebApi)' 
2024-04-01 17:11:43.2241|INFO|Microsoft.AspNetCore.Mvc.Infrastructure.ControllerActionInvoker|Route matched with {action = "CreateArticleTags", controller = "ArticleTags"}. Executing controller action with signature System.Threading.Tasks.Task`1[Microsoft.AspNetCore.Mvc.IActionResult] CreateArticleTags(Article.Domain.DTO.ArticleTagsCreateDto) on controller LitZhu.WebApi.Controllers.Article.ArticleTagsController (LitZhu.WebApi). 
2024-04-01 17:11:43.2241|DEBUG|Microsoft.AspNetCore.Mvc.Infrastructure.ControllerActionInvoker|Execution plan of authorization filters (in the following order): None 
2024-04-01 17:11:43.2241|DEBUG|Microsoft.AspNetCore.Mvc.Infrastructure.ControllerActionInvoker|Execution plan of resource filters (in the following order): None 
2024-04-01 17:11:43.2241|DEBUG|Microsoft.AspNetCore.Mvc.Infrastructure.ControllerActionInvoker|Execution plan of action filters (in the following order): Microsoft.AspNetCore.Mvc.ModelBinding.UnsupportedContentTypeFilter (Order: -3000), Microsoft.AspNetCore.Mvc.Infrastructure.ModelStateInvalidFilter (Order: -2000) 
2024-04-01 17:11:43.2241|DEBUG|Microsoft.AspNetCore.Mvc.Infrastructure.ControllerActionInvoker|Execution plan of exception filters (in the following order): None 
2024-04-01 17:11:43.2241|DEBUG|Microsoft.AspNetCore.Mvc.Infrastructure.ControllerActionInvoker|Execution plan of result filters (in the following order): Microsoft.AspNetCore.Mvc.Infrastructure.ClientErrorResultFilter (Order: -2000) 
2024-04-01 17:11:43.2241|DEBUG|Microsoft.AspNetCore.Mvc.Infrastructure.ControllerActionInvoker|Executing controller factory for controller LitZhu.WebApi.Controllers.Article.ArticleTagsController (LitZhu.WebApi) 
2024-04-01 17:11:43.2241|DEBUG|Microsoft.EntityFrameworkCore.Infrastructure|Entity Framework Core 8.0.1 initialized 'ArticleDbContext' using provider 'Pomelo.EntityFrameworkCore.MySql:8.0.1' with options: ServerVersion=8.0.23-mysql  
2024-04-01 17:11:43.2241|DEBUG|Microsoft.AspNetCore.Mvc.Infrastructure.ControllerActionInvoker|Executed controller factory for controller LitZhu.WebApi.Controllers.Article.ArticleTagsController (LitZhu.WebApi) 
2024-04-01 17:11:43.2241|DEBUG|Microsoft.AspNetCore.Mvc.ModelBinding.ParameterBinder|Attempting to bind parameter 'createDto' of type 'Article.Domain.DTO.ArticleTagsCreateDto' ... 
2024-04-01 17:11:43.2241|DEBUG|Microsoft.AspNetCore.Mvc.ModelBinding.Binders.BodyModelBinder|Attempting to bind parameter 'createDto' of type 'Article.Domain.DTO.ArticleTagsCreateDto' using the name '' in request data ... 
2024-04-01 17:11:43.2241|DEBUG|Microsoft.AspNetCore.Mvc.ModelBinding.Binders.BodyModelBinder|Rejected input formatter 'Microsoft.AspNetCore.Mvc.Formatters.NewtonsoftJsonPatchInputFormatter' for content type 'application/json'. 
2024-04-01 17:11:43.2241|DEBUG|Microsoft.AspNetCore.Mvc.ModelBinding.Binders.BodyModelBinder|Selected input formatter 'Microsoft.AspNetCore.Mvc.Formatters.NewtonsoftJsonInputFormatter' for content type 'application/json'. 
2024-04-01 17:11:43.2241|DEBUG|Microsoft.AspNetCore.Server.Kestrel|Connection id "0HN2I5B9NP6UN", Request id "0HN2I5B9NP6UN:00000001": started reading request body. 
2024-04-01 17:11:43.2241|DEBUG|Microsoft.AspNetCore.Server.Kestrel|Connection id "0HN2I5B9NP6UN", Request id "0HN2I5B9NP6UN:00000001": done reading request body. 
2024-04-01 17:11:43.2241|DEBUG|Microsoft.AspNetCore.Mvc.ModelBinding.Binders.BodyModelBinder|Done attempting to bind parameter 'createDto' of type 'Article.Domain.DTO.ArticleTagsCreateDto'. 
2024-04-01 17:11:43.2241|DEBUG|Microsoft.AspNetCore.Mvc.ModelBinding.ParameterBinder|Done attempting to bind parameter 'createDto' of type 'Article.Domain.DTO.ArticleTagsCreateDto'. 
2024-04-01 17:11:43.2241|DEBUG|Microsoft.AspNetCore.Mvc.ModelBinding.ParameterBinder|Attempting to validate the bound parameter 'createDto' of type 'Article.Domain.DTO.ArticleTagsCreateDto' ... 
2024-04-01 17:11:43.2241|DEBUG|Microsoft.AspNetCore.Mvc.ModelBinding.ParameterBinder|Done attempting to validate the bound parameter 'createDto' of type 'Article.Domain.DTO.ArticleTagsCreateDto'. 
2024-04-01 17:11:43.2241|TRACE|Microsoft.AspNetCore.Mvc.Infrastructure.ControllerActionInvoker|Action Filter: Before executing OnActionExecuting on filter Microsoft.AspNetCore.Mvc.ModelBinding.UnsupportedContentTypeFilter. 
2024-04-01 17:11:43.2241|TRACE|Microsoft.AspNetCore.Mvc.Infrastructure.ControllerActionInvoker|Action Filter: After executing OnActionExecuting on filter Microsoft.AspNetCore.Mvc.ModelBinding.UnsupportedContentTypeFilter. 
2024-04-01 17:11:43.2241|TRACE|Microsoft.AspNetCore.Mvc.Infrastructure.ControllerActionInvoker|Action Filter: Before executing OnActionExecuting on filter Microsoft.AspNetCore.Mvc.Infrastructure.ModelStateInvalidFilter. 
2024-04-01 17:11:43.2241|TRACE|Microsoft.AspNetCore.Mvc.Infrastructure.ControllerActionInvoker|Action Filter: After executing OnActionExecuting on filter Microsoft.AspNetCore.Mvc.Infrastructure.ModelStateInvalidFilter. 
2024-04-01 17:11:43.2241|INFO|Microsoft.AspNetCore.Mvc.Infrastructure.ControllerActionInvoker|Executing action method LitZhu.WebApi.Controllers.Article.ArticleTagsController.CreateArticleTags (LitZhu.WebApi) - Validation state: Valid 
2024-04-01 17:11:43.2359|TRACE|Microsoft.AspNetCore.Mvc.Infrastructure.ControllerActionInvoker|Executing action method LitZhu.WebApi.Controllers.Article.ArticleTagsController.CreateArticleTags (LitZhu.WebApi) with arguments (ArticleTagsCreateDto { articleId = 55cf279d-9122-4679-990d-89ee0e59e20e, tagId = 214960ba-f80d-4d60-a430-3dc2f18cdbdb }) 
2024-04-01 17:11:43.2359|DEBUG|Microsoft.EntityFrameworkCore.Database.Connection|Creating DbConnection. 
2024-04-01 17:11:43.2359|DEBUG|Microsoft.EntityFrameworkCore.Database.Connection|Created DbConnection. (0ms). 
2024-04-01 17:11:43.2359|DEBUG|Microsoft.EntityFrameworkCore.Database.Connection|Opening connection to database 'LitZhu' on server 'localhost'. 
2024-04-01 17:11:43.2359|DEBUG|Microsoft.EntityFrameworkCore.Database.Connection|Opened connection to database 'LitZhu' on server 'localhost'. 
2024-04-01 17:11:43.2359|DEBUG|Microsoft.EntityFrameworkCore.Database.Command|Creating DbCommand for 'ExecuteReader'. 
2024-04-01 17:11:43.2359|DEBUG|Microsoft.EntityFrameworkCore.Database.Command|Created DbCommand for 'ExecuteReader' (0ms). 
2024-04-01 17:11:43.2359|DEBUG|Microsoft.EntityFrameworkCore.Database.Command|Initialized DbCommand for 'ExecuteReader' (0ms). 
2024-04-01 17:11:43.2359|DEBUG|Microsoft.EntityFrameworkCore.Database.Command|Executing DbCommand [Parameters=[@__articleId_0='?' (DbType = Guid)], CommandType='Text', CommandTimeout='30']
SELECT `t`.`Id`, `t`.`Content`, `t`.`CreationTime`, `t`.`DeletionTime`, `t`.`Desc`, `t`.`Image`, `t`.`IsDeleted`, `t`.`LastModificationTime`, `t`.`Likes`, `t`.`Title`, `t`.`UserId`, `t`.`Views`, `c`.`Id`, `c`.`ArticleId`, `c`.`Content`, `c`.`CreationTime`, `c`.`LastModificationTime`, `c`.`Likes`, `c`.`PId`, `c`.`Path`, `c`.`UserId`, `t1`.`ArticleId`, `t1`.`TagId`, `t1`.`Id`, `t1`.`CreationTime`, `t1`.`DeletionTime`, `t1`.`IsDeleted`, `t1`.`LastModificationTime`, `t1`.`TagName`
FROM (
    SELECT `a`.`Id`, `a`.`Content`, `a`.`CreationTime`, `a`.`DeletionTime`, `a`.`Desc`, `a`.`Image`, `a`.`IsDeleted`, `a`.`LastModificationTime`, `a`.`Likes`, `a`.`Title`, `a`.`UserId`, `a`.`Views`
    FROM `Articles` AS `a`
    WHERE NOT (`a`.`IsDeleted`) AND (`a`.`Id` = @__articleId_0)
    LIMIT 1
) AS `t`
LEFT JOIN `Comments` AS `c` ON `t`.`Id` = `c`.`ArticleId`
LEFT JOIN (
    SELECT `a0`.`ArticleId`, `a0`.`TagId`, `t0`.`Id`, `t0`.`CreationTime`, `t0`.`DeletionTime`, `t0`.`IsDeleted`, `t0`.`LastModificationTime`, `t0`.`TagName`
    FROM `Articles_Tags` AS `a0`
    INNER JOIN (
        SELECT `t2`.`Id`, `t2`.`CreationTime`, `t2`.`DeletionTime`, `t2`.`IsDeleted`, `t2`.`LastModificationTime`, `t2`.`TagName`
        FROM `Tags` AS `t2`
        WHERE NOT (`t2`.`IsDeleted`)
    ) AS `t0` ON `a0`.`TagId` = `t0`.`Id`
) AS `t1` ON `t`.`Id` = `t1`.`ArticleId`
ORDER BY `t`.`Id`, `c`.`Id`, `t1`.`ArticleId`, `t1`.`TagId` 
2024-04-01 17:11:43.2359|INFO|Microsoft.EntityFrameworkCore.Database.Command|Executed DbCommand (4ms) [Parameters=[@__articleId_0='?' (DbType = Guid)], CommandType='Text', CommandTimeout='30']
SELECT `t`.`Id`, `t`.`Content`, `t`.`CreationTime`, `t`.`DeletionTime`, `t`.`Desc`, `t`.`Image`, `t`.`IsDeleted`, `t`.`LastModificationTime`, `t`.`Likes`, `t`.`Title`, `t`.`UserId`, `t`.`Views`, `c`.`Id`, `c`.`ArticleId`, `c`.`Content`, `c`.`CreationTime`, `c`.`LastModificationTime`, `c`.`Likes`, `c`.`PId`, `c`.`Path`, `c`.`UserId`, `t1`.`ArticleId`, `t1`.`TagId`, `t1`.`Id`, `t1`.`CreationTime`, `t1`.`DeletionTime`, `t1`.`IsDeleted`, `t1`.`LastModificationTime`, `t1`.`TagName`
FROM (
    SELECT `a`.`Id`, `a`.`Content`, `a`.`CreationTime`, `a`.`DeletionTime`, `a`.`Desc`, `a`.`Image`, `a`.`IsDeleted`, `a`.`LastModificationTime`, `a`.`Likes`, `a`.`Title`, `a`.`UserId`, `a`.`Views`
    FROM `Articles` AS `a`
    WHERE NOT (`a`.`IsDeleted`) AND (`a`.`Id` = @__articleId_0)
    LIMIT 1
) AS `t`
LEFT JOIN `Comments` AS `c` ON `t`.`Id` = `c`.`ArticleId`
LEFT JOIN (
    SELECT `a0`.`ArticleId`, `a0`.`TagId`, `t0`.`Id`, `t0`.`CreationTime`, `t0`.`DeletionTime`, `t0`.`IsDeleted`, `t0`.`LastModificationTime`, `t0`.`TagName`
    FROM `Articles_Tags` AS `a0`
    INNER JOIN (
        SELECT `t2`.`Id`, `t2`.`CreationTime`, `t2`.`DeletionTime`, `t2`.`IsDeleted`, `t2`.`LastModificationTime`, `t2`.`TagName`
        FROM `Tags` AS `t2`
        WHERE NOT (`t2`.`IsDeleted`)
    ) AS `t0` ON `a0`.`TagId` = `t0`.`Id`
) AS `t1` ON `t`.`Id` = `t1`.`ArticleId`
ORDER BY `t`.`Id`, `c`.`Id`, `t1`.`ArticleId`, `t1`.`TagId` 
2024-04-01 17:11:43.2359|DEBUG|Microsoft.EntityFrameworkCore.ChangeTracking|Context 'ArticleDbContext' started tracking 'Articles' entity. Consider using 'DbContextOptionsBuilder.EnableSensitiveDataLogging' to see key values. 
2024-04-01 17:11:43.2571|DEBUG|Microsoft.EntityFrameworkCore.Database.Command|Closing data reader to 'LitZhu' on server 'localhost'. 
2024-04-01 17:11:43.2571|DEBUG|Microsoft.EntityFrameworkCore.Database.Command|A data reader for 'LitZhu' on server 'localhost' is being disposed after spending 9ms reading results. 
2024-04-01 17:11:43.2571|DEBUG|Microsoft.EntityFrameworkCore.Database.Connection|Closing connection to database 'LitZhu' on server 'localhost'. 
2024-04-01 17:11:43.2571|DEBUG|Microsoft.EntityFrameworkCore.Database.Connection|Closed connection to database 'LitZhu' on server 'localhost' (0ms). 
2024-04-01 17:11:43.2571|DEBUG|Microsoft.EntityFrameworkCore.Query|Compiling query expression: 
'DbSet<Tags>()
    .Include(x => x.ArticleTagsList)
    .ThenInclude(at => at.Articles)
    .FirstOrDefault(x => x.Id == __tagId_0)' 
2024-04-01 17:11:43.2571|DEBUG|Microsoft.EntityFrameworkCore.Query|Including navigation: 'Tags.ArticleTagsList'. 
2024-04-01 17:11:43.2571|DEBUG|Microsoft.EntityFrameworkCore.Query|Including navigation: 'ArticleTags.Articles'. 
2024-04-01 17:11:43.2733|DEBUG|Microsoft.EntityFrameworkCore.Query|Generated query execution expression: 
'queryContext => ShapedQueryCompilingExpressionVisitor.SingleOrDefaultAsync<Tags>(
    asyncEnumerable: new SingleQueryingEnumerable<Tags>(
        (RelationalQueryContext)queryContext, 
        RelationalCommandCache.QueryExpression(
            Client Projections:
                0 -> Dictionary<IProperty, int> { [Property: Tags.Id (Guid) Required PK AfterSave:Throw ValueGenerated.OnAdd, 0], [Property: Tags.CreationTime (DateTime) Required, 1], [Property: Tags.DeletionTime (DateTime?), 2], [Property: Tags.IsDeleted (bool) Required Index, 3], [Property: Tags.LastModificationTime (DateTime?), 4], [Property: Tags.TagName (string) Required MaxLength(10), 5] }
                1 -> 0
                2 -> Dictionary<IProperty, int> { [Property: ArticleTags.ArticleId (Guid) Required PK FK AfterSave:Throw, 6], [Property: ArticleTags.TagId (Guid) Required PK FK Index AfterSave:Throw, 7] }
                3 -> Dictionary<IProperty, int> { [Property: Articles.Id (Guid) Required PK AfterSave:Throw ValueGenerated.OnAdd, 8], [Property: Articles.Content (string) Required, 9], [Property: Articles.CreationTime (DateTime) Required, 10], [Property: Articles.DeletionTime (DateTime?), 11], [Property: Articles.Desc (string) Required, 12], [Property: Articles.Image (string) Required, 13], [Property: Articles.IsDeleted (bool) Required Index, 14], [Property: Articles.LastModificationTime (DateTime?), 15], [Property: Articles.Likes (int) Required, 16], [Property: Articles.Title (string) Required Index MaxLength(20), 17], [Property: Articles.UserId (Guid) Required, 18], [Property: Articles.Views (int) Required, 19] }
                4 -> 6
                5 -> 7
                6 -> 8
            SELECT t0.Id, t0.CreationTime, t0.DeletionTime, t0.IsDeleted, t0.LastModificationTime, t0.TagName, t1.ArticleId, t1.TagId, t1.Id, t1.Content, t1.CreationTime, t1.DeletionTime, t1.Desc, t1.Image, t1.IsDeleted, t1.LastModificationTime, t1.Likes, t1.Title, t1.UserId, t1.Views
            FROM 
            (
                SELECT TOP(1) t.Id, t.CreationTime, t.DeletionTime, t.IsDeleted, t.LastModificationTime, t.TagName
                FROM Tags AS t
                WHERE (t.IsDeleted == FALSE) && (t.Id == @__tagId_0)
            ) AS t0
            LEFT JOIN 
            (
                SELECT a.ArticleId, a.TagId, t2.Id, t2.Content, t2.CreationTime, t2.DeletionTime, t2.Desc, t2.Image, t2.IsDeleted, t2.LastModificationTime, t2.Likes, t2.Title, t2.UserId, t2.Views
                FROM Articles_Tags AS a
                INNER JOIN 
                (
                    SELECT a0.Id, a0.Content, a0.CreationTime, a0.DeletionTime, a0.Desc, a0.Image, a0.IsDeleted, a0.LastModificationTime, a0.Likes, a0.Title, a0.UserId, a0.Views
                    FROM Articles AS a0
                    WHERE a0.IsDeleted == FALSE
                ) AS t2 ON a.ArticleId == t2.Id
            ) AS t1 ON t0.Id == t1.TagId
            ORDER BY t0.Id ASC, t1.ArticleId ASC, t1.TagId ASC), 
        null, 
        Func<QueryContext, DbDataReader, ResultContext, SingleQueryResultCoordinator, Tags>, 
        Article.Infrastructure.ArticleDbContext, 
        False, 
        False, 
        True
    ), 
    cancellationToken: queryContext.CancellationToken)' 
2024-04-01 17:11:43.2733|DEBUG|Microsoft.EntityFrameworkCore.Database.Connection|Opening connection to database 'LitZhu' on server 'localhost'. 
2024-04-01 17:11:43.2733|DEBUG|Microsoft.EntityFrameworkCore.Database.Connection|Opened connection to database 'LitZhu' on server 'localhost'. 
2024-04-01 17:11:43.2733|DEBUG|Microsoft.EntityFrameworkCore.Database.Command|Creating DbCommand for 'ExecuteReader'. 
2024-04-01 17:11:43.2733|DEBUG|Microsoft.EntityFrameworkCore.Database.Command|Created DbCommand for 'ExecuteReader' (0ms). 
2024-04-01 17:11:43.2733|DEBUG|Microsoft.EntityFrameworkCore.Database.Command|Initialized DbCommand for 'ExecuteReader' (0ms). 
2024-04-01 17:11:43.2733|DEBUG|Microsoft.EntityFrameworkCore.Database.Command|Executing DbCommand [Parameters=[@__tagId_0='?' (DbType = Guid)], CommandType='Text', CommandTimeout='30']
SELECT `t0`.`Id`, `t0`.`CreationTime`, `t0`.`DeletionTime`, `t0`.`IsDeleted`, `t0`.`LastModificationTime`, `t0`.`TagName`, `t1`.`ArticleId`, `t1`.`TagId`, `t1`.`Id`, `t1`.`Content`, `t1`.`CreationTime`, `t1`.`DeletionTime`, `t1`.`Desc`, `t1`.`Image`, `t1`.`IsDeleted`, `t1`.`LastModificationTime`, `t1`.`Likes`, `t1`.`Title`, `t1`.`UserId`, `t1`.`Views`
FROM (
    SELECT `t`.`Id`, `t`.`CreationTime`, `t`.`DeletionTime`, `t`.`IsDeleted`, `t`.`LastModificationTime`, `t`.`TagName`
    FROM `Tags` AS `t`
    WHERE NOT (`t`.`IsDeleted`) AND (`t`.`Id` = @__tagId_0)
    LIMIT 1
) AS `t0`
LEFT JOIN (
    SELECT `a`.`ArticleId`, `a`.`TagId`, `t2`.`Id`, `t2`.`Content`, `t2`.`CreationTime`, `t2`.`DeletionTime`, `t2`.`Desc`, `t2`.`Image`, `t2`.`IsDeleted`, `t2`.`LastModificationTime`, `t2`.`Likes`, `t2`.`Title`, `t2`.`UserId`, `t2`.`Views`
    FROM `Articles_Tags` AS `a`
    INNER JOIN (
        SELECT `a0`.`Id`, `a0`.`Content`, `a0`.`CreationTime`, `a0`.`DeletionTime`, `a0`.`Desc`, `a0`.`Image`, `a0`.`IsDeleted`, `a0`.`LastModificationTime`, `a0`.`Likes`, `a0`.`Title`, `a0`.`UserId`, `a0`.`Views`
        FROM `Articles` AS `a0`
        WHERE NOT (`a0`.`IsDeleted`)
    ) AS `t2` ON `a`.`ArticleId` = `t2`.`Id`
) AS `t1` ON `t0`.`Id` = `t1`.`TagId`
ORDER BY `t0`.`Id`, `t1`.`ArticleId`, `t1`.`TagId` 
2024-04-01 17:11:43.2733|INFO|Microsoft.EntityFrameworkCore.Database.Command|Executed DbCommand (3ms) [Parameters=[@__tagId_0='?' (DbType = Guid)], CommandType='Text', CommandTimeout='30']
SELECT `t0`.`Id`, `t0`.`CreationTime`, `t0`.`DeletionTime`, `t0`.`IsDeleted`, `t0`.`LastModificationTime`, `t0`.`TagName`, `t1`.`ArticleId`, `t1`.`TagId`, `t1`.`Id`, `t1`.`Content`, `t1`.`CreationTime`, `t1`.`DeletionTime`, `t1`.`Desc`, `t1`.`Image`, `t1`.`IsDeleted`, `t1`.`LastModificationTime`, `t1`.`Likes`, `t1`.`Title`, `t1`.`UserId`, `t1`.`Views`
FROM (
    SELECT `t`.`Id`, `t`.`CreationTime`, `t`.`DeletionTime`, `t`.`IsDeleted`, `t`.`LastModificationTime`, `t`.`TagName`
    FROM `Tags` AS `t`
    WHERE NOT (`t`.`IsDeleted`) AND (`t`.`Id` = @__tagId_0)
    LIMIT 1
) AS `t0`
LEFT JOIN (
    SELECT `a`.`ArticleId`, `a`.`TagId`, `t2`.`Id`, `t2`.`Content`, `t2`.`CreationTime`, `t2`.`DeletionTime`, `t2`.`Desc`, `t2`.`Image`, `t2`.`IsDeleted`, `t2`.`LastModificationTime`, `t2`.`Likes`, `t2`.`Title`, `t2`.`UserId`, `t2`.`Views`
    FROM `Articles_Tags` AS `a`
    INNER JOIN (
        SELECT `a0`.`Id`, `a0`.`Content`, `a0`.`CreationTime`, `a0`.`DeletionTime`, `a0`.`Desc`, `a0`.`Image`, `a0`.`IsDeleted`, `a0`.`LastModificationTime`, `a0`.`Likes`, `a0`.`Title`, `a0`.`UserId`, `a0`.`Views`
        FROM `Articles` AS `a0`
        WHERE NOT (`a0`.`IsDeleted`)
    ) AS `t2` ON `a`.`ArticleId` = `t2`.`Id`
) AS `t1` ON `t0`.`Id` = `t1`.`TagId`
ORDER BY `t0`.`Id`, `t1`.`ArticleId`, `t1`.`TagId` 
2024-04-01 17:11:43.2859|DEBUG|Microsoft.EntityFrameworkCore.ChangeTracking|Context 'ArticleDbContext' started tracking 'Tags' entity. Consider using 'DbContextOptionsBuilder.EnableSensitiveDataLogging' to see key values. 
2024-04-01 17:11:43.2859|DEBUG|Microsoft.EntityFrameworkCore.Database.Command|Closing data reader to 'LitZhu' on server 'localhost'. 
2024-04-01 17:11:43.2859|DEBUG|Microsoft.EntityFrameworkCore.Database.Command|A data reader for 'LitZhu' on server 'localhost' is being disposed after spending 10ms reading results. 
2024-04-01 17:11:43.2859|DEBUG|Microsoft.EntityFrameworkCore.Database.Connection|Closing connection to database 'LitZhu' on server 'localhost'. 
2024-04-01 17:11:43.2859|DEBUG|Microsoft.EntityFrameworkCore.Database.Connection|Closed connection to database 'LitZhu' on server 'localhost' (0ms). 
2024-04-01 17:11:43.3021|DEBUG|Microsoft.EntityFrameworkCore.ChangeTracking|The navigation 'ArticleTags.Articles' was detected as changed. Consider using 'DbContextOptionsBuilder.EnableSensitiveDataLogging' to see key values. 
2024-04-01 17:11:43.3021|DEBUG|Microsoft.EntityFrameworkCore.ChangeTracking|The navigation 'ArticleTags.Tags' was detected as changed. Consider using 'DbContextOptionsBuilder.EnableSensitiveDataLogging' to see key values. 
2024-04-01 17:11:43.3021|DEBUG|Microsoft.EntityFrameworkCore.ChangeTracking|Context 'ArticleDbContext' started tracking 'ArticleTags' entity. Consider using 'DbContextOptionsBuilder.EnableSensitiveDataLogging' to see key values. 
2024-04-01 17:11:43.3021|DEBUG|Microsoft.EntityFrameworkCore.Update|SaveChanges starting for 'ArticleDbContext'. 
2024-04-01 17:11:43.3021|DEBUG|Microsoft.EntityFrameworkCore.ChangeTracking|DetectChanges starting for 'ArticleDbContext'. 
2024-04-01 17:11:43.3151|DEBUG|Microsoft.EntityFrameworkCore.ChangeTracking|DetectChanges completed for 'ArticleDbContext'. 
2024-04-01 17:11:43.3151|DEBUG|Microsoft.EntityFrameworkCore.Database.Connection|Opening connection to database 'LitZhu' on server 'localhost'. 
2024-04-01 17:11:43.3151|DEBUG|Microsoft.EntityFrameworkCore.Database.Connection|Opened connection to database 'LitZhu' on server 'localhost'. 
2024-04-01 17:11:43.3151|DEBUG|Microsoft.EntityFrameworkCore.Database.Command|Creating DbCommand for 'ExecuteReader'. 
2024-04-01 17:11:43.3151|DEBUG|Microsoft.EntityFrameworkCore.Database.Command|Created DbCommand for 'ExecuteReader' (0ms). 
2024-04-01 17:11:43.3151|DEBUG|Microsoft.EntityFrameworkCore.Database.Command|Initialized DbCommand for 'ExecuteReader' (0ms). 
2024-04-01 17:11:43.3151|DEBUG|Microsoft.EntityFrameworkCore.Database.Command|Executing DbCommand [Parameters=[@p0='?' (DbType = Guid), @p1='?' (DbType = Guid)], CommandType='Text', CommandTimeout='30']
SET AUTOCOMMIT = 1;
INSERT INTO `Articles_Tags` (`ArticleId`, `TagId`)
VALUES (@p0, @p1); 
2024-04-01 17:11:43.3151|INFO|Microsoft.EntityFrameworkCore.Database.Command|Executed DbCommand (2ms) [Parameters=[@p0='?' (DbType = Guid), @p1='?' (DbType = Guid)], CommandType='Text', CommandTimeout='30']
SET AUTOCOMMIT = 1;
INSERT INTO `Articles_Tags` (`ArticleId`, `TagId`)
VALUES (@p0, @p1); 
2024-04-01 17:11:43.3151|DEBUG|Microsoft.EntityFrameworkCore.Database.Command|Closing data reader to 'LitZhu' on server 'localhost'. 
2024-04-01 17:11:43.3151|DEBUG|Microsoft.EntityFrameworkCore.Database.Command|A data reader for 'LitZhu' on server 'localhost' is being disposed after spending 0ms reading results. 
2024-04-01 17:11:43.3151|DEBUG|Microsoft.EntityFrameworkCore.Database.Connection|Closing connection to database 'LitZhu' on server 'localhost'. 
2024-04-01 17:11:43.3151|DEBUG|Microsoft.EntityFrameworkCore.Database.Connection|Closed connection to database 'LitZhu' on server 'localhost' (0ms). 
2024-04-01 17:11:43.3151|DEBUG|Microsoft.EntityFrameworkCore.ChangeTracking|An entity of type 'ArticleTags' tracked by 'ArticleDbContext' changed state from 'Added' to 'Unchanged'. Consider using 'DbContextOptionsBuilder.EnableSensitiveDataLogging' to see key values. 
2024-04-01 17:11:43.3151|DEBUG|Microsoft.EntityFrameworkCore.Update|SaveChanges completed for 'ArticleDbContext' with 1 entities written to the database. 
2024-04-01 17:11:43.3151|INFO|Microsoft.AspNetCore.Mvc.Infrastructure.ControllerActionInvoker|Executed action method LitZhu.WebApi.Controllers.Article.ArticleTagsController.CreateArticleTags (LitZhu.WebApi), returned result Microsoft.AspNetCore.Mvc.OkObjectResult in 89.6372ms. 
2024-04-01 17:11:43.3151|TRACE|Microsoft.AspNetCore.Mvc.Infrastructure.ControllerActionInvoker|Action Filter: Before executing OnActionExecuted on filter Microsoft.AspNetCore.Mvc.Infrastructure.ModelStateInvalidFilter. 
2024-04-01 17:11:43.3151|TRACE|Microsoft.AspNetCore.Mvc.Infrastructure.ControllerActionInvoker|Action Filter: After executing OnActionExecuted on filter Microsoft.AspNetCore.Mvc.Infrastructure.ModelStateInvalidFilter. 
2024-04-01 17:11:43.3151|TRACE|Microsoft.AspNetCore.Mvc.Infrastructure.ControllerActionInvoker|Action Filter: Before executing OnActionExecuted on filter Microsoft.AspNetCore.Mvc.ModelBinding.UnsupportedContentTypeFilter. 
2024-04-01 17:11:43.3151|TRACE|Microsoft.AspNetCore.Mvc.Infrastructure.ControllerActionInvoker|Action Filter: After executing OnActionExecuted on filter Microsoft.AspNetCore.Mvc.ModelBinding.UnsupportedContentTypeFilter. 
2024-04-01 17:11:43.3151|TRACE|Microsoft.AspNetCore.Mvc.Infrastructure.ControllerActionInvoker|Result Filter: Before executing OnResultExecuting on filter Microsoft.AspNetCore.Mvc.Infrastructure.ClientErrorResultFilter. 
2024-04-01 17:11:43.3151|TRACE|Microsoft.AspNetCore.Mvc.Infrastructure.ControllerActionInvoker|Result Filter: After executing OnResultExecuting on filter Microsoft.AspNetCore.Mvc.Infrastructure.ClientErrorResultFilter. 
2024-04-01 17:11:43.3151|TRACE|Microsoft.AspNetCore.Mvc.Infrastructure.ControllerActionInvoker|Before executing action result Microsoft.AspNetCore.Mvc.OkObjectResult. 
2024-04-01 17:11:43.3151|DEBUG|Microsoft.AspNetCore.Mvc.Infrastructure.DefaultOutputFormatterSelector|List of registered output formatters, in the following order: Microsoft.AspNetCore.Mvc.Formatters.HttpNoContentOutputFormatter, Microsoft.AspNetCore.Mvc.Formatters.StringOutputFormatter, Microsoft.AspNetCore.Mvc.Formatters.StreamOutputFormatter, Microsoft.AspNetCore.Mvc.Formatters.NewtonsoftJsonOutputFormatter 
2024-04-01 17:11:43.3151|DEBUG|Microsoft.AspNetCore.Mvc.Infrastructure.DefaultOutputFormatterSelector|No information found on request to perform content negotiation. 
2024-04-01 17:11:43.3151|DEBUG|Microsoft.AspNetCore.Mvc.Infrastructure.DefaultOutputFormatterSelector|Attempting to select an output formatter without using a content type as no explicit content types were specified for the response. 
2024-04-01 17:11:43.3151|DEBUG|Microsoft.AspNetCore.Mvc.Infrastructure.DefaultOutputFormatterSelector|Attempting to select the first formatter in the output formatters list which can write the result. 
2024-04-01 17:11:43.3151|DEBUG|Microsoft.AspNetCore.Mvc.Infrastructure.DefaultOutputFormatterSelector|Selected output formatter 'Microsoft.AspNetCore.Mvc.Formatters.NewtonsoftJsonOutputFormatter' and content type 'application/json' to write the response. 
2024-04-01 17:11:43.3151|INFO|Microsoft.AspNetCore.Mvc.Infrastructure.ObjectResultExecutor|Executing OkObjectResult, writing value of type 'LitZhu.WebApi.R'. 
2024-04-01 17:11:43.3151|TRACE|Microsoft.AspNetCore.Mvc.Infrastructure.ControllerActionInvoker|After executing action result Microsoft.AspNetCore.Mvc.OkObjectResult. 
2024-04-01 17:11:43.3151|TRACE|Microsoft.AspNetCore.Mvc.Infrastructure.ControllerActionInvoker|Result Filter: Before executing OnResultExecuted on filter Microsoft.AspNetCore.Mvc.Infrastructure.ClientErrorResultFilter. 
2024-04-01 17:11:43.3151|TRACE|Microsoft.AspNetCore.Mvc.Infrastructure.ControllerActionInvoker|Result Filter: After executing OnResultExecuted on filter Microsoft.AspNetCore.Mvc.Infrastructure.ClientErrorResultFilter. 
2024-04-01 17:11:43.3151|INFO|Microsoft.AspNetCore.Mvc.Infrastructure.ControllerActionInvoker|Executed action LitZhu.WebApi.Controllers.Article.ArticleTagsController.CreateArticleTags (LitZhu.WebApi) in 94.3462ms 
2024-04-01 17:11:43.3151|INFO|Microsoft.AspNetCore.Routing.EndpointMiddleware|Executed endpoint 'LitZhu.WebApi.Controllers.Article.ArticleTagsController.CreateArticleTags (LitZhu.WebApi)' 
2024-04-01 17:11:43.3151|DEBUG|Microsoft.AspNetCore.Server.Kestrel.Connections|Connection id "0HN2I5B9NP6UN" completed keep alive response. 
2024-04-01 17:11:43.3151|DEBUG|Microsoft.EntityFrameworkCore.Infrastructure|'ArticleDbContext' disposed. 
2024-04-01 17:11:43.3151|DEBUG|Microsoft.EntityFrameworkCore.Database.Connection|Disposing connection to database 'LitZhu' on server 'localhost'. 
2024-04-01 17:11:43.3151|DEBUG|Microsoft.EntityFrameworkCore.Database.Connection|Disposed connection to database 'LitZhu' on server 'localhost' (0ms). 
2024-04-01 17:11:43.3151|INFO|Microsoft.AspNetCore.Hosting.Diagnostics|Request finished HTTP/1.1 POST https://localhost:7290/api/ArticleTags - 200 54 application/json;+charset=utf-8 99.1672ms 
2024-04-01 17:11:43.3151|DEBUG|Microsoft.AspNetCore.Server.Kestrel.Transport.Sockets|Connection id "0HN2I5B9NP6UN" received FIN. 
2024-04-01 17:11:43.3151|DEBUG|Microsoft.AspNetCore.Server.Kestrel.Transport.Sockets|Connection id "0HN2I5B9NP6UN" sending FIN because: "The Socket transport's send loop completed gracefully." 
2024-04-01 17:11:43.3151|DEBUG|Microsoft.AspNetCore.Server.Kestrel.Connections|Connection id "0HN2I5B9NP6UN" disconnecting. 
2024-04-01 17:11:43.3151|DEBUG|Microsoft.AspNetCore.Server.Kestrel.Connections|Connection id "0HN2I5B9NP6UN" stopped. 
2024-04-01 17:11:47.7359|DEBUG|Microsoft.AspNetCore.Server.Kestrel.Connections|Connection id "0HN2I5B9NP6UO" accepted. 
2024-04-01 17:11:47.7364|DEBUG|Microsoft.AspNetCore.Server.Kestrel.Connections|Connection id "0HN2I5B9NP6UO" started. 
2024-04-01 17:11:47.7364|DEBUG|Microsoft.AspNetCore.Server.Kestrel.Https.Internal.HttpsConnectionMiddleware|Connection 0HN2I5B9NP6UO established using the following protocol: Tls13 
2024-04-01 17:11:47.7364|INFO|Microsoft.AspNetCore.Hosting.Diagnostics|Request starting HTTP/1.1 GET https://localhost:7290/api/ArticleTags/55cf279d-9122-4679-990d-89ee0e59e20e/Tags - application/json - 
2024-04-01 17:11:47.7364|TRACE|Microsoft.AspNetCore.HostFiltering.HostFilteringMiddleware|All hosts are allowed. 
2024-04-01 17:11:47.7364|DEBUG|Microsoft.AspNetCore.Routing.Matching.DfaMatcher|1 candidate(s) found for the request path '/api/ArticleTags/55cf279d-9122-4679-990d-89ee0e59e20e/Tags' 
2024-04-01 17:11:47.7364|DEBUG|Microsoft.AspNetCore.Routing.Matching.DfaMatcher|Endpoint 'LitZhu.WebApi.Controllers.Article.ArticleTagsController.GetArticleTags (LitZhu.WebApi)' with route pattern 'api/ArticleTags/{articleId}/Tags' is valid for the request path '/api/ArticleTags/55cf279d-9122-4679-990d-89ee0e59e20e/Tags' 
2024-04-01 17:11:47.7364|DEBUG|Microsoft.AspNetCore.Routing.EndpointRoutingMiddleware|Request matched endpoint 'LitZhu.WebApi.Controllers.Article.ArticleTagsController.GetArticleTags (LitZhu.WebApi)' 
2024-04-01 17:11:47.7364|TRACE|Microsoft.AspNetCore.Routing.EndpointRoutingMiddleware|The endpoint does not specify the IRequestSizeLimitMetadata. 
2024-04-01 17:11:47.7364|DEBUG|Microsoft.AspNetCore.StaticFiles.StaticFileMiddleware|Static files was skipped as the request already matched an endpoint. 
2024-04-01 17:11:47.7364|DEBUG|Microsoft.AspNetCore.Authentication.JwtBearer.JwtBearerHandler|Successfully validated the token. 
2024-04-01 17:11:47.7364|DEBUG|Microsoft.AspNetCore.Authentication.JwtBearer.JwtBearerHandler|AuthenticationScheme: Bearer was successfully authenticated. 
2024-04-01 17:11:47.7364|INFO|Microsoft.AspNetCore.Routing.EndpointMiddleware|Executing endpoint 'LitZhu.WebApi.Controllers.Article.ArticleTagsController.GetArticleTags (LitZhu.WebApi)' 
2024-04-01 17:11:47.7364|INFO|Microsoft.AspNetCore.Mvc.Infrastructure.ControllerActionInvoker|Route matched with {action = "GetArticleTags", controller = "ArticleTags"}. Executing controller action with signature System.Threading.Tasks.Task`1[Microsoft.AspNetCore.Mvc.ActionResult`1[System.Collections.Generic.List`1[Article.Domain.DTO.TagDto]]] GetArticleTags(System.Guid) on controller LitZhu.WebApi.Controllers.Article.ArticleTagsController (LitZhu.WebApi). 
2024-04-01 17:11:47.7364|DEBUG|Microsoft.AspNetCore.Mvc.Infrastructure.ControllerActionInvoker|Execution plan of authorization filters (in the following order): None 
2024-04-01 17:11:47.7364|DEBUG|Microsoft.AspNetCore.Mvc.Infrastructure.ControllerActionInvoker|Execution plan of resource filters (in the following order): None 
2024-04-01 17:11:47.7364|DEBUG|Microsoft.AspNetCore.Mvc.Infrastructure.ControllerActionInvoker|Execution plan of action filters (in the following order): Microsoft.AspNetCore.Mvc.ModelBinding.UnsupportedContentTypeFilter (Order: -3000), Microsoft.AspNetCore.Mvc.Infrastructure.ModelStateInvalidFilter (Order: -2000) 
2024-04-01 17:11:47.7364|DEBUG|Microsoft.AspNetCore.Mvc.Infrastructure.ControllerActionInvoker|Execution plan of exception filters (in the following order): None 
2024-04-01 17:11:47.7364|DEBUG|Microsoft.AspNetCore.Mvc.Infrastructure.ControllerActionInvoker|Execution plan of result filters (in the following order): Microsoft.AspNetCore.Mvc.Infrastructure.ClientErrorResultFilter (Order: -2000) 
2024-04-01 17:11:47.7364|DEBUG|Microsoft.AspNetCore.Mvc.Infrastructure.ControllerActionInvoker|Executing controller factory for controller LitZhu.WebApi.Controllers.Article.ArticleTagsController (LitZhu.WebApi) 
2024-04-01 17:11:47.7364|DEBUG|Microsoft.EntityFrameworkCore.Infrastructure|Entity Framework Core 8.0.1 initialized 'ArticleDbContext' using provider 'Pomelo.EntityFrameworkCore.MySql:8.0.1' with options: ServerVersion=8.0.23-mysql  
2024-04-01 17:11:47.7364|DEBUG|Microsoft.AspNetCore.Mvc.Infrastructure.ControllerActionInvoker|Executed controller factory for controller LitZhu.WebApi.Controllers.Article.ArticleTagsController (LitZhu.WebApi) 
2024-04-01 17:11:47.7364|DEBUG|Microsoft.AspNetCore.Mvc.ModelBinding.ParameterBinder|Attempting to bind parameter 'articleId' of type 'System.Guid' ... 
2024-04-01 17:11:47.7364|DEBUG|Microsoft.AspNetCore.Mvc.ModelBinding.Binders.SimpleTypeModelBinder|Attempting to bind parameter 'articleId' of type 'System.Guid' using the name 'articleId' in request data ... 
2024-04-01 17:11:47.7364|DEBUG|Microsoft.AspNetCore.Mvc.ModelBinding.Binders.SimpleTypeModelBinder|Done attempting to bind parameter 'articleId' of type 'System.Guid'. 
2024-04-01 17:11:47.7364|DEBUG|Microsoft.AspNetCore.Mvc.ModelBinding.ParameterBinder|Done attempting to bind parameter 'articleId' of type 'System.Guid'. 
2024-04-01 17:11:47.7364|DEBUG|Microsoft.AspNetCore.Mvc.ModelBinding.ParameterBinder|Attempting to validate the bound parameter 'articleId' of type 'System.Guid' ... 
2024-04-01 17:11:47.7364|DEBUG|Microsoft.AspNetCore.Mvc.ModelBinding.ParameterBinder|Done attempting to validate the bound parameter 'articleId' of type 'System.Guid'. 
2024-04-01 17:11:47.7364|TRACE|Microsoft.AspNetCore.Mvc.Infrastructure.ControllerActionInvoker|Action Filter: Before executing OnActionExecuting on filter Microsoft.AspNetCore.Mvc.ModelBinding.UnsupportedContentTypeFilter. 
2024-04-01 17:11:47.7364|TRACE|Microsoft.AspNetCore.Mvc.Infrastructure.ControllerActionInvoker|Action Filter: After executing OnActionExecuting on filter Microsoft.AspNetCore.Mvc.ModelBinding.UnsupportedContentTypeFilter. 
2024-04-01 17:11:47.7364|TRACE|Microsoft.AspNetCore.Mvc.Infrastructure.ControllerActionInvoker|Action Filter: Before executing OnActionExecuting on filter Microsoft.AspNetCore.Mvc.Infrastructure.ModelStateInvalidFilter. 
2024-04-01 17:11:47.7364|TRACE|Microsoft.AspNetCore.Mvc.Infrastructure.ControllerActionInvoker|Action Filter: After executing OnActionExecuting on filter Microsoft.AspNetCore.Mvc.Infrastructure.ModelStateInvalidFilter. 
2024-04-01 17:11:47.7364|INFO|Microsoft.AspNetCore.Mvc.Infrastructure.ControllerActionInvoker|Executing action method LitZhu.WebApi.Controllers.Article.ArticleTagsController.GetArticleTags (LitZhu.WebApi) - Validation state: Valid 
2024-04-01 17:11:47.7364|TRACE|Microsoft.AspNetCore.Mvc.Infrastructure.ControllerActionInvoker|Executing action method LitZhu.WebApi.Controllers.Article.ArticleTagsController.GetArticleTags (LitZhu.WebApi) with arguments (55cf279d-9122-4679-990d-89ee0e59e20e) 
2024-04-01 17:11:47.7364|DEBUG|Microsoft.EntityFrameworkCore.Database.Connection|Creating DbConnection. 
2024-04-01 17:11:47.7364|DEBUG|Microsoft.EntityFrameworkCore.Database.Connection|Created DbConnection. (0ms). 
2024-04-01 17:11:47.7364|DEBUG|Microsoft.EntityFrameworkCore.Database.Connection|Opening connection to database 'LitZhu' on server 'localhost'. 
2024-04-01 17:11:47.7364|DEBUG|Microsoft.EntityFrameworkCore.Database.Connection|Opened connection to database 'LitZhu' on server 'localhost'. 
2024-04-01 17:11:47.7364|DEBUG|Microsoft.EntityFrameworkCore.Database.Command|Creating DbCommand for 'ExecuteReader'. 
2024-04-01 17:11:47.7364|DEBUG|Microsoft.EntityFrameworkCore.Database.Command|Created DbCommand for 'ExecuteReader' (0ms). 
2024-04-01 17:11:47.7364|DEBUG|Microsoft.EntityFrameworkCore.Database.Command|Initialized DbCommand for 'ExecuteReader' (0ms). 
2024-04-01 17:11:47.7364|DEBUG|Microsoft.EntityFrameworkCore.Database.Command|Executing DbCommand [Parameters=[@__articleId_0='?' (DbType = Guid)], CommandType='Text', CommandTimeout='30']
SELECT `t`.`Id`, `t`.`Content`, `t`.`CreationTime`, `t`.`DeletionTime`, `t`.`Desc`, `t`.`Image`, `t`.`IsDeleted`, `t`.`LastModificationTime`, `t`.`Likes`, `t`.`Title`, `t`.`UserId`, `t`.`Views`, `c`.`Id`, `c`.`ArticleId`, `c`.`Content`, `c`.`CreationTime`, `c`.`LastModificationTime`, `c`.`Likes`, `c`.`PId`, `c`.`Path`, `c`.`UserId`, `t1`.`ArticleId`, `t1`.`TagId`, `t1`.`Id`, `t1`.`CreationTime`, `t1`.`DeletionTime`, `t1`.`IsDeleted`, `t1`.`LastModificationTime`, `t1`.`TagName`
FROM (
    SELECT `a`.`Id`, `a`.`Content`, `a`.`CreationTime`, `a`.`DeletionTime`, `a`.`Desc`, `a`.`Image`, `a`.`IsDeleted`, `a`.`LastModificationTime`, `a`.`Likes`, `a`.`Title`, `a`.`UserId`, `a`.`Views`
    FROM `Articles` AS `a`
    WHERE NOT (`a`.`IsDeleted`) AND (`a`.`Id` = @__articleId_0)
    LIMIT 1
) AS `t`
LEFT JOIN `Comments` AS `c` ON `t`.`Id` = `c`.`ArticleId`
LEFT JOIN (
    SELECT `a0`.`ArticleId`, `a0`.`TagId`, `t0`.`Id`, `t0`.`CreationTime`, `t0`.`DeletionTime`, `t0`.`IsDeleted`, `t0`.`LastModificationTime`, `t0`.`TagName`
    FROM `Articles_Tags` AS `a0`
    INNER JOIN (
        SELECT `t2`.`Id`, `t2`.`CreationTime`, `t2`.`DeletionTime`, `t2`.`IsDeleted`, `t2`.`LastModificationTime`, `t2`.`TagName`
        FROM `Tags` AS `t2`
        WHERE NOT (`t2`.`IsDeleted`)
    ) AS `t0` ON `a0`.`TagId` = `t0`.`Id`
) AS `t1` ON `t`.`Id` = `t1`.`ArticleId`
ORDER BY `t`.`Id`, `c`.`Id`, `t1`.`ArticleId`, `t1`.`TagId` 
2024-04-01 17:11:47.7574|INFO|Microsoft.EntityFrameworkCore.Database.Command|Executed DbCommand (6ms) [Parameters=[@__articleId_0='?' (DbType = Guid)], CommandType='Text', CommandTimeout='30']
SELECT `t`.`Id`, `t`.`Content`, `t`.`CreationTime`, `t`.`DeletionTime`, `t`.`Desc`, `t`.`Image`, `t`.`IsDeleted`, `t`.`LastModificationTime`, `t`.`Likes`, `t`.`Title`, `t`.`UserId`, `t`.`Views`, `c`.`Id`, `c`.`ArticleId`, `c`.`Content`, `c`.`CreationTime`, `c`.`LastModificationTime`, `c`.`Likes`, `c`.`PId`, `c`.`Path`, `c`.`UserId`, `t1`.`ArticleId`, `t1`.`TagId`, `t1`.`Id`, `t1`.`CreationTime`, `t1`.`DeletionTime`, `t1`.`IsDeleted`, `t1`.`LastModificationTime`, `t1`.`TagName`
FROM (
    SELECT `a`.`Id`, `a`.`Content`, `a`.`CreationTime`, `a`.`DeletionTime`, `a`.`Desc`, `a`.`Image`, `a`.`IsDeleted`, `a`.`LastModificationTime`, `a`.`Likes`, `a`.`Title`, `a`.`UserId`, `a`.`Views`
    FROM `Articles` AS `a`
    WHERE NOT (`a`.`IsDeleted`) AND (`a`.`Id` = @__articleId_0)
    LIMIT 1
) AS `t`
LEFT JOIN `Comments` AS `c` ON `t`.`Id` = `c`.`ArticleId`
LEFT JOIN (
    SELECT `a0`.`ArticleId`, `a0`.`TagId`, `t0`.`Id`, `t0`.`CreationTime`, `t0`.`DeletionTime`, `t0`.`IsDeleted`, `t0`.`LastModificationTime`, `t0`.`TagName`
    FROM `Articles_Tags` AS `a0`
    INNER JOIN (
        SELECT `t2`.`Id`, `t2`.`CreationTime`, `t2`.`DeletionTime`, `t2`.`IsDeleted`, `t2`.`LastModificationTime`, `t2`.`TagName`
        FROM `Tags` AS `t2`
        WHERE NOT (`t2`.`IsDeleted`)
    ) AS `t0` ON `a0`.`TagId` = `t0`.`Id`
) AS `t1` ON `t`.`Id` = `t1`.`ArticleId`
ORDER BY `t`.`Id`, `c`.`Id`, `t1`.`ArticleId`, `t1`.`TagId` 
2024-04-01 17:11:47.7574|DEBUG|Microsoft.EntityFrameworkCore.ChangeTracking|Context 'ArticleDbContext' started tracking 'Articles' entity. Consider using 'DbContextOptionsBuilder.EnableSensitiveDataLogging' to see key values. 
2024-04-01 17:11:47.7574|DEBUG|Microsoft.EntityFrameworkCore.ChangeTracking|Context 'ArticleDbContext' started tracking 'ArticleTags' entity. Consider using 'DbContextOptionsBuilder.EnableSensitiveDataLogging' to see key values. 
2024-04-01 17:11:47.7574|DEBUG|Microsoft.EntityFrameworkCore.ChangeTracking|The navigation 'ArticleTags.Tags' was detected as changed. Consider using 'DbContextOptionsBuilder.EnableSensitiveDataLogging' to see key values. 
2024-04-01 17:11:47.7574|DEBUG|Microsoft.EntityFrameworkCore.ChangeTracking|Context 'ArticleDbContext' started tracking 'Tags' entity. Consider using 'DbContextOptionsBuilder.EnableSensitiveDataLogging' to see key values. 
2024-04-01 17:11:47.7574|DEBUG|Microsoft.EntityFrameworkCore.Database.Command|Closing data reader to 'LitZhu' on server 'localhost'. 
2024-04-01 17:11:47.7574|DEBUG|Microsoft.EntityFrameworkCore.Database.Command|A data reader for 'LitZhu' on server 'localhost' is being disposed after spending 6ms reading results. 
2024-04-01 17:11:47.7574|DEBUG|Microsoft.EntityFrameworkCore.Database.Connection|Closing connection to database 'LitZhu' on server 'localhost'. 
2024-04-01 17:11:47.7574|DEBUG|Microsoft.EntityFrameworkCore.Database.Connection|Closed connection to database 'LitZhu' on server 'localhost' (0ms). 
2024-04-01 17:12:24.9864|INFO|Microsoft.AspNetCore.Mvc.Infrastructure.ControllerActionInvoker|Executed action method LitZhu.WebApi.Controllers.Article.ArticleTagsController.GetArticleTags (LitZhu.WebApi), returned result Microsoft.AspNetCore.Mvc.OkObjectResult in 37240.9365ms. 
2024-04-01 17:12:24.9867|TRACE|Microsoft.AspNetCore.Mvc.Infrastructure.ControllerActionInvoker|Action Filter: Before executing OnActionExecuted on filter Microsoft.AspNetCore.Mvc.Infrastructure.ModelStateInvalidFilter. 
2024-04-01 17:12:24.9867|TRACE|Microsoft.AspNetCore.Mvc.Infrastructure.ControllerActionInvoker|Action Filter: After executing OnActionExecuted on filter Microsoft.AspNetCore.Mvc.Infrastructure.ModelStateInvalidFilter. 
2024-04-01 17:12:24.9867|TRACE|Microsoft.AspNetCore.Mvc.Infrastructure.ControllerActionInvoker|Action Filter: Before executing OnActionExecuted on filter Microsoft.AspNetCore.Mvc.ModelBinding.UnsupportedContentTypeFilter. 
2024-04-01 17:12:24.9867|TRACE|Microsoft.AspNetCore.Mvc.Infrastructure.ControllerActionInvoker|Action Filter: After executing OnActionExecuted on filter Microsoft.AspNetCore.Mvc.ModelBinding.UnsupportedContentTypeFilter. 
2024-04-01 17:12:24.9867|TRACE|Microsoft.AspNetCore.Mvc.Infrastructure.ControllerActionInvoker|Result Filter: Before executing OnResultExecuting on filter Microsoft.AspNetCore.Mvc.Infrastructure.ClientErrorResultFilter. 
2024-04-01 17:12:24.9867|TRACE|Microsoft.AspNetCore.Mvc.Infrastructure.ControllerActionInvoker|Result Filter: After executing OnResultExecuting on filter Microsoft.AspNetCore.Mvc.Infrastructure.ClientErrorResultFilter. 
2024-04-01 17:12:24.9867|TRACE|Microsoft.AspNetCore.Mvc.Infrastructure.ControllerActionInvoker|Before executing action result Microsoft.AspNetCore.Mvc.OkObjectResult. 
2024-04-01 17:12:24.9867|DEBUG|Microsoft.AspNetCore.Mvc.Infrastructure.DefaultOutputFormatterSelector|List of registered output formatters, in the following order: Microsoft.AspNetCore.Mvc.Formatters.HttpNoContentOutputFormatter, Microsoft.AspNetCore.Mvc.Formatters.StringOutputFormatter, Microsoft.AspNetCore.Mvc.Formatters.StreamOutputFormatter, Microsoft.AspNetCore.Mvc.Formatters.NewtonsoftJsonOutputFormatter 
2024-04-01 17:12:24.9867|DEBUG|Microsoft.AspNetCore.Mvc.Infrastructure.DefaultOutputFormatterSelector|No information found on request to perform content negotiation. 
2024-04-01 17:12:24.9867|DEBUG|Microsoft.AspNetCore.Mvc.Infrastructure.DefaultOutputFormatterSelector|Attempting to select an output formatter without using a content type as no explicit content types were specified for the response. 
2024-04-01 17:12:24.9867|DEBUG|Microsoft.AspNetCore.Mvc.Infrastructure.DefaultOutputFormatterSelector|Attempting to select the first formatter in the output formatters list which can write the result. 
2024-04-01 17:12:24.9867|DEBUG|Microsoft.AspNetCore.Mvc.Infrastructure.DefaultOutputFormatterSelector|Selected output formatter 'Microsoft.AspNetCore.Mvc.Formatters.NewtonsoftJsonOutputFormatter' and content type 'application/json' to write the response. 
2024-04-01 17:12:24.9867|INFO|Microsoft.AspNetCore.Mvc.Infrastructure.ObjectResultExecutor|Executing OkObjectResult, writing value of type 'LitZhu.WebApi.R'. 
2024-04-01 17:12:25.0055|TRACE|Microsoft.AspNetCore.Mvc.Infrastructure.ControllerActionInvoker|After executing action result Microsoft.AspNetCore.Mvc.OkObjectResult. 
2024-04-01 17:12:25.0055|TRACE|Microsoft.AspNetCore.Mvc.Infrastructure.ControllerActionInvoker|Result Filter: Before executing OnResultExecuted on filter Microsoft.AspNetCore.Mvc.Infrastructure.ClientErrorResultFilter. 
2024-04-01 17:12:25.0055|TRACE|Microsoft.AspNetCore.Mvc.Infrastructure.ControllerActionInvoker|Result Filter: After executing OnResultExecuted on filter Microsoft.AspNetCore.Mvc.Infrastructure.ClientErrorResultFilter. 
2024-04-01 17:12:25.0055|INFO|Microsoft.AspNetCore.Mvc.Infrastructure.ControllerActionInvoker|Executed action LitZhu.WebApi.Controllers.Article.ArticleTagsController.GetArticleTags (LitZhu.WebApi) in 37264.8111ms 
2024-04-01 17:12:25.0055|INFO|Microsoft.AspNetCore.Routing.EndpointMiddleware|Executed endpoint 'LitZhu.WebApi.Controllers.Article.ArticleTagsController.GetArticleTags (LitZhu.WebApi)' 
2024-04-01 17:12:25.0055|DEBUG|Microsoft.AspNetCore.Server.Kestrel.Connections|Connection id "0HN2I5B9NP6UO" completed keep alive response. 
2024-04-01 17:12:25.0055|DEBUG|Microsoft.EntityFrameworkCore.Infrastructure|'ArticleDbContext' disposed. 
2024-04-01 17:12:25.0055|DEBUG|Microsoft.EntityFrameworkCore.Database.Connection|Disposing connection to database 'LitZhu' on server 'localhost'. 
2024-04-01 17:12:25.0055|DEBUG|Microsoft.EntityFrameworkCore.Database.Connection|Disposed connection to database 'LitZhu' on server 'localhost' (0ms). 
2024-04-01 17:12:25.0055|INFO|Microsoft.AspNetCore.Hosting.Diagnostics|Request finished HTTP/1.1 GET https://localhost:7290/api/ArticleTags/55cf279d-9122-4679-990d-89ee0e59e20e/Tags - 200 116 application/json;+charset=utf-8 37269.1518ms 
2024-04-01 17:12:25.0055|DEBUG|Microsoft.AspNetCore.Server.Kestrel.Transport.Sockets|Connection id "0HN2I5B9NP6UO" received FIN. 
2024-04-01 17:12:25.0207|DEBUG|Microsoft.AspNetCore.Server.Kestrel.Connections|Connection id "0HN2I5B9NP6UO" disconnecting. 
2024-04-01 17:12:25.0207|DEBUG|Microsoft.AspNetCore.Server.Kestrel.Connections|Connection id "0HN2I5B9NP6UO" stopped. 
2024-04-01 17:12:25.0352|DEBUG|Microsoft.AspNetCore.Server.Kestrel.Transport.Sockets|Connection id "0HN2I5B9NP6UO" sending FIN because: "The Socket transport's send loop completed gracefully." 
2024-04-01 17:12:52.6624|DEBUG|Microsoft.AspNetCore.Server.Kestrel.Connections|Connection id "0HN2I5B9NP6UP" accepted. 
2024-04-01 17:12:52.6624|DEBUG|Microsoft.AspNetCore.Server.Kestrel.Connections|Connection id "0HN2I5B9NP6UP" started. 
2024-04-01 17:12:52.6760|DEBUG|Microsoft.AspNetCore.Server.Kestrel.Https.Internal.HttpsConnectionMiddleware|Connection 0HN2I5B9NP6UP established using the following protocol: Tls13 
2024-04-01 17:12:52.6760|INFO|Microsoft.AspNetCore.Hosting.Diagnostics|Request starting HTTP/1.1 POST https://localhost:7290/api/ArticleTags - application/json 106 
2024-04-01 17:12:52.6760|TRACE|Microsoft.AspNetCore.HostFiltering.HostFilteringMiddleware|All hosts are allowed. 
2024-04-01 17:12:52.6760|DEBUG|Microsoft.AspNetCore.Routing.Matching.DfaMatcher|1 candidate(s) found for the request path '/api/ArticleTags' 
2024-04-01 17:12:52.6760|DEBUG|Microsoft.AspNetCore.Routing.Matching.DfaMatcher|Endpoint 'LitZhu.WebApi.Controllers.Article.ArticleTagsController.CreateArticleTags (LitZhu.WebApi)' with route pattern 'api/ArticleTags' is valid for the request path '/api/ArticleTags' 
2024-04-01 17:12:52.6760|DEBUG|Microsoft.AspNetCore.Routing.EndpointRoutingMiddleware|Request matched endpoint 'LitZhu.WebApi.Controllers.Article.ArticleTagsController.CreateArticleTags (LitZhu.WebApi)' 
2024-04-01 17:12:52.6760|TRACE|Microsoft.AspNetCore.Routing.EndpointRoutingMiddleware|The endpoint does not specify the IRequestSizeLimitMetadata. 
2024-04-01 17:12:52.6760|DEBUG|Microsoft.AspNetCore.StaticFiles.StaticFileMiddleware|Static files was skipped as the request already matched an endpoint. 
2024-04-01 17:12:52.6760|DEBUG|Microsoft.AspNetCore.Authentication.JwtBearer.JwtBearerHandler|Successfully validated the token. 
2024-04-01 17:12:52.6760|DEBUG|Microsoft.AspNetCore.Authentication.JwtBearer.JwtBearerHandler|AuthenticationScheme: Bearer was successfully authenticated. 
2024-04-01 17:12:52.6760|DEBUG|Microsoft.AspNetCore.Authorization.DefaultAuthorizationService|Authorization was successful. 
2024-04-01 17:12:52.6760|INFO|Microsoft.AspNetCore.Routing.EndpointMiddleware|Executing endpoint 'LitZhu.WebApi.Controllers.Article.ArticleTagsController.CreateArticleTags (LitZhu.WebApi)' 
2024-04-01 17:12:52.6760|INFO|Microsoft.AspNetCore.Mvc.Infrastructure.ControllerActionInvoker|Route matched with {action = "CreateArticleTags", controller = "ArticleTags"}. Executing controller action with signature System.Threading.Tasks.Task`1[Microsoft.AspNetCore.Mvc.IActionResult] CreateArticleTags(Article.Domain.DTO.ArticleTagsCreateDto) on controller LitZhu.WebApi.Controllers.Article.ArticleTagsController (LitZhu.WebApi). 
2024-04-01 17:12:52.6760|DEBUG|Microsoft.AspNetCore.Mvc.Infrastructure.ControllerActionInvoker|Execution plan of authorization filters (in the following order): None 
2024-04-01 17:12:52.6760|DEBUG|Microsoft.AspNetCore.Mvc.Infrastructure.ControllerActionInvoker|Execution plan of resource filters (in the following order): None 
2024-04-01 17:12:52.6760|DEBUG|Microsoft.AspNetCore.Mvc.Infrastructure.ControllerActionInvoker|Execution plan of action filters (in the following order): Microsoft.AspNetCore.Mvc.ModelBinding.UnsupportedContentTypeFilter (Order: -3000), Microsoft.AspNetCore.Mvc.Infrastructure.ModelStateInvalidFilter (Order: -2000) 
2024-04-01 17:12:52.6760|DEBUG|Microsoft.AspNetCore.Mvc.Infrastructure.ControllerActionInvoker|Execution plan of exception filters (in the following order): None 
2024-04-01 17:12:52.6760|DEBUG|Microsoft.AspNetCore.Mvc.Infrastructure.ControllerActionInvoker|Execution plan of result filters (in the following order): Microsoft.AspNetCore.Mvc.Infrastructure.ClientErrorResultFilter (Order: -2000) 
2024-04-01 17:12:52.6760|DEBUG|Microsoft.AspNetCore.Mvc.Infrastructure.ControllerActionInvoker|Executing controller factory for controller LitZhu.WebApi.Controllers.Article.ArticleTagsController (LitZhu.WebApi) 
2024-04-01 17:12:52.6760|DEBUG|Microsoft.EntityFrameworkCore.Infrastructure|Entity Framework Core 8.0.1 initialized 'ArticleDbContext' using provider 'Pomelo.EntityFrameworkCore.MySql:8.0.1' with options: ServerVersion=8.0.23-mysql  
2024-04-01 17:12:52.6760|DEBUG|Microsoft.AspNetCore.Mvc.Infrastructure.ControllerActionInvoker|Executed controller factory for controller LitZhu.WebApi.Controllers.Article.ArticleTagsController (LitZhu.WebApi) 
2024-04-01 17:12:52.6760|DEBUG|Microsoft.AspNetCore.Mvc.ModelBinding.ParameterBinder|Attempting to bind parameter 'createDto' of type 'Article.Domain.DTO.ArticleTagsCreateDto' ... 
2024-04-01 17:12:52.6760|DEBUG|Microsoft.AspNetCore.Mvc.ModelBinding.Binders.BodyModelBinder|Attempting to bind parameter 'createDto' of type 'Article.Domain.DTO.ArticleTagsCreateDto' using the name '' in request data ... 
2024-04-01 17:12:52.6760|DEBUG|Microsoft.AspNetCore.Mvc.ModelBinding.Binders.BodyModelBinder|Rejected input formatter 'Microsoft.AspNetCore.Mvc.Formatters.NewtonsoftJsonPatchInputFormatter' for content type 'application/json'. 
2024-04-01 17:12:52.6760|DEBUG|Microsoft.AspNetCore.Mvc.ModelBinding.Binders.BodyModelBinder|Selected input formatter 'Microsoft.AspNetCore.Mvc.Formatters.NewtonsoftJsonInputFormatter' for content type 'application/json'. 
2024-04-01 17:12:52.6760|DEBUG|Microsoft.AspNetCore.Server.Kestrel|Connection id "0HN2I5B9NP6UP", Request id "0HN2I5B9NP6UP:00000001": started reading request body. 
2024-04-01 17:12:52.6760|DEBUG|Microsoft.AspNetCore.Server.Kestrel|Connection id "0HN2I5B9NP6UP", Request id "0HN2I5B9NP6UP:00000001": done reading request body. 
2024-04-01 17:12:52.6760|DEBUG|Microsoft.AspNetCore.Mvc.ModelBinding.Binders.BodyModelBinder|Done attempting to bind parameter 'createDto' of type 'Article.Domain.DTO.ArticleTagsCreateDto'. 
2024-04-01 17:12:52.6760|DEBUG|Microsoft.AspNetCore.Mvc.ModelBinding.ParameterBinder|Done attempting to bind parameter 'createDto' of type 'Article.Domain.DTO.ArticleTagsCreateDto'. 
2024-04-01 17:12:52.6760|DEBUG|Microsoft.AspNetCore.Mvc.ModelBinding.ParameterBinder|Attempting to validate the bound parameter 'createDto' of type 'Article.Domain.DTO.ArticleTagsCreateDto' ... 
2024-04-01 17:12:52.6760|DEBUG|Microsoft.AspNetCore.Mvc.ModelBinding.ParameterBinder|Done attempting to validate the bound parameter 'createDto' of type 'Article.Domain.DTO.ArticleTagsCreateDto'. 
2024-04-01 17:12:52.6760|TRACE|Microsoft.AspNetCore.Mvc.Infrastructure.ControllerActionInvoker|Action Filter: Before executing OnActionExecuting on filter Microsoft.AspNetCore.Mvc.ModelBinding.UnsupportedContentTypeFilter. 
2024-04-01 17:12:52.6760|TRACE|Microsoft.AspNetCore.Mvc.Infrastructure.ControllerActionInvoker|Action Filter: After executing OnActionExecuting on filter Microsoft.AspNetCore.Mvc.ModelBinding.UnsupportedContentTypeFilter. 
2024-04-01 17:12:52.6760|TRACE|Microsoft.AspNetCore.Mvc.Infrastructure.ControllerActionInvoker|Action Filter: Before executing OnActionExecuting on filter Microsoft.AspNetCore.Mvc.Infrastructure.ModelStateInvalidFilter. 
2024-04-01 17:12:52.6760|TRACE|Microsoft.AspNetCore.Mvc.Infrastructure.ControllerActionInvoker|Action Filter: After executing OnActionExecuting on filter Microsoft.AspNetCore.Mvc.Infrastructure.ModelStateInvalidFilter. 
2024-04-01 17:12:52.6760|INFO|Microsoft.AspNetCore.Mvc.Infrastructure.ControllerActionInvoker|Executing action method LitZhu.WebApi.Controllers.Article.ArticleTagsController.CreateArticleTags (LitZhu.WebApi) - Validation state: Valid 
2024-04-01 17:12:52.6760|TRACE|Microsoft.AspNetCore.Mvc.Infrastructure.ControllerActionInvoker|Executing action method LitZhu.WebApi.Controllers.Article.ArticleTagsController.CreateArticleTags (LitZhu.WebApi) with arguments (ArticleTagsCreateDto { articleId = 55cf279d-9122-4679-990d-89ee0e59e20e, tagId = ebb3d10a-fbd8-4cc8-9292-c4cd0db8fcf0 }) 
2024-04-01 17:12:52.6760|DEBUG|Microsoft.EntityFrameworkCore.Database.Connection|Creating DbConnection. 
2024-04-01 17:12:52.6760|DEBUG|Microsoft.EntityFrameworkCore.Database.Connection|Created DbConnection. (0ms). 
2024-04-01 17:12:52.6760|DEBUG|Microsoft.EntityFrameworkCore.Database.Connection|Opening connection to database 'LitZhu' on server 'localhost'. 
2024-04-01 17:12:52.6760|DEBUG|Microsoft.EntityFrameworkCore.Database.Connection|Opened connection to database 'LitZhu' on server 'localhost'. 
2024-04-01 17:12:52.6760|DEBUG|Microsoft.EntityFrameworkCore.Database.Command|Creating DbCommand for 'ExecuteReader'. 
2024-04-01 17:12:52.6760|DEBUG|Microsoft.EntityFrameworkCore.Database.Command|Created DbCommand for 'ExecuteReader' (0ms). 
2024-04-01 17:12:52.6760|DEBUG|Microsoft.EntityFrameworkCore.Database.Command|Initialized DbCommand for 'ExecuteReader' (0ms). 
2024-04-01 17:12:52.6760|DEBUG|Microsoft.EntityFrameworkCore.Database.Command|Executing DbCommand [Parameters=[@__articleId_0='?' (DbType = Guid)], CommandType='Text', CommandTimeout='30']
SELECT `t`.`Id`, `t`.`Content`, `t`.`CreationTime`, `t`.`DeletionTime`, `t`.`Desc`, `t`.`Image`, `t`.`IsDeleted`, `t`.`LastModificationTime`, `t`.`Likes`, `t`.`Title`, `t`.`UserId`, `t`.`Views`, `c`.`Id`, `c`.`ArticleId`, `c`.`Content`, `c`.`CreationTime`, `c`.`LastModificationTime`, `c`.`Likes`, `c`.`PId`, `c`.`Path`, `c`.`UserId`, `t1`.`ArticleId`, `t1`.`TagId`, `t1`.`Id`, `t1`.`CreationTime`, `t1`.`DeletionTime`, `t1`.`IsDeleted`, `t1`.`LastModificationTime`, `t1`.`TagName`
FROM (
    SELECT `a`.`Id`, `a`.`Content`, `a`.`CreationTime`, `a`.`DeletionTime`, `a`.`Desc`, `a`.`Image`, `a`.`IsDeleted`, `a`.`LastModificationTime`, `a`.`Likes`, `a`.`Title`, `a`.`UserId`, `a`.`Views`
    FROM `Articles` AS `a`
    WHERE NOT (`a`.`IsDeleted`) AND (`a`.`Id` = @__articleId_0)
    LIMIT 1
) AS `t`
LEFT JOIN `Comments` AS `c` ON `t`.`Id` = `c`.`ArticleId`
LEFT JOIN (
    SELECT `a0`.`ArticleId`, `a0`.`TagId`, `t0`.`Id`, `t0`.`CreationTime`, `t0`.`DeletionTime`, `t0`.`IsDeleted`, `t0`.`LastModificationTime`, `t0`.`TagName`
    FROM `Articles_Tags` AS `a0`
    INNER JOIN (
        SELECT `t2`.`Id`, `t2`.`CreationTime`, `t2`.`DeletionTime`, `t2`.`IsDeleted`, `t2`.`LastModificationTime`, `t2`.`TagName`
        FROM `Tags` AS `t2`
        WHERE NOT (`t2`.`IsDeleted`)
    ) AS `t0` ON `a0`.`TagId` = `t0`.`Id`
) AS `t1` ON `t`.`Id` = `t1`.`ArticleId`
ORDER BY `t`.`Id`, `c`.`Id`, `t1`.`ArticleId`, `t1`.`TagId` 
2024-04-01 17:12:52.6927|INFO|Microsoft.EntityFrameworkCore.Database.Command|Executed DbCommand (6ms) [Parameters=[@__articleId_0='?' (DbType = Guid)], CommandType='Text', CommandTimeout='30']
SELECT `t`.`Id`, `t`.`Content`, `t`.`CreationTime`, `t`.`DeletionTime`, `t`.`Desc`, `t`.`Image`, `t`.`IsDeleted`, `t`.`LastModificationTime`, `t`.`Likes`, `t`.`Title`, `t`.`UserId`, `t`.`Views`, `c`.`Id`, `c`.`ArticleId`, `c`.`Content`, `c`.`CreationTime`, `c`.`LastModificationTime`, `c`.`Likes`, `c`.`PId`, `c`.`Path`, `c`.`UserId`, `t1`.`ArticleId`, `t1`.`TagId`, `t1`.`Id`, `t1`.`CreationTime`, `t1`.`DeletionTime`, `t1`.`IsDeleted`, `t1`.`LastModificationTime`, `t1`.`TagName`
FROM (
    SELECT `a`.`Id`, `a`.`Content`, `a`.`CreationTime`, `a`.`DeletionTime`, `a`.`Desc`, `a`.`Image`, `a`.`IsDeleted`, `a`.`LastModificationTime`, `a`.`Likes`, `a`.`Title`, `a`.`UserId`, `a`.`Views`
    FROM `Articles` AS `a`
    WHERE NOT (`a`.`IsDeleted`) AND (`a`.`Id` = @__articleId_0)
    LIMIT 1
) AS `t`
LEFT JOIN `Comments` AS `c` ON `t`.`Id` = `c`.`ArticleId`
LEFT JOIN (
    SELECT `a0`.`ArticleId`, `a0`.`TagId`, `t0`.`Id`, `t0`.`CreationTime`, `t0`.`DeletionTime`, `t0`.`IsDeleted`, `t0`.`LastModificationTime`, `t0`.`TagName`
    FROM `Articles_Tags` AS `a0`
    INNER JOIN (
        SELECT `t2`.`Id`, `t2`.`CreationTime`, `t2`.`DeletionTime`, `t2`.`IsDeleted`, `t2`.`LastModificationTime`, `t2`.`TagName`
        FROM `Tags` AS `t2`
        WHERE NOT (`t2`.`IsDeleted`)
    ) AS `t0` ON `a0`.`TagId` = `t0`.`Id`
) AS `t1` ON `t`.`Id` = `t1`.`ArticleId`
ORDER BY `t`.`Id`, `c`.`Id`, `t1`.`ArticleId`, `t1`.`TagId` 
2024-04-01 17:12:52.6927|DEBUG|Microsoft.EntityFrameworkCore.ChangeTracking|Context 'ArticleDbContext' started tracking 'Articles' entity. Consider using 'DbContextOptionsBuilder.EnableSensitiveDataLogging' to see key values. 
2024-04-01 17:12:52.6927|DEBUG|Microsoft.EntityFrameworkCore.ChangeTracking|Context 'ArticleDbContext' started tracking 'ArticleTags' entity. Consider using 'DbContextOptionsBuilder.EnableSensitiveDataLogging' to see key values. 
2024-04-01 17:12:52.6927|DEBUG|Microsoft.EntityFrameworkCore.ChangeTracking|The navigation 'ArticleTags.Tags' was detected as changed. Consider using 'DbContextOptionsBuilder.EnableSensitiveDataLogging' to see key values. 
2024-04-01 17:12:52.6927|DEBUG|Microsoft.EntityFrameworkCore.ChangeTracking|Context 'ArticleDbContext' started tracking 'Tags' entity. Consider using 'DbContextOptionsBuilder.EnableSensitiveDataLogging' to see key values. 
2024-04-01 17:12:52.6927|DEBUG|Microsoft.EntityFrameworkCore.Database.Command|Closing data reader to 'LitZhu' on server 'localhost'. 
2024-04-01 17:12:52.6927|DEBUG|Microsoft.EntityFrameworkCore.Database.Command|A data reader for 'LitZhu' on server 'localhost' is being disposed after spending 7ms reading results. 
2024-04-01 17:12:52.6927|DEBUG|Microsoft.EntityFrameworkCore.Database.Connection|Closing connection to database 'LitZhu' on server 'localhost'. 
2024-04-01 17:12:52.6927|DEBUG|Microsoft.EntityFrameworkCore.Database.Connection|Closed connection to database 'LitZhu' on server 'localhost' (0ms). 
2024-04-01 17:12:52.6927|DEBUG|Microsoft.EntityFrameworkCore.Database.Connection|Opening connection to database 'LitZhu' on server 'localhost'. 
2024-04-01 17:12:52.7071|DEBUG|Microsoft.EntityFrameworkCore.Database.Connection|Opened connection to database 'LitZhu' on server 'localhost'. 
2024-04-01 17:12:52.7071|DEBUG|Microsoft.EntityFrameworkCore.Database.Command|Creating DbCommand for 'ExecuteReader'. 
2024-04-01 17:12:52.7071|DEBUG|Microsoft.EntityFrameworkCore.Database.Command|Created DbCommand for 'ExecuteReader' (0ms). 
2024-04-01 17:12:52.7071|DEBUG|Microsoft.EntityFrameworkCore.Database.Command|Initialized DbCommand for 'ExecuteReader' (0ms). 
2024-04-01 17:12:52.7071|DEBUG|Microsoft.EntityFrameworkCore.Database.Command|Executing DbCommand [Parameters=[@__tagId_0='?' (DbType = Guid)], CommandType='Text', CommandTimeout='30']
SELECT `t0`.`Id`, `t0`.`CreationTime`, `t0`.`DeletionTime`, `t0`.`IsDeleted`, `t0`.`LastModificationTime`, `t0`.`TagName`, `t1`.`ArticleId`, `t1`.`TagId`, `t1`.`Id`, `t1`.`Content`, `t1`.`CreationTime`, `t1`.`DeletionTime`, `t1`.`Desc`, `t1`.`Image`, `t1`.`IsDeleted`, `t1`.`LastModificationTime`, `t1`.`Likes`, `t1`.`Title`, `t1`.`UserId`, `t1`.`Views`
FROM (
    SELECT `t`.`Id`, `t`.`CreationTime`, `t`.`DeletionTime`, `t`.`IsDeleted`, `t`.`LastModificationTime`, `t`.`TagName`
    FROM `Tags` AS `t`
    WHERE NOT (`t`.`IsDeleted`) AND (`t`.`Id` = @__tagId_0)
    LIMIT 1
) AS `t0`
LEFT JOIN (
    SELECT `a`.`ArticleId`, `a`.`TagId`, `t2`.`Id`, `t2`.`Content`, `t2`.`CreationTime`, `t2`.`DeletionTime`, `t2`.`Desc`, `t2`.`Image`, `t2`.`IsDeleted`, `t2`.`LastModificationTime`, `t2`.`Likes`, `t2`.`Title`, `t2`.`UserId`, `t2`.`Views`
    FROM `Articles_Tags` AS `a`
    INNER JOIN (
        SELECT `a0`.`Id`, `a0`.`Content`, `a0`.`CreationTime`, `a0`.`DeletionTime`, `a0`.`Desc`, `a0`.`Image`, `a0`.`IsDeleted`, `a0`.`LastModificationTime`, `a0`.`Likes`, `a0`.`Title`, `a0`.`UserId`, `a0`.`Views`
        FROM `Articles` AS `a0`
        WHERE NOT (`a0`.`IsDeleted`)
    ) AS `t2` ON `a`.`ArticleId` = `t2`.`Id`
) AS `t1` ON `t0`.`Id` = `t1`.`TagId`
ORDER BY `t0`.`Id`, `t1`.`ArticleId`, `t1`.`TagId` 
2024-04-01 17:12:52.7071|INFO|Microsoft.EntityFrameworkCore.Database.Command|Executed DbCommand (8ms) [Parameters=[@__tagId_0='?' (DbType = Guid)], CommandType='Text', CommandTimeout='30']
SELECT `t0`.`Id`, `t0`.`CreationTime`, `t0`.`DeletionTime`, `t0`.`IsDeleted`, `t0`.`LastModificationTime`, `t0`.`TagName`, `t1`.`ArticleId`, `t1`.`TagId`, `t1`.`Id`, `t1`.`Content`, `t1`.`CreationTime`, `t1`.`DeletionTime`, `t1`.`Desc`, `t1`.`Image`, `t1`.`IsDeleted`, `t1`.`LastModificationTime`, `t1`.`Likes`, `t1`.`Title`, `t1`.`UserId`, `t1`.`Views`
FROM (
    SELECT `t`.`Id`, `t`.`CreationTime`, `t`.`DeletionTime`, `t`.`IsDeleted`, `t`.`LastModificationTime`, `t`.`TagName`
    FROM `Tags` AS `t`
    WHERE NOT (`t`.`IsDeleted`) AND (`t`.`Id` = @__tagId_0)
    LIMIT 1
) AS `t0`
LEFT JOIN (
    SELECT `a`.`ArticleId`, `a`.`TagId`, `t2`.`Id`, `t2`.`Content`, `t2`.`CreationTime`, `t2`.`DeletionTime`, `t2`.`Desc`, `t2`.`Image`, `t2`.`IsDeleted`, `t2`.`LastModificationTime`, `t2`.`Likes`, `t2`.`Title`, `t2`.`UserId`, `t2`.`Views`
    FROM `Articles_Tags` AS `a`
    INNER JOIN (
        SELECT `a0`.`Id`, `a0`.`Content`, `a0`.`CreationTime`, `a0`.`DeletionTime`, `a0`.`Desc`, `a0`.`Image`, `a0`.`IsDeleted`, `a0`.`LastModificationTime`, `a0`.`Likes`, `a0`.`Title`, `a0`.`UserId`, `a0`.`Views`
        FROM `Articles` AS `a0`
        WHERE NOT (`a0`.`IsDeleted`)
    ) AS `t2` ON `a`.`ArticleId` = `t2`.`Id`
) AS `t1` ON `t0`.`Id` = `t1`.`TagId`
ORDER BY `t0`.`Id`, `t1`.`ArticleId`, `t1`.`TagId` 
2024-04-01 17:12:52.7071|DEBUG|Microsoft.EntityFrameworkCore.ChangeTracking|Context 'ArticleDbContext' started tracking 'Tags' entity. Consider using 'DbContextOptionsBuilder.EnableSensitiveDataLogging' to see key values. 
2024-04-01 17:12:52.7071|DEBUG|Microsoft.EntityFrameworkCore.Database.Command|Closing data reader to 'LitZhu' on server 'localhost'. 
2024-04-01 17:12:52.7071|DEBUG|Microsoft.EntityFrameworkCore.Database.Command|A data reader for 'LitZhu' on server 'localhost' is being disposed after spending 0ms reading results. 
2024-04-01 17:12:52.7071|DEBUG|Microsoft.EntityFrameworkCore.Database.Connection|Closing connection to database 'LitZhu' on server 'localhost'. 
2024-04-01 17:12:52.7071|DEBUG|Microsoft.EntityFrameworkCore.Database.Connection|Closed connection to database 'LitZhu' on server 'localhost' (0ms). 
2024-04-01 17:12:52.7071|DEBUG|Microsoft.EntityFrameworkCore.ChangeTracking|The navigation 'ArticleTags.Articles' was detected as changed. Consider using 'DbContextOptionsBuilder.EnableSensitiveDataLogging' to see key values. 
2024-04-01 17:12:52.7071|DEBUG|Microsoft.EntityFrameworkCore.ChangeTracking|The navigation 'ArticleTags.Tags' was detected as changed. Consider using 'DbContextOptionsBuilder.EnableSensitiveDataLogging' to see key values. 
2024-04-01 17:12:52.7071|DEBUG|Microsoft.EntityFrameworkCore.ChangeTracking|Context 'ArticleDbContext' started tracking 'ArticleTags' entity. Consider using 'DbContextOptionsBuilder.EnableSensitiveDataLogging' to see key values. 
2024-04-01 17:12:52.7071|DEBUG|Microsoft.EntityFrameworkCore.Update|SaveChanges starting for 'ArticleDbContext'. 
2024-04-01 17:12:52.7071|DEBUG|Microsoft.EntityFrameworkCore.ChangeTracking|DetectChanges starting for 'ArticleDbContext'. 
2024-04-01 17:12:52.7071|DEBUG|Microsoft.EntityFrameworkCore.ChangeTracking|DetectChanges completed for 'ArticleDbContext'. 
2024-04-01 17:12:52.7071|DEBUG|Microsoft.EntityFrameworkCore.Database.Connection|Opening connection to database 'LitZhu' on server 'localhost'. 
2024-04-01 17:12:52.7071|DEBUG|Microsoft.EntityFrameworkCore.Database.Connection|Opened connection to database 'LitZhu' on server 'localhost'. 
2024-04-01 17:12:52.7216|DEBUG|Microsoft.EntityFrameworkCore.Database.Command|Creating DbCommand for 'ExecuteReader'. 
2024-04-01 17:12:52.7216|DEBUG|Microsoft.EntityFrameworkCore.Database.Command|Created DbCommand for 'ExecuteReader' (0ms). 
2024-04-01 17:12:52.7216|DEBUG|Microsoft.EntityFrameworkCore.Database.Command|Initialized DbCommand for 'ExecuteReader' (0ms). 
2024-04-01 17:12:52.7216|DEBUG|Microsoft.EntityFrameworkCore.Database.Command|Executing DbCommand [Parameters=[@p0='?' (DbType = Guid), @p1='?' (DbType = Guid)], CommandType='Text', CommandTimeout='30']
SET AUTOCOMMIT = 1;
INSERT INTO `Articles_Tags` (`ArticleId`, `TagId`)
VALUES (@p0, @p1); 
2024-04-01 17:12:52.7216|INFO|Microsoft.EntityFrameworkCore.Database.Command|Executed DbCommand (9ms) [Parameters=[@p0='?' (DbType = Guid), @p1='?' (DbType = Guid)], CommandType='Text', CommandTimeout='30']
SET AUTOCOMMIT = 1;
INSERT INTO `Articles_Tags` (`ArticleId`, `TagId`)
VALUES (@p0, @p1); 
2024-04-01 17:12:52.7216|DEBUG|Microsoft.EntityFrameworkCore.Database.Command|Closing data reader to 'LitZhu' on server 'localhost'. 
2024-04-01 17:12:52.7216|DEBUG|Microsoft.EntityFrameworkCore.Database.Command|A data reader for 'LitZhu' on server 'localhost' is being disposed after spending 0ms reading results. 
2024-04-01 17:12:52.7216|DEBUG|Microsoft.EntityFrameworkCore.Database.Connection|Closing connection to database 'LitZhu' on server 'localhost'. 
2024-04-01 17:12:52.7216|DEBUG|Microsoft.EntityFrameworkCore.Database.Connection|Closed connection to database 'LitZhu' on server 'localhost' (0ms). 
2024-04-01 17:12:52.7216|DEBUG|Microsoft.EntityFrameworkCore.ChangeTracking|An entity of type 'ArticleTags' tracked by 'ArticleDbContext' changed state from 'Added' to 'Unchanged'. Consider using 'DbContextOptionsBuilder.EnableSensitiveDataLogging' to see key values. 
2024-04-01 17:12:52.7216|DEBUG|Microsoft.EntityFrameworkCore.Update|SaveChanges completed for 'ArticleDbContext' with 1 entities written to the database. 
2024-04-01 17:12:52.7216|INFO|Microsoft.AspNetCore.Mvc.Infrastructure.ControllerActionInvoker|Executed action method LitZhu.WebApi.Controllers.Article.ArticleTagsController.CreateArticleTags (LitZhu.WebApi), returned result Microsoft.AspNetCore.Mvc.OkObjectResult in 50.1385ms. 
2024-04-01 17:12:52.7216|TRACE|Microsoft.AspNetCore.Mvc.Infrastructure.ControllerActionInvoker|Action Filter: Before executing OnActionExecuted on filter Microsoft.AspNetCore.Mvc.Infrastructure.ModelStateInvalidFilter. 
2024-04-01 17:12:52.7216|TRACE|Microsoft.AspNetCore.Mvc.Infrastructure.ControllerActionInvoker|Action Filter: After executing OnActionExecuted on filter Microsoft.AspNetCore.Mvc.Infrastructure.ModelStateInvalidFilter. 
2024-04-01 17:12:52.7216|TRACE|Microsoft.AspNetCore.Mvc.Infrastructure.ControllerActionInvoker|Action Filter: Before executing OnActionExecuted on filter Microsoft.AspNetCore.Mvc.ModelBinding.UnsupportedContentTypeFilter. 
2024-04-01 17:12:52.7216|TRACE|Microsoft.AspNetCore.Mvc.Infrastructure.ControllerActionInvoker|Action Filter: After executing OnActionExecuted on filter Microsoft.AspNetCore.Mvc.ModelBinding.UnsupportedContentTypeFilter. 
2024-04-01 17:12:52.7216|TRACE|Microsoft.AspNetCore.Mvc.Infrastructure.ControllerActionInvoker|Result Filter: Before executing OnResultExecuting on filter Microsoft.AspNetCore.Mvc.Infrastructure.ClientErrorResultFilter. 
2024-04-01 17:12:52.7216|TRACE|Microsoft.AspNetCore.Mvc.Infrastructure.ControllerActionInvoker|Result Filter: After executing OnResultExecuting on filter Microsoft.AspNetCore.Mvc.Infrastructure.ClientErrorResultFilter. 
2024-04-01 17:12:52.7216|TRACE|Microsoft.AspNetCore.Mvc.Infrastructure.ControllerActionInvoker|Before executing action result Microsoft.AspNetCore.Mvc.OkObjectResult. 
2024-04-01 17:12:52.7216|DEBUG|Microsoft.AspNetCore.Mvc.Infrastructure.DefaultOutputFormatterSelector|List of registered output formatters, in the following order: Microsoft.AspNetCore.Mvc.Formatters.HttpNoContentOutputFormatter, Microsoft.AspNetCore.Mvc.Formatters.StringOutputFormatter, Microsoft.AspNetCore.Mvc.Formatters.StreamOutputFormatter, Microsoft.AspNetCore.Mvc.Formatters.NewtonsoftJsonOutputFormatter 
2024-04-01 17:12:52.7216|DEBUG|Microsoft.AspNetCore.Mvc.Infrastructure.DefaultOutputFormatterSelector|No information found on request to perform content negotiation. 
2024-04-01 17:12:52.7216|DEBUG|Microsoft.AspNetCore.Mvc.Infrastructure.DefaultOutputFormatterSelector|Attempting to select an output formatter without using a content type as no explicit content types were specified for the response. 
2024-04-01 17:12:52.7216|DEBUG|Microsoft.AspNetCore.Mvc.Infrastructure.DefaultOutputFormatterSelector|Attempting to select the first formatter in the output formatters list which can write the result. 
2024-04-01 17:12:52.7216|DEBUG|Microsoft.AspNetCore.Mvc.Infrastructure.DefaultOutputFormatterSelector|Selected output formatter 'Microsoft.AspNetCore.Mvc.Formatters.NewtonsoftJsonOutputFormatter' and content type 'application/json' to write the response. 
2024-04-01 17:12:52.7216|INFO|Microsoft.AspNetCore.Mvc.Infrastructure.ObjectResultExecutor|Executing OkObjectResult, writing value of type 'LitZhu.WebApi.R'. 
2024-04-01 17:12:52.7216|TRACE|Microsoft.AspNetCore.Mvc.Infrastructure.ControllerActionInvoker|After executing action result Microsoft.AspNetCore.Mvc.OkObjectResult. 
2024-04-01 17:12:52.7216|TRACE|Microsoft.AspNetCore.Mvc.Infrastructure.ControllerActionInvoker|Result Filter: Before executing OnResultExecuted on filter Microsoft.AspNetCore.Mvc.Infrastructure.ClientErrorResultFilter. 
2024-04-01 17:12:52.7216|TRACE|Microsoft.AspNetCore.Mvc.Infrastructure.ControllerActionInvoker|Result Filter: After executing OnResultExecuted on filter Microsoft.AspNetCore.Mvc.Infrastructure.ClientErrorResultFilter. 
2024-04-01 17:12:52.7216|INFO|Microsoft.AspNetCore.Mvc.Infrastructure.ControllerActionInvoker|Executed action LitZhu.WebApi.Controllers.Article.ArticleTagsController.CreateArticleTags (LitZhu.WebApi) in 54.3748ms 
2024-04-01 17:12:52.7216|INFO|Microsoft.AspNetCore.Routing.EndpointMiddleware|Executed endpoint 'LitZhu.WebApi.Controllers.Article.ArticleTagsController.CreateArticleTags (LitZhu.WebApi)' 
2024-04-01 17:12:52.7216|DEBUG|Microsoft.AspNetCore.Server.Kestrel.Connections|Connection id "0HN2I5B9NP6UP" completed keep alive response. 
2024-04-01 17:12:52.7216|DEBUG|Microsoft.EntityFrameworkCore.Infrastructure|'ArticleDbContext' disposed. 
2024-04-01 17:12:52.7216|DEBUG|Microsoft.EntityFrameworkCore.Database.Connection|Disposing connection to database 'LitZhu' on server 'localhost'. 
2024-04-01 17:12:52.7216|DEBUG|Microsoft.EntityFrameworkCore.Database.Connection|Disposed connection to database 'LitZhu' on server 'localhost' (0ms). 
2024-04-01 17:12:52.7216|INFO|Microsoft.AspNetCore.Hosting.Diagnostics|Request finished HTTP/1.1 POST https://localhost:7290/api/ArticleTags - 200 54 application/json;+charset=utf-8 57.6258ms 
2024-04-01 17:12:52.7370|DEBUG|Microsoft.AspNetCore.Server.Kestrel.Transport.Sockets|Connection id "0HN2I5B9NP6UP" received FIN. 
2024-04-01 17:12:52.7370|DEBUG|Microsoft.AspNetCore.Server.Kestrel.Transport.Sockets|Connection id "0HN2I5B9NP6UP" sending FIN because: "The Socket transport's send loop completed gracefully." 
2024-04-01 17:12:52.7370|DEBUG|Microsoft.AspNetCore.Server.Kestrel.Connections|Connection id "0HN2I5B9NP6UP" disconnecting. 
2024-04-01 17:12:52.7370|DEBUG|Microsoft.AspNetCore.Server.Kestrel.Connections|Connection id "0HN2I5B9NP6UP" stopped. 
2024-04-01 17:12:56.9114|DEBUG|Microsoft.AspNetCore.Server.Kestrel.Connections|Connection id "0HN2I5B9NP6UQ" accepted. 
2024-04-01 17:12:56.9114|DEBUG|Microsoft.AspNetCore.Server.Kestrel.Connections|Connection id "0HN2I5B9NP6UQ" started. 
2024-04-01 17:12:56.9618|DEBUG|Microsoft.AspNetCore.Server.Kestrel.Https.Internal.HttpsConnectionMiddleware|Connection 0HN2I5B9NP6UQ established using the following protocol: Tls13 
2024-04-01 17:12:56.9618|INFO|Microsoft.AspNetCore.Hosting.Diagnostics|Request starting HTTP/1.1 GET https://localhost:7290/api/ArticleTags/55cf279d-9122-4679-990d-89ee0e59e20e/Tags - application/json - 
2024-04-01 17:12:56.9618|TRACE|Microsoft.AspNetCore.HostFiltering.HostFilteringMiddleware|All hosts are allowed. 
2024-04-01 17:12:56.9618|DEBUG|Microsoft.AspNetCore.Routing.Matching.DfaMatcher|1 candidate(s) found for the request path '/api/ArticleTags/55cf279d-9122-4679-990d-89ee0e59e20e/Tags' 
2024-04-01 17:12:56.9618|DEBUG|Microsoft.AspNetCore.Routing.Matching.DfaMatcher|Endpoint 'LitZhu.WebApi.Controllers.Article.ArticleTagsController.GetArticleTags (LitZhu.WebApi)' with route pattern 'api/ArticleTags/{articleId}/Tags' is valid for the request path '/api/ArticleTags/55cf279d-9122-4679-990d-89ee0e59e20e/Tags' 
2024-04-01 17:12:56.9618|DEBUG|Microsoft.AspNetCore.Routing.EndpointRoutingMiddleware|Request matched endpoint 'LitZhu.WebApi.Controllers.Article.ArticleTagsController.GetArticleTags (LitZhu.WebApi)' 
2024-04-01 17:12:56.9618|TRACE|Microsoft.AspNetCore.Routing.EndpointRoutingMiddleware|The endpoint does not specify the IRequestSizeLimitMetadata. 
2024-04-01 17:12:56.9618|DEBUG|Microsoft.AspNetCore.StaticFiles.StaticFileMiddleware|Static files was skipped as the request already matched an endpoint. 
2024-04-01 17:12:56.9618|DEBUG|Microsoft.AspNetCore.Authentication.JwtBearer.JwtBearerHandler|Successfully validated the token. 
2024-04-01 17:12:56.9618|DEBUG|Microsoft.AspNetCore.Authentication.JwtBearer.JwtBearerHandler|AuthenticationScheme: Bearer was successfully authenticated. 
2024-04-01 17:12:56.9618|INFO|Microsoft.AspNetCore.Routing.EndpointMiddleware|Executing endpoint 'LitZhu.WebApi.Controllers.Article.ArticleTagsController.GetArticleTags (LitZhu.WebApi)' 
2024-04-01 17:12:56.9618|INFO|Microsoft.AspNetCore.Mvc.Infrastructure.ControllerActionInvoker|Route matched with {action = "GetArticleTags", controller = "ArticleTags"}. Executing controller action with signature System.Threading.Tasks.Task`1[Microsoft.AspNetCore.Mvc.ActionResult`1[System.Collections.Generic.List`1[Article.Domain.DTO.TagDto]]] GetArticleTags(System.Guid) on controller LitZhu.WebApi.Controllers.Article.ArticleTagsController (LitZhu.WebApi). 
2024-04-01 17:12:56.9618|DEBUG|Microsoft.AspNetCore.Mvc.Infrastructure.ControllerActionInvoker|Execution plan of authorization filters (in the following order): None 
2024-04-01 17:12:56.9618|DEBUG|Microsoft.AspNetCore.Mvc.Infrastructure.ControllerActionInvoker|Execution plan of resource filters (in the following order): None 
2024-04-01 17:12:56.9618|DEBUG|Microsoft.AspNetCore.Mvc.Infrastructure.ControllerActionInvoker|Execution plan of action filters (in the following order): Microsoft.AspNetCore.Mvc.ModelBinding.UnsupportedContentTypeFilter (Order: -3000), Microsoft.AspNetCore.Mvc.Infrastructure.ModelStateInvalidFilter (Order: -2000) 
2024-04-01 17:12:56.9618|DEBUG|Microsoft.AspNetCore.Mvc.Infrastructure.ControllerActionInvoker|Execution plan of exception filters (in the following order): None 
2024-04-01 17:12:56.9618|DEBUG|Microsoft.AspNetCore.Mvc.Infrastructure.ControllerActionInvoker|Execution plan of result filters (in the following order): Microsoft.AspNetCore.Mvc.Infrastructure.ClientErrorResultFilter (Order: -2000) 
2024-04-01 17:12:56.9618|DEBUG|Microsoft.AspNetCore.Mvc.Infrastructure.ControllerActionInvoker|Executing controller factory for controller LitZhu.WebApi.Controllers.Article.ArticleTagsController (LitZhu.WebApi) 
2024-04-01 17:12:56.9618|DEBUG|Microsoft.EntityFrameworkCore.Infrastructure|Entity Framework Core 8.0.1 initialized 'ArticleDbContext' using provider 'Pomelo.EntityFrameworkCore.MySql:8.0.1' with options: ServerVersion=8.0.23-mysql  
2024-04-01 17:12:56.9618|DEBUG|Microsoft.AspNetCore.Mvc.Infrastructure.ControllerActionInvoker|Executed controller factory for controller LitZhu.WebApi.Controllers.Article.ArticleTagsController (LitZhu.WebApi) 
2024-04-01 17:12:56.9618|DEBUG|Microsoft.AspNetCore.Mvc.ModelBinding.ParameterBinder|Attempting to bind parameter 'articleId' of type 'System.Guid' ... 
2024-04-01 17:12:56.9618|DEBUG|Microsoft.AspNetCore.Mvc.ModelBinding.Binders.SimpleTypeModelBinder|Attempting to bind parameter 'articleId' of type 'System.Guid' using the name 'articleId' in request data ... 
2024-04-01 17:12:56.9618|DEBUG|Microsoft.AspNetCore.Mvc.ModelBinding.Binders.SimpleTypeModelBinder|Done attempting to bind parameter 'articleId' of type 'System.Guid'. 
2024-04-01 17:12:56.9618|DEBUG|Microsoft.AspNetCore.Mvc.ModelBinding.ParameterBinder|Done attempting to bind parameter 'articleId' of type 'System.Guid'. 
2024-04-01 17:12:56.9618|DEBUG|Microsoft.AspNetCore.Mvc.ModelBinding.ParameterBinder|Attempting to validate the bound parameter 'articleId' of type 'System.Guid' ... 
2024-04-01 17:12:56.9618|DEBUG|Microsoft.AspNetCore.Mvc.ModelBinding.ParameterBinder|Done attempting to validate the bound parameter 'articleId' of type 'System.Guid'. 
2024-04-01 17:12:56.9618|TRACE|Microsoft.AspNetCore.Mvc.Infrastructure.ControllerActionInvoker|Action Filter: Before executing OnActionExecuting on filter Microsoft.AspNetCore.Mvc.ModelBinding.UnsupportedContentTypeFilter. 
2024-04-01 17:12:56.9618|TRACE|Microsoft.AspNetCore.Mvc.Infrastructure.ControllerActionInvoker|Action Filter: After executing OnActionExecuting on filter Microsoft.AspNetCore.Mvc.ModelBinding.UnsupportedContentTypeFilter. 
2024-04-01 17:12:56.9618|TRACE|Microsoft.AspNetCore.Mvc.Infrastructure.ControllerActionInvoker|Action Filter: Before executing OnActionExecuting on filter Microsoft.AspNetCore.Mvc.Infrastructure.ModelStateInvalidFilter. 
2024-04-01 17:12:56.9618|TRACE|Microsoft.AspNetCore.Mvc.Infrastructure.ControllerActionInvoker|Action Filter: After executing OnActionExecuting on filter Microsoft.AspNetCore.Mvc.Infrastructure.ModelStateInvalidFilter. 
2024-04-01 17:12:56.9618|INFO|Microsoft.AspNetCore.Mvc.Infrastructure.ControllerActionInvoker|Executing action method LitZhu.WebApi.Controllers.Article.ArticleTagsController.GetArticleTags (LitZhu.WebApi) - Validation state: Valid 
2024-04-01 17:12:56.9618|TRACE|Microsoft.AspNetCore.Mvc.Infrastructure.ControllerActionInvoker|Executing action method LitZhu.WebApi.Controllers.Article.ArticleTagsController.GetArticleTags (LitZhu.WebApi) with arguments (55cf279d-9122-4679-990d-89ee0e59e20e) 
2024-04-01 17:12:56.9618|DEBUG|Microsoft.EntityFrameworkCore.Database.Connection|Creating DbConnection. 
2024-04-01 17:12:56.9618|DEBUG|Microsoft.EntityFrameworkCore.Database.Connection|Created DbConnection. (0ms). 
2024-04-01 17:12:56.9618|DEBUG|Microsoft.EntityFrameworkCore.Database.Connection|Opening connection to database 'LitZhu' on server 'localhost'. 
2024-04-01 17:12:56.9618|DEBUG|Microsoft.EntityFrameworkCore.Database.Connection|Opened connection to database 'LitZhu' on server 'localhost'. 
2024-04-01 17:12:56.9618|DEBUG|Microsoft.EntityFrameworkCore.Database.Command|Creating DbCommand for 'ExecuteReader'. 
2024-04-01 17:12:56.9711|DEBUG|Microsoft.EntityFrameworkCore.Database.Command|Created DbCommand for 'ExecuteReader' (0ms). 
2024-04-01 17:12:56.9711|DEBUG|Microsoft.EntityFrameworkCore.Database.Command|Initialized DbCommand for 'ExecuteReader' (1ms). 
2024-04-01 17:12:56.9711|DEBUG|Microsoft.EntityFrameworkCore.Database.Command|Executing DbCommand [Parameters=[@__articleId_0='?' (DbType = Guid)], CommandType='Text', CommandTimeout='30']
SELECT `t`.`Id`, `t`.`Content`, `t`.`CreationTime`, `t`.`DeletionTime`, `t`.`Desc`, `t`.`Image`, `t`.`IsDeleted`, `t`.`LastModificationTime`, `t`.`Likes`, `t`.`Title`, `t`.`UserId`, `t`.`Views`, `c`.`Id`, `c`.`ArticleId`, `c`.`Content`, `c`.`CreationTime`, `c`.`LastModificationTime`, `c`.`Likes`, `c`.`PId`, `c`.`Path`, `c`.`UserId`, `t1`.`ArticleId`, `t1`.`TagId`, `t1`.`Id`, `t1`.`CreationTime`, `t1`.`DeletionTime`, `t1`.`IsDeleted`, `t1`.`LastModificationTime`, `t1`.`TagName`
FROM (
    SELECT `a`.`Id`, `a`.`Content`, `a`.`CreationTime`, `a`.`DeletionTime`, `a`.`Desc`, `a`.`Image`, `a`.`IsDeleted`, `a`.`LastModificationTime`, `a`.`Likes`, `a`.`Title`, `a`.`UserId`, `a`.`Views`
    FROM `Articles` AS `a`
    WHERE NOT (`a`.`IsDeleted`) AND (`a`.`Id` = @__articleId_0)
    LIMIT 1
) AS `t`
LEFT JOIN `Comments` AS `c` ON `t`.`Id` = `c`.`ArticleId`
LEFT JOIN (
    SELECT `a0`.`ArticleId`, `a0`.`TagId`, `t0`.`Id`, `t0`.`CreationTime`, `t0`.`DeletionTime`, `t0`.`IsDeleted`, `t0`.`LastModificationTime`, `t0`.`TagName`
    FROM `Articles_Tags` AS `a0`
    INNER JOIN (
        SELECT `t2`.`Id`, `t2`.`CreationTime`, `t2`.`DeletionTime`, `t2`.`IsDeleted`, `t2`.`LastModificationTime`, `t2`.`TagName`
        FROM `Tags` AS `t2`
        WHERE NOT (`t2`.`IsDeleted`)
    ) AS `t0` ON `a0`.`TagId` = `t0`.`Id`
) AS `t1` ON `t`.`Id` = `t1`.`ArticleId`
ORDER BY `t`.`Id`, `c`.`Id`, `t1`.`ArticleId`, `t1`.`TagId` 
2024-04-01 17:12:56.9711|INFO|Microsoft.EntityFrameworkCore.Database.Command|Executed DbCommand (6ms) [Parameters=[@__articleId_0='?' (DbType = Guid)], CommandType='Text', CommandTimeout='30']
SELECT `t`.`Id`, `t`.`Content`, `t`.`CreationTime`, `t`.`DeletionTime`, `t`.`Desc`, `t`.`Image`, `t`.`IsDeleted`, `t`.`LastModificationTime`, `t`.`Likes`, `t`.`Title`, `t`.`UserId`, `t`.`Views`, `c`.`Id`, `c`.`ArticleId`, `c`.`Content`, `c`.`CreationTime`, `c`.`LastModificationTime`, `c`.`Likes`, `c`.`PId`, `c`.`Path`, `c`.`UserId`, `t1`.`ArticleId`, `t1`.`TagId`, `t1`.`Id`, `t1`.`CreationTime`, `t1`.`DeletionTime`, `t1`.`IsDeleted`, `t1`.`LastModificationTime`, `t1`.`TagName`
FROM (
    SELECT `a`.`Id`, `a`.`Content`, `a`.`CreationTime`, `a`.`DeletionTime`, `a`.`Desc`, `a`.`Image`, `a`.`IsDeleted`, `a`.`LastModificationTime`, `a`.`Likes`, `a`.`Title`, `a`.`UserId`, `a`.`Views`
    FROM `Articles` AS `a`
    WHERE NOT (`a`.`IsDeleted`) AND (`a`.`Id` = @__articleId_0)
    LIMIT 1
) AS `t`
LEFT JOIN `Comments` AS `c` ON `t`.`Id` = `c`.`ArticleId`
LEFT JOIN (
    SELECT `a0`.`ArticleId`, `a0`.`TagId`, `t0`.`Id`, `t0`.`CreationTime`, `t0`.`DeletionTime`, `t0`.`IsDeleted`, `t0`.`LastModificationTime`, `t0`.`TagName`
    FROM `Articles_Tags` AS `a0`
    INNER JOIN (
        SELECT `t2`.`Id`, `t2`.`CreationTime`, `t2`.`DeletionTime`, `t2`.`IsDeleted`, `t2`.`LastModificationTime`, `t2`.`TagName`
        FROM `Tags` AS `t2`
        WHERE NOT (`t2`.`IsDeleted`)
    ) AS `t0` ON `a0`.`TagId` = `t0`.`Id`
) AS `t1` ON `t`.`Id` = `t1`.`ArticleId`
ORDER BY `t`.`Id`, `c`.`Id`, `t1`.`ArticleId`, `t1`.`TagId` 
2024-04-01 17:12:56.9711|DEBUG|Microsoft.EntityFrameworkCore.ChangeTracking|Context 'ArticleDbContext' started tracking 'Articles' entity. Consider using 'DbContextOptionsBuilder.EnableSensitiveDataLogging' to see key values. 
2024-04-01 17:12:56.9711|DEBUG|Microsoft.EntityFrameworkCore.ChangeTracking|Context 'ArticleDbContext' started tracking 'ArticleTags' entity. Consider using 'DbContextOptionsBuilder.EnableSensitiveDataLogging' to see key values. 
2024-04-01 17:12:56.9711|DEBUG|Microsoft.EntityFrameworkCore.ChangeTracking|The navigation 'ArticleTags.Tags' was detected as changed. Consider using 'DbContextOptionsBuilder.EnableSensitiveDataLogging' to see key values. 
2024-04-01 17:12:56.9711|DEBUG|Microsoft.EntityFrameworkCore.ChangeTracking|Context 'ArticleDbContext' started tracking 'Tags' entity. Consider using 'DbContextOptionsBuilder.EnableSensitiveDataLogging' to see key values. 
2024-04-01 17:12:56.9711|DEBUG|Microsoft.EntityFrameworkCore.ChangeTracking|Context 'ArticleDbContext' started tracking 'ArticleTags' entity. Consider using 'DbContextOptionsBuilder.EnableSensitiveDataLogging' to see key values. 
2024-04-01 17:12:56.9711|DEBUG|Microsoft.EntityFrameworkCore.ChangeTracking|The navigation 'ArticleTags.Tags' was detected as changed. Consider using 'DbContextOptionsBuilder.EnableSensitiveDataLogging' to see key values. 
2024-04-01 17:12:56.9711|DEBUG|Microsoft.EntityFrameworkCore.ChangeTracking|Context 'ArticleDbContext' started tracking 'Tags' entity. Consider using 'DbContextOptionsBuilder.EnableSensitiveDataLogging' to see key values. 
2024-04-01 17:12:56.9711|DEBUG|Microsoft.EntityFrameworkCore.Database.Command|Closing data reader to 'LitZhu' on server 'localhost'. 
2024-04-01 17:12:56.9711|DEBUG|Microsoft.EntityFrameworkCore.Database.Command|A data reader for 'LitZhu' on server 'localhost' is being disposed after spending 1ms reading results. 
2024-04-01 17:12:56.9711|DEBUG|Microsoft.EntityFrameworkCore.Database.Connection|Closing connection to database 'LitZhu' on server 'localhost'. 
2024-04-01 17:12:56.9711|DEBUG|Microsoft.EntityFrameworkCore.Database.Connection|Closed connection to database 'LitZhu' on server 'localhost' (0ms). 
2024-04-01 17:12:59.3116|INFO|Microsoft.AspNetCore.Mvc.Infrastructure.ControllerActionInvoker|Executed action method LitZhu.WebApi.Controllers.Article.ArticleTagsController.GetArticleTags (LitZhu.WebApi), returned result Microsoft.AspNetCore.Mvc.OkObjectResult in 2345.2693ms. 
2024-04-01 17:12:59.3116|TRACE|Microsoft.AspNetCore.Mvc.Infrastructure.ControllerActionInvoker|Action Filter: Before executing OnActionExecuted on filter Microsoft.AspNetCore.Mvc.Infrastructure.ModelStateInvalidFilter. 
2024-04-01 17:12:59.3116|TRACE|Microsoft.AspNetCore.Mvc.Infrastructure.ControllerActionInvoker|Action Filter: After executing OnActionExecuted on filter Microsoft.AspNetCore.Mvc.Infrastructure.ModelStateInvalidFilter. 
2024-04-01 17:12:59.3116|TRACE|Microsoft.AspNetCore.Mvc.Infrastructure.ControllerActionInvoker|Action Filter: Before executing OnActionExecuted on filter Microsoft.AspNetCore.Mvc.ModelBinding.UnsupportedContentTypeFilter. 
2024-04-01 17:12:59.3116|TRACE|Microsoft.AspNetCore.Mvc.Infrastructure.ControllerActionInvoker|Action Filter: After executing OnActionExecuted on filter Microsoft.AspNetCore.Mvc.ModelBinding.UnsupportedContentTypeFilter. 
2024-04-01 17:12:59.3116|TRACE|Microsoft.AspNetCore.Mvc.Infrastructure.ControllerActionInvoker|Result Filter: Before executing OnResultExecuting on filter Microsoft.AspNetCore.Mvc.Infrastructure.ClientErrorResultFilter. 
2024-04-01 17:12:59.3116|TRACE|Microsoft.AspNetCore.Mvc.Infrastructure.ControllerActionInvoker|Result Filter: After executing OnResultExecuting on filter Microsoft.AspNetCore.Mvc.Infrastructure.ClientErrorResultFilter. 
2024-04-01 17:12:59.3116|TRACE|Microsoft.AspNetCore.Mvc.Infrastructure.ControllerActionInvoker|Before executing action result Microsoft.AspNetCore.Mvc.OkObjectResult. 
2024-04-01 17:12:59.3116|DEBUG|Microsoft.AspNetCore.Mvc.Infrastructure.DefaultOutputFormatterSelector|List of registered output formatters, in the following order: Microsoft.AspNetCore.Mvc.Formatters.HttpNoContentOutputFormatter, Microsoft.AspNetCore.Mvc.Formatters.StringOutputFormatter, Microsoft.AspNetCore.Mvc.Formatters.StreamOutputFormatter, Microsoft.AspNetCore.Mvc.Formatters.NewtonsoftJsonOutputFormatter 
2024-04-01 17:12:59.3116|DEBUG|Microsoft.AspNetCore.Mvc.Infrastructure.DefaultOutputFormatterSelector|No information found on request to perform content negotiation. 
2024-04-01 17:12:59.3116|DEBUG|Microsoft.AspNetCore.Mvc.Infrastructure.DefaultOutputFormatterSelector|Attempting to select an output formatter without using a content type as no explicit content types were specified for the response. 
2024-04-01 17:12:59.3116|DEBUG|Microsoft.AspNetCore.Mvc.Infrastructure.DefaultOutputFormatterSelector|Attempting to select the first formatter in the output formatters list which can write the result. 
2024-04-01 17:12:59.3116|DEBUG|Microsoft.AspNetCore.Mvc.Infrastructure.DefaultOutputFormatterSelector|Selected output formatter 'Microsoft.AspNetCore.Mvc.Formatters.NewtonsoftJsonOutputFormatter' and content type 'application/json' to write the response. 
2024-04-01 17:12:59.3116|INFO|Microsoft.AspNetCore.Mvc.Infrastructure.ObjectResultExecutor|Executing OkObjectResult, writing value of type 'LitZhu.WebApi.R'. 
2024-04-01 17:12:59.3116|TRACE|Microsoft.AspNetCore.Mvc.Infrastructure.ControllerActionInvoker|After executing action result Microsoft.AspNetCore.Mvc.OkObjectResult. 
2024-04-01 17:12:59.3116|TRACE|Microsoft.AspNetCore.Mvc.Infrastructure.ControllerActionInvoker|Result Filter: Before executing OnResultExecuted on filter Microsoft.AspNetCore.Mvc.Infrastructure.ClientErrorResultFilter. 
2024-04-01 17:12:59.3116|TRACE|Microsoft.AspNetCore.Mvc.Infrastructure.ControllerActionInvoker|Result Filter: After executing OnResultExecuted on filter Microsoft.AspNetCore.Mvc.Infrastructure.ClientErrorResultFilter. 
2024-04-01 17:12:59.3116|INFO|Microsoft.AspNetCore.Mvc.Infrastructure.ControllerActionInvoker|Executed action LitZhu.WebApi.Controllers.Article.ArticleTagsController.GetArticleTags (LitZhu.WebApi) in 2349.0536ms 
2024-04-01 17:12:59.3116|INFO|Microsoft.AspNetCore.Routing.EndpointMiddleware|Executed endpoint 'LitZhu.WebApi.Controllers.Article.ArticleTagsController.GetArticleTags (LitZhu.WebApi)' 
2024-04-01 17:12:59.3116|DEBUG|Microsoft.AspNetCore.Server.Kestrel.Connections|Connection id "0HN2I5B9NP6UQ" completed keep alive response. 
2024-04-01 17:12:59.3116|DEBUG|Microsoft.EntityFrameworkCore.Infrastructure|'ArticleDbContext' disposed. 
2024-04-01 17:12:59.3116|DEBUG|Microsoft.EntityFrameworkCore.Database.Connection|Disposing connection to database 'LitZhu' on server 'localhost'. 
2024-04-01 17:12:59.3116|DEBUG|Microsoft.EntityFrameworkCore.Database.Connection|Disposed connection to database 'LitZhu' on server 'localhost' (0ms). 
2024-04-01 17:12:59.3142|INFO|Microsoft.AspNetCore.Hosting.Diagnostics|Request finished HTTP/1.1 GET https://localhost:7290/api/ArticleTags/55cf279d-9122-4679-990d-89ee0e59e20e/Tags - 200 190 application/json;+charset=utf-8 2351.9701ms 
2024-04-01 17:12:59.3142|DEBUG|Microsoft.AspNetCore.Server.Kestrel.Transport.Sockets|Connection id "0HN2I5B9NP6UQ" received FIN. 
2024-04-01 17:12:59.3142|DEBUG|Microsoft.AspNetCore.Server.Kestrel.Transport.Sockets|Connection id "0HN2I5B9NP6UQ" sending FIN because: "The Socket transport's send loop completed gracefully." 
2024-04-01 17:12:59.3142|DEBUG|Microsoft.AspNetCore.Server.Kestrel.Connections|Connection id "0HN2I5B9NP6UQ" disconnecting. 
2024-04-01 17:12:59.3142|DEBUG|Microsoft.AspNetCore.Server.Kestrel.Connections|Connection id "0HN2I5B9NP6UQ" stopped. 
2024-04-01 17:13:29.8419|DEBUG|Microsoft.AspNetCore.Mvc.ModelBinding.ModelBinderFactory|Registered model binder providers, in the following order: Microsoft.AspNetCore.Mvc.ModelBinding.Binders.BinderTypeModelBinderProvider, Microsoft.AspNetCore.Mvc.ModelBinding.Binders.ServicesModelBinderProvider, Microsoft.AspNetCore.Mvc.ModelBinding.Binders.BodyModelBinderProvider, Microsoft.AspNetCore.Mvc.ModelBinding.Binders.HeaderModelBinderProvider, Microsoft.AspNetCore.Mvc.ModelBinding.Binders.FloatingPointTypeModelBinderProvider, Microsoft.AspNetCore.Mvc.ModelBinding.Binders.EnumTypeModelBinderProvider, Microsoft.AspNetCore.Mvc.ModelBinding.Binders.DateTimeModelBinderProvider, Microsoft.AspNetCore.Mvc.ModelBinding.Binders.SimpleTypeModelBinderProvider, Microsoft.AspNetCore.Mvc.ModelBinding.Binders.TryParseModelBinderProvider, Microsoft.AspNetCore.Mvc.ModelBinding.Binders.CancellationTokenModelBinderProvider, Microsoft.AspNetCore.Mvc.ModelBinding.Binders.ByteArrayModelBinderProvider, Microsoft.AspNetCore.Mvc.ModelBinding.Binders.FormFileModelBinderProvider, Microsoft.AspNetCore.Mvc.ModelBinding.Binders.FormCollectionModelBinderProvider, Microsoft.AspNetCore.Mvc.ModelBinding.Binders.KeyValuePairModelBinderProvider, Microsoft.AspNetCore.Mvc.ModelBinding.Binders.DictionaryModelBinderProvider, Microsoft.AspNetCore.Mvc.ModelBinding.Binders.ArrayModelBinderProvider, Microsoft.AspNetCore.Mvc.ModelBinding.Binders.CollectionModelBinderProvider, Microsoft.AspNetCore.Mvc.ModelBinding.Binders.ComplexObjectModelBinderProvider 
2024-04-01 17:13:29.9389|DEBUG|Microsoft.Extensions.Hosting.Internal.Host|Hosting starting 
2024-04-01 17:13:29.9818|INFO|Microsoft.AspNetCore.DataProtection.KeyManagement.XmlKeyManager|User profile is available. Using 'C:\Users\25968\AppData\Local\ASP.NET\DataProtection-Keys' as key repository and Windows DPAPI to encrypt keys at rest. 
2024-04-01 17:13:29.9922|DEBUG|Microsoft.AspNetCore.DataProtection.Repositories.FileSystemXmlRepository|Reading data from file 'C:\Users\25968\AppData\Local\ASP.NET\DataProtection-Keys\key-04331095-e001-4e86-a2a5-ac77c623d11c.xml'. 
2024-04-01 17:13:30.0070|DEBUG|Microsoft.AspNetCore.DataProtection.KeyManagement.XmlKeyManager|Found key {04331095-e001-4e86-a2a5-ac77c623d11c}. 
2024-04-01 17:13:30.0278|DEBUG|Microsoft.AspNetCore.DataProtection.KeyManagement.DefaultKeyResolver|Considering key {04331095-e001-4e86-a2a5-ac77c623d11c} with expiration date 2024-04-11 12:24:14Z as default key. 
2024-04-01 17:13:30.0348|DEBUG|Microsoft.AspNetCore.DataProtection.TypeForwardingActivator|Forwarded activator type request from Microsoft.AspNetCore.DataProtection.XmlEncryption.DpapiXmlDecryptor, Microsoft.AspNetCore.DataProtection, Version=8.0.0.0, Culture=neutral, PublicKeyToken=adb9793829ddae60 to Microsoft.AspNetCore.DataProtection.XmlEncryption.DpapiXmlDecryptor, Microsoft.AspNetCore.DataProtection, Culture=neutral, PublicKeyToken=adb9793829ddae60 
2024-04-01 17:13:30.0348|DEBUG|Microsoft.AspNetCore.DataProtection.XmlEncryption.DpapiXmlDecryptor|Decrypting secret element using Windows DPAPI. 
2024-04-01 17:13:30.0348|DEBUG|Microsoft.AspNetCore.DataProtection.TypeForwardingActivator|Forwarded activator type request from Microsoft.AspNetCore.DataProtection.AuthenticatedEncryption.ConfigurationModel.AuthenticatedEncryptorDescriptorDeserializer, Microsoft.AspNetCore.DataProtection, Version=8.0.0.0, Culture=neutral, PublicKeyToken=adb9793829ddae60 to Microsoft.AspNetCore.DataProtection.AuthenticatedEncryption.ConfigurationModel.AuthenticatedEncryptorDescriptorDeserializer, Microsoft.AspNetCore.DataProtection, Culture=neutral, PublicKeyToken=adb9793829ddae60 
2024-04-01 17:13:30.0348|DEBUG|Microsoft.AspNetCore.DataProtection.AuthenticatedEncryption.CngCbcAuthenticatedEncryptorFactory|Opening CNG algorithm 'AES' from provider '(null)' with chaining mode CBC. 
2024-04-01 17:13:30.0504|DEBUG|Microsoft.AspNetCore.DataProtection.AuthenticatedEncryption.CngCbcAuthenticatedEncryptorFactory|Opening CNG algorithm 'SHA256' from provider '(null)' with HMAC. 
2024-04-01 17:13:30.0504|DEBUG|Microsoft.AspNetCore.DataProtection.KeyManagement.KeyRingProvider|Using key {04331095-e001-4e86-a2a5-ac77c623d11c} as the default key. 
2024-04-01 17:13:30.0504|DEBUG|Microsoft.AspNetCore.DataProtection.Internal.DataProtectionHostedService|Key ring with default key {04331095-e001-4e86-a2a5-ac77c623d11c} was loaded during application startup. 
2024-04-01 17:13:30.3674|INFO|Microsoft.Hosting.Lifetime|Now listening on: https://localhost:7290 
2024-04-01 17:13:30.3674|INFO|Microsoft.Hosting.Lifetime|Now listening on: http://localhost:5167 
2024-04-01 17:13:30.3674|DEBUG|Microsoft.AspNetCore.Hosting.Diagnostics|Loaded hosting startup assembly LitZhu.WebApi 
2024-04-01 17:13:30.3674|DEBUG|Microsoft.AspNetCore.Hosting.Diagnostics|Loaded hosting startup assembly Microsoft.AspNetCore.Watch.BrowserRefresh 
2024-04-01 17:13:30.3674|DEBUG|Microsoft.AspNetCore.Hosting.Diagnostics|Loaded hosting startup assembly Microsoft.WebTools.BrowserLink.Net 
2024-04-01 17:13:30.3674|INFO|Microsoft.Hosting.Lifetime|Application started. Press Ctrl+C to shut down. 
2024-04-01 17:13:30.3674|INFO|Microsoft.Hosting.Lifetime|Hosting environment: Development 
2024-04-01 17:13:30.3782|INFO|Microsoft.Hosting.Lifetime|Content root path: D:\Desktop\website\litzhu\LitZhu_backend\LitZhu.WebApi 
2024-04-01 17:13:30.3782|DEBUG|Microsoft.Extensions.Hosting.Internal.Host|Hosting started 
2024-04-01 17:13:30.6491|DEBUG|Microsoft.AspNetCore.Server.Kestrel.Connections|Connection id "0HN2I5FVQTMJI" accepted. 
2024-04-01 17:13:30.6491|DEBUG|Microsoft.AspNetCore.Server.Kestrel.Connections|Connection id "0HN2I5FVQTMJJ" accepted. 
2024-04-01 17:13:30.6491|DEBUG|Microsoft.AspNetCore.Server.Kestrel.Connections|Connection id "0HN2I5FVQTMJJ" started. 
2024-04-01 17:13:30.6491|DEBUG|Microsoft.AspNetCore.Server.Kestrel.Connections|Connection id "0HN2I5FVQTMJI" started. 
2024-04-01 17:13:30.6665|DEBUG|Microsoft.AspNetCore.Server.Kestrel.Transport.Sockets|Connection id "0HN2I5FVQTMJI" received FIN. 
2024-04-01 17:13:30.6665|DEBUG|Microsoft.AspNetCore.Server.Kestrel.Transport.Sockets|Connection id "0HN2I5FVQTMJJ" received FIN. 
2024-04-01 17:13:30.6798|DEBUG|Microsoft.AspNetCore.Server.Kestrel.Https.Internal.HttpsConnectionMiddleware|Failed to authenticate HTTPS connection. System.IO.IOException: Received an unexpected EOF or 0 bytes from the transport stream.
   at System.Net.Security.SslStream.ReceiveHandshakeFrameAsync[TIOAdapter](CancellationToken cancellationToken)
   at System.Net.Security.SslStream.ForceAuthenticationAsync[TIOAdapter](Boolean receiveFirst, Byte[] reAuthenticationData, CancellationToken cancellationToken)
   at System.Net.Security.SslStream.ProcessAuthenticationWithTelemetryAsync(Boolean isAsync, CancellationToken cancellationToken)
   at Microsoft.AspNetCore.Server.Kestrel.Https.Internal.HttpsConnectionMiddleware.OnConnectionAsync(ConnectionContext context)
2024-04-01 17:13:30.6798|DEBUG|Microsoft.AspNetCore.Server.Kestrel.Https.Internal.HttpsConnectionMiddleware|Failed to authenticate HTTPS connection. System.IO.IOException: Received an unexpected EOF or 0 bytes from the transport stream.
   at System.Net.Security.SslStream.ReceiveHandshakeFrameAsync[TIOAdapter](CancellationToken cancellationToken)
   at System.Net.Security.SslStream.ForceAuthenticationAsync[TIOAdapter](Boolean receiveFirst, Byte[] reAuthenticationData, CancellationToken cancellationToken)
   at System.Net.Security.SslStream.ProcessAuthenticationWithTelemetryAsync(Boolean isAsync, CancellationToken cancellationToken)
   at Microsoft.AspNetCore.Server.Kestrel.Https.Internal.HttpsConnectionMiddleware.OnConnectionAsync(ConnectionContext context)
2024-04-01 17:13:30.7247|DEBUG|Microsoft.AspNetCore.Server.Kestrel.Connections|Connection id "0HN2I5FVQTMJJ" stopped. 
2024-04-01 17:13:30.7247|DEBUG|Microsoft.AspNetCore.Server.Kestrel.Connections|Connection id "0HN2I5FVQTMJI" stopped. 
2024-04-01 17:13:30.7247|DEBUG|Microsoft.AspNetCore.Server.Kestrel.Transport.Sockets|Connection id "0HN2I5FVQTMJJ" sending FIN because: "The Socket transport's send loop completed gracefully." 
2024-04-01 17:13:30.7247|DEBUG|Microsoft.AspNetCore.Server.Kestrel.Transport.Sockets|Connection id "0HN2I5FVQTMJI" sending FIN because: "The Socket transport's send loop completed gracefully." 
2024-04-01 17:13:31.6590|DEBUG|Microsoft.AspNetCore.Server.Kestrel.Connections|Connection id "0HN2I5FVQTMJK" accepted. 
2024-04-01 17:13:31.6590|DEBUG|Microsoft.AspNetCore.Server.Kestrel.Connections|Connection id "0HN2I5FVQTMJK" started. 
2024-04-01 17:13:31.7159|DEBUG|Microsoft.AspNetCore.Server.Kestrel.Https.Internal.HttpsConnectionMiddleware|Connection 0HN2I5FVQTMJK established using the following protocol: Tls13 
2024-04-01 17:13:31.7380|INFO|Microsoft.AspNetCore.Hosting.Diagnostics|Request starting HTTP/1.1 GET https://localhost:7290/api/ArticleTags/55cf279d-9122-4679-990d-89ee0e59e20e/Tags - application/json - 
2024-04-01 17:13:31.7380|DEBUG|Microsoft.AspNetCore.HostFiltering.HostFilteringMiddleware|Wildcard detected, all requests with hosts will be allowed. 
2024-04-01 17:13:31.7380|TRACE|Microsoft.AspNetCore.HostFiltering.HostFilteringMiddleware|All hosts are allowed. 
2024-04-01 17:13:31.7715|DEBUG|Microsoft.AspNetCore.Routing.Matching.DfaMatcher|1 candidate(s) found for the request path '/api/ArticleTags/55cf279d-9122-4679-990d-89ee0e59e20e/Tags' 
2024-04-01 17:13:31.7715|DEBUG|Microsoft.AspNetCore.Routing.Matching.DfaMatcher|Endpoint 'LitZhu.WebApi.Controllers.Article.ArticleTagsController.GetArticleTags (LitZhu.WebApi)' with route pattern 'api/ArticleTags/{articleId}/Tags' is valid for the request path '/api/ArticleTags/55cf279d-9122-4679-990d-89ee0e59e20e/Tags' 
2024-04-01 17:13:31.7715|DEBUG|Microsoft.AspNetCore.Routing.EndpointRoutingMiddleware|Request matched endpoint 'LitZhu.WebApi.Controllers.Article.ArticleTagsController.GetArticleTags (LitZhu.WebApi)' 
2024-04-01 17:13:31.7715|TRACE|Microsoft.AspNetCore.Routing.EndpointRoutingMiddleware|The endpoint does not specify the IRequestSizeLimitMetadata. 
2024-04-01 17:13:31.7932|DEBUG|Microsoft.AspNetCore.StaticFiles.StaticFileMiddleware|Static files was skipped as the request already matched an endpoint. 
2024-04-01 17:13:32.0343|DEBUG|Microsoft.AspNetCore.Authentication.JwtBearer.JwtBearerHandler|Successfully validated the token. 
2024-04-01 17:13:32.0343|DEBUG|Microsoft.AspNetCore.Authentication.JwtBearer.JwtBearerHandler|AuthenticationScheme: Bearer was successfully authenticated. 
2024-04-01 17:13:32.0343|INFO|Microsoft.AspNetCore.Routing.EndpointMiddleware|Executing endpoint 'LitZhu.WebApi.Controllers.Article.ArticleTagsController.GetArticleTags (LitZhu.WebApi)' 
2024-04-01 17:13:32.0563|INFO|Microsoft.AspNetCore.Mvc.Infrastructure.ControllerActionInvoker|Route matched with {action = "GetArticleTags", controller = "ArticleTags"}. Executing controller action with signature System.Threading.Tasks.Task`1[Microsoft.AspNetCore.Mvc.ActionResult`1[System.Collections.Generic.List`1[Article.Domain.DTO.TagDto]]] GetArticleTags(System.Guid) on controller LitZhu.WebApi.Controllers.Article.ArticleTagsController (LitZhu.WebApi). 
2024-04-01 17:13:32.0563|DEBUG|Microsoft.AspNetCore.Mvc.Infrastructure.ControllerActionInvoker|Execution plan of authorization filters (in the following order): None 
2024-04-01 17:13:32.0563|DEBUG|Microsoft.AspNetCore.Mvc.Infrastructure.ControllerActionInvoker|Execution plan of resource filters (in the following order): None 
2024-04-01 17:13:32.0563|DEBUG|Microsoft.AspNetCore.Mvc.Infrastructure.ControllerActionInvoker|Execution plan of action filters (in the following order): Microsoft.AspNetCore.Mvc.ModelBinding.UnsupportedContentTypeFilter (Order: -3000), Microsoft.AspNetCore.Mvc.Infrastructure.ModelStateInvalidFilter (Order: -2000) 
2024-04-01 17:13:32.0563|DEBUG|Microsoft.AspNetCore.Mvc.Infrastructure.ControllerActionInvoker|Execution plan of exception filters (in the following order): None 
2024-04-01 17:13:32.0563|DEBUG|Microsoft.AspNetCore.Mvc.Infrastructure.ControllerActionInvoker|Execution plan of result filters (in the following order): Microsoft.AspNetCore.Mvc.Infrastructure.ClientErrorResultFilter (Order: -2000) 
2024-04-01 17:13:32.0563|DEBUG|Microsoft.AspNetCore.Mvc.Infrastructure.ControllerActionInvoker|Executing controller factory for controller LitZhu.WebApi.Controllers.Article.ArticleTagsController (LitZhu.WebApi) 
2024-04-01 17:13:32.1938|DEBUG|Microsoft.EntityFrameworkCore.Infrastructure|An additional 'IServiceProvider' was created for internal use by Entity Framework. An existing service provider was not used due to the following configuration changes: configuration changed for 'Core:ConfigureWarnings', configuration added for 'Pomelo.EntityFrameworkCore.MySql:ServerVersion', configuration added for 'Pomelo.EntityFrameworkCore.MySql:DisableBackslashEscaping', configuration added for 'Pomelo.EntityFrameworkCore.MySql:SetSqlModeOnOpen', configuration added for 'Pomelo.EntityFrameworkCore.MySql:DisableLineBreakToCharSubstition', configuration added for 'Pomelo.EntityFrameworkCore.MySql:DefaultDataTypeMappings', configuration added for 'Pomelo.EntityFrameworkCore.MySql:SchemaBehavior', configuration added for 'Pomelo.EntityFrameworkCore.MySql:SchemaNameTranslator', configuration added for 'Pomelo.EntityFrameworkCore.MySql:EnableIndexOptimizedBooleanColumns', configuration added for 'Pomelo.EntityFrameworkCore.MySql:LimitKeyedOrIndexedStringColumnLength', configuration added for 'Pomelo.EntityFrameworkCore.MySql:EnableStringComparisonTranslations', configuration added for 'Pomelo.EntityFrameworkCore.MySql:EnablePrimitiveCollectionsSupport'. 
2024-04-01 17:13:32.5001|DEBUG|Microsoft.EntityFrameworkCore.Model|The index {'ArticleId'} was not created on entity type 'ArticleTags' as the properties are already covered by the index {'ArticleId', 'TagId'}. 
2024-04-01 17:13:32.5653|WARN|Microsoft.EntityFrameworkCore.Model.Validation|Entity 'Articles' has a global query filter defined and is the required end of a relationship with the entity 'ArticleTags'. This may lead to unexpected results when the required entity is filtered out. Either configure the navigation as optional, or define matching query filters for both entities in the navigation. See https://go.microsoft.com/fwlink/?linkid=2131316 for more information. 
2024-04-01 17:13:32.5653|WARN|Microsoft.EntityFrameworkCore.Model.Validation|Entity 'Articles' has a global query filter defined and is the required end of a relationship with the entity 'Comments'. This may lead to unexpected results when the required entity is filtered out. Either configure the navigation as optional, or define matching query filters for both entities in the navigation. See https://go.microsoft.com/fwlink/?linkid=2131316 for more information. 
2024-04-01 17:13:32.6986|DEBUG|Microsoft.EntityFrameworkCore.Infrastructure|Entity Framework Core 8.0.1 initialized 'ArticleDbContext' using provider 'Pomelo.EntityFrameworkCore.MySql:8.0.1' with options: ServerVersion=8.0.23-mysql  
2024-04-01 17:13:32.8216|DEBUG|Microsoft.AspNetCore.Mvc.Infrastructure.ControllerActionInvoker|Executed controller factory for controller LitZhu.WebApi.Controllers.Article.ArticleTagsController (LitZhu.WebApi) 
2024-04-01 17:13:32.8216|DEBUG|Microsoft.AspNetCore.Mvc.ModelBinding.ParameterBinder|Attempting to bind parameter 'articleId' of type 'System.Guid' ... 
2024-04-01 17:13:32.8216|DEBUG|Microsoft.AspNetCore.Mvc.ModelBinding.Binders.SimpleTypeModelBinder|Attempting to bind parameter 'articleId' of type 'System.Guid' using the name 'articleId' in request data ... 
2024-04-01 17:13:32.8216|DEBUG|Microsoft.AspNetCore.Mvc.ModelBinding.Binders.SimpleTypeModelBinder|Done attempting to bind parameter 'articleId' of type 'System.Guid'. 
2024-04-01 17:13:32.8216|DEBUG|Microsoft.AspNetCore.Mvc.ModelBinding.ParameterBinder|Done attempting to bind parameter 'articleId' of type 'System.Guid'. 
2024-04-01 17:13:32.8216|DEBUG|Microsoft.AspNetCore.Mvc.ModelBinding.ParameterBinder|Attempting to validate the bound parameter 'articleId' of type 'System.Guid' ... 
2024-04-01 17:13:32.8297|DEBUG|Microsoft.AspNetCore.Mvc.ModelBinding.ParameterBinder|Done attempting to validate the bound parameter 'articleId' of type 'System.Guid'. 
2024-04-01 17:13:32.8297|TRACE|Microsoft.AspNetCore.Mvc.Infrastructure.ControllerActionInvoker|Action Filter: Before executing OnActionExecuting on filter Microsoft.AspNetCore.Mvc.ModelBinding.UnsupportedContentTypeFilter. 
2024-04-01 17:13:32.8297|TRACE|Microsoft.AspNetCore.Mvc.Infrastructure.ControllerActionInvoker|Action Filter: After executing OnActionExecuting on filter Microsoft.AspNetCore.Mvc.ModelBinding.UnsupportedContentTypeFilter. 
2024-04-01 17:13:32.8297|TRACE|Microsoft.AspNetCore.Mvc.Infrastructure.ControllerActionInvoker|Action Filter: Before executing OnActionExecuting on filter Microsoft.AspNetCore.Mvc.Infrastructure.ModelStateInvalidFilter. 
2024-04-01 17:13:32.8297|TRACE|Microsoft.AspNetCore.Mvc.Infrastructure.ControllerActionInvoker|Action Filter: After executing OnActionExecuting on filter Microsoft.AspNetCore.Mvc.Infrastructure.ModelStateInvalidFilter. 
2024-04-01 17:13:32.8297|INFO|Microsoft.AspNetCore.Mvc.Infrastructure.ControllerActionInvoker|Executing action method LitZhu.WebApi.Controllers.Article.ArticleTagsController.GetArticleTags (LitZhu.WebApi) - Validation state: Valid 
2024-04-01 17:13:32.8297|TRACE|Microsoft.AspNetCore.Mvc.Infrastructure.ControllerActionInvoker|Executing action method LitZhu.WebApi.Controllers.Article.ArticleTagsController.GetArticleTags (LitZhu.WebApi) with arguments (55cf279d-9122-4679-990d-89ee0e59e20e) 
2024-04-01 17:13:32.8798|DEBUG|Microsoft.EntityFrameworkCore.Query|Compiling query expression: 
'DbSet<Articles>()
    .Include(x => x.Comments)
    .Include(x => x.ArticleTagsList)
    .ThenInclude(at => at.Tags)
    .FirstOrDefault(x => x.Id == __articleId_0)' 
2024-04-01 17:13:32.9149|DEBUG|Microsoft.EntityFrameworkCore.Query|Including navigation: 'Articles.Comments'. 
2024-04-01 17:13:32.9149|DEBUG|Microsoft.EntityFrameworkCore.Query|Including navigation: 'Articles.ArticleTagsList'. 
2024-04-01 17:13:32.9332|DEBUG|Microsoft.EntityFrameworkCore.Query|Including navigation: 'ArticleTags.Tags'. 
2024-04-01 17:13:33.0911|WARN|Microsoft.EntityFrameworkCore.Query|Compiling a query which loads related collections for more than one collection navigation, either via 'Include' or through projection, but no 'QuerySplittingBehavior' has been configured. By default, Entity Framework will use 'QuerySplittingBehavior.SingleQuery', which can potentially result in slow query performance. See https://go.microsoft.com/fwlink/?linkid=2134277 for more information. To identify the query that's triggering this warning call 'ConfigureWarnings(w => w.Throw(RelationalEventId.MultipleCollectionIncludeWarning))'. 
2024-04-01 17:13:33.1033|DEBUG|Microsoft.EntityFrameworkCore.Query|Generated query execution expression: 
'queryContext => ShapedQueryCompilingExpressionVisitor.SingleOrDefaultAsync<Articles>(
    asyncEnumerable: new SingleQueryingEnumerable<Articles>(
        (RelationalQueryContext)queryContext, 
        RelationalCommandCache.QueryExpression(
            Client Projections:
                0 -> Dictionary<IProperty, int> { [Property: Articles.Id (Guid) Required PK AfterSave:Throw ValueGenerated.OnAdd, 0], [Property: Articles.Content (string) Required, 1], [Property: Articles.CreationTime (DateTime) Required, 2], [Property: Articles.DeletionTime (DateTime?), 3], [Property: Articles.Desc (string) Required, 4], [Property: Articles.Image (string) Required, 5], [Property: Articles.IsDeleted (bool) Required Index, 6], [Property: Articles.LastModificationTime (DateTime?), 7], [Property: Articles.Likes (int) Required, 8], [Property: Articles.Title (string) Required Index MaxLength(20), 9], [Property: Articles.UserId (Guid) Required, 10], [Property: Articles.Views (int) Required, 11] }
                1 -> 0
                2 -> Dictionary<IProperty, int> { [Property: Comments.Id (Guid) Required PK AfterSave:Throw ValueGenerated.OnAdd, 12], [Property: Comments.ArticleId (Guid) Required FK Index, 13], [Property: Comments.Content (string) Required MaxLength(1000), 14], [Property: Comments.CreationTime (DateTime) Required, 15], [Property: Comments.LastModificationTime (DateTime?), 16], [Property: Comments.Likes (int) Required, 17], [Property: Comments.PId (Guid) Required, 18], [Property: Comments.Path (string) Required, 19], [Property: Comments.UserId (Guid) Required, 20] }
                3 -> 12
                4 -> Dictionary<IProperty, int> { [Property: ArticleTags.ArticleId (Guid) Required PK FK AfterSave:Throw, 21], [Property: ArticleTags.TagId (Guid) Required PK FK Index AfterSave:Throw, 22] }
                5 -> Dictionary<IProperty, int> { [Property: Tags.Id (Guid) Required PK AfterSave:Throw ValueGenerated.OnAdd, 23], [Property: Tags.CreationTime (DateTime) Required, 24], [Property: Tags.DeletionTime (DateTime?), 25], [Property: Tags.IsDeleted (bool) Required Index, 26], [Property: Tags.LastModificationTime (DateTime?), 27], [Property: Tags.TagName (string) Required MaxLength(10), 28] }
                6 -> 21
                7 -> 22
                8 -> 23
            SELECT t.Id, t.Content, t.CreationTime, t.DeletionTime, t.Desc, t.Image, t.IsDeleted, t.LastModificationTime, t.Likes, t.Title, t.UserId, t.Views, c.Id, c.ArticleId, c.Content, c.CreationTime, c.LastModificationTime, c.Likes, c.PId, c.Path, c.UserId, t1.ArticleId, t1.TagId, t1.Id, t1.CreationTime, t1.DeletionTime, t1.IsDeleted, t1.LastModificationTime, t1.TagName
            FROM 
            (
                SELECT TOP(1) a.Id, a.Content, a.CreationTime, a.DeletionTime, a.Desc, a.Image, a.IsDeleted, a.LastModificationTime, a.Likes, a.Title, a.UserId, a.Views
                FROM Articles AS a
                WHERE (a.IsDeleted == FALSE) && (a.Id == @__articleId_0)
            ) AS t
            LEFT JOIN Comments AS c ON t.Id == c.ArticleId
            LEFT JOIN 
            (
                SELECT a0.ArticleId, a0.TagId, t0.Id, t0.CreationTime, t0.DeletionTime, t0.IsDeleted, t0.LastModificationTime, t0.TagName
                FROM Articles_Tags AS a0
                INNER JOIN 
                (
                    SELECT t2.Id, t2.CreationTime, t2.DeletionTime, t2.IsDeleted, t2.LastModificationTime, t2.TagName
                    FROM Tags AS t2
                    WHERE t2.IsDeleted == FALSE
                ) AS t0 ON a0.TagId == t0.Id
            ) AS t1 ON t.Id == t1.ArticleId
            ORDER BY t.Id ASC, c.Id ASC, t1.ArticleId ASC, t1.TagId ASC), 
        null, 
        Func<QueryContext, DbDataReader, ResultContext, SingleQueryResultCoordinator, Articles>, 
        Article.Infrastructure.ArticleDbContext, 
        False, 
        False, 
        True
    ), 
    cancellationToken: queryContext.CancellationToken)' 
2024-04-01 17:13:33.1332|DEBUG|Microsoft.EntityFrameworkCore.Database.Connection|Creating DbConnection. 
2024-04-01 17:13:33.1332|DEBUG|Microsoft.EntityFrameworkCore.Database.Connection|Created DbConnection. (2ms). 
2024-04-01 17:13:33.1440|DEBUG|Microsoft.EntityFrameworkCore.Database.Connection|Opening connection to database 'LitZhu' on server 'localhost'. 
2024-04-01 17:13:33.3104|DEBUG|Microsoft.EntityFrameworkCore.Database.Connection|Opened connection to database 'LitZhu' on server 'localhost'. 
2024-04-01 17:13:33.3150|DEBUG|Microsoft.EntityFrameworkCore.Database.Command|Creating DbCommand for 'ExecuteReader'. 
2024-04-01 17:13:33.3150|DEBUG|Microsoft.EntityFrameworkCore.Database.Command|Created DbCommand for 'ExecuteReader' (3ms). 
2024-04-01 17:13:33.3364|DEBUG|Microsoft.EntityFrameworkCore.Database.Command|Initialized DbCommand for 'ExecuteReader' (22ms). 
2024-04-01 17:13:33.3364|DEBUG|Microsoft.EntityFrameworkCore.Database.Command|Executing DbCommand [Parameters=[@__articleId_0='?' (DbType = Guid)], CommandType='Text', CommandTimeout='30']
SELECT `t`.`Id`, `t`.`Content`, `t`.`CreationTime`, `t`.`DeletionTime`, `t`.`Desc`, `t`.`Image`, `t`.`IsDeleted`, `t`.`LastModificationTime`, `t`.`Likes`, `t`.`Title`, `t`.`UserId`, `t`.`Views`, `c`.`Id`, `c`.`ArticleId`, `c`.`Content`, `c`.`CreationTime`, `c`.`LastModificationTime`, `c`.`Likes`, `c`.`PId`, `c`.`Path`, `c`.`UserId`, `t1`.`ArticleId`, `t1`.`TagId`, `t1`.`Id`, `t1`.`CreationTime`, `t1`.`DeletionTime`, `t1`.`IsDeleted`, `t1`.`LastModificationTime`, `t1`.`TagName`
FROM (
    SELECT `a`.`Id`, `a`.`Content`, `a`.`CreationTime`, `a`.`DeletionTime`, `a`.`Desc`, `a`.`Image`, `a`.`IsDeleted`, `a`.`LastModificationTime`, `a`.`Likes`, `a`.`Title`, `a`.`UserId`, `a`.`Views`
    FROM `Articles` AS `a`
    WHERE NOT (`a`.`IsDeleted`) AND (`a`.`Id` = @__articleId_0)
    LIMIT 1
) AS `t`
LEFT JOIN `Comments` AS `c` ON `t`.`Id` = `c`.`ArticleId`
LEFT JOIN (
    SELECT `a0`.`ArticleId`, `a0`.`TagId`, `t0`.`Id`, `t0`.`CreationTime`, `t0`.`DeletionTime`, `t0`.`IsDeleted`, `t0`.`LastModificationTime`, `t0`.`TagName`
    FROM `Articles_Tags` AS `a0`
    INNER JOIN (
        SELECT `t2`.`Id`, `t2`.`CreationTime`, `t2`.`DeletionTime`, `t2`.`IsDeleted`, `t2`.`LastModificationTime`, `t2`.`TagName`
        FROM `Tags` AS `t2`
        WHERE NOT (`t2`.`IsDeleted`)
    ) AS `t0` ON `a0`.`TagId` = `t0`.`Id`
) AS `t1` ON `t`.`Id` = `t1`.`ArticleId`
ORDER BY `t`.`Id`, `c`.`Id`, `t1`.`ArticleId`, `t1`.`TagId` 
2024-04-01 17:13:33.3839|INFO|Microsoft.EntityFrameworkCore.Database.Command|Executed DbCommand (41ms) [Parameters=[@__articleId_0='?' (DbType = Guid)], CommandType='Text', CommandTimeout='30']
SELECT `t`.`Id`, `t`.`Content`, `t`.`CreationTime`, `t`.`DeletionTime`, `t`.`Desc`, `t`.`Image`, `t`.`IsDeleted`, `t`.`LastModificationTime`, `t`.`Likes`, `t`.`Title`, `t`.`UserId`, `t`.`Views`, `c`.`Id`, `c`.`ArticleId`, `c`.`Content`, `c`.`CreationTime`, `c`.`LastModificationTime`, `c`.`Likes`, `c`.`PId`, `c`.`Path`, `c`.`UserId`, `t1`.`ArticleId`, `t1`.`TagId`, `t1`.`Id`, `t1`.`CreationTime`, `t1`.`DeletionTime`, `t1`.`IsDeleted`, `t1`.`LastModificationTime`, `t1`.`TagName`
FROM (
    SELECT `a`.`Id`, `a`.`Content`, `a`.`CreationTime`, `a`.`DeletionTime`, `a`.`Desc`, `a`.`Image`, `a`.`IsDeleted`, `a`.`LastModificationTime`, `a`.`Likes`, `a`.`Title`, `a`.`UserId`, `a`.`Views`
    FROM `Articles` AS `a`
    WHERE NOT (`a`.`IsDeleted`) AND (`a`.`Id` = @__articleId_0)
    LIMIT 1
) AS `t`
LEFT JOIN `Comments` AS `c` ON `t`.`Id` = `c`.`ArticleId`
LEFT JOIN (
    SELECT `a0`.`ArticleId`, `a0`.`TagId`, `t0`.`Id`, `t0`.`CreationTime`, `t0`.`DeletionTime`, `t0`.`IsDeleted`, `t0`.`LastModificationTime`, `t0`.`TagName`
    FROM `Articles_Tags` AS `a0`
    INNER JOIN (
        SELECT `t2`.`Id`, `t2`.`CreationTime`, `t2`.`DeletionTime`, `t2`.`IsDeleted`, `t2`.`LastModificationTime`, `t2`.`TagName`
        FROM `Tags` AS `t2`
        WHERE NOT (`t2`.`IsDeleted`)
    ) AS `t0` ON `a0`.`TagId` = `t0`.`Id`
) AS `t1` ON `t`.`Id` = `t1`.`ArticleId`
ORDER BY `t`.`Id`, `c`.`Id`, `t1`.`ArticleId`, `t1`.`TagId` 
2024-04-01 17:13:33.4174|DEBUG|Microsoft.EntityFrameworkCore.ChangeTracking|Context 'ArticleDbContext' started tracking 'Articles' entity. Consider using 'DbContextOptionsBuilder.EnableSensitiveDataLogging' to see key values. 
2024-04-01 17:13:33.4671|DEBUG|Microsoft.EntityFrameworkCore.ChangeTracking|Context 'ArticleDbContext' started tracking 'ArticleTags' entity. Consider using 'DbContextOptionsBuilder.EnableSensitiveDataLogging' to see key values. 
2024-04-01 17:13:33.4736|DEBUG|Microsoft.EntityFrameworkCore.ChangeTracking|The navigation 'ArticleTags.Tags' was detected as changed. Consider using 'DbContextOptionsBuilder.EnableSensitiveDataLogging' to see key values. 
2024-04-01 17:13:33.4736|DEBUG|Microsoft.EntityFrameworkCore.ChangeTracking|Context 'ArticleDbContext' started tracking 'Tags' entity. Consider using 'DbContextOptionsBuilder.EnableSensitiveDataLogging' to see key values. 
2024-04-01 17:13:33.4736|DEBUG|Microsoft.EntityFrameworkCore.ChangeTracking|Context 'ArticleDbContext' started tracking 'ArticleTags' entity. Consider using 'DbContextOptionsBuilder.EnableSensitiveDataLogging' to see key values. 
2024-04-01 17:13:33.4736|DEBUG|Microsoft.EntityFrameworkCore.ChangeTracking|The navigation 'ArticleTags.Tags' was detected as changed. Consider using 'DbContextOptionsBuilder.EnableSensitiveDataLogging' to see key values. 
2024-04-01 17:13:33.4736|DEBUG|Microsoft.EntityFrameworkCore.ChangeTracking|Context 'ArticleDbContext' started tracking 'Tags' entity. Consider using 'DbContextOptionsBuilder.EnableSensitiveDataLogging' to see key values. 
2024-04-01 17:13:33.4883|DEBUG|Microsoft.EntityFrameworkCore.Database.Command|Closing data reader to 'LitZhu' on server 'localhost'. 
2024-04-01 17:13:33.4883|DEBUG|Microsoft.EntityFrameworkCore.Database.Command|A data reader for 'LitZhu' on server 'localhost' is being disposed after spending 108ms reading results. 
2024-04-01 17:13:33.4883|DEBUG|Microsoft.EntityFrameworkCore.Database.Connection|Closing connection to database 'LitZhu' on server 'localhost'. 
2024-04-01 17:13:33.4883|DEBUG|Microsoft.EntityFrameworkCore.Database.Connection|Closed connection to database 'LitZhu' on server 'localhost' (2ms). 
2024-04-01 17:17:34.1541|DEBUG|Microsoft.AspNetCore.Mvc.ModelBinding.ModelBinderFactory|Registered model binder providers, in the following order: Microsoft.AspNetCore.Mvc.ModelBinding.Binders.BinderTypeModelBinderProvider, Microsoft.AspNetCore.Mvc.ModelBinding.Binders.ServicesModelBinderProvider, Microsoft.AspNetCore.Mvc.ModelBinding.Binders.BodyModelBinderProvider, Microsoft.AspNetCore.Mvc.ModelBinding.Binders.HeaderModelBinderProvider, Microsoft.AspNetCore.Mvc.ModelBinding.Binders.FloatingPointTypeModelBinderProvider, Microsoft.AspNetCore.Mvc.ModelBinding.Binders.EnumTypeModelBinderProvider, Microsoft.AspNetCore.Mvc.ModelBinding.Binders.DateTimeModelBinderProvider, Microsoft.AspNetCore.Mvc.ModelBinding.Binders.SimpleTypeModelBinderProvider, Microsoft.AspNetCore.Mvc.ModelBinding.Binders.TryParseModelBinderProvider, Microsoft.AspNetCore.Mvc.ModelBinding.Binders.CancellationTokenModelBinderProvider, Microsoft.AspNetCore.Mvc.ModelBinding.Binders.ByteArrayModelBinderProvider, Microsoft.AspNetCore.Mvc.ModelBinding.Binders.FormFileModelBinderProvider, Microsoft.AspNetCore.Mvc.ModelBinding.Binders.FormCollectionModelBinderProvider, Microsoft.AspNetCore.Mvc.ModelBinding.Binders.KeyValuePairModelBinderProvider, Microsoft.AspNetCore.Mvc.ModelBinding.Binders.DictionaryModelBinderProvider, Microsoft.AspNetCore.Mvc.ModelBinding.Binders.ArrayModelBinderProvider, Microsoft.AspNetCore.Mvc.ModelBinding.Binders.CollectionModelBinderProvider, Microsoft.AspNetCore.Mvc.ModelBinding.Binders.ComplexObjectModelBinderProvider 
2024-04-01 17:17:34.2864|DEBUG|Microsoft.Extensions.Hosting.Internal.Host|Hosting starting 
2024-04-01 17:17:34.3282|INFO|Microsoft.AspNetCore.DataProtection.KeyManagement.XmlKeyManager|User profile is available. Using 'C:\Users\25968\AppData\Local\ASP.NET\DataProtection-Keys' as key repository and Windows DPAPI to encrypt keys at rest. 
2024-04-01 17:17:34.3411|DEBUG|Microsoft.AspNetCore.DataProtection.Repositories.FileSystemXmlRepository|Reading data from file 'C:\Users\25968\AppData\Local\ASP.NET\DataProtection-Keys\key-04331095-e001-4e86-a2a5-ac77c623d11c.xml'. 
2024-04-01 17:17:34.3488|DEBUG|Microsoft.AspNetCore.DataProtection.KeyManagement.XmlKeyManager|Found key {04331095-e001-4e86-a2a5-ac77c623d11c}. 
2024-04-01 17:17:34.3488|DEBUG|Microsoft.AspNetCore.DataProtection.KeyManagement.DefaultKeyResolver|Considering key {04331095-e001-4e86-a2a5-ac77c623d11c} with expiration date 2024-04-11 12:24:14Z as default key. 
2024-04-01 17:17:34.3630|DEBUG|Microsoft.AspNetCore.DataProtection.TypeForwardingActivator|Forwarded activator type request from Microsoft.AspNetCore.DataProtection.XmlEncryption.DpapiXmlDecryptor, Microsoft.AspNetCore.DataProtection, Version=8.0.0.0, Culture=neutral, PublicKeyToken=adb9793829ddae60 to Microsoft.AspNetCore.DataProtection.XmlEncryption.DpapiXmlDecryptor, Microsoft.AspNetCore.DataProtection, Culture=neutral, PublicKeyToken=adb9793829ddae60 
2024-04-01 17:17:34.3630|DEBUG|Microsoft.AspNetCore.DataProtection.XmlEncryption.DpapiXmlDecryptor|Decrypting secret element using Windows DPAPI. 
2024-04-01 17:17:34.3630|DEBUG|Microsoft.AspNetCore.DataProtection.TypeForwardingActivator|Forwarded activator type request from Microsoft.AspNetCore.DataProtection.AuthenticatedEncryption.ConfigurationModel.AuthenticatedEncryptorDescriptorDeserializer, Microsoft.AspNetCore.DataProtection, Version=8.0.0.0, Culture=neutral, PublicKeyToken=adb9793829ddae60 to Microsoft.AspNetCore.DataProtection.AuthenticatedEncryption.ConfigurationModel.AuthenticatedEncryptorDescriptorDeserializer, Microsoft.AspNetCore.DataProtection, Culture=neutral, PublicKeyToken=adb9793829ddae60 
2024-04-01 17:17:34.3630|DEBUG|Microsoft.AspNetCore.DataProtection.AuthenticatedEncryption.CngCbcAuthenticatedEncryptorFactory|Opening CNG algorithm 'AES' from provider '(null)' with chaining mode CBC. 
2024-04-01 17:17:34.3630|DEBUG|Microsoft.AspNetCore.DataProtection.AuthenticatedEncryption.CngCbcAuthenticatedEncryptorFactory|Opening CNG algorithm 'SHA256' from provider '(null)' with HMAC. 
2024-04-01 17:17:34.3630|DEBUG|Microsoft.AspNetCore.DataProtection.KeyManagement.KeyRingProvider|Using key {04331095-e001-4e86-a2a5-ac77c623d11c} as the default key. 
2024-04-01 17:17:34.3630|DEBUG|Microsoft.AspNetCore.DataProtection.Internal.DataProtectionHostedService|Key ring with default key {04331095-e001-4e86-a2a5-ac77c623d11c} was loaded during application startup. 
2024-04-01 17:17:34.6140|INFO|Microsoft.Hosting.Lifetime|Now listening on: https://localhost:7290 
2024-04-01 17:17:34.6140|INFO|Microsoft.Hosting.Lifetime|Now listening on: http://localhost:5167 
2024-04-01 17:17:34.6140|DEBUG|Microsoft.AspNetCore.Hosting.Diagnostics|Loaded hosting startup assembly LitZhu.WebApi 
2024-04-01 17:17:34.6140|DEBUG|Microsoft.AspNetCore.Hosting.Diagnostics|Loaded hosting startup assembly Microsoft.AspNetCore.Watch.BrowserRefresh 
2024-04-01 17:17:34.6140|DEBUG|Microsoft.AspNetCore.Hosting.Diagnostics|Loaded hosting startup assembly Microsoft.WebTools.BrowserLink.Net 
2024-04-01 17:17:34.6140|INFO|Microsoft.Hosting.Lifetime|Application started. Press Ctrl+C to shut down. 
2024-04-01 17:17:34.6140|INFO|Microsoft.Hosting.Lifetime|Hosting environment: Development 
2024-04-01 17:17:34.6140|INFO|Microsoft.Hosting.Lifetime|Content root path: D:\Desktop\website\litzhu\LitZhu_backend\LitZhu.WebApi 
2024-04-01 17:17:34.6140|DEBUG|Microsoft.Extensions.Hosting.Internal.Host|Hosting started 
2024-04-01 17:17:34.7900|DEBUG|Microsoft.AspNetCore.Server.Kestrel.Connections|Connection id "0HN2I5I8J7JFA" accepted. 
2024-04-01 17:17:34.7900|DEBUG|Microsoft.AspNetCore.Server.Kestrel.Connections|Connection id "0HN2I5I8J7JFB" accepted. 
2024-04-01 17:17:34.7900|DEBUG|Microsoft.AspNetCore.Server.Kestrel.Connections|Connection id "0HN2I5I8J7JFA" started. 
2024-04-01 17:17:34.7900|DEBUG|Microsoft.AspNetCore.Server.Kestrel.Connections|Connection id "0HN2I5I8J7JFB" started. 
2024-04-01 17:17:34.8161|DEBUG|Microsoft.AspNetCore.Server.Kestrel.Transport.Sockets|Connection id "0HN2I5I8J7JFB" received FIN. 
2024-04-01 17:17:34.8161|DEBUG|Microsoft.AspNetCore.Server.Kestrel.Transport.Sockets|Connection id "0HN2I5I8J7JFA" received FIN. 
2024-04-01 17:17:34.8161|DEBUG|Microsoft.AspNetCore.Server.Kestrel.Https.Internal.HttpsConnectionMiddleware|Failed to authenticate HTTPS connection. System.IO.IOException: Received an unexpected EOF or 0 bytes from the transport stream.
   at System.Net.Security.SslStream.ReceiveHandshakeFrameAsync[TIOAdapter](CancellationToken cancellationToken)
   at System.Net.Security.SslStream.ForceAuthenticationAsync[TIOAdapter](Boolean receiveFirst, Byte[] reAuthenticationData, CancellationToken cancellationToken)
   at System.Net.Security.SslStream.ProcessAuthenticationWithTelemetryAsync(Boolean isAsync, CancellationToken cancellationToken)
   at Microsoft.AspNetCore.Server.Kestrel.Https.Internal.HttpsConnectionMiddleware.OnConnectionAsync(ConnectionContext context)
2024-04-01 17:17:34.8161|DEBUG|Microsoft.AspNetCore.Server.Kestrel.Https.Internal.HttpsConnectionMiddleware|Failed to authenticate HTTPS connection. System.IO.IOException: Received an unexpected EOF or 0 bytes from the transport stream.
   at System.Net.Security.SslStream.ReceiveHandshakeFrameAsync[TIOAdapter](CancellationToken cancellationToken)
   at System.Net.Security.SslStream.ForceAuthenticationAsync[TIOAdapter](Boolean receiveFirst, Byte[] reAuthenticationData, CancellationToken cancellationToken)
   at System.Net.Security.SslStream.ProcessAuthenticationWithTelemetryAsync(Boolean isAsync, CancellationToken cancellationToken)
   at Microsoft.AspNetCore.Server.Kestrel.Https.Internal.HttpsConnectionMiddleware.OnConnectionAsync(ConnectionContext context)
2024-04-01 17:17:34.8641|DEBUG|Microsoft.AspNetCore.Server.Kestrel.Connections|Connection id "0HN2I5I8J7JFA" stopped. 
2024-04-01 17:17:34.8641|DEBUG|Microsoft.AspNetCore.Server.Kestrel.Connections|Connection id "0HN2I5I8J7JFB" stopped. 
2024-04-01 17:17:34.8641|DEBUG|Microsoft.AspNetCore.Server.Kestrel.Transport.Sockets|Connection id "0HN2I5I8J7JFA" sending FIN because: "The Socket transport's send loop completed gracefully." 
2024-04-01 17:17:34.8641|DEBUG|Microsoft.AspNetCore.Server.Kestrel.Transport.Sockets|Connection id "0HN2I5I8J7JFB" sending FIN because: "The Socket transport's send loop completed gracefully." 
2024-04-01 17:17:39.6772|DEBUG|Microsoft.AspNetCore.Server.Kestrel.Connections|Connection id "0HN2I5I8J7JFC" accepted. 
2024-04-01 17:17:39.6772|DEBUG|Microsoft.AspNetCore.Server.Kestrel.Connections|Connection id "0HN2I5I8J7JFC" started. 
2024-04-01 17:17:39.8222|DEBUG|Microsoft.AspNetCore.Server.Kestrel.Https.Internal.HttpsConnectionMiddleware|Connection 0HN2I5I8J7JFC established using the following protocol: Tls13 
2024-04-01 17:17:39.8738|TRACE|Microsoft.AspNetCore.Server.Kestrel.Http2|Connection id "0HN2I5I8J7JFC" sending SETTINGS frame for stream ID 0 with length 24 and flags NONE. 
2024-04-01 17:17:39.8848|TRACE|Microsoft.AspNetCore.Server.Kestrel.Http2|Connection id "0HN2I5I8J7JFC" sending WINDOW_UPDATE frame for stream ID 0 with length 4 and flags 0x0. 
2024-04-01 17:17:39.8848|TRACE|Microsoft.AspNetCore.Server.Kestrel.Http2|Connection id "0HN2I5I8J7JFC" received SETTINGS frame for stream ID 0 with length 24 and flags NONE. 
2024-04-01 17:17:39.8848|TRACE|Microsoft.AspNetCore.Server.Kestrel.Http2|Connection id "0HN2I5I8J7JFC" sending SETTINGS frame for stream ID 0 with length 0 and flags ACK. 
2024-04-01 17:17:39.8927|TRACE|Microsoft.AspNetCore.Server.Kestrel.Http2|Connection id "0HN2I5I8J7JFC" received WINDOW_UPDATE frame for stream ID 0 with length 4 and flags 0x0. 
2024-04-01 17:17:39.8927|TRACE|Microsoft.AspNetCore.Server.Kestrel.Http2|Connection id "0HN2I5I8J7JFC" received HEADERS frame for stream ID 1 with length 462 and flags END_STREAM, END_HEADERS, PRIORITY. 
2024-04-01 17:17:39.9521|TRACE|Microsoft.AspNetCore.Server.Kestrel.Http2|Connection id "0HN2I5I8J7JFC" received SETTINGS frame for stream ID 0 with length 0 and flags ACK. 
2024-04-01 17:17:39.9729|INFO|Microsoft.AspNetCore.Hosting.Diagnostics|Request starting HTTP/2 GET https://localhost:7290/swagger/index.html - - - 
2024-04-01 17:17:40.5794|DEBUG|Microsoft.AspNetCore.HostFiltering.HostFilteringMiddleware|Wildcard detected, all requests with hosts will be allowed. 
2024-04-01 17:17:40.5794|TRACE|Microsoft.AspNetCore.HostFiltering.HostFilteringMiddleware|All hosts are allowed. 
2024-04-01 17:17:40.6077|DEBUG|Microsoft.AspNetCore.Routing.Matching.DfaMatcher|No candidates found for the request path '/swagger/index.html' 
2024-04-01 17:17:40.6077|DEBUG|Microsoft.AspNetCore.Routing.EndpointRoutingMiddleware|Request did not match any endpoints 
2024-04-01 17:17:40.6945|DEBUG|Microsoft.AspNetCore.Watch.BrowserRefresh.BrowserRefreshMiddleware|Response markup is scheduled to include browser refresh script injection. 
2024-04-01 17:17:40.6945|TRACE|Microsoft.AspNetCore.Server.Kestrel.Http2|Connection id "0HN2I5I8J7JFC" sending HEADERS frame for stream ID 1 with length 66 and flags END_HEADERS. 
2024-04-01 17:17:40.7066|TRACE|Microsoft.AspNetCore.Server.Kestrel.Http2|Connection id "0HN2I5I8J7JFC" sending DATA frame for stream ID 1 with length 4096 and flags NONE. 
2024-04-01 17:17:40.7066|TRACE|Microsoft.AspNetCore.Server.Kestrel.Http2|Connection id "0HN2I5I8J7JFC" sending DATA frame for stream ID 1 with length 992 and flags NONE. 
2024-04-01 17:17:40.7066|TRACE|Microsoft.AspNetCore.Server.Kestrel.Http2|Connection id "0HN2I5I8J7JFC" sending DATA frame for stream ID 1 with length 81 and flags NONE. 
2024-04-01 17:17:40.7066|DEBUG|Microsoft.AspNetCore.Watch.BrowserRefresh.BrowserRefreshMiddleware|Response markup was updated to include browser refresh script injection. 
2024-04-01 17:17:40.7066|TRACE|Microsoft.AspNetCore.Server.Kestrel.Http2|Connection id "0HN2I5I8J7JFC" sending DATA frame for stream ID 1 with length 0 and flags END_STREAM. 
2024-04-01 17:17:40.7066|INFO|Microsoft.AspNetCore.Hosting.Diagnostics|Request finished HTTP/2 GET https://localhost:7290/swagger/index.html - 200 - text/html;charset=utf-8 761.1701ms 
2024-04-01 17:17:40.9135|TRACE|Microsoft.AspNetCore.Server.Kestrel.Http2|Connection id "0HN2I5I8J7JFC" received HEADERS frame for stream ID 3 with length 109 and flags END_STREAM, END_HEADERS, PRIORITY. 
2024-04-01 17:17:40.9135|INFO|Microsoft.AspNetCore.Hosting.Diagnostics|Request starting HTTP/2 GET https://localhost:7290/_framework/aspnetcore-browser-refresh.js - - - 
2024-04-01 17:17:40.9135|TRACE|Microsoft.AspNetCore.Server.Kestrel.Http2|Connection id "0HN2I5I8J7JFC" sending HEADERS frame for stream ID 3 with length 60 and flags END_HEADERS. 
2024-04-01 17:17:40.9135|TRACE|Microsoft.AspNetCore.Server.Kestrel.Http2|Connection id "0HN2I5I8J7JFC" sending DATA frame for stream ID 3 with length 13761 and flags NONE. 
2024-04-01 17:17:40.9249|TRACE|Microsoft.AspNetCore.Server.Kestrel.Http2|Connection id "0HN2I5I8J7JFC" sending DATA frame for stream ID 3 with length 0 and flags END_STREAM. 
2024-04-01 17:17:40.9249|INFO|Microsoft.AspNetCore.Hosting.Diagnostics|Request finished HTTP/2 GET https://localhost:7290/_framework/aspnetcore-browser-refresh.js - 200 13761 application/javascript;+charset=utf-8 9.3406ms 
2024-04-01 17:17:40.9249|TRACE|Microsoft.AspNetCore.Server.Kestrel.Http2|Connection id "0HN2I5I8J7JFC" received HEADERS frame for stream ID 5 with length 57 and flags END_STREAM, END_HEADERS, PRIORITY. 
2024-04-01 17:17:40.9249|INFO|Microsoft.AspNetCore.Hosting.Diagnostics|Request starting HTTP/2 GET https://localhost:7290/_vs/browserLink - - - 
2024-04-01 17:17:40.9906|TRACE|Microsoft.AspNetCore.Server.Kestrel.Http2|Connection id "0HN2I5I8J7JFC" sending HEADERS frame for stream ID 5 with length 119 and flags END_HEADERS. 
2024-04-01 17:17:40.9906|TRACE|Microsoft.AspNetCore.Server.Kestrel.Http2|Connection id "0HN2I5I8J7JFC" sending DATA frame for stream ID 5 with length 9986 and flags NONE. 
2024-04-01 17:17:40.9906|TRACE|Microsoft.AspNetCore.Server.Kestrel.Http2|Connection id "0HN2I5I8J7JFC" sending DATA frame for stream ID 5 with length 10240 and flags NONE. 
2024-04-01 17:17:40.9906|TRACE|Microsoft.AspNetCore.Server.Kestrel.Http2|Connection id "0HN2I5I8J7JFC" sending DATA frame for stream ID 5 with length 10240 and flags NONE. 
2024-04-01 17:17:40.9906|TRACE|Microsoft.AspNetCore.Server.Kestrel.Http2|Connection id "0HN2I5I8J7JFC" sending DATA frame for stream ID 5 with length 10240 and flags NONE. 
2024-04-01 17:17:40.9906|TRACE|Microsoft.AspNetCore.Server.Kestrel.Http2|Connection id "0HN2I5I8J7JFC" sending DATA frame for stream ID 5 with length 10240 and flags NONE. 
2024-04-01 17:17:40.9906|TRACE|Microsoft.AspNetCore.Server.Kestrel.Http2|Connection id "0HN2I5I8J7JFC" sending DATA frame for stream ID 5 with length 10240 and flags NONE. 
2024-04-01 17:17:41.0022|TRACE|Microsoft.AspNetCore.Server.Kestrel.Http2|Connection id "0HN2I5I8J7JFC" sending DATA frame for stream ID 5 with length 10240 and flags NONE. 
2024-04-01 17:17:41.0022|TRACE|Microsoft.AspNetCore.Server.Kestrel.Http2|Connection id "0HN2I5I8J7JFC" sending DATA frame for stream ID 5 with length 10240 and flags NONE. 
2024-04-01 17:17:41.0022|TRACE|Microsoft.AspNetCore.Server.Kestrel.Http2|Connection id "0HN2I5I8J7JFC" sending DATA frame for stream ID 5 with length 10240 and flags NONE. 
2024-04-01 17:17:41.0022|TRACE|Microsoft.AspNetCore.Server.Kestrel.Http2|Connection id "0HN2I5I8J7JFC" sending DATA frame for stream ID 5 with length 10240 and flags NONE. 
2024-04-01 17:17:41.0022|TRACE|Microsoft.AspNetCore.Server.Kestrel.Http2|Connection id "0HN2I5I8J7JFC" sending DATA frame for stream ID 5 with length 10240 and flags NONE. 
2024-04-01 17:17:41.0022|TRACE|Microsoft.AspNetCore.Server.Kestrel.Http2|Connection id "0HN2I5I8J7JFC" sending DATA frame for stream ID 5 with length 10240 and flags NONE. 
2024-04-01 17:17:41.0022|TRACE|Microsoft.AspNetCore.Server.Kestrel.Http2|Connection id "0HN2I5I8J7JFC" sending DATA frame for stream ID 5 with length 10240 and flags NONE. 
2024-04-01 17:17:41.0022|TRACE|Microsoft.AspNetCore.Server.Kestrel.Http2|Connection id "0HN2I5I8J7JFC" sending DATA frame for stream ID 5 with length 10240 and flags NONE. 
2024-04-01 17:17:41.0022|TRACE|Microsoft.AspNetCore.Server.Kestrel.Http2|Connection id "0HN2I5I8J7JFC" sending DATA frame for stream ID 5 with length 10240 and flags NONE. 
2024-04-01 17:17:41.0022|TRACE|Microsoft.AspNetCore.Server.Kestrel.Http2|Connection id "0HN2I5I8J7JFC" sending DATA frame for stream ID 5 with length 160 and flags NONE. 
2024-04-01 17:17:41.0022|INFO|Microsoft.AspNetCore.Hosting.Diagnostics|Request finished HTTP/2 GET https://localhost:7290/_vs/browserLink - 200 - text/javascript;+charset=UTF-8 77.2632ms 
2024-04-01 17:17:41.0022|TRACE|Microsoft.AspNetCore.Server.Kestrel.Http2|Connection id "0HN2I5I8J7JFC" sending DATA frame for stream ID 5 with length 0 and flags END_STREAM. 
2024-04-01 17:17:41.6481|TRACE|Microsoft.AspNetCore.Server.Kestrel.Http2|Connection id "0HN2I5I8J7JFC" received HEADERS frame for stream ID 7 with length 66 and flags END_STREAM, END_HEADERS, PRIORITY. 
2024-04-01 17:17:41.6481|INFO|Microsoft.AspNetCore.Hosting.Diagnostics|Request starting HTTP/2 GET https://localhost:7290/swagger/v1/swagger.json - - - 
2024-04-01 17:17:41.6481|TRACE|Microsoft.AspNetCore.HostFiltering.HostFilteringMiddleware|All hosts are allowed. 
2024-04-01 17:17:41.6481|DEBUG|Microsoft.AspNetCore.Routing.Matching.DfaMatcher|No candidates found for the request path '/swagger/v1/swagger.json' 
2024-04-01 17:17:41.6481|DEBUG|Microsoft.AspNetCore.Routing.EndpointRoutingMiddleware|Request did not match any endpoints 
2024-04-01 17:17:42.0764|TRACE|Microsoft.AspNetCore.Server.Kestrel.Http2|Connection id "0HN2I5I8J7JFC" sending HEADERS frame for stream ID 7 with length 65 and flags END_HEADERS. 
2024-04-01 17:17:42.0764|TRACE|Microsoft.AspNetCore.Server.Kestrel.Http2|Connection id "0HN2I5I8J7JFC" sending DATA frame for stream ID 7 with length 16384 and flags NONE. 
2024-04-01 17:17:42.0764|TRACE|Microsoft.AspNetCore.Server.Kestrel.Http2|Connection id "0HN2I5I8J7JFC" sending DATA frame for stream ID 7 with length 16384 and flags NONE. 
2024-04-01 17:17:42.0764|TRACE|Microsoft.AspNetCore.Server.Kestrel.Http2|Connection id "0HN2I5I8J7JFC" sending DATA frame for stream ID 7 with length 16384 and flags NONE. 
2024-04-01 17:17:42.0764|TRACE|Microsoft.AspNetCore.Server.Kestrel.Http2|Connection id "0HN2I5I8J7JFC" sending DATA frame for stream ID 7 with length 9384 and flags NONE. 
2024-04-01 17:17:42.0831|TRACE|Microsoft.AspNetCore.Server.Kestrel.Http2|Connection id "0HN2I5I8J7JFC" sending DATA frame for stream ID 7 with length 0 and flags END_STREAM. 
2024-04-01 17:17:42.0831|INFO|Microsoft.AspNetCore.Hosting.Diagnostics|Request finished HTTP/2 GET https://localhost:7290/swagger/v1/swagger.json - 200 - application/json;charset=utf-8 434.4063ms 
2024-04-01 17:17:42.6890|DEBUG|Microsoft.AspNetCore.Server.Kestrel.Transport.Sockets|Connection id "0HN2I5I8J7JFC" received FIN. 
2024-04-01 17:17:42.6920|DEBUG|Microsoft.AspNetCore.Server.Kestrel.Http2|The connection queue processing loop for 0HN2I5I8J7JFC completed. 
2024-04-01 17:17:42.6920|DEBUG|Microsoft.AspNetCore.Server.Kestrel.Http2|Connection id "0HN2I5I8J7JFC" is closed. The last processed stream ID was 7. 
2024-04-01 17:17:42.6920|DEBUG|Microsoft.AspNetCore.Server.Kestrel.Transport.Sockets|Connection id "0HN2I5I8J7JFC" sending FIN because: "The Socket transport's send loop completed gracefully." 
2024-04-01 17:17:42.6920|DEBUG|Microsoft.AspNetCore.Server.Kestrel.Connections|Connection id "0HN2I5I8J7JFC" stopped. 
2024-04-01 17:17:45.1641|DEBUG|Microsoft.AspNetCore.Server.Kestrel.Connections|Connection id "0HN2I5I8J7JFD" accepted. 
2024-04-01 17:17:45.1641|DEBUG|Microsoft.AspNetCore.Server.Kestrel.Connections|Connection id "0HN2I5I8J7JFD" started. 
2024-04-01 17:17:45.1797|DEBUG|Microsoft.AspNetCore.Server.Kestrel.Https.Internal.HttpsConnectionMiddleware|Connection 0HN2I5I8J7JFD established using the following protocol: Tls13 
2024-04-01 17:17:45.1797|INFO|Microsoft.AspNetCore.Hosting.Diagnostics|Request starting HTTP/1.1 POST https://localhost:7290/api/Comment - application/json 154 
2024-04-01 17:17:45.1797|TRACE|Microsoft.AspNetCore.HostFiltering.HostFilteringMiddleware|All hosts are allowed. 
2024-04-01 17:17:45.2029|DEBUG|Microsoft.AspNetCore.Routing.Matching.DfaMatcher|1 candidate(s) found for the request path '/api/Comment' 
2024-04-01 17:17:45.2097|DEBUG|Microsoft.AspNetCore.Routing.Matching.DfaMatcher|Endpoint 'LitZhu.WebApi.Controllers.Article.CommentController.CreateArticleComment (LitZhu.WebApi)' with route pattern 'api/Comment' is valid for the request path '/api/Comment' 
2024-04-01 17:17:45.2097|DEBUG|Microsoft.AspNetCore.Routing.EndpointRoutingMiddleware|Request matched endpoint 'LitZhu.WebApi.Controllers.Article.CommentController.CreateArticleComment (LitZhu.WebApi)' 
2024-04-01 17:17:45.2097|TRACE|Microsoft.AspNetCore.Routing.EndpointRoutingMiddleware|The endpoint does not specify the IRequestSizeLimitMetadata. 
2024-04-01 17:17:45.2097|DEBUG|Microsoft.AspNetCore.StaticFiles.StaticFileMiddleware|Static files was skipped as the request already matched an endpoint. 
2024-04-01 17:17:45.3989|DEBUG|Microsoft.AspNetCore.Authentication.JwtBearer.JwtBearerHandler|Successfully validated the token. 
2024-04-01 17:17:45.3989|DEBUG|Microsoft.AspNetCore.Authentication.JwtBearer.JwtBearerHandler|AuthenticationScheme: Bearer was successfully authenticated. 
2024-04-01 17:17:45.4091|DEBUG|Microsoft.AspNetCore.Authorization.DefaultAuthorizationService|Authorization was successful. 
2024-04-01 17:17:45.4091|INFO|Microsoft.AspNetCore.Routing.EndpointMiddleware|Executing endpoint 'LitZhu.WebApi.Controllers.Article.CommentController.CreateArticleComment (LitZhu.WebApi)' 
2024-04-01 17:17:45.4388|INFO|Microsoft.AspNetCore.Mvc.Infrastructure.ControllerActionInvoker|Route matched with {action = "CreateArticleComment", controller = "Comment"}. Executing controller action with signature System.Threading.Tasks.Task`1[Microsoft.AspNetCore.Mvc.ActionResult`1[Article.Domain.DTO.CommentDto]] CreateArticleComment(Article.Domain.DTO.CommentCreateDto) on controller LitZhu.WebApi.Controllers.Article.CommentController (LitZhu.WebApi). 
2024-04-01 17:17:45.4407|DEBUG|Microsoft.AspNetCore.Mvc.Infrastructure.ControllerActionInvoker|Execution plan of authorization filters (in the following order): None 
2024-04-01 17:17:45.4407|DEBUG|Microsoft.AspNetCore.Mvc.Infrastructure.ControllerActionInvoker|Execution plan of resource filters (in the following order): None 
2024-04-01 17:17:45.4407|DEBUG|Microsoft.AspNetCore.Mvc.Infrastructure.ControllerActionInvoker|Execution plan of action filters (in the following order): Microsoft.AspNetCore.Mvc.ModelBinding.UnsupportedContentTypeFilter (Order: -3000), Microsoft.AspNetCore.Mvc.Infrastructure.ModelStateInvalidFilter (Order: -2000) 
2024-04-01 17:17:45.4407|DEBUG|Microsoft.AspNetCore.Mvc.Infrastructure.ControllerActionInvoker|Execution plan of exception filters (in the following order): None 
2024-04-01 17:17:45.4407|DEBUG|Microsoft.AspNetCore.Mvc.Infrastructure.ControllerActionInvoker|Execution plan of result filters (in the following order): Microsoft.AspNetCore.Mvc.Infrastructure.ClientErrorResultFilter (Order: -2000) 
2024-04-01 17:17:45.4407|DEBUG|Microsoft.AspNetCore.Mvc.Infrastructure.ControllerActionInvoker|Executing controller factory for controller LitZhu.WebApi.Controllers.Article.CommentController (LitZhu.WebApi) 
2024-04-01 17:17:45.6856|DEBUG|Microsoft.EntityFrameworkCore.Infrastructure|An additional 'IServiceProvider' was created for internal use by Entity Framework. An existing service provider was not used due to the following configuration changes: configuration changed for 'Core:ConfigureWarnings', configuration added for 'Pomelo.EntityFrameworkCore.MySql:ServerVersion', configuration added for 'Pomelo.EntityFrameworkCore.MySql:DisableBackslashEscaping', configuration added for 'Pomelo.EntityFrameworkCore.MySql:SetSqlModeOnOpen', configuration added for 'Pomelo.EntityFrameworkCore.MySql:DisableLineBreakToCharSubstition', configuration added for 'Pomelo.EntityFrameworkCore.MySql:DefaultDataTypeMappings', configuration added for 'Pomelo.EntityFrameworkCore.MySql:SchemaBehavior', configuration added for 'Pomelo.EntityFrameworkCore.MySql:SchemaNameTranslator', configuration added for 'Pomelo.EntityFrameworkCore.MySql:EnableIndexOptimizedBooleanColumns', configuration added for 'Pomelo.EntityFrameworkCore.MySql:LimitKeyedOrIndexedStringColumnLength', configuration added for 'Pomelo.EntityFrameworkCore.MySql:EnableStringComparisonTranslations', configuration added for 'Pomelo.EntityFrameworkCore.MySql:EnablePrimitiveCollectionsSupport'. 
2024-04-01 17:17:46.2634|DEBUG|Microsoft.EntityFrameworkCore.Model|The index {'ArticleId'} was not created on entity type 'ArticleTags' as the properties are already covered by the index {'ArticleId', 'TagId'}. 
2024-04-01 17:17:46.3816|WARN|Microsoft.EntityFrameworkCore.Model.Validation|Entity 'Articles' has a global query filter defined and is the required end of a relationship with the entity 'ArticleTags'. This may lead to unexpected results when the required entity is filtered out. Either configure the navigation as optional, or define matching query filters for both entities in the navigation. See https://go.microsoft.com/fwlink/?linkid=2131316 for more information. 
2024-04-01 17:17:46.3816|WARN|Microsoft.EntityFrameworkCore.Model.Validation|Entity 'Articles' has a global query filter defined and is the required end of a relationship with the entity 'Comments'. This may lead to unexpected results when the required entity is filtered out. Either configure the navigation as optional, or define matching query filters for both entities in the navigation. See https://go.microsoft.com/fwlink/?linkid=2131316 for more information. 
2024-04-01 17:17:46.6023|DEBUG|Microsoft.EntityFrameworkCore.Infrastructure|Entity Framework Core 8.0.1 initialized 'ArticleDbContext' using provider 'Pomelo.EntityFrameworkCore.MySql:8.0.1' with options: ServerVersion=8.0.23-mysql  
2024-04-01 17:17:46.6854|DEBUG|Microsoft.EntityFrameworkCore.Model|The index {'UserId'} was not created on entity type 'UserRoles' as the properties are already covered by the index {'UserId', 'RoleId'}. 
2024-04-01 17:17:46.6936|WARN|Microsoft.EntityFrameworkCore.Model.Validation|Entity 'Users' has a global query filter defined and is the required end of a relationship with the entity 'UserAccessFail'. This may lead to unexpected results when the required entity is filtered out. Either configure the navigation as optional, or define matching query filters for both entities in the navigation. See https://go.microsoft.com/fwlink/?linkid=2131316 for more information. 
2024-04-01 17:17:46.6936|WARN|Microsoft.EntityFrameworkCore.Model.Validation|Entity 'Roles' has a global query filter defined and is the required end of a relationship with the entity 'UserRoles'. This may lead to unexpected results when the required entity is filtered out. Either configure the navigation as optional, or define matching query filters for both entities in the navigation. See https://go.microsoft.com/fwlink/?linkid=2131316 for more information. 
2024-04-01 17:17:46.7290|DEBUG|Microsoft.EntityFrameworkCore.Infrastructure|Entity Framework Core 8.0.1 initialized 'UserDbContext' using provider 'Pomelo.EntityFrameworkCore.MySql:8.0.1' with options: ServerVersion=8.0.23-mysql  
2024-04-01 17:17:46.8843|DEBUG|Microsoft.AspNetCore.Mvc.Infrastructure.ControllerActionInvoker|Executed controller factory for controller LitZhu.WebApi.Controllers.Article.CommentController (LitZhu.WebApi) 
2024-04-01 17:17:46.8843|DEBUG|Microsoft.AspNetCore.Mvc.ModelBinding.ParameterBinder|Attempting to bind parameter 'createDto' of type 'Article.Domain.DTO.CommentCreateDto' ... 
2024-04-01 17:17:46.8938|DEBUG|Microsoft.AspNetCore.Mvc.ModelBinding.Binders.BodyModelBinder|Attempting to bind parameter 'createDto' of type 'Article.Domain.DTO.CommentCreateDto' using the name '' in request data ... 
2024-04-01 17:17:46.8938|DEBUG|Microsoft.AspNetCore.Mvc.ModelBinding.Binders.BodyModelBinder|Rejected input formatter 'Microsoft.AspNetCore.Mvc.Formatters.NewtonsoftJsonPatchInputFormatter' for content type 'application/json'. 
2024-04-01 17:17:46.8938|DEBUG|Microsoft.AspNetCore.Mvc.ModelBinding.Binders.BodyModelBinder|Selected input formatter 'Microsoft.AspNetCore.Mvc.Formatters.NewtonsoftJsonInputFormatter' for content type 'application/json'. 
2024-04-01 17:17:46.8938|DEBUG|Microsoft.AspNetCore.Server.Kestrel|Connection id "0HN2I5I8J7JFD", Request id "0HN2I5I8J7JFD:00000001": started reading request body. 
2024-04-01 17:17:46.8938|DEBUG|Microsoft.AspNetCore.Server.Kestrel|Connection id "0HN2I5I8J7JFD", Request id "0HN2I5I8J7JFD:00000001": done reading request body. 
2024-04-01 17:17:47.0218|DEBUG|Microsoft.AspNetCore.Mvc.ModelBinding.Binders.BodyModelBinder|Done attempting to bind parameter 'createDto' of type 'Article.Domain.DTO.CommentCreateDto'. 
2024-04-01 17:17:47.0218|DEBUG|Microsoft.AspNetCore.Mvc.ModelBinding.ParameterBinder|Done attempting to bind parameter 'createDto' of type 'Article.Domain.DTO.CommentCreateDto'. 
2024-04-01 17:17:47.0218|DEBUG|Microsoft.AspNetCore.Mvc.ModelBinding.ParameterBinder|Attempting to validate the bound parameter 'createDto' of type 'Article.Domain.DTO.CommentCreateDto' ... 
2024-04-01 17:17:47.0218|DEBUG|Microsoft.AspNetCore.Mvc.ModelBinding.ParameterBinder|Done attempting to validate the bound parameter 'createDto' of type 'Article.Domain.DTO.CommentCreateDto'. 
2024-04-01 17:17:47.0336|TRACE|Microsoft.AspNetCore.Mvc.Infrastructure.ControllerActionInvoker|Action Filter: Before executing OnActionExecuting on filter Microsoft.AspNetCore.Mvc.ModelBinding.UnsupportedContentTypeFilter. 
2024-04-01 17:17:47.0336|TRACE|Microsoft.AspNetCore.Mvc.Infrastructure.ControllerActionInvoker|Action Filter: After executing OnActionExecuting on filter Microsoft.AspNetCore.Mvc.ModelBinding.UnsupportedContentTypeFilter. 
2024-04-01 17:17:47.0336|TRACE|Microsoft.AspNetCore.Mvc.Infrastructure.ControllerActionInvoker|Action Filter: Before executing OnActionExecuting on filter Microsoft.AspNetCore.Mvc.Infrastructure.ModelStateInvalidFilter. 
2024-04-01 17:17:47.0336|TRACE|Microsoft.AspNetCore.Mvc.Infrastructure.ControllerActionInvoker|Action Filter: After executing OnActionExecuting on filter Microsoft.AspNetCore.Mvc.Infrastructure.ModelStateInvalidFilter. 
2024-04-01 17:17:47.0336|INFO|Microsoft.AspNetCore.Mvc.Infrastructure.ControllerActionInvoker|Executing action method LitZhu.WebApi.Controllers.Article.CommentController.CreateArticleComment (LitZhu.WebApi) - Validation state: Valid 
2024-04-01 17:17:47.0336|TRACE|Microsoft.AspNetCore.Mvc.Infrastructure.ControllerActionInvoker|Executing action method LitZhu.WebApi.Controllers.Article.CommentController.CreateArticleComment (LitZhu.WebApi) with arguments (CommentCreateDto { UserId = 5f54bd56-7db6-4c30-b0a6-0b8c403d805e, ArticleId = 1ac368ce-88c6-41db-8524-447e0d676a59, Content = 评论评论评论 }) 
2024-04-01 17:17:47.1081|DEBUG|Microsoft.EntityFrameworkCore.Query|Compiling query expression: 
'DbSet<Users>()
    .Include(x => x.UserAccessFail)
    .Include(x => x.UserRoles)
    .ThenInclude(ur => ur.Roles)
    .FirstOrDefault(x => x.Id == __userId_0)' 
2024-04-01 17:17:47.1927|DEBUG|Microsoft.EntityFrameworkCore.Query|Including navigation: 'Users.UserAccessFail'. 
2024-04-01 17:17:47.1927|DEBUG|Microsoft.EntityFrameworkCore.Query|Including navigation: 'Users.UserRoles'. 
2024-04-01 17:17:47.1927|DEBUG|Microsoft.EntityFrameworkCore.Query|Including navigation: 'UserRoles.Roles'. 
2024-04-01 17:17:47.4665|DEBUG|Microsoft.EntityFrameworkCore.Query|Generated query execution expression: 
'queryContext => ShapedQueryCompilingExpressionVisitor.SingleOrDefaultAsync<Users>(
    asyncEnumerable: new SingleQueryingEnumerable<Users>(
        (RelationalQueryContext)queryContext, 
        RelationalCommandCache.QueryExpression(
            Client Projections:
                0 -> Dictionary<IProperty, int> { [Property: Users.Id (Guid) Required PK AfterSave:Throw ValueGenerated.OnAdd, 0], [Property: Users.Avatar (string), 1], [Property: Users.CreationTime (DateTime) Required, 2], [Property: Users.DeletionTime (DateTime?), 3], [Property: Users.Email (string), 4], [Property: Users.Gender (Gender) Required, 5], [Property: Users.IsDeleted (bool) Required Index, 6], [Property: Users.LastModificationTime (DateTime?), 7], [Property: Users.Password (string) Required MaxLength(100) ANSI, 8], [Property: Users.Phone (string), 9], [Property: Users.Username (string) Required Index MaxLength(10), 10] }
                1 -> Dictionary<IProperty, int> { [Property: UserAccessFail.Id (Guid) Required PK AfterSave:Throw ValueGenerated.OnAdd, 11], [Property: UserAccessFail.AccessFailedCount (int) Required, 12], [Property: UserAccessFail.CreationTime (DateTime) Required, 13], [Property: UserAccessFail.IsLockOut (bool) Required, 14], [Property: UserAccessFail.LockOutEnd (DateTime?), 15], [Property: UserAccessFail.UserId (Guid) Required FK Index, 16] }
                2 -> 0
                3 -> 11
                4 -> Dictionary<IProperty, int> { [Property: UserRoles.UserId (Guid) Required PK FK AfterSave:Throw, 17], [Property: UserRoles.RoleId (Guid) Required PK FK Index AfterSave:Throw, 18] }
                5 -> Dictionary<IProperty, int> { [Property: Roles.Id (Guid) Required PK AfterSave:Throw ValueGenerated.OnAdd, 19], [Property: Roles.CreationTime (DateTime) Required, 20], [Property: Roles.DeletionTime (DateTime?), 21], [Property: Roles.IsDeleted (bool) Required Index, 22], [Property: Roles.LastModificationTime (DateTime?), 23], [Property: Roles.RoleDesc (string) Required, 24], [Property: Roles.RoleName (string) Required MaxLength(10), 25] }
                6 -> 17
                7 -> 18
                8 -> 19
            SELECT t.Id, t.Avatar, t.CreationTime, t.DeletionTime, t.Email, t.Gender, t.IsDeleted, t.LastModificationTime, t.Password, t.Phone, t.Username, t.Id0, t.AccessFailedCount, t.CreationTime0, t.IsLockOut, t.LockOutEnd, t.UserId, t0.UserId, t0.RoleId, t0.Id, t0.CreationTime, t0.DeletionTime, t0.IsDeleted, t0.LastModificationTime, t0.RoleDesc, t0.RoleName
            FROM 
            (
                SELECT TOP(1) u.Id, u.Avatar, u.CreationTime, u.DeletionTime, u.Email, u.Gender, u.IsDeleted, u.LastModificationTime, u.Password, u.Phone, u.Username, u0.Id AS Id0, u0.AccessFailedCount, u0.CreationTime AS CreationTime0, u0.IsLockOut, u0.LockOutEnd, u0.UserId
                FROM Users AS u
                LEFT JOIN UserAccessFails AS u0 ON u.Id == u0.UserId
                WHERE (u.IsDeleted == FALSE) && (u.Id == @__userId_0)
            ) AS t
            LEFT JOIN 
            (
                SELECT u1.UserId, u1.RoleId, t1.Id, t1.CreationTime, t1.DeletionTime, t1.IsDeleted, t1.LastModificationTime, t1.RoleDesc, t1.RoleName
                FROM Users_Roles AS u1
                INNER JOIN 
                (
                    SELECT r.Id, r.CreationTime, r.DeletionTime, r.IsDeleted, r.LastModificationTime, r.RoleDesc, r.RoleName
                    FROM Roles AS r
                    WHERE r.IsDeleted == FALSE
                ) AS t1 ON u1.RoleId == t1.Id
            ) AS t0 ON t.Id == t0.UserId
            ORDER BY t.Id ASC, t.Id0 ASC, t0.UserId ASC, t0.RoleId ASC), 
        null, 
        Func<QueryContext, DbDataReader, ResultContext, SingleQueryResultCoordinator, Users>, 
        User.Infrastructure.UserDbContext, 
        False, 
        False, 
        True
    ), 
    cancellationToken: queryContext.CancellationToken)' 
2024-04-01 17:17:47.5156|DEBUG|Microsoft.EntityFrameworkCore.Database.Connection|Creating DbConnection. 
2024-04-01 17:17:47.5240|DEBUG|Microsoft.EntityFrameworkCore.Database.Connection|Created DbConnection. (5ms). 
2024-04-01 17:17:47.5331|DEBUG|Microsoft.EntityFrameworkCore.Database.Connection|Opening connection to database 'LitZhu' on server 'localhost'. 
2024-04-01 17:17:47.6662|DEBUG|Microsoft.EntityFrameworkCore.Database.Connection|Opened connection to database 'LitZhu' on server 'localhost'. 
2024-04-01 17:17:47.6662|DEBUG|Microsoft.EntityFrameworkCore.Database.Command|Creating DbCommand for 'ExecuteReader'. 
2024-04-01 17:17:47.6662|DEBUG|Microsoft.EntityFrameworkCore.Database.Command|Created DbCommand for 'ExecuteReader' (2ms). 
2024-04-01 17:17:47.6873|DEBUG|Microsoft.EntityFrameworkCore.Database.Command|Initialized DbCommand for 'ExecuteReader' (18ms). 
2024-04-01 17:17:47.6971|DEBUG|Microsoft.EntityFrameworkCore.Database.Command|Executing DbCommand [Parameters=[@__userId_0='?' (DbType = Guid)], CommandType='Text', CommandTimeout='30']
SELECT `t`.`Id`, `t`.`Avatar`, `t`.`CreationTime`, `t`.`DeletionTime`, `t`.`Email`, `t`.`Gender`, `t`.`IsDeleted`, `t`.`LastModificationTime`, `t`.`Password`, `t`.`Phone`, `t`.`Username`, `t`.`Id0`, `t`.`AccessFailedCount`, `t`.`CreationTime0`, `t`.`IsLockOut`, `t`.`LockOutEnd`, `t`.`UserId`, `t0`.`UserId`, `t0`.`RoleId`, `t0`.`Id`, `t0`.`CreationTime`, `t0`.`DeletionTime`, `t0`.`IsDeleted`, `t0`.`LastModificationTime`, `t0`.`RoleDesc`, `t0`.`RoleName`
FROM (
    SELECT `u`.`Id`, `u`.`Avatar`, `u`.`CreationTime`, `u`.`DeletionTime`, `u`.`Email`, `u`.`Gender`, `u`.`IsDeleted`, `u`.`LastModificationTime`, `u`.`Password`, `u`.`Phone`, `u`.`Username`, `u0`.`Id` AS `Id0`, `u0`.`AccessFailedCount`, `u0`.`CreationTime` AS `CreationTime0`, `u0`.`IsLockOut`, `u0`.`LockOutEnd`, `u0`.`UserId`
    FROM `Users` AS `u`
    LEFT JOIN `UserAccessFails` AS `u0` ON `u`.`Id` = `u0`.`UserId`
    WHERE NOT (`u`.`IsDeleted`) AND (`u`.`Id` = @__userId_0)
    LIMIT 1
) AS `t`
LEFT JOIN (
    SELECT `u1`.`UserId`, `u1`.`RoleId`, `t1`.`Id`, `t1`.`CreationTime`, `t1`.`DeletionTime`, `t1`.`IsDeleted`, `t1`.`LastModificationTime`, `t1`.`RoleDesc`, `t1`.`RoleName`
    FROM `Users_Roles` AS `u1`
    INNER JOIN (
        SELECT `r`.`Id`, `r`.`CreationTime`, `r`.`DeletionTime`, `r`.`IsDeleted`, `r`.`LastModificationTime`, `r`.`RoleDesc`, `r`.`RoleName`
        FROM `Roles` AS `r`
        WHERE NOT (`r`.`IsDeleted`)
    ) AS `t1` ON `u1`.`RoleId` = `t1`.`Id`
) AS `t0` ON `t`.`Id` = `t0`.`UserId`
ORDER BY `t`.`Id`, `t`.`Id0`, `t0`.`UserId`, `t0`.`RoleId` 
2024-04-01 17:17:47.7504|INFO|Microsoft.EntityFrameworkCore.Database.Command|Executed DbCommand (57ms) [Parameters=[@__userId_0='?' (DbType = Guid)], CommandType='Text', CommandTimeout='30']
SELECT `t`.`Id`, `t`.`Avatar`, `t`.`CreationTime`, `t`.`DeletionTime`, `t`.`Email`, `t`.`Gender`, `t`.`IsDeleted`, `t`.`LastModificationTime`, `t`.`Password`, `t`.`Phone`, `t`.`Username`, `t`.`Id0`, `t`.`AccessFailedCount`, `t`.`CreationTime0`, `t`.`IsLockOut`, `t`.`LockOutEnd`, `t`.`UserId`, `t0`.`UserId`, `t0`.`RoleId`, `t0`.`Id`, `t0`.`CreationTime`, `t0`.`DeletionTime`, `t0`.`IsDeleted`, `t0`.`LastModificationTime`, `t0`.`RoleDesc`, `t0`.`RoleName`
FROM (
    SELECT `u`.`Id`, `u`.`Avatar`, `u`.`CreationTime`, `u`.`DeletionTime`, `u`.`Email`, `u`.`Gender`, `u`.`IsDeleted`, `u`.`LastModificationTime`, `u`.`Password`, `u`.`Phone`, `u`.`Username`, `u0`.`Id` AS `Id0`, `u0`.`AccessFailedCount`, `u0`.`CreationTime` AS `CreationTime0`, `u0`.`IsLockOut`, `u0`.`LockOutEnd`, `u0`.`UserId`
    FROM `Users` AS `u`
    LEFT JOIN `UserAccessFails` AS `u0` ON `u`.`Id` = `u0`.`UserId`
    WHERE NOT (`u`.`IsDeleted`) AND (`u`.`Id` = @__userId_0)
    LIMIT 1
) AS `t`
LEFT JOIN (
    SELECT `u1`.`UserId`, `u1`.`RoleId`, `t1`.`Id`, `t1`.`CreationTime`, `t1`.`DeletionTime`, `t1`.`IsDeleted`, `t1`.`LastModificationTime`, `t1`.`RoleDesc`, `t1`.`RoleName`
    FROM `Users_Roles` AS `u1`
    INNER JOIN (
        SELECT `r`.`Id`, `r`.`CreationTime`, `r`.`DeletionTime`, `r`.`IsDeleted`, `r`.`LastModificationTime`, `r`.`RoleDesc`, `r`.`RoleName`
        FROM `Roles` AS `r`
        WHERE NOT (`r`.`IsDeleted`)
    ) AS `t1` ON `u1`.`RoleId` = `t1`.`Id`
) AS `t0` ON `t`.`Id` = `t0`.`UserId`
ORDER BY `t`.`Id`, `t`.`Id0`, `t0`.`UserId`, `t0`.`RoleId` 
2024-04-01 17:17:47.7616|DEBUG|Microsoft.EntityFrameworkCore.Database.Command|Closing data reader to 'LitZhu' on server 'localhost'. 
2024-04-01 17:17:47.7734|DEBUG|Microsoft.EntityFrameworkCore.Database.Command|A data reader for 'LitZhu' on server 'localhost' is being disposed after spending 15ms reading results. 
2024-04-01 17:17:47.7734|DEBUG|Microsoft.EntityFrameworkCore.Database.Connection|Closing connection to database 'LitZhu' on server 'localhost'. 
2024-04-01 17:17:47.7734|DEBUG|Microsoft.EntityFrameworkCore.Database.Connection|Closed connection to database 'LitZhu' on server 'localhost' (3ms). 
2024-04-01 17:17:47.7874|INFO|Microsoft.AspNetCore.Mvc.Infrastructure.ControllerActionInvoker|Executed action method LitZhu.WebApi.Controllers.Article.CommentController.CreateArticleComment (LitZhu.WebApi), returned result Microsoft.AspNetCore.Mvc.BadRequestObjectResult in 741.0721ms. 
2024-04-01 17:17:47.7874|TRACE|Microsoft.AspNetCore.Mvc.Infrastructure.ControllerActionInvoker|Action Filter: Before executing OnActionExecuted on filter Microsoft.AspNetCore.Mvc.Infrastructure.ModelStateInvalidFilter. 
2024-04-01 17:17:47.7874|TRACE|Microsoft.AspNetCore.Mvc.Infrastructure.ControllerActionInvoker|Action Filter: After executing OnActionExecuted on filter Microsoft.AspNetCore.Mvc.Infrastructure.ModelStateInvalidFilter. 
2024-04-01 17:17:47.7874|TRACE|Microsoft.AspNetCore.Mvc.Infrastructure.ControllerActionInvoker|Action Filter: Before executing OnActionExecuted on filter Microsoft.AspNetCore.Mvc.ModelBinding.UnsupportedContentTypeFilter. 
2024-04-01 17:17:47.7874|TRACE|Microsoft.AspNetCore.Mvc.Infrastructure.ControllerActionInvoker|Action Filter: After executing OnActionExecuted on filter Microsoft.AspNetCore.Mvc.ModelBinding.UnsupportedContentTypeFilter. 
2024-04-01 17:17:47.7874|TRACE|Microsoft.AspNetCore.Mvc.Infrastructure.ControllerActionInvoker|Result Filter: Before executing OnResultExecuting on filter Microsoft.AspNetCore.Mvc.Infrastructure.ClientErrorResultFilter. 
2024-04-01 17:17:47.7874|TRACE|Microsoft.AspNetCore.Mvc.Infrastructure.ControllerActionInvoker|Result Filter: After executing OnResultExecuting on filter Microsoft.AspNetCore.Mvc.Infrastructure.ClientErrorResultFilter. 
2024-04-01 17:17:47.7874|TRACE|Microsoft.AspNetCore.Mvc.Infrastructure.ControllerActionInvoker|Before executing action result Microsoft.AspNetCore.Mvc.BadRequestObjectResult. 
2024-04-01 17:17:47.7874|DEBUG|Microsoft.AspNetCore.Mvc.Infrastructure.DefaultOutputFormatterSelector|List of registered output formatters, in the following order: Microsoft.AspNetCore.Mvc.Formatters.HttpNoContentOutputFormatter, Microsoft.AspNetCore.Mvc.Formatters.StringOutputFormatter, Microsoft.AspNetCore.Mvc.Formatters.StreamOutputFormatter, Microsoft.AspNetCore.Mvc.Formatters.NewtonsoftJsonOutputFormatter 
2024-04-01 17:17:47.7874|DEBUG|Microsoft.AspNetCore.Mvc.Infrastructure.DefaultOutputFormatterSelector|No information found on request to perform content negotiation. 
2024-04-01 17:17:47.7874|DEBUG|Microsoft.AspNetCore.Mvc.Infrastructure.DefaultOutputFormatterSelector|Attempting to select an output formatter without using a content type as no explicit content types were specified for the response. 
2024-04-01 17:17:47.7874|DEBUG|Microsoft.AspNetCore.Mvc.Infrastructure.DefaultOutputFormatterSelector|Attempting to select the first formatter in the output formatters list which can write the result. 
2024-04-01 17:17:47.7874|DEBUG|Microsoft.AspNetCore.Mvc.Infrastructure.DefaultOutputFormatterSelector|Selected output formatter 'Microsoft.AspNetCore.Mvc.Formatters.NewtonsoftJsonOutputFormatter' and content type 'application/json' to write the response. 
2024-04-01 17:17:47.7874|INFO|Microsoft.AspNetCore.Mvc.Infrastructure.ObjectResultExecutor|Executing BadRequestObjectResult, writing value of type 'LitZhu.WebApi.R'. 
2024-04-01 17:17:47.8396|TRACE|Microsoft.AspNetCore.Mvc.Infrastructure.ControllerActionInvoker|After executing action result Microsoft.AspNetCore.Mvc.BadRequestObjectResult. 
2024-04-01 17:17:47.8396|TRACE|Microsoft.AspNetCore.Mvc.Infrastructure.ControllerActionInvoker|Result Filter: Before executing OnResultExecuted on filter Microsoft.AspNetCore.Mvc.Infrastructure.ClientErrorResultFilter. 
2024-04-01 17:17:47.8396|TRACE|Microsoft.AspNetCore.Mvc.Infrastructure.ControllerActionInvoker|Result Filter: After executing OnResultExecuted on filter Microsoft.AspNetCore.Mvc.Infrastructure.ClientErrorResultFilter. 
2024-04-01 17:17:47.8396|DEBUG|Microsoft.AspNetCore.Server.Kestrel.Transport.Sockets|Connection id "0HN2I5I8J7JFD" received FIN. 
2024-04-01 17:17:47.8396|DEBUG|Microsoft.AspNetCore.Server.Kestrel.Transport.Sockets|Connection id "0HN2I5I8J7JFD" sending FIN because: "The Socket transport's send loop completed gracefully." 
2024-04-01 17:17:47.8396|DEBUG|Microsoft.AspNetCore.Server.Kestrel.Connections|Connection id "0HN2I5I8J7JFD" disconnecting. 
2024-04-01 17:17:47.8478|INFO|Microsoft.AspNetCore.Mvc.Infrastructure.ControllerActionInvoker|Executed action LitZhu.WebApi.Controllers.Article.CommentController.CreateArticleComment (LitZhu.WebApi) in 2399.6733ms 
2024-04-01 17:17:47.8478|INFO|Microsoft.AspNetCore.Routing.EndpointMiddleware|Executed endpoint 'LitZhu.WebApi.Controllers.Article.CommentController.CreateArticleComment (LitZhu.WebApi)' 
2024-04-01 17:17:47.8478|DEBUG|Microsoft.EntityFrameworkCore.Infrastructure|'UserDbContext' disposed. 
2024-04-01 17:17:47.8478|DEBUG|Microsoft.EntityFrameworkCore.Database.Connection|Disposing connection to database 'LitZhu' on server 'localhost'. 
2024-04-01 17:17:47.8478|DEBUG|Microsoft.EntityFrameworkCore.Database.Connection|Disposed connection to database 'LitZhu' on server 'localhost' (2ms). 
2024-04-01 17:17:47.8478|DEBUG|Microsoft.EntityFrameworkCore.Infrastructure|'ArticleDbContext' disposed. 
2024-04-01 17:17:47.8478|INFO|Microsoft.AspNetCore.Hosting.Diagnostics|Request finished HTTP/1.1 POST https://localhost:7290/api/Comment - 400 55 application/json;+charset=utf-8 2672.2376ms 
2024-04-01 17:17:47.8478|DEBUG|Microsoft.AspNetCore.Server.Kestrel.Connections|Connection id "0HN2I5I8J7JFD" stopped. 
2024-04-01 17:17:54.1514|DEBUG|Microsoft.AspNetCore.Server.Kestrel.Connections|Connection id "0HN2I5I8J7JFE" accepted. 
2024-04-01 17:17:54.1514|DEBUG|Microsoft.AspNetCore.Server.Kestrel.Connections|Connection id "0HN2I5I8J7JFE" started. 
2024-04-01 17:17:54.2368|DEBUG|Microsoft.AspNetCore.Server.Kestrel.Https.Internal.HttpsConnectionMiddleware|Connection 0HN2I5I8J7JFE established using the following protocol: Tls13 
2024-04-01 17:17:54.2368|INFO|Microsoft.AspNetCore.Hosting.Diagnostics|Request starting HTTP/1.1 GET https://localhost:7290/api/User - - - 
2024-04-01 17:17:54.2368|TRACE|Microsoft.AspNetCore.HostFiltering.HostFilteringMiddleware|All hosts are allowed. 
2024-04-01 17:17:54.2368|DEBUG|Microsoft.AspNetCore.Routing.Matching.DfaMatcher|1 candidate(s) found for the request path '/api/User' 
2024-04-01 17:17:54.2368|DEBUG|Microsoft.AspNetCore.Routing.Matching.DfaMatcher|Endpoint 'LitZhu.WebApi.Controllers.User.UserController.GetUser (LitZhu.WebApi)' with route pattern 'api/User' is valid for the request path '/api/User' 
2024-04-01 17:17:54.2368|DEBUG|Microsoft.AspNetCore.Routing.EndpointRoutingMiddleware|Request matched endpoint 'LitZhu.WebApi.Controllers.User.UserController.GetUser (LitZhu.WebApi)' 
2024-04-01 17:17:54.2368|TRACE|Microsoft.AspNetCore.Routing.EndpointRoutingMiddleware|The endpoint does not specify the IRequestSizeLimitMetadata. 
2024-04-01 17:17:54.2368|DEBUG|Microsoft.AspNetCore.StaticFiles.StaticFileMiddleware|Static files was skipped as the request already matched an endpoint. 
2024-04-01 17:17:54.2368|DEBUG|Microsoft.AspNetCore.Authentication.JwtBearer.JwtBearerHandler|Successfully validated the token. 
2024-04-01 17:17:54.2368|DEBUG|Microsoft.AspNetCore.Authentication.JwtBearer.JwtBearerHandler|AuthenticationScheme: Bearer was successfully authenticated. 
2024-04-01 17:17:54.2368|DEBUG|Microsoft.AspNetCore.Authorization.DefaultAuthorizationService|Authorization was successful. 
2024-04-01 17:17:54.2368|INFO|Microsoft.AspNetCore.Routing.EndpointMiddleware|Executing endpoint 'LitZhu.WebApi.Controllers.User.UserController.GetUser (LitZhu.WebApi)' 
2024-04-01 17:17:54.2544|INFO|Microsoft.AspNetCore.Mvc.Infrastructure.ControllerActionInvoker|Route matched with {action = "GetUser", controller = "User"}. Executing controller action with signature System.Threading.Tasks.Task`1[Microsoft.AspNetCore.Mvc.ActionResult`1[System.Collections.Generic.List`1[User.Domain.DTO.UserDto]]] GetUser() on controller LitZhu.WebApi.Controllers.User.UserController (LitZhu.WebApi). 
2024-04-01 17:17:54.2544|DEBUG|Microsoft.AspNetCore.Mvc.Infrastructure.ControllerActionInvoker|Execution plan of authorization filters (in the following order): None 
2024-04-01 17:17:54.2544|DEBUG|Microsoft.AspNetCore.Mvc.Infrastructure.ControllerActionInvoker|Execution plan of resource filters (in the following order): None 
2024-04-01 17:17:54.2544|DEBUG|Microsoft.AspNetCore.Mvc.Infrastructure.ControllerActionInvoker|Execution plan of action filters (in the following order): Microsoft.AspNetCore.Mvc.ModelBinding.UnsupportedContentTypeFilter (Order: -3000), Microsoft.AspNetCore.Mvc.Infrastructure.ModelStateInvalidFilter (Order: -2000) 
2024-04-01 17:17:54.2544|DEBUG|Microsoft.AspNetCore.Mvc.Infrastructure.ControllerActionInvoker|Execution plan of exception filters (in the following order): None 
2024-04-01 17:17:54.2544|DEBUG|Microsoft.AspNetCore.Mvc.Infrastructure.ControllerActionInvoker|Execution plan of result filters (in the following order): Microsoft.AspNetCore.Mvc.Infrastructure.ClientErrorResultFilter (Order: -2000) 
2024-04-01 17:17:54.2544|DEBUG|Microsoft.AspNetCore.Mvc.Infrastructure.ControllerActionInvoker|Executing controller factory for controller LitZhu.WebApi.Controllers.User.UserController (LitZhu.WebApi) 
2024-04-01 17:17:54.3503|DEBUG|Microsoft.EntityFrameworkCore.Infrastructure|Entity Framework Core 8.0.1 initialized 'UserDbContext' using provider 'Pomelo.EntityFrameworkCore.MySql:8.0.1' with options: ServerVersion=8.0.23-mysql  
2024-04-01 17:17:54.3503|DEBUG|Microsoft.AspNetCore.Mvc.Infrastructure.ControllerActionInvoker|Executed controller factory for controller LitZhu.WebApi.Controllers.User.UserController (LitZhu.WebApi) 
2024-04-01 17:17:54.3503|TRACE|Microsoft.AspNetCore.Mvc.Infrastructure.ControllerActionInvoker|Action Filter: Before executing OnActionExecuting on filter Microsoft.AspNetCore.Mvc.ModelBinding.UnsupportedContentTypeFilter. 
2024-04-01 17:17:54.3503|TRACE|Microsoft.AspNetCore.Mvc.Infrastructure.ControllerActionInvoker|Action Filter: After executing OnActionExecuting on filter Microsoft.AspNetCore.Mvc.ModelBinding.UnsupportedContentTypeFilter. 
2024-04-01 17:17:54.3503|TRACE|Microsoft.AspNetCore.Mvc.Infrastructure.ControllerActionInvoker|Action Filter: Before executing OnActionExecuting on filter Microsoft.AspNetCore.Mvc.Infrastructure.ModelStateInvalidFilter. 
2024-04-01 17:17:54.3503|TRACE|Microsoft.AspNetCore.Mvc.Infrastructure.ControllerActionInvoker|Action Filter: After executing OnActionExecuting on filter Microsoft.AspNetCore.Mvc.Infrastructure.ModelStateInvalidFilter. 
2024-04-01 17:17:54.3503|INFO|Microsoft.AspNetCore.Mvc.Infrastructure.ControllerActionInvoker|Executing action method LitZhu.WebApi.Controllers.User.UserController.GetUser (LitZhu.WebApi) - Validation state: Valid 
2024-04-01 17:17:54.3503|DEBUG|Microsoft.EntityFrameworkCore.Query|Compiling query expression: 
'DbSet<Users>()
    .Include(x => x.UserAccessFail)
    .Include(x => x.UserRoles)
    .ThenInclude(ur => ur.Roles)' 
2024-04-01 17:17:54.3619|DEBUG|Microsoft.EntityFrameworkCore.Query|Including navigation: 'Users.UserAccessFail'. 
2024-04-01 17:17:54.3619|DEBUG|Microsoft.EntityFrameworkCore.Query|Including navigation: 'Users.UserRoles'. 
2024-04-01 17:17:54.3619|DEBUG|Microsoft.EntityFrameworkCore.Query|Including navigation: 'UserRoles.Roles'. 
2024-04-01 17:17:54.3839|DEBUG|Microsoft.EntityFrameworkCore.Query|Generated query execution expression: 
'queryContext => new SingleQueryingEnumerable<Users>(
    (RelationalQueryContext)queryContext, 
    RelationalCommandCache.QueryExpression(
        Client Projections:
            0 -> Dictionary<IProperty, int> { [Property: Users.Id (Guid) Required PK AfterSave:Throw ValueGenerated.OnAdd, 0], [Property: Users.Avatar (string), 1], [Property: Users.CreationTime (DateTime) Required, 2], [Property: Users.DeletionTime (DateTime?), 3], [Property: Users.Email (string), 4], [Property: Users.Gender (Gender) Required, 5], [Property: Users.IsDeleted (bool) Required Index, 6], [Property: Users.LastModificationTime (DateTime?), 7], [Property: Users.Password (string) Required MaxLength(100) ANSI, 8], [Property: Users.Phone (string), 9], [Property: Users.Username (string) Required Index MaxLength(10), 10] }
            1 -> Dictionary<IProperty, int> { [Property: UserAccessFail.Id (Guid) Required PK AfterSave:Throw ValueGenerated.OnAdd, 11], [Property: UserAccessFail.AccessFailedCount (int) Required, 12], [Property: UserAccessFail.CreationTime (DateTime) Required, 13], [Property: UserAccessFail.IsLockOut (bool) Required, 14], [Property: UserAccessFail.LockOutEnd (DateTime?), 15], [Property: UserAccessFail.UserId (Guid) Required FK Index, 16] }
            2 -> 0
            3 -> 11
            4 -> Dictionary<IProperty, int> { [Property: UserRoles.UserId (Guid) Required PK FK AfterSave:Throw, 17], [Property: UserRoles.RoleId (Guid) Required PK FK Index AfterSave:Throw, 18] }
            5 -> Dictionary<IProperty, int> { [Property: Roles.Id (Guid) Required PK AfterSave:Throw ValueGenerated.OnAdd, 19], [Property: Roles.CreationTime (DateTime) Required, 20], [Property: Roles.DeletionTime (DateTime?), 21], [Property: Roles.IsDeleted (bool) Required Index, 22], [Property: Roles.LastModificationTime (DateTime?), 23], [Property: Roles.RoleDesc (string) Required, 24], [Property: Roles.RoleName (string) Required MaxLength(10), 25] }
            6 -> 17
            7 -> 18
            8 -> 19
        SELECT u.Id, u.Avatar, u.CreationTime, u.DeletionTime, u.Email, u.Gender, u.IsDeleted, u.LastModificationTime, u.Password, u.Phone, u.Username, u0.Id, u0.AccessFailedCount, u0.CreationTime, u0.IsLockOut, u0.LockOutEnd, u0.UserId, t0.UserId, t0.RoleId, t0.Id, t0.CreationTime, t0.DeletionTime, t0.IsDeleted, t0.LastModificationTime, t0.RoleDesc, t0.RoleName
        FROM Users AS u
        LEFT JOIN UserAccessFails AS u0 ON u.Id == u0.UserId
        LEFT JOIN 
        (
            SELECT u1.UserId, u1.RoleId, t.Id, t.CreationTime, t.DeletionTime, t.IsDeleted, t.LastModificationTime, t.RoleDesc, t.RoleName
            FROM Users_Roles AS u1
            INNER JOIN 
            (
                SELECT r.Id, r.CreationTime, r.DeletionTime, r.IsDeleted, r.LastModificationTime, r.RoleDesc, r.RoleName
                FROM Roles AS r
                WHERE r.IsDeleted == FALSE
            ) AS t ON u1.RoleId == t.Id
        ) AS t0 ON u.Id == t0.UserId
        WHERE u.IsDeleted == FALSE
        ORDER BY u.Id ASC, u0.Id ASC, t0.UserId ASC, t0.RoleId ASC), 
    null, 
    Func<QueryContext, DbDataReader, ResultContext, SingleQueryResultCoordinator, Users>, 
    User.Infrastructure.UserDbContext, 
    False, 
    False, 
    True
)' 
2024-04-01 17:17:54.3839|DEBUG|Microsoft.EntityFrameworkCore.Database.Connection|Creating DbConnection. 
2024-04-01 17:17:54.3839|DEBUG|Microsoft.EntityFrameworkCore.Database.Connection|Created DbConnection. (0ms). 
2024-04-01 17:17:54.3839|DEBUG|Microsoft.EntityFrameworkCore.Database.Connection|Opening connection to database 'LitZhu' on server 'localhost'. 
2024-04-01 17:17:54.4002|DEBUG|Microsoft.EntityFrameworkCore.Database.Connection|Opened connection to database 'LitZhu' on server 'localhost'. 
2024-04-01 17:17:54.4002|DEBUG|Microsoft.EntityFrameworkCore.Database.Command|Creating DbCommand for 'ExecuteReader'. 
2024-04-01 17:17:54.4002|DEBUG|Microsoft.EntityFrameworkCore.Database.Command|Created DbCommand for 'ExecuteReader' (0ms). 
2024-04-01 17:17:54.4002|DEBUG|Microsoft.EntityFrameworkCore.Database.Command|Initialized DbCommand for 'ExecuteReader' (0ms). 
2024-04-01 17:17:54.4002|DEBUG|Microsoft.EntityFrameworkCore.Database.Command|Executing DbCommand [Parameters=[], CommandType='Text', CommandTimeout='30']
SELECT `u`.`Id`, `u`.`Avatar`, `u`.`CreationTime`, `u`.`DeletionTime`, `u`.`Email`, `u`.`Gender`, `u`.`IsDeleted`, `u`.`LastModificationTime`, `u`.`Password`, `u`.`Phone`, `u`.`Username`, `u0`.`Id`, `u0`.`AccessFailedCount`, `u0`.`CreationTime`, `u0`.`IsLockOut`, `u0`.`LockOutEnd`, `u0`.`UserId`, `t0`.`UserId`, `t0`.`RoleId`, `t0`.`Id`, `t0`.`CreationTime`, `t0`.`DeletionTime`, `t0`.`IsDeleted`, `t0`.`LastModificationTime`, `t0`.`RoleDesc`, `t0`.`RoleName`
FROM `Users` AS `u`
LEFT JOIN `UserAccessFails` AS `u0` ON `u`.`Id` = `u0`.`UserId`
LEFT JOIN (
    SELECT `u1`.`UserId`, `u1`.`RoleId`, `t`.`Id`, `t`.`CreationTime`, `t`.`DeletionTime`, `t`.`IsDeleted`, `t`.`LastModificationTime`, `t`.`RoleDesc`, `t`.`RoleName`
    FROM `Users_Roles` AS `u1`
    INNER JOIN (
        SELECT `r`.`Id`, `r`.`CreationTime`, `r`.`DeletionTime`, `r`.`IsDeleted`, `r`.`LastModificationTime`, `r`.`RoleDesc`, `r`.`RoleName`
        FROM `Roles` AS `r`
        WHERE NOT (`r`.`IsDeleted`)
    ) AS `t` ON `u1`.`RoleId` = `t`.`Id`
) AS `t0` ON `u`.`Id` = `t0`.`UserId`
WHERE NOT (`u`.`IsDeleted`)
ORDER BY `u`.`Id`, `u0`.`Id`, `t0`.`UserId`, `t0`.`RoleId` 
2024-04-01 17:17:54.4208|INFO|Microsoft.EntityFrameworkCore.Database.Command|Executed DbCommand (20ms) [Parameters=[], CommandType='Text', CommandTimeout='30']
SELECT `u`.`Id`, `u`.`Avatar`, `u`.`CreationTime`, `u`.`DeletionTime`, `u`.`Email`, `u`.`Gender`, `u`.`IsDeleted`, `u`.`LastModificationTime`, `u`.`Password`, `u`.`Phone`, `u`.`Username`, `u0`.`Id`, `u0`.`AccessFailedCount`, `u0`.`CreationTime`, `u0`.`IsLockOut`, `u0`.`LockOutEnd`, `u0`.`UserId`, `t0`.`UserId`, `t0`.`RoleId`, `t0`.`Id`, `t0`.`CreationTime`, `t0`.`DeletionTime`, `t0`.`IsDeleted`, `t0`.`LastModificationTime`, `t0`.`RoleDesc`, `t0`.`RoleName`
FROM `Users` AS `u`
LEFT JOIN `UserAccessFails` AS `u0` ON `u`.`Id` = `u0`.`UserId`
LEFT JOIN (
    SELECT `u1`.`UserId`, `u1`.`RoleId`, `t`.`Id`, `t`.`CreationTime`, `t`.`DeletionTime`, `t`.`IsDeleted`, `t`.`LastModificationTime`, `t`.`RoleDesc`, `t`.`RoleName`
    FROM `Users_Roles` AS `u1`
    INNER JOIN (
        SELECT `r`.`Id`, `r`.`CreationTime`, `r`.`DeletionTime`, `r`.`IsDeleted`, `r`.`LastModificationTime`, `r`.`RoleDesc`, `r`.`RoleName`
        FROM `Roles` AS `r`
        WHERE NOT (`r`.`IsDeleted`)
    ) AS `t` ON `u1`.`RoleId` = `t`.`Id`
) AS `t0` ON `u`.`Id` = `t0`.`UserId`
WHERE NOT (`u`.`IsDeleted`)
ORDER BY `u`.`Id`, `u0`.`Id`, `t0`.`UserId`, `t0`.`RoleId` 
2024-04-01 17:17:54.4824|DEBUG|Microsoft.EntityFrameworkCore.ChangeTracking|Context 'UserDbContext' started tracking 'Users' entity. Consider using 'DbContextOptionsBuilder.EnableSensitiveDataLogging' to see key values. 
2024-04-01 17:17:54.5524|DEBUG|Microsoft.EntityFrameworkCore.ChangeTracking|The navigation 'Users.UserAccessFail' was detected as changed. Consider using 'DbContextOptionsBuilder.EnableSensitiveDataLogging' to see key values. 
2024-04-01 17:17:54.5524|DEBUG|Microsoft.EntityFrameworkCore.ChangeTracking|Context 'UserDbContext' started tracking 'UserAccessFail' entity. Consider using 'DbContextOptionsBuilder.EnableSensitiveDataLogging' to see key values. 
2024-04-01 17:17:54.5778|DEBUG|Microsoft.EntityFrameworkCore.ChangeTracking|Context 'UserDbContext' started tracking 'Users' entity. Consider using 'DbContextOptionsBuilder.EnableSensitiveDataLogging' to see key values. 
2024-04-01 17:17:54.5778|DEBUG|Microsoft.EntityFrameworkCore.ChangeTracking|The navigation 'Users.UserAccessFail' was detected as changed. Consider using 'DbContextOptionsBuilder.EnableSensitiveDataLogging' to see key values. 
2024-04-01 17:17:54.5778|DEBUG|Microsoft.EntityFrameworkCore.ChangeTracking|Context 'UserDbContext' started tracking 'UserAccessFail' entity. Consider using 'DbContextOptionsBuilder.EnableSensitiveDataLogging' to see key values. 
2024-04-01 17:17:54.5778|DEBUG|Microsoft.EntityFrameworkCore.ChangeTracking|Context 'UserDbContext' started tracking 'Users' entity. Consider using 'DbContextOptionsBuilder.EnableSensitiveDataLogging' to see key values. 
2024-04-01 17:17:54.5778|DEBUG|Microsoft.EntityFrameworkCore.ChangeTracking|The navigation 'Users.UserAccessFail' was detected as changed. Consider using 'DbContextOptionsBuilder.EnableSensitiveDataLogging' to see key values. 
2024-04-01 17:17:54.5778|DEBUG|Microsoft.EntityFrameworkCore.ChangeTracking|Context 'UserDbContext' started tracking 'UserAccessFail' entity. Consider using 'DbContextOptionsBuilder.EnableSensitiveDataLogging' to see key values. 
2024-04-01 17:17:54.5778|DEBUG|Microsoft.EntityFrameworkCore.ChangeTracking|Context 'UserDbContext' started tracking 'Users' entity. Consider using 'DbContextOptionsBuilder.EnableSensitiveDataLogging' to see key values. 
2024-04-01 17:17:54.5778|DEBUG|Microsoft.EntityFrameworkCore.ChangeTracking|The navigation 'Users.UserAccessFail' was detected as changed. Consider using 'DbContextOptionsBuilder.EnableSensitiveDataLogging' to see key values. 
2024-04-01 17:17:54.5778|DEBUG|Microsoft.EntityFrameworkCore.ChangeTracking|Context 'UserDbContext' started tracking 'UserAccessFail' entity. Consider using 'DbContextOptionsBuilder.EnableSensitiveDataLogging' to see key values. 
2024-04-01 17:17:54.5778|DEBUG|Microsoft.EntityFrameworkCore.ChangeTracking|Context 'UserDbContext' started tracking 'Users' entity. Consider using 'DbContextOptionsBuilder.EnableSensitiveDataLogging' to see key values. 
2024-04-01 17:17:54.5778|DEBUG|Microsoft.EntityFrameworkCore.ChangeTracking|The navigation 'Users.UserAccessFail' was detected as changed. Consider using 'DbContextOptionsBuilder.EnableSensitiveDataLogging' to see key values. 
2024-04-01 17:17:54.5778|DEBUG|Microsoft.EntityFrameworkCore.ChangeTracking|Context 'UserDbContext' started tracking 'UserAccessFail' entity. Consider using 'DbContextOptionsBuilder.EnableSensitiveDataLogging' to see key values. 
2024-04-01 17:17:54.5778|DEBUG|Microsoft.EntityFrameworkCore.ChangeTracking|Context 'UserDbContext' started tracking 'Users' entity. Consider using 'DbContextOptionsBuilder.EnableSensitiveDataLogging' to see key values. 
2024-04-01 17:17:54.5778|DEBUG|Microsoft.EntityFrameworkCore.ChangeTracking|The navigation 'Users.UserAccessFail' was detected as changed. Consider using 'DbContextOptionsBuilder.EnableSensitiveDataLogging' to see key values. 
2024-04-01 17:17:54.5778|DEBUG|Microsoft.EntityFrameworkCore.ChangeTracking|Context 'UserDbContext' started tracking 'UserAccessFail' entity. Consider using 'DbContextOptionsBuilder.EnableSensitiveDataLogging' to see key values. 
2024-04-01 17:17:54.5797|DEBUG|Microsoft.EntityFrameworkCore.ChangeTracking|Context 'UserDbContext' started tracking 'Users' entity. Consider using 'DbContextOptionsBuilder.EnableSensitiveDataLogging' to see key values. 
2024-04-01 17:17:54.5797|DEBUG|Microsoft.EntityFrameworkCore.ChangeTracking|The navigation 'Users.UserAccessFail' was detected as changed. Consider using 'DbContextOptionsBuilder.EnableSensitiveDataLogging' to see key values. 
2024-04-01 17:17:54.5797|DEBUG|Microsoft.EntityFrameworkCore.ChangeTracking|Context 'UserDbContext' started tracking 'UserAccessFail' entity. Consider using 'DbContextOptionsBuilder.EnableSensitiveDataLogging' to see key values. 
2024-04-01 17:17:54.5797|DEBUG|Microsoft.EntityFrameworkCore.ChangeTracking|Context 'UserDbContext' started tracking 'Users' entity. Consider using 'DbContextOptionsBuilder.EnableSensitiveDataLogging' to see key values. 
2024-04-01 17:17:54.5797|DEBUG|Microsoft.EntityFrameworkCore.ChangeTracking|The navigation 'Users.UserAccessFail' was detected as changed. Consider using 'DbContextOptionsBuilder.EnableSensitiveDataLogging' to see key values. 
2024-04-01 17:17:54.5797|DEBUG|Microsoft.EntityFrameworkCore.ChangeTracking|Context 'UserDbContext' started tracking 'UserAccessFail' entity. Consider using 'DbContextOptionsBuilder.EnableSensitiveDataLogging' to see key values. 
2024-04-01 17:17:54.5797|DEBUG|Microsoft.EntityFrameworkCore.ChangeTracking|Context 'UserDbContext' started tracking 'Users' entity. Consider using 'DbContextOptionsBuilder.EnableSensitiveDataLogging' to see key values. 
2024-04-01 17:17:54.5797|DEBUG|Microsoft.EntityFrameworkCore.ChangeTracking|The navigation 'Users.UserAccessFail' was detected as changed. Consider using 'DbContextOptionsBuilder.EnableSensitiveDataLogging' to see key values. 
2024-04-01 17:17:54.5797|DEBUG|Microsoft.EntityFrameworkCore.ChangeTracking|Context 'UserDbContext' started tracking 'UserAccessFail' entity. Consider using 'DbContextOptionsBuilder.EnableSensitiveDataLogging' to see key values. 
2024-04-01 17:17:54.5797|DEBUG|Microsoft.EntityFrameworkCore.ChangeTracking|Context 'UserDbContext' started tracking 'Users' entity. Consider using 'DbContextOptionsBuilder.EnableSensitiveDataLogging' to see key values. 
2024-04-01 17:17:54.5797|DEBUG|Microsoft.EntityFrameworkCore.ChangeTracking|The navigation 'Users.UserAccessFail' was detected as changed. Consider using 'DbContextOptionsBuilder.EnableSensitiveDataLogging' to see key values. 
2024-04-01 17:17:54.5797|DEBUG|Microsoft.EntityFrameworkCore.ChangeTracking|Context 'UserDbContext' started tracking 'UserAccessFail' entity. Consider using 'DbContextOptionsBuilder.EnableSensitiveDataLogging' to see key values. 
2024-04-01 17:17:54.5797|DEBUG|Microsoft.EntityFrameworkCore.ChangeTracking|Context 'UserDbContext' started tracking 'Users' entity. Consider using 'DbContextOptionsBuilder.EnableSensitiveDataLogging' to see key values. 
2024-04-01 17:17:54.5797|DEBUG|Microsoft.EntityFrameworkCore.ChangeTracking|The navigation 'Users.UserAccessFail' was detected as changed. Consider using 'DbContextOptionsBuilder.EnableSensitiveDataLogging' to see key values. 
2024-04-01 17:17:54.5797|DEBUG|Microsoft.EntityFrameworkCore.ChangeTracking|Context 'UserDbContext' started tracking 'UserAccessFail' entity. Consider using 'DbContextOptionsBuilder.EnableSensitiveDataLogging' to see key values. 
2024-04-01 17:17:54.5797|DEBUG|Microsoft.EntityFrameworkCore.ChangeTracking|Context 'UserDbContext' started tracking 'Users' entity. Consider using 'DbContextOptionsBuilder.EnableSensitiveDataLogging' to see key values. 
2024-04-01 17:17:54.5797|DEBUG|Microsoft.EntityFrameworkCore.ChangeTracking|The navigation 'Users.UserAccessFail' was detected as changed. Consider using 'DbContextOptionsBuilder.EnableSensitiveDataLogging' to see key values. 
2024-04-01 17:17:54.5797|DEBUG|Microsoft.EntityFrameworkCore.ChangeTracking|Context 'UserDbContext' started tracking 'UserAccessFail' entity. Consider using 'DbContextOptionsBuilder.EnableSensitiveDataLogging' to see key values. 
2024-04-01 17:17:54.5797|DEBUG|Microsoft.EntityFrameworkCore.ChangeTracking|Context 'UserDbContext' started tracking 'Users' entity. Consider using 'DbContextOptionsBuilder.EnableSensitiveDataLogging' to see key values. 
2024-04-01 17:17:54.5797|DEBUG|Microsoft.EntityFrameworkCore.ChangeTracking|The navigation 'Users.UserAccessFail' was detected as changed. Consider using 'DbContextOptionsBuilder.EnableSensitiveDataLogging' to see key values. 
2024-04-01 17:17:54.5797|DEBUG|Microsoft.EntityFrameworkCore.ChangeTracking|Context 'UserDbContext' started tracking 'UserAccessFail' entity. Consider using 'DbContextOptionsBuilder.EnableSensitiveDataLogging' to see key values. 
2024-04-01 17:17:54.5797|DEBUG|Microsoft.EntityFrameworkCore.ChangeTracking|Context 'UserDbContext' started tracking 'Users' entity. Consider using 'DbContextOptionsBuilder.EnableSensitiveDataLogging' to see key values. 
2024-04-01 17:17:54.5797|DEBUG|Microsoft.EntityFrameworkCore.ChangeTracking|The navigation 'Users.UserAccessFail' was detected as changed. Consider using 'DbContextOptionsBuilder.EnableSensitiveDataLogging' to see key values. 
2024-04-01 17:17:54.5797|DEBUG|Microsoft.EntityFrameworkCore.ChangeTracking|Context 'UserDbContext' started tracking 'UserAccessFail' entity. Consider using 'DbContextOptionsBuilder.EnableSensitiveDataLogging' to see key values. 
2024-04-01 17:17:54.5797|DEBUG|Microsoft.EntityFrameworkCore.ChangeTracking|Context 'UserDbContext' started tracking 'Users' entity. Consider using 'DbContextOptionsBuilder.EnableSensitiveDataLogging' to see key values. 
2024-04-01 17:17:54.5797|DEBUG|Microsoft.EntityFrameworkCore.ChangeTracking|The navigation 'Users.UserAccessFail' was detected as changed. Consider using 'DbContextOptionsBuilder.EnableSensitiveDataLogging' to see key values. 
2024-04-01 17:17:54.5797|DEBUG|Microsoft.EntityFrameworkCore.ChangeTracking|Context 'UserDbContext' started tracking 'UserAccessFail' entity. Consider using 'DbContextOptionsBuilder.EnableSensitiveDataLogging' to see key values. 
2024-04-01 17:17:54.5797|DEBUG|Microsoft.EntityFrameworkCore.ChangeTracking|Context 'UserDbContext' started tracking 'Users' entity. Consider using 'DbContextOptionsBuilder.EnableSensitiveDataLogging' to see key values. 
2024-04-01 17:17:54.5797|DEBUG|Microsoft.EntityFrameworkCore.ChangeTracking|The navigation 'Users.UserAccessFail' was detected as changed. Consider using 'DbContextOptionsBuilder.EnableSensitiveDataLogging' to see key values. 
2024-04-01 17:17:54.5797|DEBUG|Microsoft.EntityFrameworkCore.ChangeTracking|Context 'UserDbContext' started tracking 'UserAccessFail' entity. Consider using 'DbContextOptionsBuilder.EnableSensitiveDataLogging' to see key values. 
2024-04-01 17:17:54.5797|DEBUG|Microsoft.EntityFrameworkCore.ChangeTracking|Context 'UserDbContext' started tracking 'Users' entity. Consider using 'DbContextOptionsBuilder.EnableSensitiveDataLogging' to see key values. 
2024-04-01 17:17:54.5797|DEBUG|Microsoft.EntityFrameworkCore.ChangeTracking|The navigation 'Users.UserAccessFail' was detected as changed. Consider using 'DbContextOptionsBuilder.EnableSensitiveDataLogging' to see key values. 
2024-04-01 17:17:54.5797|DEBUG|Microsoft.EntityFrameworkCore.ChangeTracking|Context 'UserDbContext' started tracking 'UserAccessFail' entity. Consider using 'DbContextOptionsBuilder.EnableSensitiveDataLogging' to see key values. 
2024-04-01 17:17:54.5797|DEBUG|Microsoft.EntityFrameworkCore.ChangeTracking|Context 'UserDbContext' started tracking 'Users' entity. Consider using 'DbContextOptionsBuilder.EnableSensitiveDataLogging' to see key values. 
2024-04-01 17:17:54.5797|DEBUG|Microsoft.EntityFrameworkCore.ChangeTracking|The navigation 'Users.UserAccessFail' was detected as changed. Consider using 'DbContextOptionsBuilder.EnableSensitiveDataLogging' to see key values. 
2024-04-01 17:17:54.5797|DEBUG|Microsoft.EntityFrameworkCore.ChangeTracking|Context 'UserDbContext' started tracking 'UserAccessFail' entity. Consider using 'DbContextOptionsBuilder.EnableSensitiveDataLogging' to see key values. 
2024-04-01 17:17:54.5797|DEBUG|Microsoft.EntityFrameworkCore.ChangeTracking|Context 'UserDbContext' started tracking 'Users' entity. Consider using 'DbContextOptionsBuilder.EnableSensitiveDataLogging' to see key values. 
2024-04-01 17:17:54.5797|DEBUG|Microsoft.EntityFrameworkCore.ChangeTracking|The navigation 'Users.UserAccessFail' was detected as changed. Consider using 'DbContextOptionsBuilder.EnableSensitiveDataLogging' to see key values. 
2024-04-01 17:17:54.5797|DEBUG|Microsoft.EntityFrameworkCore.ChangeTracking|Context 'UserDbContext' started tracking 'UserAccessFail' entity. Consider using 'DbContextOptionsBuilder.EnableSensitiveDataLogging' to see key values. 
2024-04-01 17:17:54.5797|DEBUG|Microsoft.EntityFrameworkCore.ChangeTracking|Context 'UserDbContext' started tracking 'Users' entity. Consider using 'DbContextOptionsBuilder.EnableSensitiveDataLogging' to see key values. 
2024-04-01 17:17:54.5797|DEBUG|Microsoft.EntityFrameworkCore.ChangeTracking|The navigation 'Users.UserAccessFail' was detected as changed. Consider using 'DbContextOptionsBuilder.EnableSensitiveDataLogging' to see key values. 
2024-04-01 17:17:54.5797|DEBUG|Microsoft.EntityFrameworkCore.ChangeTracking|Context 'UserDbContext' started tracking 'UserAccessFail' entity. Consider using 'DbContextOptionsBuilder.EnableSensitiveDataLogging' to see key values. 
2024-04-01 17:17:54.5797|DEBUG|Microsoft.EntityFrameworkCore.ChangeTracking|Context 'UserDbContext' started tracking 'Users' entity. Consider using 'DbContextOptionsBuilder.EnableSensitiveDataLogging' to see key values. 
2024-04-01 17:17:54.5797|DEBUG|Microsoft.EntityFrameworkCore.ChangeTracking|The navigation 'Users.UserAccessFail' was detected as changed. Consider using 'DbContextOptionsBuilder.EnableSensitiveDataLogging' to see key values. 
2024-04-01 17:17:54.5797|DEBUG|Microsoft.EntityFrameworkCore.ChangeTracking|Context 'UserDbContext' started tracking 'UserAccessFail' entity. Consider using 'DbContextOptionsBuilder.EnableSensitiveDataLogging' to see key values. 
2024-04-01 17:17:54.5797|DEBUG|Microsoft.EntityFrameworkCore.ChangeTracking|Context 'UserDbContext' started tracking 'Users' entity. Consider using 'DbContextOptionsBuilder.EnableSensitiveDataLogging' to see key values. 
2024-04-01 17:17:54.5797|DEBUG|Microsoft.EntityFrameworkCore.ChangeTracking|The navigation 'Users.UserAccessFail' was detected as changed. Consider using 'DbContextOptionsBuilder.EnableSensitiveDataLogging' to see key values. 
2024-04-01 17:17:54.5797|DEBUG|Microsoft.EntityFrameworkCore.ChangeTracking|Context 'UserDbContext' started tracking 'UserAccessFail' entity. Consider using 'DbContextOptionsBuilder.EnableSensitiveDataLogging' to see key values. 
2024-04-01 17:17:54.5797|DEBUG|Microsoft.EntityFrameworkCore.ChangeTracking|Context 'UserDbContext' started tracking 'Users' entity. Consider using 'DbContextOptionsBuilder.EnableSensitiveDataLogging' to see key values. 
2024-04-01 17:17:54.5797|DEBUG|Microsoft.EntityFrameworkCore.ChangeTracking|The navigation 'Users.UserAccessFail' was detected as changed. Consider using 'DbContextOptionsBuilder.EnableSensitiveDataLogging' to see key values. 
2024-04-01 17:17:54.5797|DEBUG|Microsoft.EntityFrameworkCore.ChangeTracking|Context 'UserDbContext' started tracking 'UserAccessFail' entity. Consider using 'DbContextOptionsBuilder.EnableSensitiveDataLogging' to see key values. 
2024-04-01 17:17:54.5797|DEBUG|Microsoft.EntityFrameworkCore.ChangeTracking|Context 'UserDbContext' started tracking 'Users' entity. Consider using 'DbContextOptionsBuilder.EnableSensitiveDataLogging' to see key values. 
2024-04-01 17:17:54.5797|DEBUG|Microsoft.EntityFrameworkCore.ChangeTracking|The navigation 'Users.UserAccessFail' was detected as changed. Consider using 'DbContextOptionsBuilder.EnableSensitiveDataLogging' to see key values. 
2024-04-01 17:17:54.5797|DEBUG|Microsoft.EntityFrameworkCore.ChangeTracking|Context 'UserDbContext' started tracking 'UserAccessFail' entity. Consider using 'DbContextOptionsBuilder.EnableSensitiveDataLogging' to see key values. 
2024-04-01 17:17:54.5797|DEBUG|Microsoft.EntityFrameworkCore.ChangeTracking|Context 'UserDbContext' started tracking 'Users' entity. Consider using 'DbContextOptionsBuilder.EnableSensitiveDataLogging' to see key values. 
2024-04-01 17:17:54.5797|DEBUG|Microsoft.EntityFrameworkCore.ChangeTracking|The navigation 'Users.UserAccessFail' was detected as changed. Consider using 'DbContextOptionsBuilder.EnableSensitiveDataLogging' to see key values. 
2024-04-01 17:17:54.5797|DEBUG|Microsoft.EntityFrameworkCore.ChangeTracking|Context 'UserDbContext' started tracking 'UserAccessFail' entity. Consider using 'DbContextOptionsBuilder.EnableSensitiveDataLogging' to see key values. 
2024-04-01 17:17:54.5797|DEBUG|Microsoft.EntityFrameworkCore.ChangeTracking|Context 'UserDbContext' started tracking 'Users' entity. Consider using 'DbContextOptionsBuilder.EnableSensitiveDataLogging' to see key values. 
2024-04-01 17:17:54.5797|DEBUG|Microsoft.EntityFrameworkCore.ChangeTracking|The navigation 'Users.UserAccessFail' was detected as changed. Consider using 'DbContextOptionsBuilder.EnableSensitiveDataLogging' to see key values. 
2024-04-01 17:17:54.5797|DEBUG|Microsoft.EntityFrameworkCore.ChangeTracking|Context 'UserDbContext' started tracking 'UserAccessFail' entity. Consider using 'DbContextOptionsBuilder.EnableSensitiveDataLogging' to see key values. 
2024-04-01 17:17:54.5797|DEBUG|Microsoft.EntityFrameworkCore.ChangeTracking|Context 'UserDbContext' started tracking 'Users' entity. Consider using 'DbContextOptionsBuilder.EnableSensitiveDataLogging' to see key values. 
2024-04-01 17:17:54.5797|DEBUG|Microsoft.EntityFrameworkCore.ChangeTracking|The navigation 'Users.UserAccessFail' was detected as changed. Consider using 'DbContextOptionsBuilder.EnableSensitiveDataLogging' to see key values. 
2024-04-01 17:17:54.5797|DEBUG|Microsoft.EntityFrameworkCore.ChangeTracking|Context 'UserDbContext' started tracking 'UserAccessFail' entity. Consider using 'DbContextOptionsBuilder.EnableSensitiveDataLogging' to see key values. 
2024-04-01 17:17:54.5797|DEBUG|Microsoft.EntityFrameworkCore.ChangeTracking|Context 'UserDbContext' started tracking 'Users' entity. Consider using 'DbContextOptionsBuilder.EnableSensitiveDataLogging' to see key values. 
2024-04-01 17:17:54.5797|DEBUG|Microsoft.EntityFrameworkCore.ChangeTracking|The navigation 'Users.UserAccessFail' was detected as changed. Consider using 'DbContextOptionsBuilder.EnableSensitiveDataLogging' to see key values. 
2024-04-01 17:17:54.5797|DEBUG|Microsoft.EntityFrameworkCore.ChangeTracking|Context 'UserDbContext' started tracking 'UserAccessFail' entity. Consider using 'DbContextOptionsBuilder.EnableSensitiveDataLogging' to see key values. 
2024-04-01 17:17:54.5797|DEBUG|Microsoft.EntityFrameworkCore.Database.Command|Closing data reader to 'LitZhu' on server 'localhost'. 
2024-04-01 17:17:54.5797|DEBUG|Microsoft.EntityFrameworkCore.Database.Command|A data reader for 'LitZhu' on server 'localhost' is being disposed after spending 163ms reading results. 
2024-04-01 17:17:54.5797|DEBUG|Microsoft.EntityFrameworkCore.Database.Connection|Closing connection to database 'LitZhu' on server 'localhost'. 
2024-04-01 17:17:54.5797|DEBUG|Microsoft.EntityFrameworkCore.Database.Connection|Closed connection to database 'LitZhu' on server 'localhost' (0ms). 
2024-04-01 17:17:54.6052|INFO|Microsoft.AspNetCore.Mvc.Infrastructure.ControllerActionInvoker|Executed action method LitZhu.WebApi.Controllers.User.UserController.GetUser (LitZhu.WebApi), returned result Microsoft.AspNetCore.Mvc.OkObjectResult in 253.5201ms. 
2024-04-01 17:17:54.6052|TRACE|Microsoft.AspNetCore.Mvc.Infrastructure.ControllerActionInvoker|Action Filter: Before executing OnActionExecuted on filter Microsoft.AspNetCore.Mvc.Infrastructure.ModelStateInvalidFilter. 
2024-04-01 17:17:54.6052|TRACE|Microsoft.AspNetCore.Mvc.Infrastructure.ControllerActionInvoker|Action Filter: After executing OnActionExecuted on filter Microsoft.AspNetCore.Mvc.Infrastructure.ModelStateInvalidFilter. 
2024-04-01 17:17:54.6052|TRACE|Microsoft.AspNetCore.Mvc.Infrastructure.ControllerActionInvoker|Action Filter: Before executing OnActionExecuted on filter Microsoft.AspNetCore.Mvc.ModelBinding.UnsupportedContentTypeFilter. 
2024-04-01 17:17:54.6052|TRACE|Microsoft.AspNetCore.Mvc.Infrastructure.ControllerActionInvoker|Action Filter: After executing OnActionExecuted on filter Microsoft.AspNetCore.Mvc.ModelBinding.UnsupportedContentTypeFilter. 
2024-04-01 17:17:54.6052|TRACE|Microsoft.AspNetCore.Mvc.Infrastructure.ControllerActionInvoker|Result Filter: Before executing OnResultExecuting on filter Microsoft.AspNetCore.Mvc.Infrastructure.ClientErrorResultFilter. 
2024-04-01 17:17:54.6052|TRACE|Microsoft.AspNetCore.Mvc.Infrastructure.ControllerActionInvoker|Result Filter: After executing OnResultExecuting on filter Microsoft.AspNetCore.Mvc.Infrastructure.ClientErrorResultFilter. 
2024-04-01 17:17:54.6052|TRACE|Microsoft.AspNetCore.Mvc.Infrastructure.ControllerActionInvoker|Before executing action result Microsoft.AspNetCore.Mvc.OkObjectResult. 
2024-04-01 17:17:54.6052|DEBUG|Microsoft.AspNetCore.Mvc.Infrastructure.DefaultOutputFormatterSelector|List of registered output formatters, in the following order: Microsoft.AspNetCore.Mvc.Formatters.HttpNoContentOutputFormatter, Microsoft.AspNetCore.Mvc.Formatters.StringOutputFormatter, Microsoft.AspNetCore.Mvc.Formatters.StreamOutputFormatter, Microsoft.AspNetCore.Mvc.Formatters.NewtonsoftJsonOutputFormatter 
2024-04-01 17:17:54.6052|DEBUG|Microsoft.AspNetCore.Mvc.Infrastructure.DefaultOutputFormatterSelector|No information found on request to perform content negotiation. 
2024-04-01 17:17:54.6052|DEBUG|Microsoft.AspNetCore.Mvc.Infrastructure.DefaultOutputFormatterSelector|Attempting to select an output formatter without using a content type as no explicit content types were specified for the response. 
2024-04-01 17:17:54.6052|DEBUG|Microsoft.AspNetCore.Mvc.Infrastructure.DefaultOutputFormatterSelector|Attempting to select the first formatter in the output formatters list which can write the result. 
2024-04-01 17:17:54.6052|DEBUG|Microsoft.AspNetCore.Mvc.Infrastructure.DefaultOutputFormatterSelector|Selected output formatter 'Microsoft.AspNetCore.Mvc.Formatters.NewtonsoftJsonOutputFormatter' and content type 'application/json' to write the response. 
2024-04-01 17:17:54.6052|INFO|Microsoft.AspNetCore.Mvc.Infrastructure.ObjectResultExecutor|Executing OkObjectResult, writing value of type 'LitZhu.WebApi.R'. 
2024-04-01 17:17:54.6321|TRACE|Microsoft.AspNetCore.Mvc.Infrastructure.ControllerActionInvoker|After executing action result Microsoft.AspNetCore.Mvc.OkObjectResult. 
2024-04-01 17:17:54.6321|TRACE|Microsoft.AspNetCore.Mvc.Infrastructure.ControllerActionInvoker|Result Filter: Before executing OnResultExecuted on filter Microsoft.AspNetCore.Mvc.Infrastructure.ClientErrorResultFilter. 
2024-04-01 17:17:54.6321|TRACE|Microsoft.AspNetCore.Mvc.Infrastructure.ControllerActionInvoker|Result Filter: After executing OnResultExecuted on filter Microsoft.AspNetCore.Mvc.Infrastructure.ClientErrorResultFilter. 
2024-04-01 17:17:54.6321|INFO|Microsoft.AspNetCore.Mvc.Infrastructure.ControllerActionInvoker|Executed action LitZhu.WebApi.Controllers.User.UserController.GetUser (LitZhu.WebApi) in 377.5431ms 
2024-04-01 17:17:54.6321|INFO|Microsoft.AspNetCore.Routing.EndpointMiddleware|Executed endpoint 'LitZhu.WebApi.Controllers.User.UserController.GetUser (LitZhu.WebApi)' 
2024-04-01 17:17:54.6321|DEBUG|Microsoft.AspNetCore.Server.Kestrel.Connections|Connection id "0HN2I5I8J7JFE" completed keep alive response. 
2024-04-01 17:17:54.6321|DEBUG|Microsoft.EntityFrameworkCore.Infrastructure|'UserDbContext' disposed. 
2024-04-01 17:17:54.6321|DEBUG|Microsoft.EntityFrameworkCore.Database.Connection|Disposing connection to database 'LitZhu' on server 'localhost'. 
2024-04-01 17:17:54.6321|DEBUG|Microsoft.EntityFrameworkCore.Database.Connection|Disposed connection to database 'LitZhu' on server 'localhost' (0ms). 
2024-04-01 17:17:54.6321|INFO|Microsoft.AspNetCore.Hosting.Diagnostics|Request finished HTTP/1.1 GET https://localhost:7290/api/User - 200 5250 application/json;+charset=utf-8 395.0378ms 
2024-04-01 17:17:54.6321|DEBUG|Microsoft.AspNetCore.Server.Kestrel.Transport.Sockets|Connection id "0HN2I5I8J7JFE" received FIN. 
2024-04-01 17:17:54.6321|DEBUG|Microsoft.AspNetCore.Server.Kestrel.Transport.Sockets|Connection id "0HN2I5I8J7JFE" sending FIN because: "The Socket transport's send loop completed gracefully." 
2024-04-01 17:17:54.6321|DEBUG|Microsoft.AspNetCore.Server.Kestrel.Connections|Connection id "0HN2I5I8J7JFE" disconnecting. 
2024-04-01 17:17:54.6321|DEBUG|Microsoft.AspNetCore.Server.Kestrel.Connections|Connection id "0HN2I5I8J7JFE" stopped. 
2024-04-01 17:18:19.3402|DEBUG|Microsoft.AspNetCore.Server.Kestrel.Connections|Connection id "0HN2I5I8J7JFF" accepted. 
2024-04-01 17:18:19.3402|DEBUG|Microsoft.AspNetCore.Server.Kestrel.Connections|Connection id "0HN2I5I8J7JFF" started. 
2024-04-01 17:18:19.3618|DEBUG|Microsoft.AspNetCore.Server.Kestrel.Https.Internal.HttpsConnectionMiddleware|Connection 0HN2I5I8J7JFF established using the following protocol: Tls13 
2024-04-01 17:18:19.3618|INFO|Microsoft.AspNetCore.Hosting.Diagnostics|Request starting HTTP/1.1 POST https://localhost:7290/api/Comment - application/json 154 
2024-04-01 17:18:19.3618|TRACE|Microsoft.AspNetCore.HostFiltering.HostFilteringMiddleware|All hosts are allowed. 
2024-04-01 17:18:19.3618|DEBUG|Microsoft.AspNetCore.Routing.Matching.DfaMatcher|1 candidate(s) found for the request path '/api/Comment' 
2024-04-01 17:18:19.3618|DEBUG|Microsoft.AspNetCore.Routing.Matching.DfaMatcher|Endpoint 'LitZhu.WebApi.Controllers.Article.CommentController.CreateArticleComment (LitZhu.WebApi)' with route pattern 'api/Comment' is valid for the request path '/api/Comment' 
2024-04-01 17:18:19.3618|DEBUG|Microsoft.AspNetCore.Routing.EndpointRoutingMiddleware|Request matched endpoint 'LitZhu.WebApi.Controllers.Article.CommentController.CreateArticleComment (LitZhu.WebApi)' 
2024-04-01 17:18:19.3618|TRACE|Microsoft.AspNetCore.Routing.EndpointRoutingMiddleware|The endpoint does not specify the IRequestSizeLimitMetadata. 
2024-04-01 17:18:19.3618|DEBUG|Microsoft.AspNetCore.StaticFiles.StaticFileMiddleware|Static files was skipped as the request already matched an endpoint. 
2024-04-01 17:18:19.3618|DEBUG|Microsoft.AspNetCore.Authentication.JwtBearer.JwtBearerHandler|Successfully validated the token. 
2024-04-01 17:18:19.3618|DEBUG|Microsoft.AspNetCore.Authentication.JwtBearer.JwtBearerHandler|AuthenticationScheme: Bearer was successfully authenticated. 
2024-04-01 17:18:19.3618|DEBUG|Microsoft.AspNetCore.Authorization.DefaultAuthorizationService|Authorization was successful. 
2024-04-01 17:18:19.3618|INFO|Microsoft.AspNetCore.Routing.EndpointMiddleware|Executing endpoint 'LitZhu.WebApi.Controllers.Article.CommentController.CreateArticleComment (LitZhu.WebApi)' 
2024-04-01 17:18:19.3618|INFO|Microsoft.AspNetCore.Mvc.Infrastructure.ControllerActionInvoker|Route matched with {action = "CreateArticleComment", controller = "Comment"}. Executing controller action with signature System.Threading.Tasks.Task`1[Microsoft.AspNetCore.Mvc.ActionResult`1[Article.Domain.DTO.CommentDto]] CreateArticleComment(Article.Domain.DTO.CommentCreateDto) on controller LitZhu.WebApi.Controllers.Article.CommentController (LitZhu.WebApi). 
2024-04-01 17:18:19.3618|DEBUG|Microsoft.AspNetCore.Mvc.Infrastructure.ControllerActionInvoker|Execution plan of authorization filters (in the following order): None 
2024-04-01 17:18:19.3618|DEBUG|Microsoft.AspNetCore.Mvc.Infrastructure.ControllerActionInvoker|Execution plan of resource filters (in the following order): None 
2024-04-01 17:18:19.3618|DEBUG|Microsoft.AspNetCore.Mvc.Infrastructure.ControllerActionInvoker|Execution plan of action filters (in the following order): Microsoft.AspNetCore.Mvc.ModelBinding.UnsupportedContentTypeFilter (Order: -3000), Microsoft.AspNetCore.Mvc.Infrastructure.ModelStateInvalidFilter (Order: -2000) 
2024-04-01 17:18:19.3618|DEBUG|Microsoft.AspNetCore.Mvc.Infrastructure.ControllerActionInvoker|Execution plan of exception filters (in the following order): None 
2024-04-01 17:18:19.3618|DEBUG|Microsoft.AspNetCore.Mvc.Infrastructure.ControllerActionInvoker|Execution plan of result filters (in the following order): Microsoft.AspNetCore.Mvc.Infrastructure.ClientErrorResultFilter (Order: -2000) 
2024-04-01 17:18:19.3618|DEBUG|Microsoft.AspNetCore.Mvc.Infrastructure.ControllerActionInvoker|Executing controller factory for controller LitZhu.WebApi.Controllers.Article.CommentController (LitZhu.WebApi) 
2024-04-01 17:18:19.3618|DEBUG|Microsoft.EntityFrameworkCore.Infrastructure|Entity Framework Core 8.0.1 initialized 'ArticleDbContext' using provider 'Pomelo.EntityFrameworkCore.MySql:8.0.1' with options: ServerVersion=8.0.23-mysql  
2024-04-01 17:18:19.3802|DEBUG|Microsoft.EntityFrameworkCore.Infrastructure|Entity Framework Core 8.0.1 initialized 'UserDbContext' using provider 'Pomelo.EntityFrameworkCore.MySql:8.0.1' with options: ServerVersion=8.0.23-mysql  
2024-04-01 17:18:19.3802|DEBUG|Microsoft.AspNetCore.Mvc.Infrastructure.ControllerActionInvoker|Executed controller factory for controller LitZhu.WebApi.Controllers.Article.CommentController (LitZhu.WebApi) 
2024-04-01 17:18:19.3802|DEBUG|Microsoft.AspNetCore.Mvc.ModelBinding.ParameterBinder|Attempting to bind parameter 'createDto' of type 'Article.Domain.DTO.CommentCreateDto' ... 
2024-04-01 17:18:19.3802|DEBUG|Microsoft.AspNetCore.Mvc.ModelBinding.Binders.BodyModelBinder|Attempting to bind parameter 'createDto' of type 'Article.Domain.DTO.CommentCreateDto' using the name '' in request data ... 
2024-04-01 17:18:19.3802|DEBUG|Microsoft.AspNetCore.Mvc.ModelBinding.Binders.BodyModelBinder|Rejected input formatter 'Microsoft.AspNetCore.Mvc.Formatters.NewtonsoftJsonPatchInputFormatter' for content type 'application/json'. 
2024-04-01 17:18:19.3802|DEBUG|Microsoft.AspNetCore.Mvc.ModelBinding.Binders.BodyModelBinder|Selected input formatter 'Microsoft.AspNetCore.Mvc.Formatters.NewtonsoftJsonInputFormatter' for content type 'application/json'. 
2024-04-01 17:18:19.3802|DEBUG|Microsoft.AspNetCore.Server.Kestrel|Connection id "0HN2I5I8J7JFF", Request id "0HN2I5I8J7JFF:00000001": started reading request body. 
2024-04-01 17:18:19.3802|DEBUG|Microsoft.AspNetCore.Server.Kestrel|Connection id "0HN2I5I8J7JFF", Request id "0HN2I5I8J7JFF:00000001": done reading request body. 
2024-04-01 17:18:19.3802|DEBUG|Microsoft.AspNetCore.Mvc.ModelBinding.Binders.BodyModelBinder|Done attempting to bind parameter 'createDto' of type 'Article.Domain.DTO.CommentCreateDto'. 
2024-04-01 17:18:19.3802|DEBUG|Microsoft.AspNetCore.Mvc.ModelBinding.ParameterBinder|Done attempting to bind parameter 'createDto' of type 'Article.Domain.DTO.CommentCreateDto'. 
2024-04-01 17:18:19.3802|DEBUG|Microsoft.AspNetCore.Mvc.ModelBinding.ParameterBinder|Attempting to validate the bound parameter 'createDto' of type 'Article.Domain.DTO.CommentCreateDto' ... 
2024-04-01 17:18:19.3802|DEBUG|Microsoft.AspNetCore.Mvc.ModelBinding.ParameterBinder|Done attempting to validate the bound parameter 'createDto' of type 'Article.Domain.DTO.CommentCreateDto'. 
2024-04-01 17:18:19.3802|TRACE|Microsoft.AspNetCore.Mvc.Infrastructure.ControllerActionInvoker|Action Filter: Before executing OnActionExecuting on filter Microsoft.AspNetCore.Mvc.ModelBinding.UnsupportedContentTypeFilter. 
2024-04-01 17:18:19.3802|TRACE|Microsoft.AspNetCore.Mvc.Infrastructure.ControllerActionInvoker|Action Filter: After executing OnActionExecuting on filter Microsoft.AspNetCore.Mvc.ModelBinding.UnsupportedContentTypeFilter. 
2024-04-01 17:18:19.3802|TRACE|Microsoft.AspNetCore.Mvc.Infrastructure.ControllerActionInvoker|Action Filter: Before executing OnActionExecuting on filter Microsoft.AspNetCore.Mvc.Infrastructure.ModelStateInvalidFilter. 
2024-04-01 17:18:19.3802|TRACE|Microsoft.AspNetCore.Mvc.Infrastructure.ControllerActionInvoker|Action Filter: After executing OnActionExecuting on filter Microsoft.AspNetCore.Mvc.Infrastructure.ModelStateInvalidFilter. 
2024-04-01 17:18:19.3802|INFO|Microsoft.AspNetCore.Mvc.Infrastructure.ControllerActionInvoker|Executing action method LitZhu.WebApi.Controllers.Article.CommentController.CreateArticleComment (LitZhu.WebApi) - Validation state: Valid 
2024-04-01 17:18:19.3802|TRACE|Microsoft.AspNetCore.Mvc.Infrastructure.ControllerActionInvoker|Executing action method LitZhu.WebApi.Controllers.Article.CommentController.CreateArticleComment (LitZhu.WebApi) with arguments (CommentCreateDto { UserId = 0174c5c1-95c1-4c21-bca9-ed791a1d581b, ArticleId = 55cf279d-9122-4679-990d-89ee0e59e20e, Content = 评论评论评论 }) 
2024-04-01 17:18:19.3802|DEBUG|Microsoft.EntityFrameworkCore.Database.Connection|Creating DbConnection. 
2024-04-01 17:18:19.3802|DEBUG|Microsoft.EntityFrameworkCore.Database.Connection|Created DbConnection. (0ms). 
2024-04-01 17:18:19.3802|DEBUG|Microsoft.EntityFrameworkCore.Database.Connection|Opening connection to database 'LitZhu' on server 'localhost'. 
2024-04-01 17:18:19.3958|DEBUG|Microsoft.EntityFrameworkCore.Database.Connection|Opened connection to database 'LitZhu' on server 'localhost'. 
2024-04-01 17:18:19.3958|DEBUG|Microsoft.EntityFrameworkCore.Database.Command|Creating DbCommand for 'ExecuteReader'. 
2024-04-01 17:18:19.3958|DEBUG|Microsoft.EntityFrameworkCore.Database.Command|Created DbCommand for 'ExecuteReader' (1ms). 
2024-04-01 17:18:19.3958|DEBUG|Microsoft.EntityFrameworkCore.Database.Command|Initialized DbCommand for 'ExecuteReader' (6ms). 
2024-04-01 17:18:19.3958|DEBUG|Microsoft.EntityFrameworkCore.Database.Command|Executing DbCommand [Parameters=[@__userId_0='?' (DbType = Guid)], CommandType='Text', CommandTimeout='30']
SELECT `t`.`Id`, `t`.`Avatar`, `t`.`CreationTime`, `t`.`DeletionTime`, `t`.`Email`, `t`.`Gender`, `t`.`IsDeleted`, `t`.`LastModificationTime`, `t`.`Password`, `t`.`Phone`, `t`.`Username`, `t`.`Id0`, `t`.`AccessFailedCount`, `t`.`CreationTime0`, `t`.`IsLockOut`, `t`.`LockOutEnd`, `t`.`UserId`, `t0`.`UserId`, `t0`.`RoleId`, `t0`.`Id`, `t0`.`CreationTime`, `t0`.`DeletionTime`, `t0`.`IsDeleted`, `t0`.`LastModificationTime`, `t0`.`RoleDesc`, `t0`.`RoleName`
FROM (
    SELECT `u`.`Id`, `u`.`Avatar`, `u`.`CreationTime`, `u`.`DeletionTime`, `u`.`Email`, `u`.`Gender`, `u`.`IsDeleted`, `u`.`LastModificationTime`, `u`.`Password`, `u`.`Phone`, `u`.`Username`, `u0`.`Id` AS `Id0`, `u0`.`AccessFailedCount`, `u0`.`CreationTime` AS `CreationTime0`, `u0`.`IsLockOut`, `u0`.`LockOutEnd`, `u0`.`UserId`
    FROM `Users` AS `u`
    LEFT JOIN `UserAccessFails` AS `u0` ON `u`.`Id` = `u0`.`UserId`
    WHERE NOT (`u`.`IsDeleted`) AND (`u`.`Id` = @__userId_0)
    LIMIT 1
) AS `t`
LEFT JOIN (
    SELECT `u1`.`UserId`, `u1`.`RoleId`, `t1`.`Id`, `t1`.`CreationTime`, `t1`.`DeletionTime`, `t1`.`IsDeleted`, `t1`.`LastModificationTime`, `t1`.`RoleDesc`, `t1`.`RoleName`
    FROM `Users_Roles` AS `u1`
    INNER JOIN (
        SELECT `r`.`Id`, `r`.`CreationTime`, `r`.`DeletionTime`, `r`.`IsDeleted`, `r`.`LastModificationTime`, `r`.`RoleDesc`, `r`.`RoleName`
        FROM `Roles` AS `r`
        WHERE NOT (`r`.`IsDeleted`)
    ) AS `t1` ON `u1`.`RoleId` = `t1`.`Id`
) AS `t0` ON `t`.`Id` = `t0`.`UserId`
ORDER BY `t`.`Id`, `t`.`Id0`, `t0`.`UserId`, `t0`.`RoleId` 
2024-04-01 17:18:19.4128|INFO|Microsoft.EntityFrameworkCore.Database.Command|Executed DbCommand (8ms) [Parameters=[@__userId_0='?' (DbType = Guid)], CommandType='Text', CommandTimeout='30']
SELECT `t`.`Id`, `t`.`Avatar`, `t`.`CreationTime`, `t`.`DeletionTime`, `t`.`Email`, `t`.`Gender`, `t`.`IsDeleted`, `t`.`LastModificationTime`, `t`.`Password`, `t`.`Phone`, `t`.`Username`, `t`.`Id0`, `t`.`AccessFailedCount`, `t`.`CreationTime0`, `t`.`IsLockOut`, `t`.`LockOutEnd`, `t`.`UserId`, `t0`.`UserId`, `t0`.`RoleId`, `t0`.`Id`, `t0`.`CreationTime`, `t0`.`DeletionTime`, `t0`.`IsDeleted`, `t0`.`LastModificationTime`, `t0`.`RoleDesc`, `t0`.`RoleName`
FROM (
    SELECT `u`.`Id`, `u`.`Avatar`, `u`.`CreationTime`, `u`.`DeletionTime`, `u`.`Email`, `u`.`Gender`, `u`.`IsDeleted`, `u`.`LastModificationTime`, `u`.`Password`, `u`.`Phone`, `u`.`Username`, `u0`.`Id` AS `Id0`, `u0`.`AccessFailedCount`, `u0`.`CreationTime` AS `CreationTime0`, `u0`.`IsLockOut`, `u0`.`LockOutEnd`, `u0`.`UserId`
    FROM `Users` AS `u`
    LEFT JOIN `UserAccessFails` AS `u0` ON `u`.`Id` = `u0`.`UserId`
    WHERE NOT (`u`.`IsDeleted`) AND (`u`.`Id` = @__userId_0)
    LIMIT 1
) AS `t`
LEFT JOIN (
    SELECT `u1`.`UserId`, `u1`.`RoleId`, `t1`.`Id`, `t1`.`CreationTime`, `t1`.`DeletionTime`, `t1`.`IsDeleted`, `t1`.`LastModificationTime`, `t1`.`RoleDesc`, `t1`.`RoleName`
    FROM `Users_Roles` AS `u1`
    INNER JOIN (
        SELECT `r`.`Id`, `r`.`CreationTime`, `r`.`DeletionTime`, `r`.`IsDeleted`, `r`.`LastModificationTime`, `r`.`RoleDesc`, `r`.`RoleName`
        FROM `Roles` AS `r`
        WHERE NOT (`r`.`IsDeleted`)
    ) AS `t1` ON `u1`.`RoleId` = `t1`.`Id`
) AS `t0` ON `t`.`Id` = `t0`.`UserId`
ORDER BY `t`.`Id`, `t`.`Id0`, `t0`.`UserId`, `t0`.`RoleId` 
2024-04-01 17:18:19.4128|DEBUG|Microsoft.EntityFrameworkCore.ChangeTracking|Context 'UserDbContext' started tracking 'Users' entity. Consider using 'DbContextOptionsBuilder.EnableSensitiveDataLogging' to see key values. 
2024-04-01 17:18:19.4128|DEBUG|Microsoft.EntityFrameworkCore.ChangeTracking|The navigation 'Users.UserAccessFail' was detected as changed. Consider using 'DbContextOptionsBuilder.EnableSensitiveDataLogging' to see key values. 
2024-04-01 17:18:19.4128|DEBUG|Microsoft.EntityFrameworkCore.ChangeTracking|Context 'UserDbContext' started tracking 'UserAccessFail' entity. Consider using 'DbContextOptionsBuilder.EnableSensitiveDataLogging' to see key values. 
2024-04-01 17:18:19.4128|DEBUG|Microsoft.EntityFrameworkCore.Database.Command|Closing data reader to 'LitZhu' on server 'localhost'. 
2024-04-01 17:18:19.4128|DEBUG|Microsoft.EntityFrameworkCore.Database.Command|A data reader for 'LitZhu' on server 'localhost' is being disposed after spending 1ms reading results. 
2024-04-01 17:18:19.4128|DEBUG|Microsoft.EntityFrameworkCore.Database.Connection|Closing connection to database 'LitZhu' on server 'localhost'. 
2024-04-01 17:18:19.4128|DEBUG|Microsoft.EntityFrameworkCore.Database.Connection|Closed connection to database 'LitZhu' on server 'localhost' (0ms). 
2024-04-01 17:18:19.4128|DEBUG|Microsoft.EntityFrameworkCore.Query|Compiling query expression: 
'DbSet<Articles>()
    .Include(x => x.Comments)
    .Include(x => x.ArticleTagsList)
    .ThenInclude(at => at.Tags)
    .FirstOrDefault(x => x.Id == __articleId_0)' 
2024-04-01 17:18:19.4128|DEBUG|Microsoft.EntityFrameworkCore.Query|Including navigation: 'Articles.Comments'. 
2024-04-01 17:18:19.4128|DEBUG|Microsoft.EntityFrameworkCore.Query|Including navigation: 'Articles.ArticleTagsList'. 
2024-04-01 17:18:19.4254|DEBUG|Microsoft.EntityFrameworkCore.Query|Including navigation: 'ArticleTags.Tags'. 
2024-04-01 17:18:19.4773|WARN|Microsoft.EntityFrameworkCore.Query|Compiling a query which loads related collections for more than one collection navigation, either via 'Include' or through projection, but no 'QuerySplittingBehavior' has been configured. By default, Entity Framework will use 'QuerySplittingBehavior.SingleQuery', which can potentially result in slow query performance. See https://go.microsoft.com/fwlink/?linkid=2134277 for more information. To identify the query that's triggering this warning call 'ConfigureWarnings(w => w.Throw(RelationalEventId.MultipleCollectionIncludeWarning))'. 
2024-04-01 17:18:19.4904|DEBUG|Microsoft.EntityFrameworkCore.Query|Generated query execution expression: 
'queryContext => ShapedQueryCompilingExpressionVisitor.SingleOrDefaultAsync<Articles>(
    asyncEnumerable: new SingleQueryingEnumerable<Articles>(
        (RelationalQueryContext)queryContext, 
        RelationalCommandCache.QueryExpression(
            Client Projections:
                0 -> Dictionary<IProperty, int> { [Property: Articles.Id (Guid) Required PK AfterSave:Throw ValueGenerated.OnAdd, 0], [Property: Articles.Content (string) Required, 1], [Property: Articles.CreationTime (DateTime) Required, 2], [Property: Articles.DeletionTime (DateTime?), 3], [Property: Articles.Desc (string) Required, 4], [Property: Articles.Image (string) Required, 5], [Property: Articles.IsDeleted (bool) Required Index, 6], [Property: Articles.LastModificationTime (DateTime?), 7], [Property: Articles.Likes (int) Required, 8], [Property: Articles.Title (string) Required Index MaxLength(20), 9], [Property: Articles.UserId (Guid) Required, 10], [Property: Articles.Views (int) Required, 11] }
                1 -> 0
                2 -> Dictionary<IProperty, int> { [Property: Comments.Id (Guid) Required PK AfterSave:Throw ValueGenerated.OnAdd, 12], [Property: Comments.ArticleId (Guid) Required FK Index, 13], [Property: Comments.Content (string) Required MaxLength(1000), 14], [Property: Comments.CreationTime (DateTime) Required, 15], [Property: Comments.LastModificationTime (DateTime?), 16], [Property: Comments.Likes (int) Required, 17], [Property: Comments.PId (Guid) Required, 18], [Property: Comments.Path (string) Required, 19], [Property: Comments.UserId (Guid) Required, 20] }
                3 -> 12
                4 -> Dictionary<IProperty, int> { [Property: ArticleTags.ArticleId (Guid) Required PK FK AfterSave:Throw, 21], [Property: ArticleTags.TagId (Guid) Required PK FK Index AfterSave:Throw, 22] }
                5 -> Dictionary<IProperty, int> { [Property: Tags.Id (Guid) Required PK AfterSave:Throw ValueGenerated.OnAdd, 23], [Property: Tags.CreationTime (DateTime) Required, 24], [Property: Tags.DeletionTime (DateTime?), 25], [Property: Tags.IsDeleted (bool) Required Index, 26], [Property: Tags.LastModificationTime (DateTime?), 27], [Property: Tags.TagName (string) Required MaxLength(10), 28] }
                6 -> 21
                7 -> 22
                8 -> 23
            SELECT t.Id, t.Content, t.CreationTime, t.DeletionTime, t.Desc, t.Image, t.IsDeleted, t.LastModificationTime, t.Likes, t.Title, t.UserId, t.Views, c.Id, c.ArticleId, c.Content, c.CreationTime, c.LastModificationTime, c.Likes, c.PId, c.Path, c.UserId, t1.ArticleId, t1.TagId, t1.Id, t1.CreationTime, t1.DeletionTime, t1.IsDeleted, t1.LastModificationTime, t1.TagName
            FROM 
            (
                SELECT TOP(1) a.Id, a.Content, a.CreationTime, a.DeletionTime, a.Desc, a.Image, a.IsDeleted, a.LastModificationTime, a.Likes, a.Title, a.UserId, a.Views
                FROM Articles AS a
                WHERE (a.IsDeleted == FALSE) && (a.Id == @__articleId_0)
            ) AS t
            LEFT JOIN Comments AS c ON t.Id == c.ArticleId
            LEFT JOIN 
            (
                SELECT a0.ArticleId, a0.TagId, t0.Id, t0.CreationTime, t0.DeletionTime, t0.IsDeleted, t0.LastModificationTime, t0.TagName
                FROM Articles_Tags AS a0
                INNER JOIN 
                (
                    SELECT t2.Id, t2.CreationTime, t2.DeletionTime, t2.IsDeleted, t2.LastModificationTime, t2.TagName
                    FROM Tags AS t2
                    WHERE t2.IsDeleted == FALSE
                ) AS t0 ON a0.TagId == t0.Id
            ) AS t1 ON t.Id == t1.ArticleId
            ORDER BY t.Id ASC, c.Id ASC, t1.ArticleId ASC, t1.TagId ASC), 
        null, 
        Func<QueryContext, DbDataReader, ResultContext, SingleQueryResultCoordinator, Articles>, 
        Article.Infrastructure.ArticleDbContext, 
        False, 
        False, 
        True
    ), 
    cancellationToken: queryContext.CancellationToken)' 
2024-04-01 17:18:19.4904|DEBUG|Microsoft.EntityFrameworkCore.Database.Connection|Creating DbConnection. 
2024-04-01 17:18:19.4904|DEBUG|Microsoft.EntityFrameworkCore.Database.Connection|Created DbConnection. (0ms). 
2024-04-01 17:18:19.4904|DEBUG|Microsoft.EntityFrameworkCore.Database.Connection|Opening connection to database 'LitZhu' on server 'localhost'. 
2024-04-01 17:18:19.4904|DEBUG|Microsoft.EntityFrameworkCore.Database.Connection|Opened connection to database 'LitZhu' on server 'localhost'. 
2024-04-01 17:18:19.4904|DEBUG|Microsoft.EntityFrameworkCore.Database.Command|Creating DbCommand for 'ExecuteReader'. 
2024-04-01 17:18:19.4904|DEBUG|Microsoft.EntityFrameworkCore.Database.Command|Created DbCommand for 'ExecuteReader' (0ms). 
2024-04-01 17:18:19.4904|DEBUG|Microsoft.EntityFrameworkCore.Database.Command|Initialized DbCommand for 'ExecuteReader' (0ms). 
2024-04-01 17:18:19.4904|DEBUG|Microsoft.EntityFrameworkCore.Database.Command|Executing DbCommand [Parameters=[@__articleId_0='?' (DbType = Guid)], CommandType='Text', CommandTimeout='30']
SELECT `t`.`Id`, `t`.`Content`, `t`.`CreationTime`, `t`.`DeletionTime`, `t`.`Desc`, `t`.`Image`, `t`.`IsDeleted`, `t`.`LastModificationTime`, `t`.`Likes`, `t`.`Title`, `t`.`UserId`, `t`.`Views`, `c`.`Id`, `c`.`ArticleId`, `c`.`Content`, `c`.`CreationTime`, `c`.`LastModificationTime`, `c`.`Likes`, `c`.`PId`, `c`.`Path`, `c`.`UserId`, `t1`.`ArticleId`, `t1`.`TagId`, `t1`.`Id`, `t1`.`CreationTime`, `t1`.`DeletionTime`, `t1`.`IsDeleted`, `t1`.`LastModificationTime`, `t1`.`TagName`
FROM (
    SELECT `a`.`Id`, `a`.`Content`, `a`.`CreationTime`, `a`.`DeletionTime`, `a`.`Desc`, `a`.`Image`, `a`.`IsDeleted`, `a`.`LastModificationTime`, `a`.`Likes`, `a`.`Title`, `a`.`UserId`, `a`.`Views`
    FROM `Articles` AS `a`
    WHERE NOT (`a`.`IsDeleted`) AND (`a`.`Id` = @__articleId_0)
    LIMIT 1
) AS `t`
LEFT JOIN `Comments` AS `c` ON `t`.`Id` = `c`.`ArticleId`
LEFT JOIN (
    SELECT `a0`.`ArticleId`, `a0`.`TagId`, `t0`.`Id`, `t0`.`CreationTime`, `t0`.`DeletionTime`, `t0`.`IsDeleted`, `t0`.`LastModificationTime`, `t0`.`TagName`
    FROM `Articles_Tags` AS `a0`
    INNER JOIN (
        SELECT `t2`.`Id`, `t2`.`CreationTime`, `t2`.`DeletionTime`, `t2`.`IsDeleted`, `t2`.`LastModificationTime`, `t2`.`TagName`
        FROM `Tags` AS `t2`
        WHERE NOT (`t2`.`IsDeleted`)
    ) AS `t0` ON `a0`.`TagId` = `t0`.`Id`
) AS `t1` ON `t`.`Id` = `t1`.`ArticleId`
ORDER BY `t`.`Id`, `c`.`Id`, `t1`.`ArticleId`, `t1`.`TagId` 
2024-04-01 17:18:19.5040|INFO|Microsoft.EntityFrameworkCore.Database.Command|Executed DbCommand (3ms) [Parameters=[@__articleId_0='?' (DbType = Guid)], CommandType='Text', CommandTimeout='30']
SELECT `t`.`Id`, `t`.`Content`, `t`.`CreationTime`, `t`.`DeletionTime`, `t`.`Desc`, `t`.`Image`, `t`.`IsDeleted`, `t`.`LastModificationTime`, `t`.`Likes`, `t`.`Title`, `t`.`UserId`, `t`.`Views`, `c`.`Id`, `c`.`ArticleId`, `c`.`Content`, `c`.`CreationTime`, `c`.`LastModificationTime`, `c`.`Likes`, `c`.`PId`, `c`.`Path`, `c`.`UserId`, `t1`.`ArticleId`, `t1`.`TagId`, `t1`.`Id`, `t1`.`CreationTime`, `t1`.`DeletionTime`, `t1`.`IsDeleted`, `t1`.`LastModificationTime`, `t1`.`TagName`
FROM (
    SELECT `a`.`Id`, `a`.`Content`, `a`.`CreationTime`, `a`.`DeletionTime`, `a`.`Desc`, `a`.`Image`, `a`.`IsDeleted`, `a`.`LastModificationTime`, `a`.`Likes`, `a`.`Title`, `a`.`UserId`, `a`.`Views`
    FROM `Articles` AS `a`
    WHERE NOT (`a`.`IsDeleted`) AND (`a`.`Id` = @__articleId_0)
    LIMIT 1
) AS `t`
LEFT JOIN `Comments` AS `c` ON `t`.`Id` = `c`.`ArticleId`
LEFT JOIN (
    SELECT `a0`.`ArticleId`, `a0`.`TagId`, `t0`.`Id`, `t0`.`CreationTime`, `t0`.`DeletionTime`, `t0`.`IsDeleted`, `t0`.`LastModificationTime`, `t0`.`TagName`
    FROM `Articles_Tags` AS `a0`
    INNER JOIN (
        SELECT `t2`.`Id`, `t2`.`CreationTime`, `t2`.`DeletionTime`, `t2`.`IsDeleted`, `t2`.`LastModificationTime`, `t2`.`TagName`
        FROM `Tags` AS `t2`
        WHERE NOT (`t2`.`IsDeleted`)
    ) AS `t0` ON `a0`.`TagId` = `t0`.`Id`
) AS `t1` ON `t`.`Id` = `t1`.`ArticleId`
ORDER BY `t`.`Id`, `c`.`Id`, `t1`.`ArticleId`, `t1`.`TagId` 
2024-04-01 17:18:19.5040|DEBUG|Microsoft.EntityFrameworkCore.ChangeTracking|Context 'ArticleDbContext' started tracking 'Articles' entity. Consider using 'DbContextOptionsBuilder.EnableSensitiveDataLogging' to see key values. 
2024-04-01 17:18:19.5629|DEBUG|Microsoft.EntityFrameworkCore.ChangeTracking|Context 'ArticleDbContext' started tracking 'ArticleTags' entity. Consider using 'DbContextOptionsBuilder.EnableSensitiveDataLogging' to see key values. 
2024-04-01 17:18:19.5684|DEBUG|Microsoft.EntityFrameworkCore.ChangeTracking|The navigation 'ArticleTags.Tags' was detected as changed. Consider using 'DbContextOptionsBuilder.EnableSensitiveDataLogging' to see key values. 
2024-04-01 17:18:19.5684|DEBUG|Microsoft.EntityFrameworkCore.ChangeTracking|Context 'ArticleDbContext' started tracking 'Tags' entity. Consider using 'DbContextOptionsBuilder.EnableSensitiveDataLogging' to see key values. 
2024-04-01 17:18:19.5807|DEBUG|Microsoft.EntityFrameworkCore.ChangeTracking|Context 'ArticleDbContext' started tracking 'ArticleTags' entity. Consider using 'DbContextOptionsBuilder.EnableSensitiveDataLogging' to see key values. 
2024-04-01 17:18:19.5807|DEBUG|Microsoft.EntityFrameworkCore.ChangeTracking|The navigation 'ArticleTags.Tags' was detected as changed. Consider using 'DbContextOptionsBuilder.EnableSensitiveDataLogging' to see key values. 
2024-04-01 17:18:19.5807|DEBUG|Microsoft.EntityFrameworkCore.ChangeTracking|Context 'ArticleDbContext' started tracking 'Tags' entity. Consider using 'DbContextOptionsBuilder.EnableSensitiveDataLogging' to see key values. 
2024-04-01 17:18:19.5807|DEBUG|Microsoft.EntityFrameworkCore.Database.Command|Closing data reader to 'LitZhu' on server 'localhost'. 
2024-04-01 17:18:19.5807|DEBUG|Microsoft.EntityFrameworkCore.Database.Command|A data reader for 'LitZhu' on server 'localhost' is being disposed after spending 77ms reading results. 
2024-04-01 17:18:19.5807|DEBUG|Microsoft.EntityFrameworkCore.Database.Connection|Closing connection to database 'LitZhu' on server 'localhost'. 
2024-04-01 17:18:19.5807|DEBUG|Microsoft.EntityFrameworkCore.Database.Connection|Closed connection to database 'LitZhu' on server 'localhost' (0ms). 
2024-04-01 17:18:19.6340|DEBUG|Microsoft.EntityFrameworkCore.ChangeTracking|The navigation 'Comments.Articles' was detected as changed. Consider using 'DbContextOptionsBuilder.EnableSensitiveDataLogging' to see key values. 
2024-04-01 17:18:19.6340|DEBUG|Microsoft.EntityFrameworkCore.ChangeTracking|Context 'ArticleDbContext' started tracking 'Comments' entity. Consider using 'DbContextOptionsBuilder.EnableSensitiveDataLogging' to see key values. 
2024-04-01 17:18:19.6425|DEBUG|Microsoft.EntityFrameworkCore.Update|SaveChanges starting for 'ArticleDbContext'. 
2024-04-01 17:18:19.6425|DEBUG|Microsoft.EntityFrameworkCore.ChangeTracking|DetectChanges starting for 'ArticleDbContext'. 
2024-04-01 17:18:19.6886|DEBUG|Microsoft.EntityFrameworkCore.ChangeTracking|DetectChanges completed for 'ArticleDbContext'. 
2024-04-01 17:18:19.7856|DEBUG|Microsoft.EntityFrameworkCore.Database.Connection|Opening connection to database 'LitZhu' on server 'localhost'. 
2024-04-01 17:18:19.7856|DEBUG|Microsoft.EntityFrameworkCore.Database.Connection|Opened connection to database 'LitZhu' on server 'localhost'. 
2024-04-01 17:18:19.7856|DEBUG|Microsoft.EntityFrameworkCore.Database.Command|Creating DbCommand for 'ExecuteReader'. 
2024-04-01 17:18:19.7856|DEBUG|Microsoft.EntityFrameworkCore.Database.Command|Created DbCommand for 'ExecuteReader' (0ms). 
2024-04-01 17:18:19.7856|DEBUG|Microsoft.EntityFrameworkCore.Database.Command|Initialized DbCommand for 'ExecuteReader' (1ms). 
2024-04-01 17:18:19.7856|DEBUG|Microsoft.EntityFrameworkCore.Database.Command|Executing DbCommand [Parameters=[@p0='?' (DbType = Guid), @p1='?' (DbType = Guid), @p2='?' (Size = 1000), @p3='?' (DbType = DateTime), @p4='?' (DbType = DateTime), @p5='?' (DbType = Int32), @p6='?' (DbType = Guid), @p7='?' (Size = 4000), @p8='?' (DbType = Guid)], CommandType='Text', CommandTimeout='30']
SET AUTOCOMMIT = 1;
INSERT INTO `Comments` (`Id`, `ArticleId`, `Content`, `CreationTime`, `LastModificationTime`, `Likes`, `PId`, `Path`, `UserId`)
VALUES (@p0, @p1, @p2, @p3, @p4, @p5, @p6, @p7, @p8); 
2024-04-01 17:18:19.8128|INFO|Microsoft.EntityFrameworkCore.Database.Command|Executed DbCommand (15ms) [Parameters=[@p0='?' (DbType = Guid), @p1='?' (DbType = Guid), @p2='?' (Size = 1000), @p3='?' (DbType = DateTime), @p4='?' (DbType = DateTime), @p5='?' (DbType = Int32), @p6='?' (DbType = Guid), @p7='?' (Size = 4000), @p8='?' (DbType = Guid)], CommandType='Text', CommandTimeout='30']
SET AUTOCOMMIT = 1;
INSERT INTO `Comments` (`Id`, `ArticleId`, `Content`, `CreationTime`, `LastModificationTime`, `Likes`, `PId`, `Path`, `UserId`)
VALUES (@p0, @p1, @p2, @p3, @p4, @p5, @p6, @p7, @p8); 
2024-04-01 17:18:19.8164|DEBUG|Microsoft.EntityFrameworkCore.Database.Command|Closing data reader to 'LitZhu' on server 'localhost'. 
2024-04-01 17:18:19.8164|DEBUG|Microsoft.EntityFrameworkCore.Database.Command|A data reader for 'LitZhu' on server 'localhost' is being disposed after spending 3ms reading results. 
2024-04-01 17:18:19.8164|DEBUG|Microsoft.EntityFrameworkCore.Database.Connection|Closing connection to database 'LitZhu' on server 'localhost'. 
2024-04-01 17:18:19.8164|DEBUG|Microsoft.EntityFrameworkCore.Database.Connection|Closed connection to database 'LitZhu' on server 'localhost' (0ms). 
2024-04-01 17:18:19.8164|DEBUG|Microsoft.EntityFrameworkCore.ChangeTracking|An entity of type 'Comments' tracked by 'ArticleDbContext' changed state from 'Added' to 'Unchanged'. Consider using 'DbContextOptionsBuilder.EnableSensitiveDataLogging' to see key values. 
2024-04-01 17:18:19.8309|DEBUG|Microsoft.EntityFrameworkCore.Update|SaveChanges completed for 'ArticleDbContext' with 1 entities written to the database. 
2024-04-01 17:18:19.8309|INFO|Microsoft.AspNetCore.Mvc.Infrastructure.ControllerActionInvoker|Executed action method LitZhu.WebApi.Controllers.Article.CommentController.CreateArticleComment (LitZhu.WebApi), returned result Microsoft.AspNetCore.Mvc.OkObjectResult in 450.0158ms. 
2024-04-01 17:18:19.8309|TRACE|Microsoft.AspNetCore.Mvc.Infrastructure.ControllerActionInvoker|Action Filter: Before executing OnActionExecuted on filter Microsoft.AspNetCore.Mvc.Infrastructure.ModelStateInvalidFilter. 
2024-04-01 17:18:19.8309|TRACE|Microsoft.AspNetCore.Mvc.Infrastructure.ControllerActionInvoker|Action Filter: After executing OnActionExecuted on filter Microsoft.AspNetCore.Mvc.Infrastructure.ModelStateInvalidFilter. 
2024-04-01 17:18:19.8309|TRACE|Microsoft.AspNetCore.Mvc.Infrastructure.ControllerActionInvoker|Action Filter: Before executing OnActionExecuted on filter Microsoft.AspNetCore.Mvc.ModelBinding.UnsupportedContentTypeFilter. 
2024-04-01 17:18:19.8309|TRACE|Microsoft.AspNetCore.Mvc.Infrastructure.ControllerActionInvoker|Action Filter: After executing OnActionExecuted on filter Microsoft.AspNetCore.Mvc.ModelBinding.UnsupportedContentTypeFilter. 
2024-04-01 17:18:19.8309|TRACE|Microsoft.AspNetCore.Mvc.Infrastructure.ControllerActionInvoker|Result Filter: Before executing OnResultExecuting on filter Microsoft.AspNetCore.Mvc.Infrastructure.ClientErrorResultFilter. 
2024-04-01 17:18:19.8309|TRACE|Microsoft.AspNetCore.Mvc.Infrastructure.ControllerActionInvoker|Result Filter: After executing OnResultExecuting on filter Microsoft.AspNetCore.Mvc.Infrastructure.ClientErrorResultFilter. 
2024-04-01 17:18:19.8309|TRACE|Microsoft.AspNetCore.Mvc.Infrastructure.ControllerActionInvoker|Before executing action result Microsoft.AspNetCore.Mvc.OkObjectResult. 
2024-04-01 17:18:19.8309|DEBUG|Microsoft.AspNetCore.Mvc.Infrastructure.DefaultOutputFormatterSelector|List of registered output formatters, in the following order: Microsoft.AspNetCore.Mvc.Formatters.HttpNoContentOutputFormatter, Microsoft.AspNetCore.Mvc.Formatters.StringOutputFormatter, Microsoft.AspNetCore.Mvc.Formatters.StreamOutputFormatter, Microsoft.AspNetCore.Mvc.Formatters.NewtonsoftJsonOutputFormatter 
2024-04-01 17:18:19.8309|DEBUG|Microsoft.AspNetCore.Mvc.Infrastructure.DefaultOutputFormatterSelector|No information found on request to perform content negotiation. 
2024-04-01 17:18:19.8309|DEBUG|Microsoft.AspNetCore.Mvc.Infrastructure.DefaultOutputFormatterSelector|Attempting to select an output formatter without using a content type as no explicit content types were specified for the response. 
2024-04-01 17:18:19.8309|DEBUG|Microsoft.AspNetCore.Mvc.Infrastructure.DefaultOutputFormatterSelector|Attempting to select the first formatter in the output formatters list which can write the result. 
2024-04-01 17:18:19.8309|DEBUG|Microsoft.AspNetCore.Mvc.Infrastructure.DefaultOutputFormatterSelector|Selected output formatter 'Microsoft.AspNetCore.Mvc.Formatters.NewtonsoftJsonOutputFormatter' and content type 'application/json' to write the response. 
2024-04-01 17:18:19.8309|INFO|Microsoft.AspNetCore.Mvc.Infrastructure.ObjectResultExecutor|Executing OkObjectResult, writing value of type 'LitZhu.WebApi.R'. 
2024-04-01 17:18:19.8309|TRACE|Microsoft.AspNetCore.Mvc.Infrastructure.ControllerActionInvoker|After executing action result Microsoft.AspNetCore.Mvc.OkObjectResult. 
2024-04-01 17:18:19.8309|TRACE|Microsoft.AspNetCore.Mvc.Infrastructure.ControllerActionInvoker|Result Filter: Before executing OnResultExecuted on filter Microsoft.AspNetCore.Mvc.Infrastructure.ClientErrorResultFilter. 
2024-04-01 17:18:19.8309|TRACE|Microsoft.AspNetCore.Mvc.Infrastructure.ControllerActionInvoker|Result Filter: After executing OnResultExecuted on filter Microsoft.AspNetCore.Mvc.Infrastructure.ClientErrorResultFilter. 
2024-04-01 17:18:19.8309|INFO|Microsoft.AspNetCore.Mvc.Infrastructure.ControllerActionInvoker|Executed action LitZhu.WebApi.Controllers.Article.CommentController.CreateArticleComment (LitZhu.WebApi) in 466.4269ms 
2024-04-01 17:18:19.8309|INFO|Microsoft.AspNetCore.Routing.EndpointMiddleware|Executed endpoint 'LitZhu.WebApi.Controllers.Article.CommentController.CreateArticleComment (LitZhu.WebApi)' 
2024-04-01 17:18:19.8309|DEBUG|Microsoft.AspNetCore.Server.Kestrel.Connections|Connection id "0HN2I5I8J7JFF" completed keep alive response. 
2024-04-01 17:18:19.8309|DEBUG|Microsoft.EntityFrameworkCore.Infrastructure|'UserDbContext' disposed. 
2024-04-01 17:18:19.8309|DEBUG|Microsoft.EntityFrameworkCore.Database.Connection|Disposing connection to database 'LitZhu' on server 'localhost'. 
2024-04-01 17:18:19.8309|DEBUG|Microsoft.EntityFrameworkCore.Database.Connection|Disposed connection to database 'LitZhu' on server 'localhost' (0ms). 
2024-04-01 17:18:19.8309|DEBUG|Microsoft.EntityFrameworkCore.Infrastructure|'ArticleDbContext' disposed. 
2024-04-01 17:18:19.8309|DEBUG|Microsoft.EntityFrameworkCore.Database.Connection|Disposing connection to database 'LitZhu' on server 'localhost'. 
2024-04-01 17:18:19.8309|DEBUG|Microsoft.EntityFrameworkCore.Database.Connection|Disposed connection to database 'LitZhu' on server 'localhost' (0ms). 
2024-04-01 17:18:19.8309|INFO|Microsoft.AspNetCore.Hosting.Diagnostics|Request finished HTTP/1.1 POST https://localhost:7290/api/Comment - 200 253 application/json;+charset=utf-8 477.1726ms 
2024-04-01 17:18:19.8309|DEBUG|Microsoft.AspNetCore.Server.Kestrel.Transport.Sockets|Connection id "0HN2I5I8J7JFF" received FIN. 
2024-04-01 17:18:19.8309|DEBUG|Microsoft.AspNetCore.Server.Kestrel.Transport.Sockets|Connection id "0HN2I5I8J7JFF" sending FIN because: "The Socket transport's send loop completed gracefully." 
2024-04-01 17:18:19.8309|DEBUG|Microsoft.AspNetCore.Server.Kestrel.Connections|Connection id "0HN2I5I8J7JFF" disconnecting. 
2024-04-01 17:18:19.8309|DEBUG|Microsoft.AspNetCore.Server.Kestrel.Connections|Connection id "0HN2I5I8J7JFF" stopped. 
2024-04-01 17:18:30.7075|DEBUG|Microsoft.AspNetCore.Server.Kestrel.Connections|Connection id "0HN2I5I8J7JFG" accepted. 
2024-04-01 17:18:30.7075|DEBUG|Microsoft.AspNetCore.Server.Kestrel.Connections|Connection id "0HN2I5I8J7JFG" started. 
2024-04-01 17:18:30.7075|DEBUG|Microsoft.AspNetCore.Server.Kestrel.Https.Internal.HttpsConnectionMiddleware|Connection 0HN2I5I8J7JFG established using the following protocol: Tls13 
2024-04-01 17:18:30.7075|INFO|Microsoft.AspNetCore.Hosting.Diagnostics|Request starting HTTP/1.1 GET https://localhost:7290/api/Article/55cf279d-9122-4679-990d-89ee0e59e20e - application/json - 
2024-04-01 17:18:30.7075|TRACE|Microsoft.AspNetCore.HostFiltering.HostFilteringMiddleware|All hosts are allowed. 
2024-04-01 17:18:30.7075|DEBUG|Microsoft.AspNetCore.Routing.Matching.DfaMatcher|1 candidate(s) found for the request path '/api/Article/55cf279d-9122-4679-990d-89ee0e59e20e' 
2024-04-01 17:18:30.7075|DEBUG|Microsoft.AspNetCore.Routing.Matching.DfaMatcher|Endpoint 'LitZhu.WebApi.Controllers.Article.ArticleController.FindArticle (LitZhu.WebApi)' with route pattern 'api/Article/{articleId}' is valid for the request path '/api/Article/55cf279d-9122-4679-990d-89ee0e59e20e' 
2024-04-01 17:18:30.7075|DEBUG|Microsoft.AspNetCore.Routing.EndpointRoutingMiddleware|Request matched endpoint 'LitZhu.WebApi.Controllers.Article.ArticleController.FindArticle (LitZhu.WebApi)' 
2024-04-01 17:18:30.7075|TRACE|Microsoft.AspNetCore.Routing.EndpointRoutingMiddleware|The endpoint does not specify the IRequestSizeLimitMetadata. 
2024-04-01 17:18:30.7075|DEBUG|Microsoft.AspNetCore.StaticFiles.StaticFileMiddleware|Static files was skipped as the request already matched an endpoint. 
2024-04-01 17:18:30.7075|DEBUG|Microsoft.AspNetCore.Authentication.JwtBearer.JwtBearerHandler|Successfully validated the token. 
2024-04-01 17:18:30.7075|DEBUG|Microsoft.AspNetCore.Authentication.JwtBearer.JwtBearerHandler|AuthenticationScheme: Bearer was successfully authenticated. 
2024-04-01 17:18:30.7075|INFO|Microsoft.AspNetCore.Routing.EndpointMiddleware|Executing endpoint 'LitZhu.WebApi.Controllers.Article.ArticleController.FindArticle (LitZhu.WebApi)' 
2024-04-01 17:18:30.7075|INFO|Microsoft.AspNetCore.Mvc.Infrastructure.ControllerActionInvoker|Route matched with {action = "FindArticle", controller = "Article"}. Executing controller action with signature System.Threading.Tasks.Task`1[Microsoft.AspNetCore.Mvc.ActionResult`1[Article.Domain.DTO.ArticleDto]] FindArticle(System.Guid) on controller LitZhu.WebApi.Controllers.Article.ArticleController (LitZhu.WebApi). 
2024-04-01 17:18:30.7075|DEBUG|Microsoft.AspNetCore.Mvc.Infrastructure.ControllerActionInvoker|Execution plan of authorization filters (in the following order): None 
2024-04-01 17:18:30.7075|DEBUG|Microsoft.AspNetCore.Mvc.Infrastructure.ControllerActionInvoker|Execution plan of resource filters (in the following order): None 
2024-04-01 17:18:30.7075|DEBUG|Microsoft.AspNetCore.Mvc.Infrastructure.ControllerActionInvoker|Execution plan of action filters (in the following order): Microsoft.AspNetCore.Mvc.ModelBinding.UnsupportedContentTypeFilter (Order: -3000), Microsoft.AspNetCore.Mvc.Infrastructure.ModelStateInvalidFilter (Order: -2000) 
2024-04-01 17:18:30.7075|DEBUG|Microsoft.AspNetCore.Mvc.Infrastructure.ControllerActionInvoker|Execution plan of exception filters (in the following order): None 
2024-04-01 17:18:30.7075|DEBUG|Microsoft.AspNetCore.Mvc.Infrastructure.ControllerActionInvoker|Execution plan of result filters (in the following order): Microsoft.AspNetCore.Mvc.Infrastructure.ClientErrorResultFilter (Order: -2000) 
2024-04-01 17:18:30.7075|DEBUG|Microsoft.AspNetCore.Mvc.Infrastructure.ControllerActionInvoker|Executing controller factory for controller LitZhu.WebApi.Controllers.Article.ArticleController (LitZhu.WebApi) 
2024-04-01 17:18:30.7251|DEBUG|Microsoft.EntityFrameworkCore.Infrastructure|Entity Framework Core 8.0.1 initialized 'ArticleDbContext' using provider 'Pomelo.EntityFrameworkCore.MySql:8.0.1' with options: ServerVersion=8.0.23-mysql  
2024-04-01 17:18:30.7251|DEBUG|Microsoft.AspNetCore.Mvc.Infrastructure.ControllerActionInvoker|Executed controller factory for controller LitZhu.WebApi.Controllers.Article.ArticleController (LitZhu.WebApi) 
2024-04-01 17:18:30.7251|DEBUG|Microsoft.AspNetCore.Mvc.ModelBinding.ParameterBinder|Attempting to bind parameter 'articleId' of type 'System.Guid' ... 
2024-04-01 17:18:30.7251|DEBUG|Microsoft.AspNetCore.Mvc.ModelBinding.Binders.SimpleTypeModelBinder|Attempting to bind parameter 'articleId' of type 'System.Guid' using the name 'articleId' in request data ... 
2024-04-01 17:18:30.7251|DEBUG|Microsoft.AspNetCore.Mvc.ModelBinding.Binders.SimpleTypeModelBinder|Done attempting to bind parameter 'articleId' of type 'System.Guid'. 
2024-04-01 17:18:30.7251|DEBUG|Microsoft.AspNetCore.Mvc.ModelBinding.ParameterBinder|Done attempting to bind parameter 'articleId' of type 'System.Guid'. 
2024-04-01 17:18:30.7251|DEBUG|Microsoft.AspNetCore.Mvc.ModelBinding.ParameterBinder|Attempting to validate the bound parameter 'articleId' of type 'System.Guid' ... 
2024-04-01 17:18:30.7251|DEBUG|Microsoft.AspNetCore.Mvc.ModelBinding.ParameterBinder|Done attempting to validate the bound parameter 'articleId' of type 'System.Guid'. 
2024-04-01 17:18:30.7251|TRACE|Microsoft.AspNetCore.Mvc.Infrastructure.ControllerActionInvoker|Action Filter: Before executing OnActionExecuting on filter Microsoft.AspNetCore.Mvc.ModelBinding.UnsupportedContentTypeFilter. 
2024-04-01 17:18:30.7251|TRACE|Microsoft.AspNetCore.Mvc.Infrastructure.ControllerActionInvoker|Action Filter: After executing OnActionExecuting on filter Microsoft.AspNetCore.Mvc.ModelBinding.UnsupportedContentTypeFilter. 
2024-04-01 17:18:30.7251|TRACE|Microsoft.AspNetCore.Mvc.Infrastructure.ControllerActionInvoker|Action Filter: Before executing OnActionExecuting on filter Microsoft.AspNetCore.Mvc.Infrastructure.ModelStateInvalidFilter. 
2024-04-01 17:18:30.7251|TRACE|Microsoft.AspNetCore.Mvc.Infrastructure.ControllerActionInvoker|Action Filter: After executing OnActionExecuting on filter Microsoft.AspNetCore.Mvc.Infrastructure.ModelStateInvalidFilter. 
2024-04-01 17:18:30.7251|INFO|Microsoft.AspNetCore.Mvc.Infrastructure.ControllerActionInvoker|Executing action method LitZhu.WebApi.Controllers.Article.ArticleController.FindArticle (LitZhu.WebApi) - Validation state: Valid 
2024-04-01 17:18:30.7251|TRACE|Microsoft.AspNetCore.Mvc.Infrastructure.ControllerActionInvoker|Executing action method LitZhu.WebApi.Controllers.Article.ArticleController.FindArticle (LitZhu.WebApi) with arguments (55cf279d-9122-4679-990d-89ee0e59e20e) 
2024-04-01 17:18:30.7251|DEBUG|Microsoft.EntityFrameworkCore.Database.Connection|Creating DbConnection. 
2024-04-01 17:18:30.7251|DEBUG|Microsoft.EntityFrameworkCore.Database.Connection|Created DbConnection. (0ms). 
2024-04-01 17:18:30.7251|DEBUG|Microsoft.EntityFrameworkCore.Database.Connection|Opening connection to database 'LitZhu' on server 'localhost'. 
2024-04-01 17:18:30.7251|DEBUG|Microsoft.EntityFrameworkCore.Database.Connection|Opened connection to database 'LitZhu' on server 'localhost'. 
2024-04-01 17:18:30.7251|DEBUG|Microsoft.EntityFrameworkCore.Database.Command|Creating DbCommand for 'ExecuteReader'. 
2024-04-01 17:18:30.7251|DEBUG|Microsoft.EntityFrameworkCore.Database.Command|Created DbCommand for 'ExecuteReader' (0ms). 
2024-04-01 17:18:30.7251|DEBUG|Microsoft.EntityFrameworkCore.Database.Command|Initialized DbCommand for 'ExecuteReader' (0ms). 
2024-04-01 17:18:30.7251|DEBUG|Microsoft.EntityFrameworkCore.Database.Command|Executing DbCommand [Parameters=[@__articleId_0='?' (DbType = Guid)], CommandType='Text', CommandTimeout='30']
SELECT `t`.`Id`, `t`.`Content`, `t`.`CreationTime`, `t`.`DeletionTime`, `t`.`Desc`, `t`.`Image`, `t`.`IsDeleted`, `t`.`LastModificationTime`, `t`.`Likes`, `t`.`Title`, `t`.`UserId`, `t`.`Views`, `c`.`Id`, `c`.`ArticleId`, `c`.`Content`, `c`.`CreationTime`, `c`.`LastModificationTime`, `c`.`Likes`, `c`.`PId`, `c`.`Path`, `c`.`UserId`, `t1`.`ArticleId`, `t1`.`TagId`, `t1`.`Id`, `t1`.`CreationTime`, `t1`.`DeletionTime`, `t1`.`IsDeleted`, `t1`.`LastModificationTime`, `t1`.`TagName`
FROM (
    SELECT `a`.`Id`, `a`.`Content`, `a`.`CreationTime`, `a`.`DeletionTime`, `a`.`Desc`, `a`.`Image`, `a`.`IsDeleted`, `a`.`LastModificationTime`, `a`.`Likes`, `a`.`Title`, `a`.`UserId`, `a`.`Views`
    FROM `Articles` AS `a`
    WHERE NOT (`a`.`IsDeleted`) AND (`a`.`Id` = @__articleId_0)
    LIMIT 1
) AS `t`
LEFT JOIN `Comments` AS `c` ON `t`.`Id` = `c`.`ArticleId`
LEFT JOIN (
    SELECT `a0`.`ArticleId`, `a0`.`TagId`, `t0`.`Id`, `t0`.`CreationTime`, `t0`.`DeletionTime`, `t0`.`IsDeleted`, `t0`.`LastModificationTime`, `t0`.`TagName`
    FROM `Articles_Tags` AS `a0`
    INNER JOIN (
        SELECT `t2`.`Id`, `t2`.`CreationTime`, `t2`.`DeletionTime`, `t2`.`IsDeleted`, `t2`.`LastModificationTime`, `t2`.`TagName`
        FROM `Tags` AS `t2`
        WHERE NOT (`t2`.`IsDeleted`)
    ) AS `t0` ON `a0`.`TagId` = `t0`.`Id`
) AS `t1` ON `t`.`Id` = `t1`.`ArticleId`
ORDER BY `t`.`Id`, `c`.`Id`, `t1`.`ArticleId`, `t1`.`TagId` 
2024-04-01 17:18:30.7414|INFO|Microsoft.EntityFrameworkCore.Database.Command|Executed DbCommand (5ms) [Parameters=[@__articleId_0='?' (DbType = Guid)], CommandType='Text', CommandTimeout='30']
SELECT `t`.`Id`, `t`.`Content`, `t`.`CreationTime`, `t`.`DeletionTime`, `t`.`Desc`, `t`.`Image`, `t`.`IsDeleted`, `t`.`LastModificationTime`, `t`.`Likes`, `t`.`Title`, `t`.`UserId`, `t`.`Views`, `c`.`Id`, `c`.`ArticleId`, `c`.`Content`, `c`.`CreationTime`, `c`.`LastModificationTime`, `c`.`Likes`, `c`.`PId`, `c`.`Path`, `c`.`UserId`, `t1`.`ArticleId`, `t1`.`TagId`, `t1`.`Id`, `t1`.`CreationTime`, `t1`.`DeletionTime`, `t1`.`IsDeleted`, `t1`.`LastModificationTime`, `t1`.`TagName`
FROM (
    SELECT `a`.`Id`, `a`.`Content`, `a`.`CreationTime`, `a`.`DeletionTime`, `a`.`Desc`, `a`.`Image`, `a`.`IsDeleted`, `a`.`LastModificationTime`, `a`.`Likes`, `a`.`Title`, `a`.`UserId`, `a`.`Views`
    FROM `Articles` AS `a`
    WHERE NOT (`a`.`IsDeleted`) AND (`a`.`Id` = @__articleId_0)
    LIMIT 1
) AS `t`
LEFT JOIN `Comments` AS `c` ON `t`.`Id` = `c`.`ArticleId`
LEFT JOIN (
    SELECT `a0`.`ArticleId`, `a0`.`TagId`, `t0`.`Id`, `t0`.`CreationTime`, `t0`.`DeletionTime`, `t0`.`IsDeleted`, `t0`.`LastModificationTime`, `t0`.`TagName`
    FROM `Articles_Tags` AS `a0`
    INNER JOIN (
        SELECT `t2`.`Id`, `t2`.`CreationTime`, `t2`.`DeletionTime`, `t2`.`IsDeleted`, `t2`.`LastModificationTime`, `t2`.`TagName`
        FROM `Tags` AS `t2`
        WHERE NOT (`t2`.`IsDeleted`)
    ) AS `t0` ON `a0`.`TagId` = `t0`.`Id`
) AS `t1` ON `t`.`Id` = `t1`.`ArticleId`
ORDER BY `t`.`Id`, `c`.`Id`, `t1`.`ArticleId`, `t1`.`TagId` 
2024-04-01 17:18:30.7414|DEBUG|Microsoft.EntityFrameworkCore.ChangeTracking|Context 'ArticleDbContext' started tracking 'Articles' entity. Consider using 'DbContextOptionsBuilder.EnableSensitiveDataLogging' to see key values. 
2024-04-01 17:18:30.7414|DEBUG|Microsoft.EntityFrameworkCore.ChangeTracking|Context 'ArticleDbContext' started tracking 'Comments' entity. Consider using 'DbContextOptionsBuilder.EnableSensitiveDataLogging' to see key values. 
2024-04-01 17:18:30.7414|DEBUG|Microsoft.EntityFrameworkCore.ChangeTracking|Context 'ArticleDbContext' started tracking 'ArticleTags' entity. Consider using 'DbContextOptionsBuilder.EnableSensitiveDataLogging' to see key values. 
2024-04-01 17:18:30.7414|DEBUG|Microsoft.EntityFrameworkCore.ChangeTracking|The navigation 'ArticleTags.Tags' was detected as changed. Consider using 'DbContextOptionsBuilder.EnableSensitiveDataLogging' to see key values. 
2024-04-01 17:18:30.7414|DEBUG|Microsoft.EntityFrameworkCore.ChangeTracking|Context 'ArticleDbContext' started tracking 'Tags' entity. Consider using 'DbContextOptionsBuilder.EnableSensitiveDataLogging' to see key values. 
2024-04-01 17:18:30.7414|DEBUG|Microsoft.EntityFrameworkCore.ChangeTracking|Context 'ArticleDbContext' started tracking 'ArticleTags' entity. Consider using 'DbContextOptionsBuilder.EnableSensitiveDataLogging' to see key values. 
2024-04-01 17:18:30.7414|DEBUG|Microsoft.EntityFrameworkCore.ChangeTracking|The navigation 'ArticleTags.Tags' was detected as changed. Consider using 'DbContextOptionsBuilder.EnableSensitiveDataLogging' to see key values. 
2024-04-01 17:18:30.7414|DEBUG|Microsoft.EntityFrameworkCore.ChangeTracking|Context 'ArticleDbContext' started tracking 'Tags' entity. Consider using 'DbContextOptionsBuilder.EnableSensitiveDataLogging' to see key values. 
2024-04-01 17:18:30.7414|DEBUG|Microsoft.EntityFrameworkCore.Database.Command|Closing data reader to 'LitZhu' on server 'localhost'. 
2024-04-01 17:18:30.7414|DEBUG|Microsoft.EntityFrameworkCore.Database.Command|A data reader for 'LitZhu' on server 'localhost' is being disposed after spending 8ms reading results. 
2024-04-01 17:18:30.7414|DEBUG|Microsoft.EntityFrameworkCore.Database.Connection|Closing connection to database 'LitZhu' on server 'localhost'. 
2024-04-01 17:18:30.7414|DEBUG|Microsoft.EntityFrameworkCore.Database.Connection|Closed connection to database 'LitZhu' on server 'localhost' (0ms). 
2024-04-01 17:18:30.7559|INFO|Microsoft.AspNetCore.Mvc.Infrastructure.ControllerActionInvoker|Executed action method LitZhu.WebApi.Controllers.Article.ArticleController.FindArticle (LitZhu.WebApi), returned result Microsoft.AspNetCore.Mvc.OkObjectResult in 27.232ms. 
2024-04-01 17:18:30.7559|TRACE|Microsoft.AspNetCore.Mvc.Infrastructure.ControllerActionInvoker|Action Filter: Before executing OnActionExecuted on filter Microsoft.AspNetCore.Mvc.Infrastructure.ModelStateInvalidFilter. 
2024-04-01 17:18:30.7559|TRACE|Microsoft.AspNetCore.Mvc.Infrastructure.ControllerActionInvoker|Action Filter: After executing OnActionExecuted on filter Microsoft.AspNetCore.Mvc.Infrastructure.ModelStateInvalidFilter. 
2024-04-01 17:18:30.7559|TRACE|Microsoft.AspNetCore.Mvc.Infrastructure.ControllerActionInvoker|Action Filter: Before executing OnActionExecuted on filter Microsoft.AspNetCore.Mvc.ModelBinding.UnsupportedContentTypeFilter. 
2024-04-01 17:18:30.7559|TRACE|Microsoft.AspNetCore.Mvc.Infrastructure.ControllerActionInvoker|Action Filter: After executing OnActionExecuted on filter Microsoft.AspNetCore.Mvc.ModelBinding.UnsupportedContentTypeFilter. 
2024-04-01 17:18:30.7559|TRACE|Microsoft.AspNetCore.Mvc.Infrastructure.ControllerActionInvoker|Result Filter: Before executing OnResultExecuting on filter Microsoft.AspNetCore.Mvc.Infrastructure.ClientErrorResultFilter. 
2024-04-01 17:18:30.7559|TRACE|Microsoft.AspNetCore.Mvc.Infrastructure.ControllerActionInvoker|Result Filter: After executing OnResultExecuting on filter Microsoft.AspNetCore.Mvc.Infrastructure.ClientErrorResultFilter. 
2024-04-01 17:18:30.7559|TRACE|Microsoft.AspNetCore.Mvc.Infrastructure.ControllerActionInvoker|Before executing action result Microsoft.AspNetCore.Mvc.OkObjectResult. 
2024-04-01 17:18:30.7559|DEBUG|Microsoft.AspNetCore.Mvc.Infrastructure.DefaultOutputFormatterSelector|List of registered output formatters, in the following order: Microsoft.AspNetCore.Mvc.Formatters.HttpNoContentOutputFormatter, Microsoft.AspNetCore.Mvc.Formatters.StringOutputFormatter, Microsoft.AspNetCore.Mvc.Formatters.StreamOutputFormatter, Microsoft.AspNetCore.Mvc.Formatters.NewtonsoftJsonOutputFormatter 
2024-04-01 17:18:30.7559|DEBUG|Microsoft.AspNetCore.Mvc.Infrastructure.DefaultOutputFormatterSelector|No information found on request to perform content negotiation. 
2024-04-01 17:18:30.7559|DEBUG|Microsoft.AspNetCore.Mvc.Infrastructure.DefaultOutputFormatterSelector|Attempting to select an output formatter without using a content type as no explicit content types were specified for the response. 
2024-04-01 17:18:30.7559|DEBUG|Microsoft.AspNetCore.Mvc.Infrastructure.DefaultOutputFormatterSelector|Attempting to select the first formatter in the output formatters list which can write the result. 
2024-04-01 17:18:30.7559|DEBUG|Microsoft.AspNetCore.Mvc.Infrastructure.DefaultOutputFormatterSelector|Selected output formatter 'Microsoft.AspNetCore.Mvc.Formatters.NewtonsoftJsonOutputFormatter' and content type 'application/json' to write the response. 
2024-04-01 17:18:30.7559|INFO|Microsoft.AspNetCore.Mvc.Infrastructure.ObjectResultExecutor|Executing OkObjectResult, writing value of type 'LitZhu.WebApi.R'. 
2024-04-01 17:18:30.7559|TRACE|Microsoft.AspNetCore.Mvc.Infrastructure.ControllerActionInvoker|After executing action result Microsoft.AspNetCore.Mvc.OkObjectResult. 
2024-04-01 17:18:30.7559|TRACE|Microsoft.AspNetCore.Mvc.Infrastructure.ControllerActionInvoker|Result Filter: Before executing OnResultExecuted on filter Microsoft.AspNetCore.Mvc.Infrastructure.ClientErrorResultFilter. 
2024-04-01 17:18:30.7559|TRACE|Microsoft.AspNetCore.Mvc.Infrastructure.ControllerActionInvoker|Result Filter: After executing OnResultExecuted on filter Microsoft.AspNetCore.Mvc.Infrastructure.ClientErrorResultFilter. 
2024-04-01 17:18:30.7559|INFO|Microsoft.AspNetCore.Mvc.Infrastructure.ControllerActionInvoker|Executed action LitZhu.WebApi.Controllers.Article.ArticleController.FindArticle (LitZhu.WebApi) in 40.8588ms 
2024-04-01 17:18:30.7559|INFO|Microsoft.AspNetCore.Routing.EndpointMiddleware|Executed endpoint 'LitZhu.WebApi.Controllers.Article.ArticleController.FindArticle (LitZhu.WebApi)' 
2024-04-01 17:18:30.7559|DEBUG|Microsoft.AspNetCore.Server.Kestrel.Connections|Connection id "0HN2I5I8J7JFG" completed keep alive response. 
2024-04-01 17:18:30.7559|DEBUG|Microsoft.EntityFrameworkCore.Infrastructure|'ArticleDbContext' disposed. 
2024-04-01 17:18:30.7559|DEBUG|Microsoft.EntityFrameworkCore.Database.Connection|Disposing connection to database 'LitZhu' on server 'localhost'. 
2024-04-01 17:18:30.7559|DEBUG|Microsoft.EntityFrameworkCore.Database.Connection|Disposed connection to database 'LitZhu' on server 'localhost' (0ms). 
2024-04-01 17:18:30.7559|INFO|Microsoft.AspNetCore.Hosting.Diagnostics|Request finished HTTP/1.1 GET https://localhost:7290/api/Article/55cf279d-9122-4679-990d-89ee0e59e20e - 200 470 application/json;+charset=utf-8 48.3321ms 
2024-04-01 17:18:30.7559|DEBUG|Microsoft.AspNetCore.Server.Kestrel.Transport.Sockets|Connection id "0HN2I5I8J7JFG" received FIN. 
2024-04-01 17:18:30.7559|DEBUG|Microsoft.AspNetCore.Server.Kestrel.Transport.Sockets|Connection id "0HN2I5I8J7JFG" sending FIN because: "The Socket transport's send loop completed gracefully." 
2024-04-01 17:18:30.7559|DEBUG|Microsoft.AspNetCore.Server.Kestrel.Connections|Connection id "0HN2I5I8J7JFG" disconnecting. 
2024-04-01 17:18:30.7559|DEBUG|Microsoft.AspNetCore.Server.Kestrel.Connections|Connection id "0HN2I5I8J7JFG" stopped. 
2024-04-01 17:18:43.7394|DEBUG|Microsoft.AspNetCore.Server.Kestrel.Connections|Connection id "0HN2I5I8J7JFH" accepted. 
2024-04-01 17:18:43.7394|DEBUG|Microsoft.AspNetCore.Server.Kestrel.Connections|Connection id "0HN2I5I8J7JFH" started. 
2024-04-01 17:18:43.7542|DEBUG|Microsoft.AspNetCore.Server.Kestrel.Https.Internal.HttpsConnectionMiddleware|Connection 0HN2I5I8J7JFH established using the following protocol: Tls13 
2024-04-01 17:18:43.7542|INFO|Microsoft.AspNetCore.Hosting.Diagnostics|Request starting HTTP/1.1 GET https://localhost:7290/api/Comment/55cf279d-9122-4679-990d-89ee0e59e20e/Comments - - - 
2024-04-01 17:18:43.7542|TRACE|Microsoft.AspNetCore.HostFiltering.HostFilteringMiddleware|All hosts are allowed. 
2024-04-01 17:18:43.7542|DEBUG|Microsoft.AspNetCore.Routing.Matching.DfaMatcher|1 candidate(s) found for the request path '/api/Comment/55cf279d-9122-4679-990d-89ee0e59e20e/Comments' 
2024-04-01 17:18:43.7542|DEBUG|Microsoft.AspNetCore.Routing.Matching.DfaMatcher|Endpoint 'LitZhu.WebApi.Controllers.Article.CommentController.GetArticleComments (LitZhu.WebApi)' with route pattern 'api/Comment/{articleId}/Comments' is valid for the request path '/api/Comment/55cf279d-9122-4679-990d-89ee0e59e20e/Comments' 
2024-04-01 17:18:43.7542|DEBUG|Microsoft.AspNetCore.Routing.EndpointRoutingMiddleware|Request matched endpoint 'LitZhu.WebApi.Controllers.Article.CommentController.GetArticleComments (LitZhu.WebApi)' 
2024-04-01 17:18:43.7542|TRACE|Microsoft.AspNetCore.Routing.EndpointRoutingMiddleware|The endpoint does not specify the IRequestSizeLimitMetadata. 
2024-04-01 17:18:43.7542|DEBUG|Microsoft.AspNetCore.StaticFiles.StaticFileMiddleware|Static files was skipped as the request already matched an endpoint. 
2024-04-01 17:18:43.7542|DEBUG|Microsoft.AspNetCore.Authentication.JwtBearer.JwtBearerHandler|Successfully validated the token. 
2024-04-01 17:18:43.7542|DEBUG|Microsoft.AspNetCore.Authentication.JwtBearer.JwtBearerHandler|AuthenticationScheme: Bearer was successfully authenticated. 
2024-04-01 17:18:43.7542|INFO|Microsoft.AspNetCore.Routing.EndpointMiddleware|Executing endpoint 'LitZhu.WebApi.Controllers.Article.CommentController.GetArticleComments (LitZhu.WebApi)' 
2024-04-01 17:18:43.7542|INFO|Microsoft.AspNetCore.Mvc.Infrastructure.ControllerActionInvoker|Route matched with {action = "GetArticleComments", controller = "Comment"}. Executing controller action with signature System.Threading.Tasks.Task`1[Microsoft.AspNetCore.Mvc.ActionResult`1[System.Collections.Generic.List`1[Article.Domain.DTO.CommentDto]]] GetArticleComments(System.Guid) on controller LitZhu.WebApi.Controllers.Article.CommentController (LitZhu.WebApi). 
2024-04-01 17:18:43.7542|DEBUG|Microsoft.AspNetCore.Mvc.Infrastructure.ControllerActionInvoker|Execution plan of authorization filters (in the following order): None 
2024-04-01 17:18:43.7542|DEBUG|Microsoft.AspNetCore.Mvc.Infrastructure.ControllerActionInvoker|Execution plan of resource filters (in the following order): None 
2024-04-01 17:18:43.7542|DEBUG|Microsoft.AspNetCore.Mvc.Infrastructure.ControllerActionInvoker|Execution plan of action filters (in the following order): Microsoft.AspNetCore.Mvc.ModelBinding.UnsupportedContentTypeFilter (Order: -3000), Microsoft.AspNetCore.Mvc.Infrastructure.ModelStateInvalidFilter (Order: -2000) 
2024-04-01 17:18:43.7542|DEBUG|Microsoft.AspNetCore.Mvc.Infrastructure.ControllerActionInvoker|Execution plan of exception filters (in the following order): None 
2024-04-01 17:18:43.7542|DEBUG|Microsoft.AspNetCore.Mvc.Infrastructure.ControllerActionInvoker|Execution plan of result filters (in the following order): Microsoft.AspNetCore.Mvc.Infrastructure.ClientErrorResultFilter (Order: -2000) 
2024-04-01 17:18:43.7542|DEBUG|Microsoft.AspNetCore.Mvc.Infrastructure.ControllerActionInvoker|Executing controller factory for controller LitZhu.WebApi.Controllers.Article.CommentController (LitZhu.WebApi) 
2024-04-01 17:18:43.7677|DEBUG|Microsoft.EntityFrameworkCore.Infrastructure|Entity Framework Core 8.0.1 initialized 'ArticleDbContext' using provider 'Pomelo.EntityFrameworkCore.MySql:8.0.1' with options: ServerVersion=8.0.23-mysql  
2024-04-01 17:18:43.7677|DEBUG|Microsoft.EntityFrameworkCore.Infrastructure|Entity Framework Core 8.0.1 initialized 'UserDbContext' using provider 'Pomelo.EntityFrameworkCore.MySql:8.0.1' with options: ServerVersion=8.0.23-mysql  
2024-04-01 17:18:43.7677|DEBUG|Microsoft.AspNetCore.Mvc.Infrastructure.ControllerActionInvoker|Executed controller factory for controller LitZhu.WebApi.Controllers.Article.CommentController (LitZhu.WebApi) 
2024-04-01 17:18:43.7677|DEBUG|Microsoft.AspNetCore.Mvc.ModelBinding.ParameterBinder|Attempting to bind parameter 'articleId' of type 'System.Guid' ... 
2024-04-01 17:18:43.7677|DEBUG|Microsoft.AspNetCore.Mvc.ModelBinding.Binders.SimpleTypeModelBinder|Attempting to bind parameter 'articleId' of type 'System.Guid' using the name 'articleId' in request data ... 
2024-04-01 17:18:43.7677|DEBUG|Microsoft.AspNetCore.Mvc.ModelBinding.Binders.SimpleTypeModelBinder|Done attempting to bind parameter 'articleId' of type 'System.Guid'. 
2024-04-01 17:18:43.7677|DEBUG|Microsoft.AspNetCore.Mvc.ModelBinding.ParameterBinder|Done attempting to bind parameter 'articleId' of type 'System.Guid'. 
2024-04-01 17:18:43.7677|DEBUG|Microsoft.AspNetCore.Mvc.ModelBinding.ParameterBinder|Attempting to validate the bound parameter 'articleId' of type 'System.Guid' ... 
2024-04-01 17:18:43.7677|DEBUG|Microsoft.AspNetCore.Mvc.ModelBinding.ParameterBinder|Done attempting to validate the bound parameter 'articleId' of type 'System.Guid'. 
2024-04-01 17:18:43.7677|TRACE|Microsoft.AspNetCore.Mvc.Infrastructure.ControllerActionInvoker|Action Filter: Before executing OnActionExecuting on filter Microsoft.AspNetCore.Mvc.ModelBinding.UnsupportedContentTypeFilter. 
2024-04-01 17:18:43.7677|TRACE|Microsoft.AspNetCore.Mvc.Infrastructure.ControllerActionInvoker|Action Filter: After executing OnActionExecuting on filter Microsoft.AspNetCore.Mvc.ModelBinding.UnsupportedContentTypeFilter. 
2024-04-01 17:18:43.7677|TRACE|Microsoft.AspNetCore.Mvc.Infrastructure.ControllerActionInvoker|Action Filter: Before executing OnActionExecuting on filter Microsoft.AspNetCore.Mvc.Infrastructure.ModelStateInvalidFilter. 
2024-04-01 17:18:43.7677|TRACE|Microsoft.AspNetCore.Mvc.Infrastructure.ControllerActionInvoker|Action Filter: After executing OnActionExecuting on filter Microsoft.AspNetCore.Mvc.Infrastructure.ModelStateInvalidFilter. 
2024-04-01 17:18:43.7677|INFO|Microsoft.AspNetCore.Mvc.Infrastructure.ControllerActionInvoker|Executing action method LitZhu.WebApi.Controllers.Article.CommentController.GetArticleComments (LitZhu.WebApi) - Validation state: Valid 
2024-04-01 17:18:43.7677|TRACE|Microsoft.AspNetCore.Mvc.Infrastructure.ControllerActionInvoker|Executing action method LitZhu.WebApi.Controllers.Article.CommentController.GetArticleComments (LitZhu.WebApi) with arguments (55cf279d-9122-4679-990d-89ee0e59e20e) 
2024-04-01 17:18:43.7677|DEBUG|Microsoft.EntityFrameworkCore.Database.Connection|Creating DbConnection. 
2024-04-01 17:18:43.7677|DEBUG|Microsoft.EntityFrameworkCore.Database.Connection|Created DbConnection. (0ms). 
2024-04-01 17:18:43.7677|DEBUG|Microsoft.EntityFrameworkCore.Database.Connection|Opening connection to database 'LitZhu' on server 'localhost'. 
2024-04-01 17:18:43.7677|DEBUG|Microsoft.EntityFrameworkCore.Database.Connection|Opened connection to database 'LitZhu' on server 'localhost'. 
2024-04-01 17:18:43.7677|DEBUG|Microsoft.EntityFrameworkCore.Database.Command|Creating DbCommand for 'ExecuteReader'. 
2024-04-01 17:18:43.7677|DEBUG|Microsoft.EntityFrameworkCore.Database.Command|Created DbCommand for 'ExecuteReader' (0ms). 
2024-04-01 17:18:43.7677|DEBUG|Microsoft.EntityFrameworkCore.Database.Command|Initialized DbCommand for 'ExecuteReader' (1ms). 
2024-04-01 17:18:43.7677|DEBUG|Microsoft.EntityFrameworkCore.Database.Command|Executing DbCommand [Parameters=[@__articleId_0='?' (DbType = Guid)], CommandType='Text', CommandTimeout='30']
SELECT `t`.`Id`, `t`.`Content`, `t`.`CreationTime`, `t`.`DeletionTime`, `t`.`Desc`, `t`.`Image`, `t`.`IsDeleted`, `t`.`LastModificationTime`, `t`.`Likes`, `t`.`Title`, `t`.`UserId`, `t`.`Views`, `c`.`Id`, `c`.`ArticleId`, `c`.`Content`, `c`.`CreationTime`, `c`.`LastModificationTime`, `c`.`Likes`, `c`.`PId`, `c`.`Path`, `c`.`UserId`, `t1`.`ArticleId`, `t1`.`TagId`, `t1`.`Id`, `t1`.`CreationTime`, `t1`.`DeletionTime`, `t1`.`IsDeleted`, `t1`.`LastModificationTime`, `t1`.`TagName`
FROM (
    SELECT `a`.`Id`, `a`.`Content`, `a`.`CreationTime`, `a`.`DeletionTime`, `a`.`Desc`, `a`.`Image`, `a`.`IsDeleted`, `a`.`LastModificationTime`, `a`.`Likes`, `a`.`Title`, `a`.`UserId`, `a`.`Views`
    FROM `Articles` AS `a`
    WHERE NOT (`a`.`IsDeleted`) AND (`a`.`Id` = @__articleId_0)
    LIMIT 1
) AS `t`
LEFT JOIN `Comments` AS `c` ON `t`.`Id` = `c`.`ArticleId`
LEFT JOIN (
    SELECT `a0`.`ArticleId`, `a0`.`TagId`, `t0`.`Id`, `t0`.`CreationTime`, `t0`.`DeletionTime`, `t0`.`IsDeleted`, `t0`.`LastModificationTime`, `t0`.`TagName`
    FROM `Articles_Tags` AS `a0`
    INNER JOIN (
        SELECT `t2`.`Id`, `t2`.`CreationTime`, `t2`.`DeletionTime`, `t2`.`IsDeleted`, `t2`.`LastModificationTime`, `t2`.`TagName`
        FROM `Tags` AS `t2`
        WHERE NOT (`t2`.`IsDeleted`)
    ) AS `t0` ON `a0`.`TagId` = `t0`.`Id`
) AS `t1` ON `t`.`Id` = `t1`.`ArticleId`
ORDER BY `t`.`Id`, `c`.`Id`, `t1`.`ArticleId`, `t1`.`TagId` 
2024-04-01 17:18:43.7874|INFO|Microsoft.EntityFrameworkCore.Database.Command|Executed DbCommand (5ms) [Parameters=[@__articleId_0='?' (DbType = Guid)], CommandType='Text', CommandTimeout='30']
SELECT `t`.`Id`, `t`.`Content`, `t`.`CreationTime`, `t`.`DeletionTime`, `t`.`Desc`, `t`.`Image`, `t`.`IsDeleted`, `t`.`LastModificationTime`, `t`.`Likes`, `t`.`Title`, `t`.`UserId`, `t`.`Views`, `c`.`Id`, `c`.`ArticleId`, `c`.`Content`, `c`.`CreationTime`, `c`.`LastModificationTime`, `c`.`Likes`, `c`.`PId`, `c`.`Path`, `c`.`UserId`, `t1`.`ArticleId`, `t1`.`TagId`, `t1`.`Id`, `t1`.`CreationTime`, `t1`.`DeletionTime`, `t1`.`IsDeleted`, `t1`.`LastModificationTime`, `t1`.`TagName`
FROM (
    SELECT `a`.`Id`, `a`.`Content`, `a`.`CreationTime`, `a`.`DeletionTime`, `a`.`Desc`, `a`.`Image`, `a`.`IsDeleted`, `a`.`LastModificationTime`, `a`.`Likes`, `a`.`Title`, `a`.`UserId`, `a`.`Views`
    FROM `Articles` AS `a`
    WHERE NOT (`a`.`IsDeleted`) AND (`a`.`Id` = @__articleId_0)
    LIMIT 1
) AS `t`
LEFT JOIN `Comments` AS `c` ON `t`.`Id` = `c`.`ArticleId`
LEFT JOIN (
    SELECT `a0`.`ArticleId`, `a0`.`TagId`, `t0`.`Id`, `t0`.`CreationTime`, `t0`.`DeletionTime`, `t0`.`IsDeleted`, `t0`.`LastModificationTime`, `t0`.`TagName`
    FROM `Articles_Tags` AS `a0`
    INNER JOIN (
        SELECT `t2`.`Id`, `t2`.`CreationTime`, `t2`.`DeletionTime`, `t2`.`IsDeleted`, `t2`.`LastModificationTime`, `t2`.`TagName`
        FROM `Tags` AS `t2`
        WHERE NOT (`t2`.`IsDeleted`)
    ) AS `t0` ON `a0`.`TagId` = `t0`.`Id`
) AS `t1` ON `t`.`Id` = `t1`.`ArticleId`
ORDER BY `t`.`Id`, `c`.`Id`, `t1`.`ArticleId`, `t1`.`TagId` 
2024-04-01 17:18:43.7874|DEBUG|Microsoft.EntityFrameworkCore.ChangeTracking|Context 'ArticleDbContext' started tracking 'Articles' entity. Consider using 'DbContextOptionsBuilder.EnableSensitiveDataLogging' to see key values. 
2024-04-01 17:18:43.7874|DEBUG|Microsoft.EntityFrameworkCore.ChangeTracking|Context 'ArticleDbContext' started tracking 'Comments' entity. Consider using 'DbContextOptionsBuilder.EnableSensitiveDataLogging' to see key values. 
2024-04-01 17:18:43.7874|DEBUG|Microsoft.EntityFrameworkCore.ChangeTracking|Context 'ArticleDbContext' started tracking 'ArticleTags' entity. Consider using 'DbContextOptionsBuilder.EnableSensitiveDataLogging' to see key values. 
2024-04-01 17:18:43.7874|DEBUG|Microsoft.EntityFrameworkCore.ChangeTracking|The navigation 'ArticleTags.Tags' was detected as changed. Consider using 'DbContextOptionsBuilder.EnableSensitiveDataLogging' to see key values. 
2024-04-01 17:18:43.7874|DEBUG|Microsoft.EntityFrameworkCore.ChangeTracking|Context 'ArticleDbContext' started tracking 'Tags' entity. Consider using 'DbContextOptionsBuilder.EnableSensitiveDataLogging' to see key values. 
2024-04-01 17:18:43.7874|DEBUG|Microsoft.EntityFrameworkCore.ChangeTracking|Context 'ArticleDbContext' started tracking 'ArticleTags' entity. Consider using 'DbContextOptionsBuilder.EnableSensitiveDataLogging' to see key values. 
2024-04-01 17:18:43.7874|DEBUG|Microsoft.EntityFrameworkCore.ChangeTracking|The navigation 'ArticleTags.Tags' was detected as changed. Consider using 'DbContextOptionsBuilder.EnableSensitiveDataLogging' to see key values. 
2024-04-01 17:18:43.7874|DEBUG|Microsoft.EntityFrameworkCore.ChangeTracking|Context 'ArticleDbContext' started tracking 'Tags' entity. Consider using 'DbContextOptionsBuilder.EnableSensitiveDataLogging' to see key values. 
2024-04-01 17:18:43.7874|DEBUG|Microsoft.EntityFrameworkCore.Database.Command|Closing data reader to 'LitZhu' on server 'localhost'. 
2024-04-01 17:18:43.7874|DEBUG|Microsoft.EntityFrameworkCore.Database.Command|A data reader for 'LitZhu' on server 'localhost' is being disposed after spending 2ms reading results. 
2024-04-01 17:18:43.7874|DEBUG|Microsoft.EntityFrameworkCore.Database.Connection|Closing connection to database 'LitZhu' on server 'localhost'. 
2024-04-01 17:18:43.7874|DEBUG|Microsoft.EntityFrameworkCore.Database.Connection|Closed connection to database 'LitZhu' on server 'localhost' (0ms). 
2024-04-01 17:19:12.2314|INFO|Microsoft.AspNetCore.Mvc.Infrastructure.ControllerActionInvoker|Executed action method LitZhu.WebApi.Controllers.Article.CommentController.GetArticleComments (LitZhu.WebApi), returned result Microsoft.AspNetCore.Mvc.OkObjectResult in 28458.0514ms. 
2024-04-01 17:19:12.2314|TRACE|Microsoft.AspNetCore.Mvc.Infrastructure.ControllerActionInvoker|Action Filter: Before executing OnActionExecuted on filter Microsoft.AspNetCore.Mvc.Infrastructure.ModelStateInvalidFilter. 
2024-04-01 17:19:12.2314|TRACE|Microsoft.AspNetCore.Mvc.Infrastructure.ControllerActionInvoker|Action Filter: After executing OnActionExecuted on filter Microsoft.AspNetCore.Mvc.Infrastructure.ModelStateInvalidFilter. 
2024-04-01 17:19:12.2314|TRACE|Microsoft.AspNetCore.Mvc.Infrastructure.ControllerActionInvoker|Action Filter: Before executing OnActionExecuted on filter Microsoft.AspNetCore.Mvc.ModelBinding.UnsupportedContentTypeFilter. 
2024-04-01 17:19:12.2314|TRACE|Microsoft.AspNetCore.Mvc.Infrastructure.ControllerActionInvoker|Action Filter: After executing OnActionExecuted on filter Microsoft.AspNetCore.Mvc.ModelBinding.UnsupportedContentTypeFilter. 
2024-04-01 17:19:12.2314|TRACE|Microsoft.AspNetCore.Mvc.Infrastructure.ControllerActionInvoker|Result Filter: Before executing OnResultExecuting on filter Microsoft.AspNetCore.Mvc.Infrastructure.ClientErrorResultFilter. 
2024-04-01 17:19:12.2314|TRACE|Microsoft.AspNetCore.Mvc.Infrastructure.ControllerActionInvoker|Result Filter: After executing OnResultExecuting on filter Microsoft.AspNetCore.Mvc.Infrastructure.ClientErrorResultFilter. 
2024-04-01 17:19:12.2314|TRACE|Microsoft.AspNetCore.Mvc.Infrastructure.ControllerActionInvoker|Before executing action result Microsoft.AspNetCore.Mvc.OkObjectResult. 
2024-04-01 17:19:12.2314|DEBUG|Microsoft.AspNetCore.Mvc.Infrastructure.DefaultOutputFormatterSelector|List of registered output formatters, in the following order: Microsoft.AspNetCore.Mvc.Formatters.HttpNoContentOutputFormatter, Microsoft.AspNetCore.Mvc.Formatters.StringOutputFormatter, Microsoft.AspNetCore.Mvc.Formatters.StreamOutputFormatter, Microsoft.AspNetCore.Mvc.Formatters.NewtonsoftJsonOutputFormatter 
2024-04-01 17:19:12.2314|DEBUG|Microsoft.AspNetCore.Mvc.Infrastructure.DefaultOutputFormatterSelector|No information found on request to perform content negotiation. 
2024-04-01 17:19:12.2314|DEBUG|Microsoft.AspNetCore.Mvc.Infrastructure.DefaultOutputFormatterSelector|Attempting to select an output formatter without using a content type as no explicit content types were specified for the response. 
2024-04-01 17:19:12.2314|DEBUG|Microsoft.AspNetCore.Mvc.Infrastructure.DefaultOutputFormatterSelector|Attempting to select the first formatter in the output formatters list which can write the result. 
2024-04-01 17:19:12.2314|DEBUG|Microsoft.AspNetCore.Mvc.Infrastructure.DefaultOutputFormatterSelector|Selected output formatter 'Microsoft.AspNetCore.Mvc.Formatters.NewtonsoftJsonOutputFormatter' and content type 'application/json' to write the response. 
2024-04-01 17:19:12.2314|INFO|Microsoft.AspNetCore.Mvc.Infrastructure.ObjectResultExecutor|Executing OkObjectResult, writing value of type 'LitZhu.WebApi.R'. 
2024-04-01 17:19:12.2489|TRACE|Microsoft.AspNetCore.Mvc.Infrastructure.ControllerActionInvoker|After executing action result Microsoft.AspNetCore.Mvc.OkObjectResult. 
2024-04-01 17:19:12.2489|TRACE|Microsoft.AspNetCore.Mvc.Infrastructure.ControllerActionInvoker|Result Filter: Before executing OnResultExecuted on filter Microsoft.AspNetCore.Mvc.Infrastructure.ClientErrorResultFilter. 
2024-04-01 17:19:12.2489|TRACE|Microsoft.AspNetCore.Mvc.Infrastructure.ControllerActionInvoker|Result Filter: After executing OnResultExecuted on filter Microsoft.AspNetCore.Mvc.Infrastructure.ClientErrorResultFilter. 
2024-04-01 17:19:12.2489|INFO|Microsoft.AspNetCore.Mvc.Infrastructure.ControllerActionInvoker|Executed action LitZhu.WebApi.Controllers.Article.CommentController.GetArticleComments (LitZhu.WebApi) in 28482.9371ms 
2024-04-01 17:19:12.2489|INFO|Microsoft.AspNetCore.Routing.EndpointMiddleware|Executed endpoint 'LitZhu.WebApi.Controllers.Article.CommentController.GetArticleComments (LitZhu.WebApi)' 
2024-04-01 17:19:12.2489|DEBUG|Microsoft.AspNetCore.Server.Kestrel.Connections|Connection id "0HN2I5I8J7JFH" completed keep alive response. 
2024-04-01 17:19:12.2489|DEBUG|Microsoft.EntityFrameworkCore.Infrastructure|'UserDbContext' disposed. 
2024-04-01 17:19:12.2489|DEBUG|Microsoft.EntityFrameworkCore.Infrastructure|'ArticleDbContext' disposed. 
2024-04-01 17:19:12.2489|DEBUG|Microsoft.EntityFrameworkCore.Database.Connection|Disposing connection to database 'LitZhu' on server 'localhost'. 
2024-04-01 17:19:12.2489|DEBUG|Microsoft.EntityFrameworkCore.Database.Connection|Disposed connection to database 'LitZhu' on server 'localhost' (0ms). 
2024-04-01 17:19:12.2489|INFO|Microsoft.AspNetCore.Hosting.Diagnostics|Request finished HTTP/1.1 GET https://localhost:7290/api/Comment/55cf279d-9122-4679-990d-89ee0e59e20e/Comments - 200 248 application/json;+charset=utf-8 28494.8646ms 
2024-04-01 17:19:12.2489|DEBUG|Microsoft.AspNetCore.Server.Kestrel.Transport.Sockets|Connection id "0HN2I5I8J7JFH" received FIN. 
2024-04-01 17:19:12.2517|DEBUG|Microsoft.AspNetCore.Server.Kestrel.Transport.Sockets|Connection id "0HN2I5I8J7JFH" sending FIN because: "The Socket transport's send loop completed gracefully." 
2024-04-01 17:19:12.2517|DEBUG|Microsoft.AspNetCore.Server.Kestrel.Connections|Connection id "0HN2I5I8J7JFH" disconnecting. 
2024-04-01 17:19:12.2517|DEBUG|Microsoft.AspNetCore.Server.Kestrel.Connections|Connection id "0HN2I5I8J7JFH" stopped. 
2024-04-01 18:50:06.9390|DEBUG|Microsoft.AspNetCore.Mvc.ModelBinding.ModelBinderFactory|Registered model binder providers, in the following order: Microsoft.AspNetCore.Mvc.ModelBinding.Binders.BinderTypeModelBinderProvider, Microsoft.AspNetCore.Mvc.ModelBinding.Binders.ServicesModelBinderProvider, Microsoft.AspNetCore.Mvc.ModelBinding.Binders.BodyModelBinderProvider, Microsoft.AspNetCore.Mvc.ModelBinding.Binders.HeaderModelBinderProvider, Microsoft.AspNetCore.Mvc.ModelBinding.Binders.FloatingPointTypeModelBinderProvider, Microsoft.AspNetCore.Mvc.ModelBinding.Binders.EnumTypeModelBinderProvider, Microsoft.AspNetCore.Mvc.ModelBinding.Binders.DateTimeModelBinderProvider, Microsoft.AspNetCore.Mvc.ModelBinding.Binders.SimpleTypeModelBinderProvider, Microsoft.AspNetCore.Mvc.ModelBinding.Binders.TryParseModelBinderProvider, Microsoft.AspNetCore.Mvc.ModelBinding.Binders.CancellationTokenModelBinderProvider, Microsoft.AspNetCore.Mvc.ModelBinding.Binders.ByteArrayModelBinderProvider, Microsoft.AspNetCore.Mvc.ModelBinding.Binders.FormFileModelBinderProvider, Microsoft.AspNetCore.Mvc.ModelBinding.Binders.FormCollectionModelBinderProvider, Microsoft.AspNetCore.Mvc.ModelBinding.Binders.KeyValuePairModelBinderProvider, Microsoft.AspNetCore.Mvc.ModelBinding.Binders.DictionaryModelBinderProvider, Microsoft.AspNetCore.Mvc.ModelBinding.Binders.ArrayModelBinderProvider, Microsoft.AspNetCore.Mvc.ModelBinding.Binders.CollectionModelBinderProvider, Microsoft.AspNetCore.Mvc.ModelBinding.Binders.ComplexObjectModelBinderProvider 
2024-04-01 18:50:07.0613|DEBUG|Microsoft.Extensions.Hosting.Internal.Host|Hosting starting 
2024-04-01 18:50:07.1029|INFO|Microsoft.AspNetCore.DataProtection.KeyManagement.XmlKeyManager|User profile is available. Using 'C:\Users\25968\AppData\Local\ASP.NET\DataProtection-Keys' as key repository and Windows DPAPI to encrypt keys at rest. 
2024-04-01 18:50:07.1029|DEBUG|Microsoft.AspNetCore.DataProtection.Repositories.FileSystemXmlRepository|Reading data from file 'C:\Users\25968\AppData\Local\ASP.NET\DataProtection-Keys\key-04331095-e001-4e86-a2a5-ac77c623d11c.xml'. 
2024-04-01 18:50:07.1194|DEBUG|Microsoft.AspNetCore.DataProtection.KeyManagement.XmlKeyManager|Found key {04331095-e001-4e86-a2a5-ac77c623d11c}. 
2024-04-01 18:50:07.1194|DEBUG|Microsoft.AspNetCore.DataProtection.KeyManagement.DefaultKeyResolver|Considering key {04331095-e001-4e86-a2a5-ac77c623d11c} with expiration date 2024-04-11 12:24:14Z as default key. 
2024-04-01 18:50:07.1194|DEBUG|Microsoft.AspNetCore.DataProtection.TypeForwardingActivator|Forwarded activator type request from Microsoft.AspNetCore.DataProtection.XmlEncryption.DpapiXmlDecryptor, Microsoft.AspNetCore.DataProtection, Version=8.0.0.0, Culture=neutral, PublicKeyToken=adb9793829ddae60 to Microsoft.AspNetCore.DataProtection.XmlEncryption.DpapiXmlDecryptor, Microsoft.AspNetCore.DataProtection, Culture=neutral, PublicKeyToken=adb9793829ddae60 
2024-04-01 18:50:07.1339|DEBUG|Microsoft.AspNetCore.DataProtection.XmlEncryption.DpapiXmlDecryptor|Decrypting secret element using Windows DPAPI. 
2024-04-01 18:50:07.1339|DEBUG|Microsoft.AspNetCore.DataProtection.TypeForwardingActivator|Forwarded activator type request from Microsoft.AspNetCore.DataProtection.AuthenticatedEncryption.ConfigurationModel.AuthenticatedEncryptorDescriptorDeserializer, Microsoft.AspNetCore.DataProtection, Version=8.0.0.0, Culture=neutral, PublicKeyToken=adb9793829ddae60 to Microsoft.AspNetCore.DataProtection.AuthenticatedEncryption.ConfigurationModel.AuthenticatedEncryptorDescriptorDeserializer, Microsoft.AspNetCore.DataProtection, Culture=neutral, PublicKeyToken=adb9793829ddae60 
2024-04-01 18:50:07.1339|DEBUG|Microsoft.AspNetCore.DataProtection.AuthenticatedEncryption.CngCbcAuthenticatedEncryptorFactory|Opening CNG algorithm 'AES' from provider '(null)' with chaining mode CBC. 
2024-04-01 18:50:07.1339|DEBUG|Microsoft.AspNetCore.DataProtection.AuthenticatedEncryption.CngCbcAuthenticatedEncryptorFactory|Opening CNG algorithm 'SHA256' from provider '(null)' with HMAC. 
2024-04-01 18:50:07.1339|DEBUG|Microsoft.AspNetCore.DataProtection.KeyManagement.KeyRingProvider|Using key {04331095-e001-4e86-a2a5-ac77c623d11c} as the default key. 
2024-04-01 18:50:07.1339|DEBUG|Microsoft.AspNetCore.DataProtection.Internal.DataProtectionHostedService|Key ring with default key {04331095-e001-4e86-a2a5-ac77c623d11c} was loaded during application startup. 
2024-04-01 18:50:07.4123|INFO|Microsoft.Hosting.Lifetime|Now listening on: https://localhost:7290 
2024-04-01 18:50:07.4123|INFO|Microsoft.Hosting.Lifetime|Now listening on: http://localhost:5167 
2024-04-01 18:50:07.4123|DEBUG|Microsoft.AspNetCore.Hosting.Diagnostics|Loaded hosting startup assembly LitZhu.WebApi 
2024-04-01 18:50:07.4123|DEBUG|Microsoft.AspNetCore.Hosting.Diagnostics|Loaded hosting startup assembly Microsoft.AspNetCore.Watch.BrowserRefresh 
2024-04-01 18:50:07.4123|DEBUG|Microsoft.AspNetCore.Hosting.Diagnostics|Loaded hosting startup assembly Microsoft.WebTools.BrowserLink.Net 
2024-04-01 18:50:07.4191|INFO|Microsoft.Hosting.Lifetime|Application started. Press Ctrl+C to shut down. 
2024-04-01 18:50:07.4191|INFO|Microsoft.Hosting.Lifetime|Hosting environment: Development 
2024-04-01 18:50:07.4191|INFO|Microsoft.Hosting.Lifetime|Content root path: D:\Desktop\website\litzhu\LitZhu_backend\LitZhu.WebApi 
2024-04-01 18:50:07.4191|DEBUG|Microsoft.Extensions.Hosting.Internal.Host|Hosting started 
2024-04-01 18:50:07.6293|DEBUG|Microsoft.AspNetCore.Server.Kestrel.Connections|Connection id "0HN2I75VF7IUS" accepted. 
2024-04-01 18:50:07.6293|DEBUG|Microsoft.AspNetCore.Server.Kestrel.Connections|Connection id "0HN2I75VF7IUT" accepted. 
2024-04-01 18:50:07.6316|DEBUG|Microsoft.AspNetCore.Server.Kestrel.Connections|Connection id "0HN2I75VF7IUT" started. 
2024-04-01 18:50:07.6316|DEBUG|Microsoft.AspNetCore.Server.Kestrel.Connections|Connection id "0HN2I75VF7IUS" started. 
2024-04-01 18:50:11.6648|DEBUG|Microsoft.AspNetCore.Server.Kestrel.Connections|Connection id "0HN2I75VF7IUU" accepted. 
2024-04-01 18:50:11.6648|DEBUG|Microsoft.AspNetCore.Server.Kestrel.Connections|Connection id "0HN2I75VF7IUU" started. 
2024-04-01 18:50:11.7967|DEBUG|Microsoft.AspNetCore.Server.Kestrel.Https.Internal.HttpsConnectionMiddleware|Connection 0HN2I75VF7IUU established using the following protocol: Tls13 
2024-04-01 18:50:11.8570|TRACE|Microsoft.AspNetCore.Server.Kestrel.Http2|Connection id "0HN2I75VF7IUU" sending SETTINGS frame for stream ID 0 with length 24 and flags NONE. 
2024-04-01 18:50:11.8720|TRACE|Microsoft.AspNetCore.Server.Kestrel.Http2|Connection id "0HN2I75VF7IUU" sending WINDOW_UPDATE frame for stream ID 0 with length 4 and flags 0x0. 
2024-04-01 18:50:11.8720|TRACE|Microsoft.AspNetCore.Server.Kestrel.Http2|Connection id "0HN2I75VF7IUU" received SETTINGS frame for stream ID 0 with length 24 and flags NONE. 
2024-04-01 18:50:11.8720|TRACE|Microsoft.AspNetCore.Server.Kestrel.Http2|Connection id "0HN2I75VF7IUU" sending SETTINGS frame for stream ID 0 with length 0 and flags ACK. 
2024-04-01 18:50:11.8720|TRACE|Microsoft.AspNetCore.Server.Kestrel.Http2|Connection id "0HN2I75VF7IUU" received WINDOW_UPDATE frame for stream ID 0 with length 4 and flags 0x0. 
2024-04-01 18:50:11.8720|TRACE|Microsoft.AspNetCore.Server.Kestrel.Http2|Connection id "0HN2I75VF7IUU" received HEADERS frame for stream ID 1 with length 462 and flags END_STREAM, END_HEADERS, PRIORITY. 
2024-04-01 18:50:11.9321|TRACE|Microsoft.AspNetCore.Server.Kestrel.Http2|Connection id "0HN2I75VF7IUU" received SETTINGS frame for stream ID 0 with length 0 and flags ACK. 
2024-04-01 18:50:11.9616|INFO|Microsoft.AspNetCore.Hosting.Diagnostics|Request starting HTTP/2 GET https://localhost:7290/swagger/index.html - - - 
2024-04-01 18:50:12.5576|DEBUG|Microsoft.AspNetCore.HostFiltering.HostFilteringMiddleware|Wildcard detected, all requests with hosts will be allowed. 
2024-04-01 18:50:12.5576|TRACE|Microsoft.AspNetCore.HostFiltering.HostFilteringMiddleware|All hosts are allowed. 
2024-04-01 18:50:12.5808|DEBUG|Microsoft.AspNetCore.Routing.Matching.DfaMatcher|No candidates found for the request path '/swagger/index.html' 
2024-04-01 18:50:12.5808|DEBUG|Microsoft.AspNetCore.Routing.EndpointRoutingMiddleware|Request did not match any endpoints 
2024-04-01 18:50:12.6920|DEBUG|Microsoft.AspNetCore.Watch.BrowserRefresh.BrowserRefreshMiddleware|Response markup is scheduled to include browser refresh script injection. 
2024-04-01 18:50:12.6920|TRACE|Microsoft.AspNetCore.Server.Kestrel.Http2|Connection id "0HN2I75VF7IUU" sending HEADERS frame for stream ID 1 with length 66 and flags END_HEADERS. 
2024-04-01 18:50:12.7041|TRACE|Microsoft.AspNetCore.Server.Kestrel.Http2|Connection id "0HN2I75VF7IUU" sending DATA frame for stream ID 1 with length 4096 and flags NONE. 
2024-04-01 18:50:12.7041|TRACE|Microsoft.AspNetCore.Server.Kestrel.Http2|Connection id "0HN2I75VF7IUU" sending DATA frame for stream ID 1 with length 992 and flags NONE. 
2024-04-01 18:50:12.7041|TRACE|Microsoft.AspNetCore.Server.Kestrel.Http2|Connection id "0HN2I75VF7IUU" sending DATA frame for stream ID 1 with length 81 and flags NONE. 
2024-04-01 18:50:12.7135|DEBUG|Microsoft.AspNetCore.Watch.BrowserRefresh.BrowserRefreshMiddleware|Response markup was updated to include browser refresh script injection. 
2024-04-01 18:50:12.7135|TRACE|Microsoft.AspNetCore.Server.Kestrel.Http2|Connection id "0HN2I75VF7IUU" sending DATA frame for stream ID 1 with length 0 and flags END_STREAM. 
2024-04-01 18:50:12.7135|INFO|Microsoft.AspNetCore.Hosting.Diagnostics|Request finished HTTP/2 GET https://localhost:7290/swagger/index.html - 200 - text/html;charset=utf-8 768.7978ms 
2024-04-01 18:50:12.8179|TRACE|Microsoft.AspNetCore.Server.Kestrel.Http2|Connection id "0HN2I75VF7IUU" received HEADERS frame for stream ID 3 with length 109 and flags END_STREAM, END_HEADERS, PRIORITY. 
2024-04-01 18:50:12.8179|INFO|Microsoft.AspNetCore.Hosting.Diagnostics|Request starting HTTP/2 GET https://localhost:7290/_framework/aspnetcore-browser-refresh.js - - - 
2024-04-01 18:50:12.8179|TRACE|Microsoft.AspNetCore.Server.Kestrel.Http2|Connection id "0HN2I75VF7IUU" sending HEADERS frame for stream ID 3 with length 60 and flags END_HEADERS. 
2024-04-01 18:50:12.8318|TRACE|Microsoft.AspNetCore.Server.Kestrel.Http2|Connection id "0HN2I75VF7IUU" sending DATA frame for stream ID 3 with length 13761 and flags NONE. 
2024-04-01 18:50:12.8318|TRACE|Microsoft.AspNetCore.Server.Kestrel.Http2|Connection id "0HN2I75VF7IUU" sending DATA frame for stream ID 3 with length 0 and flags END_STREAM. 
2024-04-01 18:50:12.8318|INFO|Microsoft.AspNetCore.Hosting.Diagnostics|Request finished HTTP/2 GET https://localhost:7290/_framework/aspnetcore-browser-refresh.js - 200 13761 application/javascript;+charset=utf-8 18.5283ms 
2024-04-01 18:50:12.9061|TRACE|Microsoft.AspNetCore.Server.Kestrel.Http2|Connection id "0HN2I75VF7IUU" received HEADERS frame for stream ID 5 with length 57 and flags END_STREAM, END_HEADERS, PRIORITY. 
2024-04-01 18:50:12.9061|INFO|Microsoft.AspNetCore.Hosting.Diagnostics|Request starting HTTP/2 GET https://localhost:7290/_vs/browserLink - - - 
2024-04-01 18:50:13.1255|TRACE|Microsoft.AspNetCore.Server.Kestrel.Http2|Connection id "0HN2I75VF7IUU" sending HEADERS frame for stream ID 5 with length 119 and flags END_HEADERS. 
2024-04-01 18:50:13.1255|TRACE|Microsoft.AspNetCore.Server.Kestrel.Http2|Connection id "0HN2I75VF7IUU" sending DATA frame for stream ID 5 with length 9986 and flags NONE. 
2024-04-01 18:50:13.1255|TRACE|Microsoft.AspNetCore.Server.Kestrel.Http2|Connection id "0HN2I75VF7IUU" sending DATA frame for stream ID 5 with length 10240 and flags NONE. 
2024-04-01 18:50:13.1320|TRACE|Microsoft.AspNetCore.Server.Kestrel.Http2|Connection id "0HN2I75VF7IUU" sending DATA frame for stream ID 5 with length 10240 and flags NONE. 
2024-04-01 18:50:13.1320|TRACE|Microsoft.AspNetCore.Server.Kestrel.Http2|Connection id "0HN2I75VF7IUU" sending DATA frame for stream ID 5 with length 10240 and flags NONE. 
2024-04-01 18:50:13.1320|TRACE|Microsoft.AspNetCore.Server.Kestrel.Http2|Connection id "0HN2I75VF7IUU" sending DATA frame for stream ID 5 with length 10240 and flags NONE. 
2024-04-01 18:50:13.1320|TRACE|Microsoft.AspNetCore.Server.Kestrel.Http2|Connection id "0HN2I75VF7IUU" sending DATA frame for stream ID 5 with length 10240 and flags NONE. 
2024-04-01 18:50:13.1320|TRACE|Microsoft.AspNetCore.Server.Kestrel.Http2|Connection id "0HN2I75VF7IUU" sending DATA frame for stream ID 5 with length 10240 and flags NONE. 
2024-04-01 18:50:13.1320|TRACE|Microsoft.AspNetCore.Server.Kestrel.Http2|Connection id "0HN2I75VF7IUU" sending DATA frame for stream ID 5 with length 10240 and flags NONE. 
2024-04-01 18:50:13.1320|TRACE|Microsoft.AspNetCore.Server.Kestrel.Http2|Connection id "0HN2I75VF7IUU" sending DATA frame for stream ID 5 with length 10240 and flags NONE. 
2024-04-01 18:50:13.1320|TRACE|Microsoft.AspNetCore.Server.Kestrel.Http2|Connection id "0HN2I75VF7IUU" sending DATA frame for stream ID 5 with length 10240 and flags NONE. 
2024-04-01 18:50:13.1320|TRACE|Microsoft.AspNetCore.Server.Kestrel.Http2|Connection id "0HN2I75VF7IUU" sending DATA frame for stream ID 5 with length 10240 and flags NONE. 
2024-04-01 18:50:13.1320|TRACE|Microsoft.AspNetCore.Server.Kestrel.Http2|Connection id "0HN2I75VF7IUU" sending DATA frame for stream ID 5 with length 10240 and flags NONE. 
2024-04-01 18:50:13.1320|TRACE|Microsoft.AspNetCore.Server.Kestrel.Http2|Connection id "0HN2I75VF7IUU" sending DATA frame for stream ID 5 with length 10240 and flags NONE. 
2024-04-01 18:50:13.1320|TRACE|Microsoft.AspNetCore.Server.Kestrel.Http2|Connection id "0HN2I75VF7IUU" sending DATA frame for stream ID 5 with length 10240 and flags NONE. 
2024-04-01 18:50:13.1320|TRACE|Microsoft.AspNetCore.Server.Kestrel.Http2|Connection id "0HN2I75VF7IUU" sending DATA frame for stream ID 5 with length 10240 and flags NONE. 
2024-04-01 18:50:13.1467|TRACE|Microsoft.AspNetCore.Server.Kestrel.Http2|Connection id "0HN2I75VF7IUU" sending DATA frame for stream ID 5 with length 160 and flags NONE. 
2024-04-01 18:50:13.1467|TRACE|Microsoft.AspNetCore.Server.Kestrel.Http2|Connection id "0HN2I75VF7IUU" sending DATA frame for stream ID 5 with length 0 and flags END_STREAM. 
2024-04-01 18:50:13.1467|INFO|Microsoft.AspNetCore.Hosting.Diagnostics|Request finished HTTP/2 GET https://localhost:7290/_vs/browserLink - 200 - text/javascript;+charset=UTF-8 241.1090ms 
2024-04-01 18:50:13.2823|TRACE|Microsoft.AspNetCore.Server.Kestrel.Http2|Connection id "0HN2I75VF7IUU" received HEADERS frame for stream ID 7 with length 66 and flags END_STREAM, END_HEADERS, PRIORITY. 
2024-04-01 18:50:13.2823|INFO|Microsoft.AspNetCore.Hosting.Diagnostics|Request starting HTTP/2 GET https://localhost:7290/swagger/v1/swagger.json - - - 
2024-04-01 18:50:13.2823|TRACE|Microsoft.AspNetCore.HostFiltering.HostFilteringMiddleware|All hosts are allowed. 
2024-04-01 18:50:13.2823|DEBUG|Microsoft.AspNetCore.Routing.Matching.DfaMatcher|No candidates found for the request path '/swagger/v1/swagger.json' 
2024-04-01 18:50:13.2823|DEBUG|Microsoft.AspNetCore.Routing.EndpointRoutingMiddleware|Request did not match any endpoints 
2024-04-01 18:50:13.7731|TRACE|Microsoft.AspNetCore.Server.Kestrel.Http2|Connection id "0HN2I75VF7IUU" sending HEADERS frame for stream ID 7 with length 65 and flags END_HEADERS. 
2024-04-01 18:50:13.7731|TRACE|Microsoft.AspNetCore.Server.Kestrel.Http2|Connection id "0HN2I75VF7IUU" sending DATA frame for stream ID 7 with length 16384 and flags NONE. 
2024-04-01 18:50:13.7731|TRACE|Microsoft.AspNetCore.Server.Kestrel.Http2|Connection id "0HN2I75VF7IUU" sending DATA frame for stream ID 7 with length 16384 and flags NONE. 
2024-04-01 18:50:13.7731|TRACE|Microsoft.AspNetCore.Server.Kestrel.Http2|Connection id "0HN2I75VF7IUU" sending DATA frame for stream ID 7 with length 16384 and flags NONE. 
2024-04-01 18:50:13.7731|TRACE|Microsoft.AspNetCore.Server.Kestrel.Http2|Connection id "0HN2I75VF7IUU" sending DATA frame for stream ID 7 with length 9384 and flags NONE. 
2024-04-01 18:50:13.7731|TRACE|Microsoft.AspNetCore.Server.Kestrel.Http2|Connection id "0HN2I75VF7IUU" sending DATA frame for stream ID 7 with length 0 and flags END_STREAM. 
2024-04-01 18:50:13.7731|INFO|Microsoft.AspNetCore.Hosting.Diagnostics|Request finished HTTP/2 GET https://localhost:7290/swagger/v1/swagger.json - 200 - application/json;charset=utf-8 495.3721ms 
2024-04-01 18:50:13.9815|DEBUG|Microsoft.AspNetCore.Server.Kestrel.Transport.Sockets|Connection id "0HN2I75VF7IUU" received FIN. 
2024-04-01 18:50:13.9815|DEBUG|Microsoft.AspNetCore.Server.Kestrel.Http2|The connection queue processing loop for 0HN2I75VF7IUU completed. 
2024-04-01 18:50:13.9815|DEBUG|Microsoft.AspNetCore.Server.Kestrel.Http2|Connection id "0HN2I75VF7IUU" is closed. The last processed stream ID was 7. 
2024-04-01 18:50:13.9815|DEBUG|Microsoft.AspNetCore.Server.Kestrel.Transport.Sockets|Connection id "0HN2I75VF7IUU" sending FIN because: "The Socket transport's send loop completed gracefully." 
2024-04-01 18:50:13.9968|DEBUG|Microsoft.AspNetCore.Server.Kestrel.Connections|Connection id "0HN2I75VF7IUU" stopped. 
2024-04-01 18:50:17.6542|DEBUG|Microsoft.AspNetCore.Server.Kestrel.Https.Internal.HttpsConnectionMiddleware|Authentication of the HTTPS connection timed out. 
2024-04-01 18:50:17.6542|DEBUG|Microsoft.AspNetCore.Server.Kestrel.Https.Internal.HttpsConnectionMiddleware|Authentication of the HTTPS connection timed out. 
2024-04-01 18:50:17.6542|DEBUG|Microsoft.AspNetCore.Server.Kestrel.Connections|Connection id "0HN2I75VF7IUT" stopped. 
2024-04-01 18:50:17.6542|DEBUG|Microsoft.AspNetCore.Server.Kestrel.Connections|Connection id "0HN2I75VF7IUS" stopped. 
2024-04-01 18:50:17.6542|DEBUG|Microsoft.AspNetCore.Server.Kestrel.Transport.Sockets|Connection id "0HN2I75VF7IUS" sending FIN because: "The Socket transport's send loop completed gracefully." 
2024-04-01 18:50:17.6542|DEBUG|Microsoft.AspNetCore.Server.Kestrel.Transport.Sockets|Connection id "0HN2I75VF7IUT" sending FIN because: "The Socket transport's send loop completed gracefully." 
2024-04-01 18:50:18.2872|DEBUG|Microsoft.AspNetCore.Server.Kestrel.Connections|Connection id "0HN2I75VF7IUV" accepted. 
2024-04-01 18:50:18.2872|DEBUG|Microsoft.AspNetCore.Server.Kestrel.Connections|Connection id "0HN2I75VF7IUV" started. 
2024-04-01 18:50:18.2872|DEBUG|Microsoft.AspNetCore.Server.Kestrel.Https.Internal.HttpsConnectionMiddleware|Connection 0HN2I75VF7IUV established using the following protocol: Tls13 
2024-04-01 18:50:18.2872|TRACE|Microsoft.AspNetCore.Server.Kestrel.Http2|Connection id "0HN2I75VF7IUV" sending SETTINGS frame for stream ID 0 with length 24 and flags NONE. 
2024-04-01 18:50:18.2872|TRACE|Microsoft.AspNetCore.Server.Kestrel.Http2|Connection id "0HN2I75VF7IUV" sending WINDOW_UPDATE frame for stream ID 0 with length 4 and flags 0x0. 
2024-04-01 18:50:18.2872|TRACE|Microsoft.AspNetCore.Server.Kestrel.Http2|Connection id "0HN2I75VF7IUV" received SETTINGS frame for stream ID 0 with length 24 and flags NONE. 
2024-04-01 18:50:18.2872|TRACE|Microsoft.AspNetCore.Server.Kestrel.Http2|Connection id "0HN2I75VF7IUV" sending SETTINGS frame for stream ID 0 with length 0 and flags ACK. 
2024-04-01 18:50:18.2872|TRACE|Microsoft.AspNetCore.Server.Kestrel.Http2|Connection id "0HN2I75VF7IUV" received WINDOW_UPDATE frame for stream ID 0 with length 4 and flags 0x0. 
2024-04-01 18:50:18.2872|TRACE|Microsoft.AspNetCore.Server.Kestrel.Http2|Connection id "0HN2I75VF7IUV" received HEADERS frame for stream ID 1 with length 358 and flags END_STREAM, END_HEADERS, PRIORITY. 
2024-04-01 18:50:18.2872|TRACE|Microsoft.AspNetCore.Server.Kestrel.Http2|Connection id "0HN2I75VF7IUV" received SETTINGS frame for stream ID 0 with length 0 and flags ACK. 
2024-04-01 18:50:18.2872|INFO|Microsoft.AspNetCore.Hosting.Diagnostics|Request starting HTTP/2 GET https://localhost:7290/api/Article - - - 
2024-04-01 18:50:18.2872|TRACE|Microsoft.AspNetCore.HostFiltering.HostFilteringMiddleware|All hosts are allowed. 
2024-04-01 18:50:18.3112|DEBUG|Microsoft.AspNetCore.Routing.Matching.DfaMatcher|1 candidate(s) found for the request path '/api/Article' 
2024-04-01 18:50:18.3112|DEBUG|Microsoft.AspNetCore.Routing.Matching.DfaMatcher|Endpoint 'LitZhu.WebApi.Controllers.Article.ArticleController.GetArticle (LitZhu.WebApi)' with route pattern 'api/Article' is valid for the request path '/api/Article' 
2024-04-01 18:50:18.3165|DEBUG|Microsoft.AspNetCore.Routing.EndpointRoutingMiddleware|Request matched endpoint 'LitZhu.WebApi.Controllers.Article.ArticleController.GetArticle (LitZhu.WebApi)' 
2024-04-01 18:50:18.3165|TRACE|Microsoft.AspNetCore.Routing.EndpointRoutingMiddleware|The endpoint does not specify the IRequestSizeLimitMetadata. 
2024-04-01 18:50:18.3165|DEBUG|Microsoft.AspNetCore.StaticFiles.StaticFileMiddleware|Static files was skipped as the request already matched an endpoint. 
2024-04-01 18:50:18.4518|DEBUG|Microsoft.AspNetCore.Authentication.JwtBearer.JwtBearerHandler|AuthenticationScheme: Bearer was not authenticated. 
2024-04-01 18:50:18.4569|INFO|Microsoft.AspNetCore.Routing.EndpointMiddleware|Executing endpoint 'LitZhu.WebApi.Controllers.Article.ArticleController.GetArticle (LitZhu.WebApi)' 
2024-04-01 18:50:18.5255|INFO|Microsoft.AspNetCore.Mvc.Infrastructure.ControllerActionInvoker|Route matched with {action = "GetArticle", controller = "Article"}. Executing controller action with signature System.Threading.Tasks.Task`1[Microsoft.AspNetCore.Mvc.ActionResult`1[System.Collections.Generic.List`1[Article.Domain.DTO.ArticleDto]]] GetArticle(Article.Domain.DTO.ArticleParametersDto) on controller LitZhu.WebApi.Controllers.Article.ArticleController (LitZhu.WebApi). 
2024-04-01 18:50:18.5255|DEBUG|Microsoft.AspNetCore.Mvc.Infrastructure.ControllerActionInvoker|Execution plan of authorization filters (in the following order): None 
2024-04-01 18:50:18.5255|DEBUG|Microsoft.AspNetCore.Mvc.Infrastructure.ControllerActionInvoker|Execution plan of resource filters (in the following order): None 
2024-04-01 18:50:18.5255|DEBUG|Microsoft.AspNetCore.Mvc.Infrastructure.ControllerActionInvoker|Execution plan of action filters (in the following order): Microsoft.AspNetCore.Mvc.ModelBinding.UnsupportedContentTypeFilter (Order: -3000), Microsoft.AspNetCore.Mvc.Infrastructure.ModelStateInvalidFilter (Order: -2000) 
2024-04-01 18:50:18.5255|DEBUG|Microsoft.AspNetCore.Mvc.Infrastructure.ControllerActionInvoker|Execution plan of exception filters (in the following order): None 
2024-04-01 18:50:18.5255|DEBUG|Microsoft.AspNetCore.Mvc.Infrastructure.ControllerActionInvoker|Execution plan of result filters (in the following order): Microsoft.AspNetCore.Mvc.Infrastructure.ClientErrorResultFilter (Order: -2000) 
2024-04-01 18:50:18.5346|DEBUG|Microsoft.AspNetCore.Mvc.Infrastructure.ControllerActionInvoker|Executing controller factory for controller LitZhu.WebApi.Controllers.Article.ArticleController (LitZhu.WebApi) 
2024-04-01 18:50:18.9724|DEBUG|Microsoft.EntityFrameworkCore.Infrastructure|An additional 'IServiceProvider' was created for internal use by Entity Framework. An existing service provider was not used due to the following configuration changes: configuration changed for 'Core:ConfigureWarnings', configuration added for 'Pomelo.EntityFrameworkCore.MySql:ServerVersion', configuration added for 'Pomelo.EntityFrameworkCore.MySql:DisableBackslashEscaping', configuration added for 'Pomelo.EntityFrameworkCore.MySql:SetSqlModeOnOpen', configuration added for 'Pomelo.EntityFrameworkCore.MySql:DisableLineBreakToCharSubstition', configuration added for 'Pomelo.EntityFrameworkCore.MySql:DefaultDataTypeMappings', configuration added for 'Pomelo.EntityFrameworkCore.MySql:SchemaBehavior', configuration added for 'Pomelo.EntityFrameworkCore.MySql:SchemaNameTranslator', configuration added for 'Pomelo.EntityFrameworkCore.MySql:EnableIndexOptimizedBooleanColumns', configuration added for 'Pomelo.EntityFrameworkCore.MySql:LimitKeyedOrIndexedStringColumnLength', configuration added for 'Pomelo.EntityFrameworkCore.MySql:EnableStringComparisonTranslations', configuration added for 'Pomelo.EntityFrameworkCore.MySql:EnablePrimitiveCollectionsSupport'. 
2024-04-01 18:50:19.5418|DEBUG|Microsoft.EntityFrameworkCore.Model|The index {'ArticleId'} was not created on entity type 'ArticleTags' as the properties are already covered by the index {'ArticleId', 'TagId'}. 
2024-04-01 18:50:19.6443|WARN|Microsoft.EntityFrameworkCore.Model.Validation|Entity 'Articles' has a global query filter defined and is the required end of a relationship with the entity 'ArticleTags'. This may lead to unexpected results when the required entity is filtered out. Either configure the navigation as optional, or define matching query filters for both entities in the navigation. See https://go.microsoft.com/fwlink/?linkid=2131316 for more information. 
2024-04-01 18:50:19.6443|WARN|Microsoft.EntityFrameworkCore.Model.Validation|Entity 'Articles' has a global query filter defined and is the required end of a relationship with the entity 'Comments'. This may lead to unexpected results when the required entity is filtered out. Either configure the navigation as optional, or define matching query filters for both entities in the navigation. See https://go.microsoft.com/fwlink/?linkid=2131316 for more information. 
2024-04-01 18:50:19.8895|DEBUG|Microsoft.EntityFrameworkCore.Infrastructure|Entity Framework Core 8.0.1 initialized 'ArticleDbContext' using provider 'Pomelo.EntityFrameworkCore.MySql:8.0.1' with options: ServerVersion=8.0.23-mysql  
2024-04-01 18:50:20.0516|DEBUG|Microsoft.AspNetCore.Mvc.Infrastructure.ControllerActionInvoker|Executed controller factory for controller LitZhu.WebApi.Controllers.Article.ArticleController (LitZhu.WebApi) 
2024-04-01 18:50:20.0516|DEBUG|Microsoft.AspNetCore.Mvc.ModelBinding.ParameterBinder|Attempting to bind parameter 'parameters' of type 'Article.Domain.DTO.ArticleParametersDto' ... 
2024-04-01 18:50:20.0516|DEBUG|Microsoft.AspNetCore.Mvc.ModelBinding.Binders.ComplexObjectModelBinder|Attempting to bind parameter 'parameters' of type 'Article.Domain.DTO.ArticleParametersDto' using the name '' in request data ... 
2024-04-01 18:50:20.0516|DEBUG|Microsoft.AspNetCore.Mvc.ModelBinding.Binders.SimpleTypeModelBinder|Attempting to bind parameter 'Q' of type 'System.String' using the name 'Q' in request data ... 
2024-04-01 18:50:20.0516|DEBUG|Microsoft.AspNetCore.Mvc.ModelBinding.Binders.SimpleTypeModelBinder|Could not find a value in the request with name 'Q' for binding parameter 'Q' of type 'System.String'. 
2024-04-01 18:50:20.0516|DEBUG|Microsoft.AspNetCore.Mvc.ModelBinding.Binders.SimpleTypeModelBinder|Done attempting to bind parameter 'Q' of type 'System.String'. 
2024-04-01 18:50:20.0516|DEBUG|Microsoft.AspNetCore.Mvc.ModelBinding.Binders.SimpleTypeModelBinder|Attempting to bind parameter 'PageIndex' of type 'System.Int32' using the name 'PageIndex' in request data ... 
2024-04-01 18:50:20.0516|DEBUG|Microsoft.AspNetCore.Mvc.ModelBinding.Binders.SimpleTypeModelBinder|Could not find a value in the request with name 'PageIndex' for binding parameter 'PageIndex' of type 'System.Int32'. 
2024-04-01 18:50:20.0516|DEBUG|Microsoft.AspNetCore.Mvc.ModelBinding.Binders.SimpleTypeModelBinder|Done attempting to bind parameter 'PageIndex' of type 'System.Int32'. 
2024-04-01 18:50:20.0516|DEBUG|Microsoft.AspNetCore.Mvc.ModelBinding.Binders.SimpleTypeModelBinder|Attempting to bind parameter 'PageSize' of type 'System.Int32' using the name 'PageSize' in request data ... 
2024-04-01 18:50:20.0516|DEBUG|Microsoft.AspNetCore.Mvc.ModelBinding.Binders.SimpleTypeModelBinder|Could not find a value in the request with name 'PageSize' for binding parameter 'PageSize' of type 'System.Int32'. 
2024-04-01 18:50:20.0516|DEBUG|Microsoft.AspNetCore.Mvc.ModelBinding.Binders.SimpleTypeModelBinder|Done attempting to bind parameter 'PageSize' of type 'System.Int32'. 
2024-04-01 18:50:20.0516|DEBUG|Microsoft.AspNetCore.Mvc.ModelBinding.Binders.SimpleTypeModelBinder|Attempting to bind parameter 'OrderBy' of type 'System.String' using the name 'OrderBy' in request data ... 
2024-04-01 18:50:20.0516|DEBUG|Microsoft.AspNetCore.Mvc.ModelBinding.Binders.SimpleTypeModelBinder|Could not find a value in the request with name 'OrderBy' for binding parameter 'OrderBy' of type 'System.String'. 
2024-04-01 18:50:20.0516|DEBUG|Microsoft.AspNetCore.Mvc.ModelBinding.Binders.SimpleTypeModelBinder|Done attempting to bind parameter 'OrderBy' of type 'System.String'. 
2024-04-01 18:50:20.0516|DEBUG|Microsoft.AspNetCore.Mvc.ModelBinding.Binders.ComplexObjectModelBinder|Done attempting to bind parameter 'parameters' of type 'Article.Domain.DTO.ArticleParametersDto'. 
2024-04-01 18:50:20.0516|DEBUG|Microsoft.AspNetCore.Mvc.ModelBinding.ParameterBinder|Done attempting to bind parameter 'parameters' of type 'Article.Domain.DTO.ArticleParametersDto'. 
2024-04-01 18:50:20.0516|DEBUG|Microsoft.AspNetCore.Mvc.ModelBinding.ParameterBinder|Attempting to validate the bound parameter 'parameters' of type 'Article.Domain.DTO.ArticleParametersDto' ... 
2024-04-01 18:50:20.0743|DEBUG|Microsoft.AspNetCore.Mvc.ModelBinding.ParameterBinder|Done attempting to validate the bound parameter 'parameters' of type 'Article.Domain.DTO.ArticleParametersDto'. 
2024-04-01 18:50:20.0743|TRACE|Microsoft.AspNetCore.Mvc.Infrastructure.ControllerActionInvoker|Action Filter: Before executing OnActionExecuting on filter Microsoft.AspNetCore.Mvc.ModelBinding.UnsupportedContentTypeFilter. 
2024-04-01 18:50:20.0743|TRACE|Microsoft.AspNetCore.Mvc.Infrastructure.ControllerActionInvoker|Action Filter: After executing OnActionExecuting on filter Microsoft.AspNetCore.Mvc.ModelBinding.UnsupportedContentTypeFilter. 
2024-04-01 18:50:20.0743|TRACE|Microsoft.AspNetCore.Mvc.Infrastructure.ControllerActionInvoker|Action Filter: Before executing OnActionExecuting on filter Microsoft.AspNetCore.Mvc.Infrastructure.ModelStateInvalidFilter. 
2024-04-01 18:50:20.0743|TRACE|Microsoft.AspNetCore.Mvc.Infrastructure.ControllerActionInvoker|Action Filter: After executing OnActionExecuting on filter Microsoft.AspNetCore.Mvc.Infrastructure.ModelStateInvalidFilter. 
2024-04-01 18:50:20.0812|INFO|Microsoft.AspNetCore.Mvc.Infrastructure.ControllerActionInvoker|Executing action method LitZhu.WebApi.Controllers.Article.ArticleController.GetArticle (LitZhu.WebApi) - Validation state: Valid 
2024-04-01 18:50:20.0812|TRACE|Microsoft.AspNetCore.Mvc.Infrastructure.ControllerActionInvoker|Executing action method LitZhu.WebApi.Controllers.Article.ArticleController.GetArticle (LitZhu.WebApi) with arguments (ArticleParametersDto { Q = , PageIndex = 1, PageSize = 10, OrderBy = Likes }) 
2024-04-01 18:50:20.1424|DEBUG|Microsoft.EntityFrameworkCore.Query|Compiling query expression: 
'DbSet<Articles>()
    .Include(x => x.Comments)
    .Include(x => x.ArticleTagsList)
    .ThenInclude(at => at.Tags)
    .OrderByDescending(x => x.Likes)
    .Skip(__p_0)
    .Take(__p_1)' 
2024-04-01 18:50:20.2299|DEBUG|Microsoft.EntityFrameworkCore.Query|Including navigation: 'Articles.Comments'. 
2024-04-01 18:50:20.2299|DEBUG|Microsoft.EntityFrameworkCore.Query|Including navigation: 'Articles.ArticleTagsList'. 
2024-04-01 18:50:20.2602|DEBUG|Microsoft.EntityFrameworkCore.Query|Including navigation: 'ArticleTags.Tags'. 
2024-04-01 18:50:20.5414|WARN|Microsoft.EntityFrameworkCore.Query|Compiling a query which loads related collections for more than one collection navigation, either via 'Include' or through projection, but no 'QuerySplittingBehavior' has been configured. By default, Entity Framework will use 'QuerySplittingBehavior.SingleQuery', which can potentially result in slow query performance. See https://go.microsoft.com/fwlink/?linkid=2134277 for more information. To identify the query that's triggering this warning call 'ConfigureWarnings(w => w.Throw(RelationalEventId.MultipleCollectionIncludeWarning))'. 
2024-04-01 18:50:20.5587|DEBUG|Microsoft.EntityFrameworkCore.Query|Generated query execution expression: 
'queryContext => new SingleQueryingEnumerable<Articles>(
    (RelationalQueryContext)queryContext, 
    RelationalCommandCache.QueryExpression(
        Client Projections:
            0 -> Dictionary<IProperty, int> { [Property: Articles.Id (Guid) Required PK AfterSave:Throw ValueGenerated.OnAdd, 0], [Property: Articles.Content (string) Required, 1], [Property: Articles.CreationTime (DateTime) Required, 2], [Property: Articles.DeletionTime (DateTime?), 3], [Property: Articles.Desc (string) Required, 4], [Property: Articles.Image (string) Required, 5], [Property: Articles.IsDeleted (bool) Required Index, 6], [Property: Articles.LastModificationTime (DateTime?), 7], [Property: Articles.Likes (int) Required, 8], [Property: Articles.Title (string) Required Index MaxLength(20), 9], [Property: Articles.UserId (Guid) Required, 10], [Property: Articles.Views (int) Required, 11] }
            1 -> 0
            2 -> Dictionary<IProperty, int> { [Property: Comments.Id (Guid) Required PK AfterSave:Throw ValueGenerated.OnAdd, 12], [Property: Comments.ArticleId (Guid) Required FK Index, 13], [Property: Comments.Content (string) Required MaxLength(1000), 14], [Property: Comments.CreationTime (DateTime) Required, 15], [Property: Comments.LastModificationTime (DateTime?), 16], [Property: Comments.Likes (int) Required, 17], [Property: Comments.PId (Guid) Required, 18], [Property: Comments.Path (string) Required, 19], [Property: Comments.UserId (Guid) Required, 20] }
            3 -> 12
            4 -> Dictionary<IProperty, int> { [Property: ArticleTags.ArticleId (Guid) Required PK FK AfterSave:Throw, 21], [Property: ArticleTags.TagId (Guid) Required PK FK Index AfterSave:Throw, 22] }
            5 -> Dictionary<IProperty, int> { [Property: Tags.Id (Guid) Required PK AfterSave:Throw ValueGenerated.OnAdd, 23], [Property: Tags.CreationTime (DateTime) Required, 24], [Property: Tags.DeletionTime (DateTime?), 25], [Property: Tags.IsDeleted (bool) Required Index, 26], [Property: Tags.LastModificationTime (DateTime?), 27], [Property: Tags.TagName (string) Required MaxLength(10), 28] }
            6 -> 21
            7 -> 22
            8 -> 23
        SELECT t.Id, t.Content, t.CreationTime, t.DeletionTime, t.Desc, t.Image, t.IsDeleted, t.LastModificationTime, t.Likes, t.Title, t.UserId, t.Views, c.Id, c.ArticleId, c.Content, c.CreationTime, c.LastModificationTime, c.Likes, c.PId, c.Path, c.UserId, t1.ArticleId, t1.TagId, t1.Id, t1.CreationTime, t1.DeletionTime, t1.IsDeleted, t1.LastModificationTime, t1.TagName
        FROM 
        (
            SELECT a.Id, a.Content, a.CreationTime, a.DeletionTime, a.Desc, a.Image, a.IsDeleted, a.LastModificationTime, a.Likes, a.Title, a.UserId, a.Views
            FROM Articles AS a
            WHERE a.IsDeleted == FALSE
            ORDER BY a.Likes DESC
            OFFSET @__p_0 ROWS FETCH NEXT @__p_1 ROWS ONLY
        ) AS t
        LEFT JOIN Comments AS c ON t.Id == c.ArticleId
        LEFT JOIN 
        (
            SELECT a0.ArticleId, a0.TagId, t0.Id, t0.CreationTime, t0.DeletionTime, t0.IsDeleted, t0.LastModificationTime, t0.TagName
            FROM Articles_Tags AS a0
            INNER JOIN 
            (
                SELECT t2.Id, t2.CreationTime, t2.DeletionTime, t2.IsDeleted, t2.LastModificationTime, t2.TagName
                FROM Tags AS t2
                WHERE t2.IsDeleted == FALSE
            ) AS t0 ON a0.TagId == t0.Id
        ) AS t1 ON t.Id == t1.ArticleId
        ORDER BY t.Likes DESC, t.Id ASC, c.Id ASC, t1.ArticleId ASC, t1.TagId ASC), 
    null, 
    Func<QueryContext, DbDataReader, ResultContext, SingleQueryResultCoordinator, Articles>, 
    Article.Infrastructure.ArticleDbContext, 
    False, 
    False, 
    True
)' 
2024-04-01 18:50:20.6024|DEBUG|Microsoft.EntityFrameworkCore.Database.Connection|Creating DbConnection. 
2024-04-01 18:50:20.6024|DEBUG|Microsoft.EntityFrameworkCore.Database.Connection|Created DbConnection. (4ms). 
2024-04-01 18:50:20.6209|DEBUG|Microsoft.EntityFrameworkCore.Database.Connection|Opening connection to database 'LitZhu' on server 'localhost'. 
2024-04-01 18:50:20.7672|DEBUG|Microsoft.EntityFrameworkCore.Database.Connection|Opened connection to database 'LitZhu' on server 'localhost'. 
2024-04-01 18:50:20.7672|DEBUG|Microsoft.EntityFrameworkCore.Database.Command|Creating DbCommand for 'ExecuteReader'. 
2024-04-01 18:50:20.7672|DEBUG|Microsoft.EntityFrameworkCore.Database.Command|Created DbCommand for 'ExecuteReader' (3ms). 
2024-04-01 18:50:20.7907|DEBUG|Microsoft.EntityFrameworkCore.Database.Command|Initialized DbCommand for 'ExecuteReader' (20ms). 
2024-04-01 18:50:20.7977|DEBUG|Microsoft.EntityFrameworkCore.Database.Command|Executing DbCommand [Parameters=[@__p_1='?' (DbType = Int32), @__p_0='?' (DbType = Int32)], CommandType='Text', CommandTimeout='30']
SELECT `t`.`Id`, `t`.`Content`, `t`.`CreationTime`, `t`.`DeletionTime`, `t`.`Desc`, `t`.`Image`, `t`.`IsDeleted`, `t`.`LastModificationTime`, `t`.`Likes`, `t`.`Title`, `t`.`UserId`, `t`.`Views`, `c`.`Id`, `c`.`ArticleId`, `c`.`Content`, `c`.`CreationTime`, `c`.`LastModificationTime`, `c`.`Likes`, `c`.`PId`, `c`.`Path`, `c`.`UserId`, `t1`.`ArticleId`, `t1`.`TagId`, `t1`.`Id`, `t1`.`CreationTime`, `t1`.`DeletionTime`, `t1`.`IsDeleted`, `t1`.`LastModificationTime`, `t1`.`TagName`
FROM (
    SELECT `a`.`Id`, `a`.`Content`, `a`.`CreationTime`, `a`.`DeletionTime`, `a`.`Desc`, `a`.`Image`, `a`.`IsDeleted`, `a`.`LastModificationTime`, `a`.`Likes`, `a`.`Title`, `a`.`UserId`, `a`.`Views`
    FROM `Articles` AS `a`
    WHERE NOT (`a`.`IsDeleted`)
    ORDER BY `a`.`Likes` DESC
    LIMIT @__p_1 OFFSET @__p_0
) AS `t`
LEFT JOIN `Comments` AS `c` ON `t`.`Id` = `c`.`ArticleId`
LEFT JOIN (
    SELECT `a0`.`ArticleId`, `a0`.`TagId`, `t0`.`Id`, `t0`.`CreationTime`, `t0`.`DeletionTime`, `t0`.`IsDeleted`, `t0`.`LastModificationTime`, `t0`.`TagName`
    FROM `Articles_Tags` AS `a0`
    INNER JOIN (
        SELECT `t2`.`Id`, `t2`.`CreationTime`, `t2`.`DeletionTime`, `t2`.`IsDeleted`, `t2`.`LastModificationTime`, `t2`.`TagName`
        FROM `Tags` AS `t2`
        WHERE NOT (`t2`.`IsDeleted`)
    ) AS `t0` ON `a0`.`TagId` = `t0`.`Id`
) AS `t1` ON `t`.`Id` = `t1`.`ArticleId`
ORDER BY `t`.`Likes` DESC, `t`.`Id`, `c`.`Id`, `t1`.`ArticleId`, `t1`.`TagId` 
2024-04-01 18:50:20.9019|INFO|Microsoft.EntityFrameworkCore.Database.Command|Executed DbCommand (103ms) [Parameters=[@__p_1='?' (DbType = Int32), @__p_0='?' (DbType = Int32)], CommandType='Text', CommandTimeout='30']
SELECT `t`.`Id`, `t`.`Content`, `t`.`CreationTime`, `t`.`DeletionTime`, `t`.`Desc`, `t`.`Image`, `t`.`IsDeleted`, `t`.`LastModificationTime`, `t`.`Likes`, `t`.`Title`, `t`.`UserId`, `t`.`Views`, `c`.`Id`, `c`.`ArticleId`, `c`.`Content`, `c`.`CreationTime`, `c`.`LastModificationTime`, `c`.`Likes`, `c`.`PId`, `c`.`Path`, `c`.`UserId`, `t1`.`ArticleId`, `t1`.`TagId`, `t1`.`Id`, `t1`.`CreationTime`, `t1`.`DeletionTime`, `t1`.`IsDeleted`, `t1`.`LastModificationTime`, `t1`.`TagName`
FROM (
    SELECT `a`.`Id`, `a`.`Content`, `a`.`CreationTime`, `a`.`DeletionTime`, `a`.`Desc`, `a`.`Image`, `a`.`IsDeleted`, `a`.`LastModificationTime`, `a`.`Likes`, `a`.`Title`, `a`.`UserId`, `a`.`Views`
    FROM `Articles` AS `a`
    WHERE NOT (`a`.`IsDeleted`)
    ORDER BY `a`.`Likes` DESC
    LIMIT @__p_1 OFFSET @__p_0
) AS `t`
LEFT JOIN `Comments` AS `c` ON `t`.`Id` = `c`.`ArticleId`
LEFT JOIN (
    SELECT `a0`.`ArticleId`, `a0`.`TagId`, `t0`.`Id`, `t0`.`CreationTime`, `t0`.`DeletionTime`, `t0`.`IsDeleted`, `t0`.`LastModificationTime`, `t0`.`TagName`
    FROM `Articles_Tags` AS `a0`
    INNER JOIN (
        SELECT `t2`.`Id`, `t2`.`CreationTime`, `t2`.`DeletionTime`, `t2`.`IsDeleted`, `t2`.`LastModificationTime`, `t2`.`TagName`
        FROM `Tags` AS `t2`
        WHERE NOT (`t2`.`IsDeleted`)
    ) AS `t0` ON `a0`.`TagId` = `t0`.`Id`
) AS `t1` ON `t`.`Id` = `t1`.`ArticleId`
ORDER BY `t`.`Likes` DESC, `t`.`Id`, `c`.`Id`, `t1`.`ArticleId`, `t1`.`TagId` 
2024-04-01 18:50:20.9600|DEBUG|Microsoft.EntityFrameworkCore.ChangeTracking|Context 'ArticleDbContext' started tracking 'Articles' entity. Consider using 'DbContextOptionsBuilder.EnableSensitiveDataLogging' to see key values. 
2024-04-01 18:50:21.0315|DEBUG|Microsoft.EntityFrameworkCore.ChangeTracking|Context 'ArticleDbContext' started tracking 'Comments' entity. Consider using 'DbContextOptionsBuilder.EnableSensitiveDataLogging' to see key values. 
2024-04-01 18:50:21.0592|DEBUG|Microsoft.EntityFrameworkCore.ChangeTracking|Context 'ArticleDbContext' started tracking 'ArticleTags' entity. Consider using 'DbContextOptionsBuilder.EnableSensitiveDataLogging' to see key values. 
2024-04-01 18:50:21.0682|DEBUG|Microsoft.EntityFrameworkCore.ChangeTracking|The navigation 'ArticleTags.Tags' was detected as changed. Consider using 'DbContextOptionsBuilder.EnableSensitiveDataLogging' to see key values. 
2024-04-01 18:50:21.0682|DEBUG|Microsoft.EntityFrameworkCore.ChangeTracking|Context 'ArticleDbContext' started tracking 'Tags' entity. Consider using 'DbContextOptionsBuilder.EnableSensitiveDataLogging' to see key values. 
2024-04-01 18:50:21.0682|DEBUG|Microsoft.EntityFrameworkCore.ChangeTracking|Context 'ArticleDbContext' started tracking 'ArticleTags' entity. Consider using 'DbContextOptionsBuilder.EnableSensitiveDataLogging' to see key values. 
2024-04-01 18:50:21.0682|DEBUG|Microsoft.EntityFrameworkCore.ChangeTracking|The navigation 'ArticleTags.Tags' was detected as changed. Consider using 'DbContextOptionsBuilder.EnableSensitiveDataLogging' to see key values. 
2024-04-01 18:50:21.0682|DEBUG|Microsoft.EntityFrameworkCore.ChangeTracking|Context 'ArticleDbContext' started tracking 'Tags' entity. Consider using 'DbContextOptionsBuilder.EnableSensitiveDataLogging' to see key values. 
2024-04-01 18:50:21.0826|DEBUG|Microsoft.EntityFrameworkCore.ChangeTracking|Context 'ArticleDbContext' started tracking 'Articles' entity. Consider using 'DbContextOptionsBuilder.EnableSensitiveDataLogging' to see key values. 
2024-04-01 18:50:21.0826|DEBUG|Microsoft.EntityFrameworkCore.ChangeTracking|Context 'ArticleDbContext' started tracking 'Articles' entity. Consider using 'DbContextOptionsBuilder.EnableSensitiveDataLogging' to see key values. 
2024-04-01 18:50:21.0826|DEBUG|Microsoft.EntityFrameworkCore.ChangeTracking|Context 'ArticleDbContext' started tracking 'Articles' entity. Consider using 'DbContextOptionsBuilder.EnableSensitiveDataLogging' to see key values. 
2024-04-01 18:50:21.0826|DEBUG|Microsoft.EntityFrameworkCore.Database.Command|Closing data reader to 'LitZhu' on server 'localhost'. 
2024-04-01 18:50:21.1090|DEBUG|Microsoft.EntityFrameworkCore.Database.Command|A data reader for 'LitZhu' on server 'localhost' is being disposed after spending 199ms reading results. 
2024-04-01 18:50:21.1090|DEBUG|Microsoft.EntityFrameworkCore.Database.Connection|Closing connection to database 'LitZhu' on server 'localhost'. 
2024-04-01 18:50:21.1193|DEBUG|Microsoft.EntityFrameworkCore.Database.Connection|Closed connection to database 'LitZhu' on server 'localhost' (5ms). 
2024-04-01 18:50:21.1506|INFO|Microsoft.AspNetCore.Mvc.Infrastructure.ControllerActionInvoker|Executed action method LitZhu.WebApi.Controllers.Article.ArticleController.GetArticle (LitZhu.WebApi), returned result Microsoft.AspNetCore.Mvc.OkObjectResult in 1061.4911ms. 
2024-04-01 18:50:21.1506|TRACE|Microsoft.AspNetCore.Mvc.Infrastructure.ControllerActionInvoker|Action Filter: Before executing OnActionExecuted on filter Microsoft.AspNetCore.Mvc.Infrastructure.ModelStateInvalidFilter. 
2024-04-01 18:50:21.1506|TRACE|Microsoft.AspNetCore.Mvc.Infrastructure.ControllerActionInvoker|Action Filter: After executing OnActionExecuted on filter Microsoft.AspNetCore.Mvc.Infrastructure.ModelStateInvalidFilter. 
2024-04-01 18:50:21.1506|TRACE|Microsoft.AspNetCore.Mvc.Infrastructure.ControllerActionInvoker|Action Filter: Before executing OnActionExecuted on filter Microsoft.AspNetCore.Mvc.ModelBinding.UnsupportedContentTypeFilter. 
2024-04-01 18:50:21.1506|TRACE|Microsoft.AspNetCore.Mvc.Infrastructure.ControllerActionInvoker|Action Filter: After executing OnActionExecuted on filter Microsoft.AspNetCore.Mvc.ModelBinding.UnsupportedContentTypeFilter. 
2024-04-01 18:50:21.1506|TRACE|Microsoft.AspNetCore.Mvc.Infrastructure.ControllerActionInvoker|Result Filter: Before executing OnResultExecuting on filter Microsoft.AspNetCore.Mvc.Infrastructure.ClientErrorResultFilter. 
2024-04-01 18:50:21.1506|TRACE|Microsoft.AspNetCore.Mvc.Infrastructure.ControllerActionInvoker|Result Filter: After executing OnResultExecuting on filter Microsoft.AspNetCore.Mvc.Infrastructure.ClientErrorResultFilter. 
2024-04-01 18:50:21.1506|TRACE|Microsoft.AspNetCore.Mvc.Infrastructure.ControllerActionInvoker|Before executing action result Microsoft.AspNetCore.Mvc.OkObjectResult. 
2024-04-01 18:50:21.1506|DEBUG|Microsoft.AspNetCore.Mvc.Infrastructure.DefaultOutputFormatterSelector|List of registered output formatters, in the following order: Microsoft.AspNetCore.Mvc.Formatters.HttpNoContentOutputFormatter, Microsoft.AspNetCore.Mvc.Formatters.StringOutputFormatter, Microsoft.AspNetCore.Mvc.Formatters.StreamOutputFormatter, Microsoft.AspNetCore.Mvc.Formatters.NewtonsoftJsonOutputFormatter 
2024-04-01 18:50:21.1506|DEBUG|Microsoft.AspNetCore.Mvc.Infrastructure.DefaultOutputFormatterSelector|Attempting to select an output formatter based on Accept header 'text/plain'. 
2024-04-01 18:50:21.1506|DEBUG|Microsoft.AspNetCore.Mvc.Infrastructure.DefaultOutputFormatterSelector|Could not find an output formatter based on content negotiation. Accepted types were (text/plain) 
2024-04-01 18:50:21.1506|DEBUG|Microsoft.AspNetCore.Mvc.Infrastructure.DefaultOutputFormatterSelector|Attempting to select an output formatter without using a content type as no explicit content types were specified for the response. 
2024-04-01 18:50:21.1506|DEBUG|Microsoft.AspNetCore.Mvc.Infrastructure.DefaultOutputFormatterSelector|Attempting to select the first formatter in the output formatters list which can write the result. 
2024-04-01 18:50:21.1657|DEBUG|Microsoft.AspNetCore.Mvc.Infrastructure.DefaultOutputFormatterSelector|Selected output formatter 'Microsoft.AspNetCore.Mvc.Formatters.NewtonsoftJsonOutputFormatter' and content type 'application/json' to write the response. 
2024-04-01 18:50:21.1657|INFO|Microsoft.AspNetCore.Mvc.Infrastructure.ObjectResultExecutor|Executing OkObjectResult, writing value of type 'LitZhu.WebApi.R'. 
2024-04-01 18:50:21.2836|TRACE|Microsoft.AspNetCore.Server.Kestrel.Http2|Connection id "0HN2I75VF7IUV" sending HEADERS frame for stream ID 1 with length 81 and flags END_HEADERS. 
2024-04-01 18:50:21.2836|TRACE|Microsoft.AspNetCore.Server.Kestrel.Http2|Connection id "0HN2I75VF7IUV" sending DATA frame for stream ID 1 with length 2809 and flags NONE. 
2024-04-01 18:50:21.2836|TRACE|Microsoft.AspNetCore.Mvc.Infrastructure.ControllerActionInvoker|After executing action result Microsoft.AspNetCore.Mvc.OkObjectResult. 
2024-04-01 18:50:21.2836|TRACE|Microsoft.AspNetCore.Mvc.Infrastructure.ControllerActionInvoker|Result Filter: Before executing OnResultExecuted on filter Microsoft.AspNetCore.Mvc.Infrastructure.ClientErrorResultFilter. 
2024-04-01 18:50:21.2836|TRACE|Microsoft.AspNetCore.Mvc.Infrastructure.ControllerActionInvoker|Result Filter: After executing OnResultExecuted on filter Microsoft.AspNetCore.Mvc.Infrastructure.ClientErrorResultFilter. 
2024-04-01 18:50:21.2836|INFO|Microsoft.AspNetCore.Mvc.Infrastructure.ControllerActionInvoker|Executed action LitZhu.WebApi.Controllers.Article.ArticleController.GetArticle (LitZhu.WebApi) in 2754.5527ms 
2024-04-01 18:50:21.2912|INFO|Microsoft.AspNetCore.Routing.EndpointMiddleware|Executed endpoint 'LitZhu.WebApi.Controllers.Article.ArticleController.GetArticle (LitZhu.WebApi)' 
2024-04-01 18:50:21.2912|TRACE|Microsoft.AspNetCore.Server.Kestrel.Http2|Connection id "0HN2I75VF7IUV" sending DATA frame for stream ID 1 with length 0 and flags END_STREAM. 
2024-04-01 18:50:21.2912|DEBUG|Microsoft.EntityFrameworkCore.Infrastructure|'ArticleDbContext' disposed. 
2024-04-01 18:50:21.2912|DEBUG|Microsoft.EntityFrameworkCore.Database.Connection|Disposing connection to database 'LitZhu' on server 'localhost'. 
2024-04-01 18:50:21.2912|DEBUG|Microsoft.EntityFrameworkCore.Database.Connection|Disposed connection to database 'LitZhu' on server 'localhost' (1ms). 
2024-04-01 18:50:21.2912|INFO|Microsoft.AspNetCore.Hosting.Diagnostics|Request finished HTTP/2 GET https://localhost:7290/api/Article - 200 2809 application/json;+charset=utf-8 3003.9261ms 
2024-04-01 18:50:59.9989|DEBUG|Microsoft.AspNetCore.Server.Kestrel.Transport.Sockets|Connection id "0HN2I75VF7IUV" received FIN. 
2024-04-01 18:51:00.0080|DEBUG|Microsoft.AspNetCore.Server.Kestrel.Http2|Connection id "0HN2I75VF7IUV" is closed. The last processed stream ID was 1. 
2024-04-01 18:51:00.0080|DEBUG|Microsoft.AspNetCore.Server.Kestrel.Transport.Sockets|Connection id "0HN2I75VF7IUV" sending FIN because: "The Socket transport's send loop completed gracefully." 
2024-04-01 18:51:00.0080|DEBUG|Microsoft.AspNetCore.Server.Kestrel.Http2|The connection queue processing loop for 0HN2I75VF7IUV completed. 
2024-04-01 18:51:00.0080|DEBUG|Microsoft.AspNetCore.Server.Kestrel.Connections|Connection id "0HN2I75VF7IUV" stopped. 
