2024-03-22 10:29:32.6119|DEBUG|Microsoft.AspNetCore.Mvc.ModelBinding.ModelBinderFactory|Registered model binder providers, in the following order: Microsoft.AspNetCore.Mvc.ModelBinding.Binders.BinderTypeModelBinderProvider, Microsoft.AspNetCore.Mvc.ModelBinding.Binders.ServicesModelBinderProvider, Microsoft.AspNetCore.Mvc.ModelBinding.Binders.BodyModelBinderProvider, Microsoft.AspNetCore.Mvc.ModelBinding.Binders.HeaderModelBinderProvider, Microsoft.AspNetCore.Mvc.ModelBinding.Binders.FloatingPointTypeModelBinderProvider, Microsoft.AspNetCore.Mvc.ModelBinding.Binders.EnumTypeModelBinderProvider, Microsoft.AspNetCore.Mvc.ModelBinding.Binders.DateTimeModelBinderProvider, Microsoft.AspNetCore.Mvc.ModelBinding.Binders.SimpleTypeModelBinderProvider, Microsoft.AspNetCore.Mvc.ModelBinding.Binders.TryParseModelBinderProvider, Microsoft.AspNetCore.Mvc.ModelBinding.Binders.CancellationTokenModelBinderProvider, Microsoft.AspNetCore.Mvc.ModelBinding.Binders.ByteArrayModelBinderProvider, Microsoft.AspNetCore.Mvc.ModelBinding.Binders.FormFileModelBinderProvider, Microsoft.AspNetCore.Mvc.ModelBinding.Binders.FormCollectionModelBinderProvider, Microsoft.AspNetCore.Mvc.ModelBinding.Binders.KeyValuePairModelBinderProvider, Microsoft.AspNetCore.Mvc.ModelBinding.Binders.DictionaryModelBinderProvider, Microsoft.AspNetCore.Mvc.ModelBinding.Binders.ArrayModelBinderProvider, Microsoft.AspNetCore.Mvc.ModelBinding.Binders.CollectionModelBinderProvider, Microsoft.AspNetCore.Mvc.ModelBinding.Binders.ComplexObjectModelBinderProvider 
2024-03-22 10:29:32.7974|DEBUG|Microsoft.Extensions.Hosting.Internal.Host|Hosting starting 
2024-03-22 10:29:32.8570|INFO|Microsoft.AspNetCore.DataProtection.KeyManagement.XmlKeyManager|User profile is available. Using 'C:\Users\25968\AppData\Local\ASP.NET\DataProtection-Keys' as key repository and Windows DPAPI to encrypt keys at rest. 
2024-03-22 10:29:32.8720|DEBUG|Microsoft.AspNetCore.DataProtection.Repositories.FileSystemXmlRepository|Reading data from file 'C:\Users\25968\AppData\Local\ASP.NET\DataProtection-Keys\key-04331095-e001-4e86-a2a5-ac77c623d11c.xml'. 
2024-03-22 10:29:32.8874|DEBUG|Microsoft.AspNetCore.DataProtection.KeyManagement.XmlKeyManager|Found key {04331095-e001-4e86-a2a5-ac77c623d11c}. 
2024-03-22 10:29:32.9119|DEBUG|Microsoft.AspNetCore.DataProtection.KeyManagement.DefaultKeyResolver|Considering key {04331095-e001-4e86-a2a5-ac77c623d11c} with expiration date 2024-04-11 12:24:14Z as default key. 
2024-03-22 10:29:32.9181|DEBUG|Microsoft.AspNetCore.DataProtection.TypeForwardingActivator|Forwarded activator type request from Microsoft.AspNetCore.DataProtection.XmlEncryption.DpapiXmlDecryptor, Microsoft.AspNetCore.DataProtection, Version=8.0.0.0, Culture=neutral, PublicKeyToken=adb9793829ddae60 to Microsoft.AspNetCore.DataProtection.XmlEncryption.DpapiXmlDecryptor, Microsoft.AspNetCore.DataProtection, Culture=neutral, PublicKeyToken=adb9793829ddae60 
2024-03-22 10:29:32.9181|DEBUG|Microsoft.AspNetCore.DataProtection.XmlEncryption.DpapiXmlDecryptor|Decrypting secret element using Windows DPAPI. 
2024-03-22 10:29:32.9181|DEBUG|Microsoft.AspNetCore.DataProtection.TypeForwardingActivator|Forwarded activator type request from Microsoft.AspNetCore.DataProtection.AuthenticatedEncryption.ConfigurationModel.AuthenticatedEncryptorDescriptorDeserializer, Microsoft.AspNetCore.DataProtection, Version=8.0.0.0, Culture=neutral, PublicKeyToken=adb9793829ddae60 to Microsoft.AspNetCore.DataProtection.AuthenticatedEncryption.ConfigurationModel.AuthenticatedEncryptorDescriptorDeserializer, Microsoft.AspNetCore.DataProtection, Culture=neutral, PublicKeyToken=adb9793829ddae60 
2024-03-22 10:29:32.9295|DEBUG|Microsoft.AspNetCore.DataProtection.AuthenticatedEncryption.CngCbcAuthenticatedEncryptorFactory|Opening CNG algorithm 'AES' from provider '(null)' with chaining mode CBC. 
2024-03-22 10:29:32.9295|DEBUG|Microsoft.AspNetCore.DataProtection.AuthenticatedEncryption.CngCbcAuthenticatedEncryptorFactory|Opening CNG algorithm 'SHA256' from provider '(null)' with HMAC. 
2024-03-22 10:29:32.9295|DEBUG|Microsoft.AspNetCore.DataProtection.KeyManagement.KeyRingProvider|Using key {04331095-e001-4e86-a2a5-ac77c623d11c} as the default key. 
2024-03-22 10:29:32.9295|DEBUG|Microsoft.AspNetCore.DataProtection.Internal.DataProtectionHostedService|Key ring with default key {04331095-e001-4e86-a2a5-ac77c623d11c} was loaded during application startup. 
2024-03-22 10:29:33.6113|INFO|Microsoft.Hosting.Lifetime|Now listening on: https://localhost:7290 
2024-03-22 10:29:33.6163|INFO|Microsoft.Hosting.Lifetime|Now listening on: http://localhost:5167 
2024-03-22 10:29:33.6163|DEBUG|Microsoft.AspNetCore.Hosting.Diagnostics|Loaded hosting startup assembly LitZhu.WebApi 
2024-03-22 10:29:33.6163|DEBUG|Microsoft.AspNetCore.Hosting.Diagnostics|Loaded hosting startup assembly Microsoft.AspNetCore.Watch.BrowserRefresh 
2024-03-22 10:29:33.6163|DEBUG|Microsoft.AspNetCore.Hosting.Diagnostics|Loaded hosting startup assembly Microsoft.WebTools.BrowserLink.Net 
2024-03-22 10:29:33.6163|INFO|Microsoft.Hosting.Lifetime|Application started. Press Ctrl+C to shut down. 
2024-03-22 10:29:33.6163|INFO|Microsoft.Hosting.Lifetime|Hosting environment: Development 
2024-03-22 10:29:33.6332|INFO|Microsoft.Hosting.Lifetime|Content root path: D:\Desktop\website\litzhu\LitZhu_backend\LitZhu.WebApi 
2024-03-22 10:29:33.6332|DEBUG|Microsoft.Extensions.Hosting.Internal.Host|Hosting started 
2024-03-22 10:29:33.6508|DEBUG|Microsoft.AspNetCore.Server.Kestrel.Connections|Connection id "0HN2A2VKIPKR6" accepted. 
2024-03-22 10:29:33.6508|DEBUG|Microsoft.AspNetCore.Server.Kestrel.Connections|Connection id "0HN2A2VKIPKR6" started. 
2024-03-22 10:29:33.6713|DEBUG|Microsoft.AspNetCore.Server.Kestrel.Connections|Connection id "0HN2A2VKIPKR7" accepted. 
2024-03-22 10:29:33.6713|DEBUG|Microsoft.AspNetCore.Server.Kestrel.Connections|Connection id "0HN2A2VKIPKR7" started. 
2024-03-22 10:29:39.4214|DEBUG|Microsoft.AspNetCore.Server.Kestrel.Connections|Connection id "0HN2A2VKIPKR8" accepted. 
2024-03-22 10:29:39.4214|DEBUG|Microsoft.AspNetCore.Server.Kestrel.Connections|Connection id "0HN2A2VKIPKR8" started. 
2024-03-22 10:29:39.5422|DEBUG|Microsoft.AspNetCore.Server.Kestrel.Https.Internal.HttpsConnectionMiddleware|Connection 0HN2A2VKIPKR8 established using the following protocol: Tls13 
2024-03-22 10:29:39.5939|TRACE|Microsoft.AspNetCore.Server.Kestrel.Http2|Connection id "0HN2A2VKIPKR8" sending SETTINGS frame for stream ID 0 with length 24 and flags NONE. 
2024-03-22 10:29:39.6018|TRACE|Microsoft.AspNetCore.Server.Kestrel.Http2|Connection id "0HN2A2VKIPKR8" sending WINDOW_UPDATE frame for stream ID 0 with length 4 and flags 0x0. 
2024-03-22 10:29:39.6018|TRACE|Microsoft.AspNetCore.Server.Kestrel.Http2|Connection id "0HN2A2VKIPKR8" received SETTINGS frame for stream ID 0 with length 24 and flags NONE. 
2024-03-22 10:29:39.6018|TRACE|Microsoft.AspNetCore.Server.Kestrel.Http2|Connection id "0HN2A2VKIPKR8" sending SETTINGS frame for stream ID 0 with length 0 and flags ACK. 
2024-03-22 10:29:39.6018|TRACE|Microsoft.AspNetCore.Server.Kestrel.Http2|Connection id "0HN2A2VKIPKR8" received WINDOW_UPDATE frame for stream ID 0 with length 4 and flags 0x0. 
2024-03-22 10:29:39.6018|TRACE|Microsoft.AspNetCore.Server.Kestrel.Http2|Connection id "0HN2A2VKIPKR8" received HEADERS frame for stream ID 1 with length 463 and flags END_STREAM, END_HEADERS, PRIORITY. 
2024-03-22 10:29:39.6359|TRACE|Microsoft.AspNetCore.Server.Kestrel.Http2|Connection id "0HN2A2VKIPKR8" received SETTINGS frame for stream ID 0 with length 0 and flags ACK. 
2024-03-22 10:29:39.6523|INFO|Microsoft.AspNetCore.Hosting.Diagnostics|Request starting HTTP/2 GET https://localhost:7290/swagger/index.html - - - 
2024-03-22 10:29:39.8463|DEBUG|Microsoft.AspNetCore.HostFiltering.HostFilteringMiddleware|Wildcard detected, all requests with hosts will be allowed. 
2024-03-22 10:29:39.8463|TRACE|Microsoft.AspNetCore.HostFiltering.HostFilteringMiddleware|All hosts are allowed. 
2024-03-22 10:29:39.8774|DEBUG|Microsoft.AspNetCore.Routing.Matching.DfaMatcher|No candidates found for the request path '/swagger/index.html' 
2024-03-22 10:29:39.8774|DEBUG|Microsoft.AspNetCore.Routing.EndpointRoutingMiddleware|Request did not match any endpoints 
2024-03-22 10:29:39.9861|DEBUG|Microsoft.AspNetCore.Watch.BrowserRefresh.BrowserRefreshMiddleware|Response markup is scheduled to include browser refresh script injection. 
2024-03-22 10:29:39.9861|TRACE|Microsoft.AspNetCore.Server.Kestrel.Http2|Connection id "0HN2A2VKIPKR8" sending HEADERS frame for stream ID 1 with length 66 and flags END_HEADERS. 
2024-03-22 10:29:40.0023|TRACE|Microsoft.AspNetCore.Server.Kestrel.Http2|Connection id "0HN2A2VKIPKR8" sending DATA frame for stream ID 1 with length 4096 and flags NONE. 
2024-03-22 10:29:40.0087|TRACE|Microsoft.AspNetCore.Server.Kestrel.Http2|Connection id "0HN2A2VKIPKR8" sending DATA frame for stream ID 1 with length 992 and flags NONE. 
2024-03-22 10:29:40.0087|TRACE|Microsoft.AspNetCore.Server.Kestrel.Http2|Connection id "0HN2A2VKIPKR8" sending DATA frame for stream ID 1 with length 81 and flags NONE. 
2024-03-22 10:29:40.0087|DEBUG|Microsoft.AspNetCore.Watch.BrowserRefresh.BrowserRefreshMiddleware|Response markup was updated to include browser refresh script injection. 
2024-03-22 10:29:40.0087|TRACE|Microsoft.AspNetCore.Server.Kestrel.Http2|Connection id "0HN2A2VKIPKR8" sending DATA frame for stream ID 1 with length 0 and flags END_STREAM. 
2024-03-22 10:29:40.0087|INFO|Microsoft.AspNetCore.Hosting.Diagnostics|Request finished HTTP/2 GET https://localhost:7290/swagger/index.html - 200 - text/html;charset=utf-8 371.5270ms 
2024-03-22 10:29:40.0668|TRACE|Microsoft.AspNetCore.Server.Kestrel.Http2|Connection id "0HN2A2VKIPKR8" received HEADERS frame for stream ID 3 with length 109 and flags END_STREAM, END_HEADERS, PRIORITY. 
2024-03-22 10:29:40.0697|INFO|Microsoft.AspNetCore.Hosting.Diagnostics|Request starting HTTP/2 GET https://localhost:7290/_framework/aspnetcore-browser-refresh.js - - - 
2024-03-22 10:29:40.0697|TRACE|Microsoft.AspNetCore.Server.Kestrel.Http2|Connection id "0HN2A2VKIPKR8" sending HEADERS frame for stream ID 3 with length 60 and flags END_HEADERS. 
2024-03-22 10:29:40.0697|TRACE|Microsoft.AspNetCore.Server.Kestrel.Http2|Connection id "0HN2A2VKIPKR8" sending DATA frame for stream ID 3 with length 13761 and flags NONE. 
2024-03-22 10:29:40.0697|TRACE|Microsoft.AspNetCore.Server.Kestrel.Http2|Connection id "0HN2A2VKIPKR8" sending DATA frame for stream ID 3 with length 0 and flags END_STREAM. 
2024-03-22 10:29:40.0697|INFO|Microsoft.AspNetCore.Hosting.Diagnostics|Request finished HTTP/2 GET https://localhost:7290/_framework/aspnetcore-browser-refresh.js - 200 13761 application/javascript;+charset=utf-8 10.1031ms 
2024-03-22 10:29:40.1467|TRACE|Microsoft.AspNetCore.Server.Kestrel.Http2|Connection id "0HN2A2VKIPKR8" received HEADERS frame for stream ID 5 with length 57 and flags END_STREAM, END_HEADERS, PRIORITY. 
2024-03-22 10:29:40.1467|INFO|Microsoft.AspNetCore.Hosting.Diagnostics|Request starting HTTP/2 GET https://localhost:7290/_vs/browserLink - - - 
2024-03-22 10:29:40.2127|TRACE|Microsoft.AspNetCore.Server.Kestrel.Http2|Connection id "0HN2A2VKIPKR8" sending HEADERS frame for stream ID 5 with length 119 and flags END_HEADERS. 
2024-03-22 10:29:40.2127|TRACE|Microsoft.AspNetCore.Server.Kestrel.Http2|Connection id "0HN2A2VKIPKR8" sending DATA frame for stream ID 5 with length 9986 and flags NONE. 
2024-03-22 10:29:40.2127|TRACE|Microsoft.AspNetCore.Server.Kestrel.Http2|Connection id "0HN2A2VKIPKR8" sending DATA frame for stream ID 5 with length 10240 and flags NONE. 
2024-03-22 10:29:40.2127|TRACE|Microsoft.AspNetCore.Server.Kestrel.Http2|Connection id "0HN2A2VKIPKR8" sending DATA frame for stream ID 5 with length 10240 and flags NONE. 
2024-03-22 10:29:40.2127|TRACE|Microsoft.AspNetCore.Server.Kestrel.Http2|Connection id "0HN2A2VKIPKR8" sending DATA frame for stream ID 5 with length 10240 and flags NONE. 
2024-03-22 10:29:40.2127|TRACE|Microsoft.AspNetCore.Server.Kestrel.Http2|Connection id "0HN2A2VKIPKR8" sending DATA frame for stream ID 5 with length 10240 and flags NONE. 
2024-03-22 10:29:40.2127|TRACE|Microsoft.AspNetCore.Server.Kestrel.Http2|Connection id "0HN2A2VKIPKR8" sending DATA frame for stream ID 5 with length 10240 and flags NONE. 
2024-03-22 10:29:40.2254|TRACE|Microsoft.AspNetCore.Server.Kestrel.Http2|Connection id "0HN2A2VKIPKR8" sending DATA frame for stream ID 5 with length 10240 and flags NONE. 
2024-03-22 10:29:40.2254|TRACE|Microsoft.AspNetCore.Server.Kestrel.Http2|Connection id "0HN2A2VKIPKR8" sending DATA frame for stream ID 5 with length 10240 and flags NONE. 
2024-03-22 10:29:40.2254|TRACE|Microsoft.AspNetCore.Server.Kestrel.Http2|Connection id "0HN2A2VKIPKR8" sending DATA frame for stream ID 5 with length 10240 and flags NONE. 
2024-03-22 10:29:40.2254|TRACE|Microsoft.AspNetCore.Server.Kestrel.Http2|Connection id "0HN2A2VKIPKR8" sending DATA frame for stream ID 5 with length 10240 and flags NONE. 
2024-03-22 10:29:40.2254|TRACE|Microsoft.AspNetCore.Server.Kestrel.Http2|Connection id "0HN2A2VKIPKR8" sending DATA frame for stream ID 5 with length 10240 and flags NONE. 
2024-03-22 10:29:40.2254|TRACE|Microsoft.AspNetCore.Server.Kestrel.Http2|Connection id "0HN2A2VKIPKR8" sending DATA frame for stream ID 5 with length 10240 and flags NONE. 
2024-03-22 10:29:40.2254|TRACE|Microsoft.AspNetCore.Server.Kestrel.Http2|Connection id "0HN2A2VKIPKR8" sending DATA frame for stream ID 5 with length 10240 and flags NONE. 
2024-03-22 10:29:40.2254|TRACE|Microsoft.AspNetCore.Server.Kestrel.Http2|Connection id "0HN2A2VKIPKR8" sending DATA frame for stream ID 5 with length 10240 and flags NONE. 
2024-03-22 10:29:40.2254|TRACE|Microsoft.AspNetCore.Server.Kestrel.Http2|Connection id "0HN2A2VKIPKR8" sending DATA frame for stream ID 5 with length 10240 and flags NONE. 
2024-03-22 10:29:40.2254|TRACE|Microsoft.AspNetCore.Server.Kestrel.Http2|Connection id "0HN2A2VKIPKR8" sending DATA frame for stream ID 5 with length 160 and flags NONE. 
2024-03-22 10:29:40.2254|INFO|Microsoft.AspNetCore.Hosting.Diagnostics|Request finished HTTP/2 GET https://localhost:7290/_vs/browserLink - 200 - text/javascript;+charset=UTF-8 89.7943ms 
2024-03-22 10:29:40.2254|TRACE|Microsoft.AspNetCore.Server.Kestrel.Http2|Connection id "0HN2A2VKIPKR8" sending DATA frame for stream ID 5 with length 0 and flags END_STREAM. 
2024-03-22 10:29:40.5512|TRACE|Microsoft.AspNetCore.Server.Kestrel.Http2|Connection id "0HN2A2VKIPKR8" received HEADERS frame for stream ID 7 with length 66 and flags END_STREAM, END_HEADERS, PRIORITY. 
2024-03-22 10:29:40.5512|INFO|Microsoft.AspNetCore.Hosting.Diagnostics|Request starting HTTP/2 GET https://localhost:7290/swagger/v1/swagger.json - - - 
2024-03-22 10:29:40.5523|TRACE|Microsoft.AspNetCore.HostFiltering.HostFilteringMiddleware|All hosts are allowed. 
2024-03-22 10:29:40.5523|DEBUG|Microsoft.AspNetCore.Routing.Matching.DfaMatcher|No candidates found for the request path '/swagger/v1/swagger.json' 
2024-03-22 10:29:40.5523|DEBUG|Microsoft.AspNetCore.Routing.EndpointRoutingMiddleware|Request did not match any endpoints 
2024-03-22 10:29:40.8990|TRACE|Microsoft.AspNetCore.Server.Kestrel.Http2|Connection id "0HN2A2VKIPKR8" sending HEADERS frame for stream ID 7 with length 65 and flags END_HEADERS. 
2024-03-22 10:29:40.8990|TRACE|Microsoft.AspNetCore.Server.Kestrel.Http2|Connection id "0HN2A2VKIPKR8" sending DATA frame for stream ID 7 with length 16384 and flags NONE. 
2024-03-22 10:29:40.8990|TRACE|Microsoft.AspNetCore.Server.Kestrel.Http2|Connection id "0HN2A2VKIPKR8" sending DATA frame for stream ID 7 with length 16384 and flags NONE. 
2024-03-22 10:29:40.8990|TRACE|Microsoft.AspNetCore.Server.Kestrel.Http2|Connection id "0HN2A2VKIPKR8" sending DATA frame for stream ID 7 with length 16384 and flags NONE. 
2024-03-22 10:29:40.8990|TRACE|Microsoft.AspNetCore.Server.Kestrel.Http2|Connection id "0HN2A2VKIPKR8" sending DATA frame for stream ID 7 with length 9384 and flags NONE. 
2024-03-22 10:29:40.8990|TRACE|Microsoft.AspNetCore.Server.Kestrel.Http2|Connection id "0HN2A2VKIPKR8" sending DATA frame for stream ID 7 with length 0 and flags END_STREAM. 
2024-03-22 10:29:40.8990|INFO|Microsoft.AspNetCore.Hosting.Diagnostics|Request finished HTTP/2 GET https://localhost:7290/swagger/v1/swagger.json - 200 - application/json;charset=utf-8 351.8573ms 
2024-03-22 10:29:42.2151|DEBUG|Microsoft.AspNetCore.Server.Kestrel.Transport.Sockets|Connection id "0HN2A2VKIPKR8" received FIN. 
2024-03-22 10:29:42.2151|DEBUG|Microsoft.AspNetCore.Server.Kestrel.Http2|The connection queue processing loop for 0HN2A2VKIPKR8 completed. 
2024-03-22 10:29:42.2151|DEBUG|Microsoft.AspNetCore.Server.Kestrel.Http2|Connection id "0HN2A2VKIPKR8" is closed. The last processed stream ID was 7. 
2024-03-22 10:29:42.2151|DEBUG|Microsoft.AspNetCore.Server.Kestrel.Transport.Sockets|Connection id "0HN2A2VKIPKR8" sending FIN because: "The Socket transport's send loop completed gracefully." 
2024-03-22 10:29:42.2382|DEBUG|Microsoft.AspNetCore.Server.Kestrel.Connections|Connection id "0HN2A2VKIPKR8" stopped. 
2024-03-22 10:29:43.6782|DEBUG|Microsoft.AspNetCore.Server.Kestrel.Https.Internal.HttpsConnectionMiddleware|Authentication of the HTTPS connection timed out. 
2024-03-22 10:29:43.6782|DEBUG|Microsoft.AspNetCore.Server.Kestrel.Https.Internal.HttpsConnectionMiddleware|Authentication of the HTTPS connection timed out. 
2024-03-22 10:29:43.6782|DEBUG|Microsoft.AspNetCore.Server.Kestrel.Connections|Connection id "0HN2A2VKIPKR7" stopped. 
2024-03-22 10:29:43.6782|DEBUG|Microsoft.AspNetCore.Server.Kestrel.Connections|Connection id "0HN2A2VKIPKR6" stopped. 
2024-03-22 10:29:43.6787|DEBUG|Microsoft.AspNetCore.Server.Kestrel.Transport.Sockets|Connection id "0HN2A2VKIPKR7" sending FIN because: "The Socket transport's send loop completed gracefully." 
2024-03-22 10:29:43.6787|DEBUG|Microsoft.AspNetCore.Server.Kestrel.Transport.Sockets|Connection id "0HN2A2VKIPKR6" sending FIN because: "The Socket transport's send loop completed gracefully." 
2024-03-22 10:31:00.9335|DEBUG|Microsoft.AspNetCore.Server.Kestrel.Connections|Connection id "0HN2A2VKIPKR9" accepted. 
2024-03-22 10:31:00.9335|DEBUG|Microsoft.AspNetCore.Server.Kestrel.Connections|Connection id "0HN2A2VKIPKR9" started. 
2024-03-22 10:31:00.9465|DEBUG|Microsoft.AspNetCore.Server.Kestrel.Https.Internal.HttpsConnectionMiddleware|Connection 0HN2A2VKIPKR9 established using the following protocol: Tls13 
2024-03-22 10:31:00.9465|INFO|Microsoft.AspNetCore.Hosting.Diagnostics|Request starting HTTP/1.1 POST https://localhost:7290/api/Auth/Login - application/json 61 
2024-03-22 10:31:00.9465|TRACE|Microsoft.AspNetCore.HostFiltering.HostFilteringMiddleware|All hosts are allowed. 
2024-03-22 10:31:00.9624|DEBUG|Microsoft.AspNetCore.Routing.Matching.DfaMatcher|1 candidate(s) found for the request path '/api/Auth/Login' 
2024-03-22 10:31:00.9624|DEBUG|Microsoft.AspNetCore.Routing.Matching.DfaMatcher|Endpoint 'LitZhu.WebApi.Controllers.User.AuthController.VerifyLoginUsernamePassword (LitZhu.WebApi)' with route pattern 'api/Auth/Login' is valid for the request path '/api/Auth/Login' 
2024-03-22 10:31:00.9624|DEBUG|Microsoft.AspNetCore.Routing.EndpointRoutingMiddleware|Request matched endpoint 'LitZhu.WebApi.Controllers.User.AuthController.VerifyLoginUsernamePassword (LitZhu.WebApi)' 
2024-03-22 10:31:00.9624|TRACE|Microsoft.AspNetCore.Routing.EndpointRoutingMiddleware|The endpoint does not specify the IRequestSizeLimitMetadata. 
2024-03-22 10:31:00.9624|DEBUG|Microsoft.AspNetCore.StaticFiles.StaticFileMiddleware|Static files was skipped as the request already matched an endpoint. 
2024-03-22 10:31:01.0671|DEBUG|Microsoft.AspNetCore.Authentication.JwtBearer.JwtBearerHandler|AuthenticationScheme: Bearer was not authenticated. 
2024-03-22 10:31:01.0671|INFO|Microsoft.AspNetCore.Routing.EndpointMiddleware|Executing endpoint 'LitZhu.WebApi.Controllers.User.AuthController.VerifyLoginUsernamePassword (LitZhu.WebApi)' 
2024-03-22 10:31:01.0881|INFO|Microsoft.AspNetCore.Mvc.Infrastructure.ControllerActionInvoker|Route matched with {action = "VerifyLoginUsernamePassword", controller = "Auth"}. Executing controller action with signature System.Threading.Tasks.Task`1[Microsoft.AspNetCore.Mvc.ActionResult`1[System.String]] VerifyLoginUsernamePassword(LitZhu.WebApi.Controllers.User.VerifyLoginUsernamePasswordRequest) on controller LitZhu.WebApi.Controllers.User.AuthController (LitZhu.WebApi). 
2024-03-22 10:31:01.0881|DEBUG|Microsoft.AspNetCore.Mvc.Infrastructure.ControllerActionInvoker|Execution plan of authorization filters (in the following order): None 
2024-03-22 10:31:01.0881|DEBUG|Microsoft.AspNetCore.Mvc.Infrastructure.ControllerActionInvoker|Execution plan of resource filters (in the following order): None 
2024-03-22 10:31:01.0881|DEBUG|Microsoft.AspNetCore.Mvc.Infrastructure.ControllerActionInvoker|Execution plan of action filters (in the following order): Microsoft.AspNetCore.Mvc.ModelBinding.UnsupportedContentTypeFilter (Order: -3000), Microsoft.AspNetCore.Mvc.Infrastructure.ModelStateInvalidFilter (Order: -2000) 
2024-03-22 10:31:01.0881|DEBUG|Microsoft.AspNetCore.Mvc.Infrastructure.ControllerActionInvoker|Execution plan of exception filters (in the following order): None 
2024-03-22 10:31:01.0881|DEBUG|Microsoft.AspNetCore.Mvc.Infrastructure.ControllerActionInvoker|Execution plan of result filters (in the following order): Microsoft.AspNetCore.Mvc.Infrastructure.ClientErrorResultFilter (Order: -2000) 
2024-03-22 10:31:01.0881|DEBUG|Microsoft.AspNetCore.Mvc.Infrastructure.ControllerActionInvoker|Executing controller factory for controller LitZhu.WebApi.Controllers.User.AuthController (LitZhu.WebApi) 
2024-03-22 10:32:03.5987|INFO|Microsoft.AspNetCore.Mvc.Infrastructure.ControllerActionInvoker|Executed action LitZhu.WebApi.Controllers.User.AuthController.VerifyLoginUsernamePassword (LitZhu.WebApi) in 62503.7101ms 
2024-03-22 10:32:03.5987|INFO|Microsoft.AspNetCore.Routing.EndpointMiddleware|Executed endpoint 'LitZhu.WebApi.Controllers.User.AuthController.VerifyLoginUsernamePassword (LitZhu.WebApi)' 
2024-03-22 10:32:03.6889|ERROR|Microsoft.AspNetCore.Diagnostics.DeveloperExceptionPageMiddleware|An unhandled exception has occurred while executing the request. System.NullReferenceException: Object reference not set to an instance of an object.
   at LitZhu.Infrastructure.EFCore.ConnectionString.get_MySqlConnection() in D:\Desktop\website\litzhu\LitZhu_backend\Commons\LitZhu.Infrastructure\EFCore\ConnectionString.cs:line 22
   at LitZhu.Infrastructure.EFCore.BaseDbContext.OnConfiguring(DbContextOptionsBuilder optionsBuilder) in D:\Desktop\website\litzhu\LitZhu_backend\Commons\LitZhu.Infrastructure\EFCore\BaseDbContext.cs:line 23
   at Microsoft.EntityFrameworkCore.DbContext.get_ContextServices()
   at Microsoft.EntityFrameworkCore.DbContext.get_Model()
   at Microsoft.EntityFrameworkCore.Internal.InternalDbSet`1.get_EntityType()
   at Microsoft.EntityFrameworkCore.Internal.InternalDbSet`1.CheckState()
   at Microsoft.EntityFrameworkCore.Internal.InternalDbSet`1.get_EntityQueryable()
   at Microsoft.EntityFrameworkCore.Internal.InternalDbSet`1.System.Linq.IQueryable.get_Provider()
   at Microsoft.EntityFrameworkCore.EntityFrameworkQueryableExtensions.Include[TEntity,TProperty](IQueryable`1 source, Expression`1 navigationPropertyPath)
   at User.Infrastructure.Repositories.UserRepository..ctor(UserDbContext _db) in D:\Desktop\website\litzhu\LitZhu_backend\User.Infrastructure\Repositories\UserRepository.cs:line 9
   at System.RuntimeMethodHandle.InvokeMethod(Object target, Void** arguments, Signature sig, Boolean isConstructor)
   at System.Reflection.MethodBaseInvoker.InvokeDirectByRefWithFewArgs(Object obj, Span`1 copyOfArgs, BindingFlags invokeAttr)
   at System.Reflection.MethodBaseInvoker.InvokeWithOneArg(Object obj, BindingFlags invokeAttr, Binder binder, Object[] parameters, CultureInfo culture)
   at System.Reflection.RuntimeConstructorInfo.Invoke(BindingFlags invokeAttr, Binder binder, Object[] parameters, CultureInfo culture)
   at Microsoft.Extensions.DependencyInjection.ServiceLookup.CallSiteRuntimeResolver.VisitConstructor(ConstructorCallSite constructorCallSite, RuntimeResolverContext context)
   at Microsoft.Extensions.DependencyInjection.ServiceLookup.CallSiteRuntimeResolver.VisitCache(ServiceCallSite callSite, RuntimeResolverContext context, ServiceProviderEngineScope serviceProviderEngine, RuntimeResolverLock lockType)
   at Microsoft.Extensions.DependencyInjection.ServiceLookup.CallSiteRuntimeResolver.VisitScopeCache(ServiceCallSite callSite, RuntimeResolverContext context)
   at Microsoft.Extensions.DependencyInjection.ServiceLookup.CallSiteVisitor`2.VisitCallSite(ServiceCallSite callSite, TArgument argument)
   at Microsoft.Extensions.DependencyInjection.ServiceLookup.CallSiteRuntimeResolver.Resolve(ServiceCallSite callSite, ServiceProviderEngineScope scope)
   at Microsoft.Extensions.DependencyInjection.ServiceLookup.DynamicServiceProviderEngine.<>c__DisplayClass2_0.<RealizeService>b__0(ServiceProviderEngineScope scope)
   at Microsoft.Extensions.DependencyInjection.ServiceProvider.GetService(ServiceIdentifier serviceIdentifier, ServiceProviderEngineScope serviceProviderEngineScope)
   at Microsoft.Extensions.DependencyInjection.ServiceLookup.ServiceProviderEngineScope.GetService(Type serviceType)
   at lambda_method21(Closure, IServiceProvider, Object[])
   at Microsoft.AspNetCore.Mvc.Controllers.ControllerFactoryProvider.<>c__DisplayClass6_0.<CreateControllerFactory>g__CreateController|0(ControllerContext controllerContext)
   at Microsoft.AspNetCore.Mvc.Infrastructure.ControllerActionInvoker.Next(State& next, Scope& scope, Object& state, Boolean& isCompleted)
   at Microsoft.AspNetCore.Mvc.Infrastructure.ControllerActionInvoker.InvokeInnerFilterAsync()
--- End of stack trace from previous location ---
   at Microsoft.AspNetCore.Mvc.Infrastructure.ResourceInvoker.<InvokeFilterPipelineAsync>g__Awaited|20_0(ResourceInvoker invoker, Task lastTask, State next, Scope scope, Object state, Boolean isCompleted)
   at Microsoft.AspNetCore.Mvc.Infrastructure.ResourceInvoker.<InvokeAsync>g__Logged|17_1(ResourceInvoker invoker)
   at Microsoft.AspNetCore.Mvc.Infrastructure.ResourceInvoker.<InvokeAsync>g__Logged|17_1(ResourceInvoker invoker)
   at Microsoft.AspNetCore.Routing.EndpointMiddleware.<Invoke>g__AwaitRequestTask|7_0(Endpoint endpoint, Task requestTask, ILogger logger)
   at Microsoft.AspNetCore.Authorization.AuthorizationMiddleware.Invoke(HttpContext context)
   at Microsoft.AspNetCore.Authentication.AuthenticationMiddleware.Invoke(HttpContext context)
   at Swashbuckle.AspNetCore.SwaggerUI.SwaggerUIMiddleware.Invoke(HttpContext httpContext)
   at Swashbuckle.AspNetCore.Swagger.SwaggerMiddleware.Invoke(HttpContext httpContext, ISwaggerProvider swaggerProvider)
   at Microsoft.AspNetCore.Diagnostics.DeveloperExceptionPageMiddlewareImpl.Invoke(HttpContext context)
2024-03-22 10:32:03.7491|DEBUG|Microsoft.AspNetCore.Server.Kestrel.Connections|Connection id "0HN2A2VKIPKR9" completed keep alive response. 
2024-03-22 10:32:03.7491|INFO|Microsoft.AspNetCore.Hosting.Diagnostics|Request finished HTTP/1.1 POST https://localhost:7290/api/Auth/Login - 500 - text/plain;+charset=utf-8 62801.6405ms 
2024-03-22 10:32:03.7491|DEBUG|Microsoft.AspNetCore.Server.Kestrel|Connection id "0HN2A2VKIPKR9", Request id "0HN2A2VKIPKR9:00000001": started reading request body. 
2024-03-22 10:32:03.7491|DEBUG|Microsoft.AspNetCore.Server.Kestrel|Connection id "0HN2A2VKIPKR9", Request id "0HN2A2VKIPKR9:00000001": done reading request body. 
2024-03-22 10:32:03.7657|DEBUG|Microsoft.AspNetCore.Server.Kestrel.Transport.Sockets|Connection id "0HN2A2VKIPKR9" received FIN. 
2024-03-22 10:32:03.7657|DEBUG|Microsoft.AspNetCore.Server.Kestrel.Transport.Sockets|Connection id "0HN2A2VKIPKR9" sending FIN because: "The Socket transport's send loop completed gracefully." 
2024-03-22 10:32:03.7657|DEBUG|Microsoft.AspNetCore.Server.Kestrel.Connections|Connection id "0HN2A2VKIPKR9" disconnecting. 
2024-03-22 10:32:03.7657|DEBUG|Microsoft.AspNetCore.Server.Kestrel.Connections|Connection id "0HN2A2VKIPKR9" stopped. 
2024-03-22 10:32:41.7425|DEBUG|Microsoft.AspNetCore.Mvc.ModelBinding.ModelBinderFactory|Registered model binder providers, in the following order: Microsoft.AspNetCore.Mvc.ModelBinding.Binders.BinderTypeModelBinderProvider, Microsoft.AspNetCore.Mvc.ModelBinding.Binders.ServicesModelBinderProvider, Microsoft.AspNetCore.Mvc.ModelBinding.Binders.BodyModelBinderProvider, Microsoft.AspNetCore.Mvc.ModelBinding.Binders.HeaderModelBinderProvider, Microsoft.AspNetCore.Mvc.ModelBinding.Binders.FloatingPointTypeModelBinderProvider, Microsoft.AspNetCore.Mvc.ModelBinding.Binders.EnumTypeModelBinderProvider, Microsoft.AspNetCore.Mvc.ModelBinding.Binders.DateTimeModelBinderProvider, Microsoft.AspNetCore.Mvc.ModelBinding.Binders.SimpleTypeModelBinderProvider, Microsoft.AspNetCore.Mvc.ModelBinding.Binders.TryParseModelBinderProvider, Microsoft.AspNetCore.Mvc.ModelBinding.Binders.CancellationTokenModelBinderProvider, Microsoft.AspNetCore.Mvc.ModelBinding.Binders.ByteArrayModelBinderProvider, Microsoft.AspNetCore.Mvc.ModelBinding.Binders.FormFileModelBinderProvider, Microsoft.AspNetCore.Mvc.ModelBinding.Binders.FormCollectionModelBinderProvider, Microsoft.AspNetCore.Mvc.ModelBinding.Binders.KeyValuePairModelBinderProvider, Microsoft.AspNetCore.Mvc.ModelBinding.Binders.DictionaryModelBinderProvider, Microsoft.AspNetCore.Mvc.ModelBinding.Binders.ArrayModelBinderProvider, Microsoft.AspNetCore.Mvc.ModelBinding.Binders.CollectionModelBinderProvider, Microsoft.AspNetCore.Mvc.ModelBinding.Binders.ComplexObjectModelBinderProvider 
2024-03-22 10:32:41.8655|DEBUG|Microsoft.Extensions.Hosting.Internal.Host|Hosting starting 
2024-03-22 10:32:41.9055|INFO|Microsoft.AspNetCore.DataProtection.KeyManagement.XmlKeyManager|User profile is available. Using 'C:\Users\25968\AppData\Local\ASP.NET\DataProtection-Keys' as key repository and Windows DPAPI to encrypt keys at rest. 
2024-03-22 10:32:41.9126|DEBUG|Microsoft.AspNetCore.DataProtection.Repositories.FileSystemXmlRepository|Reading data from file 'C:\Users\25968\AppData\Local\ASP.NET\DataProtection-Keys\key-04331095-e001-4e86-a2a5-ac77c623d11c.xml'. 
2024-03-22 10:32:41.9126|DEBUG|Microsoft.AspNetCore.DataProtection.KeyManagement.XmlKeyManager|Found key {04331095-e001-4e86-a2a5-ac77c623d11c}. 
2024-03-22 10:32:41.9308|DEBUG|Microsoft.AspNetCore.DataProtection.KeyManagement.DefaultKeyResolver|Considering key {04331095-e001-4e86-a2a5-ac77c623d11c} with expiration date 2024-04-11 12:24:14Z as default key. 
2024-03-22 10:32:41.9308|DEBUG|Microsoft.AspNetCore.DataProtection.TypeForwardingActivator|Forwarded activator type request from Microsoft.AspNetCore.DataProtection.XmlEncryption.DpapiXmlDecryptor, Microsoft.AspNetCore.DataProtection, Version=8.0.0.0, Culture=neutral, PublicKeyToken=adb9793829ddae60 to Microsoft.AspNetCore.DataProtection.XmlEncryption.DpapiXmlDecryptor, Microsoft.AspNetCore.DataProtection, Culture=neutral, PublicKeyToken=adb9793829ddae60 
2024-03-22 10:32:41.9308|DEBUG|Microsoft.AspNetCore.DataProtection.XmlEncryption.DpapiXmlDecryptor|Decrypting secret element using Windows DPAPI. 
2024-03-22 10:32:41.9308|DEBUG|Microsoft.AspNetCore.DataProtection.TypeForwardingActivator|Forwarded activator type request from Microsoft.AspNetCore.DataProtection.AuthenticatedEncryption.ConfigurationModel.AuthenticatedEncryptorDescriptorDeserializer, Microsoft.AspNetCore.DataProtection, Version=8.0.0.0, Culture=neutral, PublicKeyToken=adb9793829ddae60 to Microsoft.AspNetCore.DataProtection.AuthenticatedEncryption.ConfigurationModel.AuthenticatedEncryptorDescriptorDeserializer, Microsoft.AspNetCore.DataProtection, Culture=neutral, PublicKeyToken=adb9793829ddae60 
2024-03-22 10:32:41.9308|DEBUG|Microsoft.AspNetCore.DataProtection.AuthenticatedEncryption.CngCbcAuthenticatedEncryptorFactory|Opening CNG algorithm 'AES' from provider '(null)' with chaining mode CBC. 
2024-03-22 10:32:41.9308|DEBUG|Microsoft.AspNetCore.DataProtection.AuthenticatedEncryption.CngCbcAuthenticatedEncryptorFactory|Opening CNG algorithm 'SHA256' from provider '(null)' with HMAC. 
2024-03-22 10:32:41.9308|DEBUG|Microsoft.AspNetCore.DataProtection.KeyManagement.KeyRingProvider|Using key {04331095-e001-4e86-a2a5-ac77c623d11c} as the default key. 
2024-03-22 10:32:41.9308|DEBUG|Microsoft.AspNetCore.DataProtection.Internal.DataProtectionHostedService|Key ring with default key {04331095-e001-4e86-a2a5-ac77c623d11c} was loaded during application startup. 
2024-03-22 10:32:42.3034|DEBUG|Microsoft.AspNetCore.Server.Kestrel.Connections|Connection id "0HN2A31CPTVQB" accepted. 
2024-03-22 10:32:42.3034|DEBUG|Microsoft.AspNetCore.Server.Kestrel.Connections|Connection id "0HN2A31CPTVQB" started. 
2024-03-22 10:32:42.3034|INFO|Microsoft.Hosting.Lifetime|Now listening on: https://localhost:7290 
2024-03-22 10:32:42.3034|INFO|Microsoft.Hosting.Lifetime|Now listening on: http://localhost:5167 
2024-03-22 10:32:42.3034|DEBUG|Microsoft.AspNetCore.Hosting.Diagnostics|Loaded hosting startup assembly LitZhu.WebApi 
2024-03-22 10:32:42.3034|DEBUG|Microsoft.AspNetCore.Hosting.Diagnostics|Loaded hosting startup assembly Microsoft.AspNetCore.Watch.BrowserRefresh 
2024-03-22 10:32:42.3034|DEBUG|Microsoft.AspNetCore.Hosting.Diagnostics|Loaded hosting startup assembly Microsoft.WebTools.BrowserLink.Net 
2024-03-22 10:32:42.3034|DEBUG|Microsoft.AspNetCore.Server.Kestrel.Connections|Connection id "0HN2A31CPTVQC" accepted. 
2024-03-22 10:32:42.3034|DEBUG|Microsoft.AspNetCore.Server.Kestrel.Connections|Connection id "0HN2A31CPTVQC" started. 
2024-03-22 10:32:42.3185|INFO|Microsoft.Hosting.Lifetime|Application started. Press Ctrl+C to shut down. 
2024-03-22 10:32:42.3185|INFO|Microsoft.Hosting.Lifetime|Hosting environment: Development 
2024-03-22 10:32:42.3364|INFO|Microsoft.Hosting.Lifetime|Content root path: D:\Desktop\website\litzhu\LitZhu_backend\LitZhu.WebApi 
2024-03-22 10:32:42.3364|DEBUG|Microsoft.Extensions.Hosting.Internal.Host|Hosting started 
2024-03-22 10:32:42.3364|DEBUG|Microsoft.AspNetCore.Server.Kestrel.Transport.Sockets|Connection id "0HN2A31CPTVQB" received FIN. 
2024-03-22 10:32:42.3364|DEBUG|Microsoft.AspNetCore.Server.Kestrel.Transport.Sockets|Connection id "0HN2A31CPTVQC" received FIN. 
2024-03-22 10:32:42.3594|DEBUG|Microsoft.AspNetCore.Server.Kestrel.Https.Internal.HttpsConnectionMiddleware|Failed to authenticate HTTPS connection. System.IO.IOException: Received an unexpected EOF or 0 bytes from the transport stream.
   at System.Net.Security.SslStream.ReceiveHandshakeFrameAsync[TIOAdapter](CancellationToken cancellationToken)
   at System.Net.Security.SslStream.ForceAuthenticationAsync[TIOAdapter](Boolean receiveFirst, Byte[] reAuthenticationData, CancellationToken cancellationToken)
   at System.Net.Security.SslStream.ProcessAuthenticationWithTelemetryAsync(Boolean isAsync, CancellationToken cancellationToken)
   at Microsoft.AspNetCore.Server.Kestrel.Https.Internal.HttpsConnectionMiddleware.OnConnectionAsync(ConnectionContext context)
2024-03-22 10:32:42.3594|DEBUG|Microsoft.AspNetCore.Server.Kestrel.Https.Internal.HttpsConnectionMiddleware|Failed to authenticate HTTPS connection. System.IO.IOException: Received an unexpected EOF or 0 bytes from the transport stream.
   at System.Net.Security.SslStream.ReceiveHandshakeFrameAsync[TIOAdapter](CancellationToken cancellationToken)
   at System.Net.Security.SslStream.ForceAuthenticationAsync[TIOAdapter](Boolean receiveFirst, Byte[] reAuthenticationData, CancellationToken cancellationToken)
   at System.Net.Security.SslStream.ProcessAuthenticationWithTelemetryAsync(Boolean isAsync, CancellationToken cancellationToken)
   at Microsoft.AspNetCore.Server.Kestrel.Https.Internal.HttpsConnectionMiddleware.OnConnectionAsync(ConnectionContext context)
2024-03-22 10:32:42.4001|DEBUG|Microsoft.AspNetCore.Server.Kestrel.Connections|Connection id "0HN2A31CPTVQC" stopped. 
2024-03-22 10:32:42.4001|DEBUG|Microsoft.AspNetCore.Server.Kestrel.Connections|Connection id "0HN2A31CPTVQB" stopped. 
2024-03-22 10:32:42.4001|DEBUG|Microsoft.AspNetCore.Server.Kestrel.Transport.Sockets|Connection id "0HN2A31CPTVQC" sending FIN because: "The Socket transport's send loop completed gracefully." 
2024-03-22 10:32:42.4001|DEBUG|Microsoft.AspNetCore.Server.Kestrel.Transport.Sockets|Connection id "0HN2A31CPTVQB" sending FIN because: "The Socket transport's send loop completed gracefully." 
2024-03-22 10:32:43.5383|DEBUG|Microsoft.AspNetCore.Server.Kestrel.Connections|Connection id "0HN2A31CPTVQD" accepted. 
2024-03-22 10:32:43.5383|DEBUG|Microsoft.AspNetCore.Server.Kestrel.Connections|Connection id "0HN2A31CPTVQD" started. 
2024-03-22 10:32:43.6691|DEBUG|Microsoft.AspNetCore.Server.Kestrel.Https.Internal.HttpsConnectionMiddleware|Connection 0HN2A31CPTVQD established using the following protocol: Tls13 
2024-03-22 10:32:43.7212|TRACE|Microsoft.AspNetCore.Server.Kestrel.Http2|Connection id "0HN2A31CPTVQD" sending SETTINGS frame for stream ID 0 with length 24 and flags NONE. 
2024-03-22 10:32:43.7272|TRACE|Microsoft.AspNetCore.Server.Kestrel.Http2|Connection id "0HN2A31CPTVQD" sending WINDOW_UPDATE frame for stream ID 0 with length 4 and flags 0x0. 
2024-03-22 10:32:43.7272|TRACE|Microsoft.AspNetCore.Server.Kestrel.Http2|Connection id "0HN2A31CPTVQD" received SETTINGS frame for stream ID 0 with length 24 and flags NONE. 
2024-03-22 10:32:43.7272|TRACE|Microsoft.AspNetCore.Server.Kestrel.Http2|Connection id "0HN2A31CPTVQD" sending SETTINGS frame for stream ID 0 with length 0 and flags ACK. 
2024-03-22 10:32:43.7272|TRACE|Microsoft.AspNetCore.Server.Kestrel.Http2|Connection id "0HN2A31CPTVQD" received WINDOW_UPDATE frame for stream ID 0 with length 4 and flags 0x0. 
2024-03-22 10:32:43.7272|TRACE|Microsoft.AspNetCore.Server.Kestrel.Http2|Connection id "0HN2A31CPTVQD" received HEADERS frame for stream ID 1 with length 463 and flags END_STREAM, END_HEADERS, PRIORITY. 
2024-03-22 10:32:43.7625|TRACE|Microsoft.AspNetCore.Server.Kestrel.Http2|Connection id "0HN2A31CPTVQD" received SETTINGS frame for stream ID 0 with length 0 and flags ACK. 
2024-03-22 10:32:43.7858|INFO|Microsoft.AspNetCore.Hosting.Diagnostics|Request starting HTTP/2 GET https://localhost:7290/swagger/index.html - - - 
2024-03-22 10:32:44.0067|DEBUG|Microsoft.AspNetCore.HostFiltering.HostFilteringMiddleware|Wildcard detected, all requests with hosts will be allowed. 
2024-03-22 10:32:44.0067|TRACE|Microsoft.AspNetCore.HostFiltering.HostFilteringMiddleware|All hosts are allowed. 
2024-03-22 10:32:44.0355|DEBUG|Microsoft.AspNetCore.Routing.Matching.DfaMatcher|No candidates found for the request path '/swagger/index.html' 
2024-03-22 10:32:44.0355|DEBUG|Microsoft.AspNetCore.Routing.EndpointRoutingMiddleware|Request did not match any endpoints 
2024-03-22 10:32:44.1188|DEBUG|Microsoft.AspNetCore.Watch.BrowserRefresh.BrowserRefreshMiddleware|Response markup is scheduled to include browser refresh script injection. 
2024-03-22 10:32:44.1188|TRACE|Microsoft.AspNetCore.Server.Kestrel.Http2|Connection id "0HN2A31CPTVQD" sending HEADERS frame for stream ID 1 with length 66 and flags END_HEADERS. 
2024-03-22 10:32:44.1293|TRACE|Microsoft.AspNetCore.Server.Kestrel.Http2|Connection id "0HN2A31CPTVQD" sending DATA frame for stream ID 1 with length 4096 and flags NONE. 
2024-03-22 10:32:44.1293|TRACE|Microsoft.AspNetCore.Server.Kestrel.Http2|Connection id "0HN2A31CPTVQD" sending DATA frame for stream ID 1 with length 992 and flags NONE. 
2024-03-22 10:32:44.1293|TRACE|Microsoft.AspNetCore.Server.Kestrel.Http2|Connection id "0HN2A31CPTVQD" sending DATA frame for stream ID 1 with length 81 and flags NONE. 
2024-03-22 10:32:44.1293|DEBUG|Microsoft.AspNetCore.Watch.BrowserRefresh.BrowserRefreshMiddleware|Response markup was updated to include browser refresh script injection. 
2024-03-22 10:32:44.1293|TRACE|Microsoft.AspNetCore.Server.Kestrel.Http2|Connection id "0HN2A31CPTVQD" sending DATA frame for stream ID 1 with length 0 and flags END_STREAM. 
2024-03-22 10:32:44.1293|INFO|Microsoft.AspNetCore.Hosting.Diagnostics|Request finished HTTP/2 GET https://localhost:7290/swagger/index.html - 200 - text/html;charset=utf-8 366.0462ms 
2024-03-22 10:32:44.1811|TRACE|Microsoft.AspNetCore.Server.Kestrel.Http2|Connection id "0HN2A31CPTVQD" received HEADERS frame for stream ID 3 with length 109 and flags END_STREAM, END_HEADERS, PRIORITY. 
2024-03-22 10:32:44.1811|INFO|Microsoft.AspNetCore.Hosting.Diagnostics|Request starting HTTP/2 GET https://localhost:7290/_framework/aspnetcore-browser-refresh.js - - - 
2024-03-22 10:32:44.1811|TRACE|Microsoft.AspNetCore.Server.Kestrel.Http2|Connection id "0HN2A31CPTVQD" sending HEADERS frame for stream ID 3 with length 90 and flags END_HEADERS. 
2024-03-22 10:32:44.1811|TRACE|Microsoft.AspNetCore.Server.Kestrel.Http2|Connection id "0HN2A31CPTVQD" sending DATA frame for stream ID 3 with length 13761 and flags NONE. 
2024-03-22 10:32:44.1927|TRACE|Microsoft.AspNetCore.Server.Kestrel.Http2|Connection id "0HN2A31CPTVQD" sending DATA frame for stream ID 3 with length 0 and flags END_STREAM. 
2024-03-22 10:32:44.1927|INFO|Microsoft.AspNetCore.Hosting.Diagnostics|Request finished HTTP/2 GET https://localhost:7290/_framework/aspnetcore-browser-refresh.js - 200 13761 application/javascript;+charset=utf-8 9.0383ms 
2024-03-22 10:32:44.2580|TRACE|Microsoft.AspNetCore.Server.Kestrel.Http2|Connection id "0HN2A31CPTVQD" received HEADERS frame for stream ID 5 with length 57 and flags END_STREAM, END_HEADERS, PRIORITY. 
2024-03-22 10:32:44.2580|INFO|Microsoft.AspNetCore.Hosting.Diagnostics|Request starting HTTP/2 GET https://localhost:7290/_vs/browserLink - - - 
2024-03-22 10:32:44.2966|TRACE|Microsoft.AspNetCore.Server.Kestrel.Http2|Connection id "0HN2A31CPTVQD" sending HEADERS frame for stream ID 5 with length 119 and flags END_HEADERS. 
2024-03-22 10:32:44.2966|TRACE|Microsoft.AspNetCore.Server.Kestrel.Http2|Connection id "0HN2A31CPTVQD" sending DATA frame for stream ID 5 with length 9986 and flags NONE. 
2024-03-22 10:32:44.2966|TRACE|Microsoft.AspNetCore.Server.Kestrel.Http2|Connection id "0HN2A31CPTVQD" sending DATA frame for stream ID 5 with length 10240 and flags NONE. 
2024-03-22 10:32:44.3013|TRACE|Microsoft.AspNetCore.Server.Kestrel.Http2|Connection id "0HN2A31CPTVQD" sending DATA frame for stream ID 5 with length 10240 and flags NONE. 
2024-03-22 10:32:44.3013|TRACE|Microsoft.AspNetCore.Server.Kestrel.Http2|Connection id "0HN2A31CPTVQD" sending DATA frame for stream ID 5 with length 10240 and flags NONE. 
2024-03-22 10:32:44.3013|TRACE|Microsoft.AspNetCore.Server.Kestrel.Http2|Connection id "0HN2A31CPTVQD" sending DATA frame for stream ID 5 with length 10240 and flags NONE. 
2024-03-22 10:32:44.3013|TRACE|Microsoft.AspNetCore.Server.Kestrel.Http2|Connection id "0HN2A31CPTVQD" sending DATA frame for stream ID 5 with length 10240 and flags NONE. 
2024-03-22 10:32:44.3013|TRACE|Microsoft.AspNetCore.Server.Kestrel.Http2|Connection id "0HN2A31CPTVQD" sending DATA frame for stream ID 5 with length 10240 and flags NONE. 
2024-03-22 10:32:44.3013|TRACE|Microsoft.AspNetCore.Server.Kestrel.Http2|Connection id "0HN2A31CPTVQD" sending DATA frame for stream ID 5 with length 10240 and flags NONE. 
2024-03-22 10:32:44.3013|TRACE|Microsoft.AspNetCore.Server.Kestrel.Http2|Connection id "0HN2A31CPTVQD" sending DATA frame for stream ID 5 with length 10240 and flags NONE. 
2024-03-22 10:32:44.3013|TRACE|Microsoft.AspNetCore.Server.Kestrel.Http2|Connection id "0HN2A31CPTVQD" sending DATA frame for stream ID 5 with length 10240 and flags NONE. 
2024-03-22 10:32:44.3013|TRACE|Microsoft.AspNetCore.Server.Kestrel.Http2|Connection id "0HN2A31CPTVQD" sending DATA frame for stream ID 5 with length 10240 and flags NONE. 
2024-03-22 10:32:44.3013|TRACE|Microsoft.AspNetCore.Server.Kestrel.Http2|Connection id "0HN2A31CPTVQD" sending DATA frame for stream ID 5 with length 10240 and flags NONE. 
2024-03-22 10:32:44.3013|TRACE|Microsoft.AspNetCore.Server.Kestrel.Http2|Connection id "0HN2A31CPTVQD" sending DATA frame for stream ID 5 with length 10240 and flags NONE. 
2024-03-22 10:32:44.3013|TRACE|Microsoft.AspNetCore.Server.Kestrel.Http2|Connection id "0HN2A31CPTVQD" sending DATA frame for stream ID 5 with length 10240 and flags NONE. 
2024-03-22 10:32:44.3013|TRACE|Microsoft.AspNetCore.Server.Kestrel.Http2|Connection id "0HN2A31CPTVQD" sending DATA frame for stream ID 5 with length 10240 and flags NONE. 
2024-03-22 10:32:44.3013|TRACE|Microsoft.AspNetCore.Server.Kestrel.Http2|Connection id "0HN2A31CPTVQD" sending DATA frame for stream ID 5 with length 160 and flags NONE. 
2024-03-22 10:32:44.3167|TRACE|Microsoft.AspNetCore.Server.Kestrel.Http2|Connection id "0HN2A31CPTVQD" sending DATA frame for stream ID 5 with length 0 and flags END_STREAM. 
2024-03-22 10:32:44.3167|INFO|Microsoft.AspNetCore.Hosting.Diagnostics|Request finished HTTP/2 GET https://localhost:7290/_vs/browserLink - 200 - text/javascript;+charset=UTF-8 58.1205ms 
2024-03-22 10:32:44.5840|TRACE|Microsoft.AspNetCore.Server.Kestrel.Http2|Connection id "0HN2A31CPTVQD" received HEADERS frame for stream ID 7 with length 66 and flags END_STREAM, END_HEADERS, PRIORITY. 
2024-03-22 10:32:44.5840|INFO|Microsoft.AspNetCore.Hosting.Diagnostics|Request starting HTTP/2 GET https://localhost:7290/swagger/v1/swagger.json - - - 
2024-03-22 10:32:44.5840|TRACE|Microsoft.AspNetCore.HostFiltering.HostFilteringMiddleware|All hosts are allowed. 
2024-03-22 10:32:44.5840|DEBUG|Microsoft.AspNetCore.Routing.Matching.DfaMatcher|No candidates found for the request path '/swagger/v1/swagger.json' 
2024-03-22 10:32:44.5840|DEBUG|Microsoft.AspNetCore.Routing.EndpointRoutingMiddleware|Request did not match any endpoints 
2024-03-22 10:32:44.9288|TRACE|Microsoft.AspNetCore.Server.Kestrel.Http2|Connection id "0HN2A31CPTVQD" sending HEADERS frame for stream ID 7 with length 35 and flags END_HEADERS. 
2024-03-22 10:32:44.9288|TRACE|Microsoft.AspNetCore.Server.Kestrel.Http2|Connection id "0HN2A31CPTVQD" sending DATA frame for stream ID 7 with length 16384 and flags NONE. 
2024-03-22 10:32:44.9288|TRACE|Microsoft.AspNetCore.Server.Kestrel.Http2|Connection id "0HN2A31CPTVQD" sending DATA frame for stream ID 7 with length 16384 and flags NONE. 
2024-03-22 10:32:44.9288|TRACE|Microsoft.AspNetCore.Server.Kestrel.Http2|Connection id "0HN2A31CPTVQD" sending DATA frame for stream ID 7 with length 16384 and flags NONE. 
2024-03-22 10:32:44.9288|TRACE|Microsoft.AspNetCore.Server.Kestrel.Http2|Connection id "0HN2A31CPTVQD" sending DATA frame for stream ID 7 with length 9384 and flags NONE. 
2024-03-22 10:32:44.9288|TRACE|Microsoft.AspNetCore.Server.Kestrel.Http2|Connection id "0HN2A31CPTVQD" sending DATA frame for stream ID 7 with length 0 and flags END_STREAM. 
2024-03-22 10:32:44.9288|INFO|Microsoft.AspNetCore.Hosting.Diagnostics|Request finished HTTP/2 GET https://localhost:7290/swagger/v1/swagger.json - 200 - application/json;charset=utf-8 349.4376ms 
2024-03-22 10:32:46.1543|DEBUG|Microsoft.AspNetCore.Server.Kestrel.Transport.Sockets|Connection id "0HN2A31CPTVQD" received FIN. 
2024-03-22 10:32:46.1618|DEBUG|Microsoft.AspNetCore.Server.Kestrel.Http2|The connection queue processing loop for 0HN2A31CPTVQD completed. 
2024-03-22 10:32:46.1618|DEBUG|Microsoft.AspNetCore.Server.Kestrel.Http2|Connection id "0HN2A31CPTVQD" is closed. The last processed stream ID was 7. 
2024-03-22 10:32:46.1618|DEBUG|Microsoft.AspNetCore.Server.Kestrel.Transport.Sockets|Connection id "0HN2A31CPTVQD" sending FIN because: "The Socket transport's send loop completed gracefully." 
2024-03-22 10:32:46.1618|DEBUG|Microsoft.AspNetCore.Server.Kestrel.Connections|Connection id "0HN2A31CPTVQD" stopped. 
2024-03-22 10:32:47.3043|DEBUG|Microsoft.AspNetCore.Server.Kestrel.Connections|Connection id "0HN2A31CPTVQE" accepted. 
2024-03-22 10:32:47.3043|DEBUG|Microsoft.AspNetCore.Server.Kestrel.Connections|Connection id "0HN2A31CPTVQE" started. 
2024-03-22 10:32:47.3043|DEBUG|Microsoft.AspNetCore.Server.Kestrel.Https.Internal.HttpsConnectionMiddleware|Connection 0HN2A31CPTVQE established using the following protocol: Tls13 
2024-03-22 10:32:47.3043|INFO|Microsoft.AspNetCore.Hosting.Diagnostics|Request starting HTTP/1.1 POST https://localhost:7290/api/Auth/Login - application/json 61 
2024-03-22 10:32:47.3043|TRACE|Microsoft.AspNetCore.HostFiltering.HostFilteringMiddleware|All hosts are allowed. 
2024-03-22 10:32:47.3224|DEBUG|Microsoft.AspNetCore.Routing.Matching.DfaMatcher|1 candidate(s) found for the request path '/api/Auth/Login' 
2024-03-22 10:32:47.3224|DEBUG|Microsoft.AspNetCore.Routing.Matching.DfaMatcher|Endpoint 'LitZhu.WebApi.Controllers.User.AuthController.VerifyLoginUsernamePassword (LitZhu.WebApi)' with route pattern 'api/Auth/Login' is valid for the request path '/api/Auth/Login' 
2024-03-22 10:32:47.3224|DEBUG|Microsoft.AspNetCore.Routing.EndpointRoutingMiddleware|Request matched endpoint 'LitZhu.WebApi.Controllers.User.AuthController.VerifyLoginUsernamePassword (LitZhu.WebApi)' 
2024-03-22 10:32:47.3224|TRACE|Microsoft.AspNetCore.Routing.EndpointRoutingMiddleware|The endpoint does not specify the IRequestSizeLimitMetadata. 
2024-03-22 10:32:47.3327|DEBUG|Microsoft.AspNetCore.StaticFiles.StaticFileMiddleware|Static files was skipped as the request already matched an endpoint. 
2024-03-22 10:32:47.4224|DEBUG|Microsoft.AspNetCore.Authentication.JwtBearer.JwtBearerHandler|AuthenticationScheme: Bearer was not authenticated. 
2024-03-22 10:32:47.4257|INFO|Microsoft.AspNetCore.Routing.EndpointMiddleware|Executing endpoint 'LitZhu.WebApi.Controllers.User.AuthController.VerifyLoginUsernamePassword (LitZhu.WebApi)' 
2024-03-22 10:32:47.4567|INFO|Microsoft.AspNetCore.Mvc.Infrastructure.ControllerActionInvoker|Route matched with {action = "VerifyLoginUsernamePassword", controller = "Auth"}. Executing controller action with signature System.Threading.Tasks.Task`1[Microsoft.AspNetCore.Mvc.ActionResult`1[System.String]] VerifyLoginUsernamePassword(LitZhu.WebApi.Controllers.User.VerifyLoginUsernamePasswordRequest) on controller LitZhu.WebApi.Controllers.User.AuthController (LitZhu.WebApi). 
2024-03-22 10:32:47.4585|DEBUG|Microsoft.AspNetCore.Mvc.Infrastructure.ControllerActionInvoker|Execution plan of authorization filters (in the following order): None 
2024-03-22 10:32:47.4585|DEBUG|Microsoft.AspNetCore.Mvc.Infrastructure.ControllerActionInvoker|Execution plan of resource filters (in the following order): None 
2024-03-22 10:32:47.4585|DEBUG|Microsoft.AspNetCore.Mvc.Infrastructure.ControllerActionInvoker|Execution plan of action filters (in the following order): Microsoft.AspNetCore.Mvc.ModelBinding.UnsupportedContentTypeFilter (Order: -3000), Microsoft.AspNetCore.Mvc.Infrastructure.ModelStateInvalidFilter (Order: -2000) 
2024-03-22 10:32:47.4585|DEBUG|Microsoft.AspNetCore.Mvc.Infrastructure.ControllerActionInvoker|Execution plan of exception filters (in the following order): None 
2024-03-22 10:32:47.4585|DEBUG|Microsoft.AspNetCore.Mvc.Infrastructure.ControllerActionInvoker|Execution plan of result filters (in the following order): Microsoft.AspNetCore.Mvc.Infrastructure.ClientErrorResultFilter (Order: -2000) 
2024-03-22 10:32:47.4585|DEBUG|Microsoft.AspNetCore.Mvc.Infrastructure.ControllerActionInvoker|Executing controller factory for controller LitZhu.WebApi.Controllers.User.AuthController (LitZhu.WebApi) 
2024-03-22 10:34:13.4787|DEBUG|Microsoft.AspNetCore.Mvc.ModelBinding.ModelBinderFactory|Registered model binder providers, in the following order: Microsoft.AspNetCore.Mvc.ModelBinding.Binders.BinderTypeModelBinderProvider, Microsoft.AspNetCore.Mvc.ModelBinding.Binders.ServicesModelBinderProvider, Microsoft.AspNetCore.Mvc.ModelBinding.Binders.BodyModelBinderProvider, Microsoft.AspNetCore.Mvc.ModelBinding.Binders.HeaderModelBinderProvider, Microsoft.AspNetCore.Mvc.ModelBinding.Binders.FloatingPointTypeModelBinderProvider, Microsoft.AspNetCore.Mvc.ModelBinding.Binders.EnumTypeModelBinderProvider, Microsoft.AspNetCore.Mvc.ModelBinding.Binders.DateTimeModelBinderProvider, Microsoft.AspNetCore.Mvc.ModelBinding.Binders.SimpleTypeModelBinderProvider, Microsoft.AspNetCore.Mvc.ModelBinding.Binders.TryParseModelBinderProvider, Microsoft.AspNetCore.Mvc.ModelBinding.Binders.CancellationTokenModelBinderProvider, Microsoft.AspNetCore.Mvc.ModelBinding.Binders.ByteArrayModelBinderProvider, Microsoft.AspNetCore.Mvc.ModelBinding.Binders.FormFileModelBinderProvider, Microsoft.AspNetCore.Mvc.ModelBinding.Binders.FormCollectionModelBinderProvider, Microsoft.AspNetCore.Mvc.ModelBinding.Binders.KeyValuePairModelBinderProvider, Microsoft.AspNetCore.Mvc.ModelBinding.Binders.DictionaryModelBinderProvider, Microsoft.AspNetCore.Mvc.ModelBinding.Binders.ArrayModelBinderProvider, Microsoft.AspNetCore.Mvc.ModelBinding.Binders.CollectionModelBinderProvider, Microsoft.AspNetCore.Mvc.ModelBinding.Binders.ComplexObjectModelBinderProvider 
2024-03-22 10:34:13.6493|DEBUG|Microsoft.Extensions.Hosting.Internal.Host|Hosting starting 
2024-03-22 10:34:13.7018|INFO|Microsoft.AspNetCore.DataProtection.KeyManagement.XmlKeyManager|User profile is available. Using 'C:\Users\25968\AppData\Local\ASP.NET\DataProtection-Keys' as key repository and Windows DPAPI to encrypt keys at rest. 
2024-03-22 10:34:13.7141|DEBUG|Microsoft.AspNetCore.DataProtection.Repositories.FileSystemXmlRepository|Reading data from file 'C:\Users\25968\AppData\Local\ASP.NET\DataProtection-Keys\key-04331095-e001-4e86-a2a5-ac77c623d11c.xml'. 
2024-03-22 10:34:13.7227|DEBUG|Microsoft.AspNetCore.DataProtection.KeyManagement.XmlKeyManager|Found key {04331095-e001-4e86-a2a5-ac77c623d11c}. 
2024-03-22 10:34:13.7227|DEBUG|Microsoft.AspNetCore.DataProtection.KeyManagement.DefaultKeyResolver|Considering key {04331095-e001-4e86-a2a5-ac77c623d11c} with expiration date 2024-04-11 12:24:14Z as default key. 
2024-03-22 10:34:13.7390|DEBUG|Microsoft.AspNetCore.DataProtection.TypeForwardingActivator|Forwarded activator type request from Microsoft.AspNetCore.DataProtection.XmlEncryption.DpapiXmlDecryptor, Microsoft.AspNetCore.DataProtection, Version=8.0.0.0, Culture=neutral, PublicKeyToken=adb9793829ddae60 to Microsoft.AspNetCore.DataProtection.XmlEncryption.DpapiXmlDecryptor, Microsoft.AspNetCore.DataProtection, Culture=neutral, PublicKeyToken=adb9793829ddae60 
2024-03-22 10:34:13.7390|DEBUG|Microsoft.AspNetCore.DataProtection.XmlEncryption.DpapiXmlDecryptor|Decrypting secret element using Windows DPAPI. 
2024-03-22 10:34:13.7390|DEBUG|Microsoft.AspNetCore.DataProtection.TypeForwardingActivator|Forwarded activator type request from Microsoft.AspNetCore.DataProtection.AuthenticatedEncryption.ConfigurationModel.AuthenticatedEncryptorDescriptorDeserializer, Microsoft.AspNetCore.DataProtection, Version=8.0.0.0, Culture=neutral, PublicKeyToken=adb9793829ddae60 to Microsoft.AspNetCore.DataProtection.AuthenticatedEncryption.ConfigurationModel.AuthenticatedEncryptorDescriptorDeserializer, Microsoft.AspNetCore.DataProtection, Culture=neutral, PublicKeyToken=adb9793829ddae60 
2024-03-22 10:34:13.7390|DEBUG|Microsoft.AspNetCore.DataProtection.AuthenticatedEncryption.CngCbcAuthenticatedEncryptorFactory|Opening CNG algorithm 'AES' from provider '(null)' with chaining mode CBC. 
2024-03-22 10:34:13.7390|DEBUG|Microsoft.AspNetCore.DataProtection.AuthenticatedEncryption.CngCbcAuthenticatedEncryptorFactory|Opening CNG algorithm 'SHA256' from provider '(null)' with HMAC. 
2024-03-22 10:34:13.7390|DEBUG|Microsoft.AspNetCore.DataProtection.KeyManagement.KeyRingProvider|Using key {04331095-e001-4e86-a2a5-ac77c623d11c} as the default key. 
2024-03-22 10:34:13.7390|DEBUG|Microsoft.AspNetCore.DataProtection.Internal.DataProtectionHostedService|Key ring with default key {04331095-e001-4e86-a2a5-ac77c623d11c} was loaded during application startup. 
2024-03-22 10:34:14.0353|INFO|Microsoft.Hosting.Lifetime|Now listening on: https://localhost:7290 
2024-03-22 10:34:14.0379|INFO|Microsoft.Hosting.Lifetime|Now listening on: http://localhost:5167 
2024-03-22 10:34:14.0379|DEBUG|Microsoft.AspNetCore.Hosting.Diagnostics|Loaded hosting startup assembly LitZhu.WebApi 
2024-03-22 10:34:14.0379|DEBUG|Microsoft.AspNetCore.Hosting.Diagnostics|Loaded hosting startup assembly Microsoft.AspNetCore.Watch.BrowserRefresh 
2024-03-22 10:34:14.0379|DEBUG|Microsoft.AspNetCore.Hosting.Diagnostics|Loaded hosting startup assembly Microsoft.WebTools.BrowserLink.Net 
2024-03-22 10:34:14.0379|INFO|Microsoft.Hosting.Lifetime|Application started. Press Ctrl+C to shut down. 
2024-03-22 10:34:14.0379|INFO|Microsoft.Hosting.Lifetime|Hosting environment: Development 
2024-03-22 10:34:14.0379|INFO|Microsoft.Hosting.Lifetime|Content root path: D:\Desktop\website\litzhu\LitZhu_backend\LitZhu.WebApi 
2024-03-22 10:34:14.0379|DEBUG|Microsoft.Extensions.Hosting.Internal.Host|Hosting started 
2024-03-22 10:34:14.1635|DEBUG|Microsoft.AspNetCore.Server.Kestrel.Transport.Sockets|Connection id "0HN2A3285VFRC" received FIN. 
2024-03-22 10:34:14.1635|DEBUG|Microsoft.AspNetCore.Server.Kestrel.Connections|Connection id "0HN2A3285VFRC" accepted. 
2024-03-22 10:34:14.1635|DEBUG|Microsoft.AspNetCore.Server.Kestrel.Connections|Connection id "0HN2A3285VFRC" started. 
2024-03-22 10:34:14.1997|DEBUG|Microsoft.AspNetCore.Server.Kestrel.Https.Internal.HttpsConnectionMiddleware|Failed to authenticate HTTPS connection. System.IO.IOException: Received an unexpected EOF or 0 bytes from the transport stream.
   at System.Net.Security.SslStream.ReceiveHandshakeFrameAsync[TIOAdapter](CancellationToken cancellationToken)
   at System.Net.Security.SslStream.ForceAuthenticationAsync[TIOAdapter](Boolean receiveFirst, Byte[] reAuthenticationData, CancellationToken cancellationToken)
   at System.Net.Security.SslStream.ProcessAuthenticationWithTelemetryAsync(Boolean isAsync, CancellationToken cancellationToken)
   at Microsoft.AspNetCore.Server.Kestrel.Https.Internal.HttpsConnectionMiddleware.OnConnectionAsync(ConnectionContext context)
2024-03-22 10:34:14.2428|DEBUG|Microsoft.AspNetCore.Server.Kestrel.Connections|Connection id "0HN2A3285VFRC" stopped. 
2024-03-22 10:34:14.2428|DEBUG|Microsoft.AspNetCore.Server.Kestrel.Transport.Sockets|Connection id "0HN2A3285VFRC" sending FIN because: "The Socket transport's send loop completed gracefully." 
2024-03-22 10:34:18.0585|DEBUG|Microsoft.AspNetCore.Server.Kestrel.Connections|Connection id "0HN2A3285VFRD" accepted. 
2024-03-22 10:34:18.0585|DEBUG|Microsoft.AspNetCore.Server.Kestrel.Connections|Connection id "0HN2A3285VFRD" started. 
2024-03-22 10:34:18.1706|DEBUG|Microsoft.AspNetCore.Server.Kestrel.Https.Internal.HttpsConnectionMiddleware|Connection 0HN2A3285VFRD established using the following protocol: Tls13 
2024-03-22 10:34:18.2176|TRACE|Microsoft.AspNetCore.Server.Kestrel.Http2|Connection id "0HN2A3285VFRD" sending SETTINGS frame for stream ID 0 with length 24 and flags NONE. 
2024-03-22 10:34:18.2243|TRACE|Microsoft.AspNetCore.Server.Kestrel.Http2|Connection id "0HN2A3285VFRD" sending WINDOW_UPDATE frame for stream ID 0 with length 4 and flags 0x0. 
2024-03-22 10:34:18.2243|TRACE|Microsoft.AspNetCore.Server.Kestrel.Http2|Connection id "0HN2A3285VFRD" received SETTINGS frame for stream ID 0 with length 24 and flags NONE. 
2024-03-22 10:34:18.2243|TRACE|Microsoft.AspNetCore.Server.Kestrel.Http2|Connection id "0HN2A3285VFRD" sending SETTINGS frame for stream ID 0 with length 0 and flags ACK. 
2024-03-22 10:34:18.2243|TRACE|Microsoft.AspNetCore.Server.Kestrel.Http2|Connection id "0HN2A3285VFRD" received WINDOW_UPDATE frame for stream ID 0 with length 4 and flags 0x0. 
2024-03-22 10:34:18.2243|TRACE|Microsoft.AspNetCore.Server.Kestrel.Http2|Connection id "0HN2A3285VFRD" received HEADERS frame for stream ID 1 with length 463 and flags END_STREAM, END_HEADERS, PRIORITY. 
2024-03-22 10:34:18.2621|TRACE|Microsoft.AspNetCore.Server.Kestrel.Http2|Connection id "0HN2A3285VFRD" received SETTINGS frame for stream ID 0 with length 0 and flags ACK. 
2024-03-22 10:34:18.2827|INFO|Microsoft.AspNetCore.Hosting.Diagnostics|Request starting HTTP/2 GET https://localhost:7290/swagger/index.html - - - 
2024-03-22 10:34:18.5433|DEBUG|Microsoft.AspNetCore.HostFiltering.HostFilteringMiddleware|Wildcard detected, all requests with hosts will be allowed. 
2024-03-22 10:34:18.5433|TRACE|Microsoft.AspNetCore.HostFiltering.HostFilteringMiddleware|All hosts are allowed. 
2024-03-22 10:34:18.5862|DEBUG|Microsoft.AspNetCore.Routing.Matching.DfaMatcher|No candidates found for the request path '/swagger/index.html' 
2024-03-22 10:34:18.5862|DEBUG|Microsoft.AspNetCore.Routing.EndpointRoutingMiddleware|Request did not match any endpoints 
2024-03-22 10:34:18.7100|DEBUG|Microsoft.AspNetCore.Watch.BrowserRefresh.BrowserRefreshMiddleware|Response markup is scheduled to include browser refresh script injection. 
2024-03-22 10:34:18.7100|TRACE|Microsoft.AspNetCore.Server.Kestrel.Http2|Connection id "0HN2A3285VFRD" sending HEADERS frame for stream ID 1 with length 66 and flags END_HEADERS. 
2024-03-22 10:34:18.7243|TRACE|Microsoft.AspNetCore.Server.Kestrel.Http2|Connection id "0HN2A3285VFRD" sending DATA frame for stream ID 1 with length 4096 and flags NONE. 
2024-03-22 10:34:18.7243|TRACE|Microsoft.AspNetCore.Server.Kestrel.Http2|Connection id "0HN2A3285VFRD" sending DATA frame for stream ID 1 with length 992 and flags NONE. 
2024-03-22 10:34:18.7243|TRACE|Microsoft.AspNetCore.Server.Kestrel.Http2|Connection id "0HN2A3285VFRD" sending DATA frame for stream ID 1 with length 81 and flags NONE. 
2024-03-22 10:34:18.7243|DEBUG|Microsoft.AspNetCore.Watch.BrowserRefresh.BrowserRefreshMiddleware|Response markup was updated to include browser refresh script injection. 
2024-03-22 10:34:18.7243|TRACE|Microsoft.AspNetCore.Server.Kestrel.Http2|Connection id "0HN2A3285VFRD" sending DATA frame for stream ID 1 with length 0 and flags END_STREAM. 
2024-03-22 10:34:18.7398|INFO|Microsoft.AspNetCore.Hosting.Diagnostics|Request finished HTTP/2 GET https://localhost:7290/swagger/index.html - 200 - text/html;charset=utf-8 472.2251ms 
2024-03-22 10:34:18.7898|TRACE|Microsoft.AspNetCore.Server.Kestrel.Http2|Connection id "0HN2A3285VFRD" received HEADERS frame for stream ID 3 with length 109 and flags END_STREAM, END_HEADERS, PRIORITY. 
2024-03-22 10:34:18.7898|INFO|Microsoft.AspNetCore.Hosting.Diagnostics|Request starting HTTP/2 GET https://localhost:7290/_framework/aspnetcore-browser-refresh.js - - - 
2024-03-22 10:34:18.7898|TRACE|Microsoft.AspNetCore.Server.Kestrel.Http2|Connection id "0HN2A3285VFRD" sending HEADERS frame for stream ID 3 with length 60 and flags END_HEADERS. 
2024-03-22 10:34:18.7898|TRACE|Microsoft.AspNetCore.Server.Kestrel.Http2|Connection id "0HN2A3285VFRD" sending DATA frame for stream ID 3 with length 13761 and flags NONE. 
2024-03-22 10:34:18.8005|TRACE|Microsoft.AspNetCore.Server.Kestrel.Http2|Connection id "0HN2A3285VFRD" sending DATA frame for stream ID 3 with length 0 and flags END_STREAM. 
2024-03-22 10:34:18.8005|INFO|Microsoft.AspNetCore.Hosting.Diagnostics|Request finished HTTP/2 GET https://localhost:7290/_framework/aspnetcore-browser-refresh.js - 200 13761 application/javascript;+charset=utf-8 8.1013ms 
2024-03-22 10:34:18.8623|TRACE|Microsoft.AspNetCore.Server.Kestrel.Http2|Connection id "0HN2A3285VFRD" received HEADERS frame for stream ID 5 with length 57 and flags END_STREAM, END_HEADERS, PRIORITY. 
2024-03-22 10:34:18.8636|INFO|Microsoft.AspNetCore.Hosting.Diagnostics|Request starting HTTP/2 GET https://localhost:7290/_vs/browserLink - - - 
2024-03-22 10:34:18.8978|TRACE|Microsoft.AspNetCore.Server.Kestrel.Http2|Connection id "0HN2A3285VFRD" sending HEADERS frame for stream ID 5 with length 149 and flags END_HEADERS. 
2024-03-22 10:34:18.8978|TRACE|Microsoft.AspNetCore.Server.Kestrel.Http2|Connection id "0HN2A3285VFRD" sending DATA frame for stream ID 5 with length 9986 and flags NONE. 
2024-03-22 10:34:18.8978|TRACE|Microsoft.AspNetCore.Server.Kestrel.Http2|Connection id "0HN2A3285VFRD" sending DATA frame for stream ID 5 with length 10240 and flags NONE. 
2024-03-22 10:34:18.8978|TRACE|Microsoft.AspNetCore.Server.Kestrel.Http2|Connection id "0HN2A3285VFRD" sending DATA frame for stream ID 5 with length 10240 and flags NONE. 
2024-03-22 10:34:18.8978|TRACE|Microsoft.AspNetCore.Server.Kestrel.Http2|Connection id "0HN2A3285VFRD" sending DATA frame for stream ID 5 with length 10240 and flags NONE. 
2024-03-22 10:34:18.8978|TRACE|Microsoft.AspNetCore.Server.Kestrel.Http2|Connection id "0HN2A3285VFRD" sending DATA frame for stream ID 5 with length 10240 and flags NONE. 
2024-03-22 10:34:18.8978|TRACE|Microsoft.AspNetCore.Server.Kestrel.Http2|Connection id "0HN2A3285VFRD" sending DATA frame for stream ID 5 with length 10240 and flags NONE. 
2024-03-22 10:34:18.8978|TRACE|Microsoft.AspNetCore.Server.Kestrel.Http2|Connection id "0HN2A3285VFRD" sending DATA frame for stream ID 5 with length 10240 and flags NONE. 
2024-03-22 10:34:18.8978|TRACE|Microsoft.AspNetCore.Server.Kestrel.Http2|Connection id "0HN2A3285VFRD" sending DATA frame for stream ID 5 with length 10240 and flags NONE. 
2024-03-22 10:34:18.8978|TRACE|Microsoft.AspNetCore.Server.Kestrel.Http2|Connection id "0HN2A3285VFRD" sending DATA frame for stream ID 5 with length 10240 and flags NONE. 
2024-03-22 10:34:18.8978|TRACE|Microsoft.AspNetCore.Server.Kestrel.Http2|Connection id "0HN2A3285VFRD" sending DATA frame for stream ID 5 with length 10240 and flags NONE. 
2024-03-22 10:34:18.9106|TRACE|Microsoft.AspNetCore.Server.Kestrel.Http2|Connection id "0HN2A3285VFRD" sending DATA frame for stream ID 5 with length 10240 and flags NONE. 
2024-03-22 10:34:18.9106|TRACE|Microsoft.AspNetCore.Server.Kestrel.Http2|Connection id "0HN2A3285VFRD" sending DATA frame for stream ID 5 with length 10240 and flags NONE. 
2024-03-22 10:34:18.9106|TRACE|Microsoft.AspNetCore.Server.Kestrel.Http2|Connection id "0HN2A3285VFRD" sending DATA frame for stream ID 5 with length 10240 and flags NONE. 
2024-03-22 10:34:18.9106|TRACE|Microsoft.AspNetCore.Server.Kestrel.Http2|Connection id "0HN2A3285VFRD" sending DATA frame for stream ID 5 with length 10240 and flags NONE. 
2024-03-22 10:34:18.9106|TRACE|Microsoft.AspNetCore.Server.Kestrel.Http2|Connection id "0HN2A3285VFRD" sending DATA frame for stream ID 5 with length 10240 and flags NONE. 
2024-03-22 10:34:18.9106|TRACE|Microsoft.AspNetCore.Server.Kestrel.Http2|Connection id "0HN2A3285VFRD" sending DATA frame for stream ID 5 with length 160 and flags NONE. 
2024-03-22 10:34:18.9106|TRACE|Microsoft.AspNetCore.Server.Kestrel.Http2|Connection id "0HN2A3285VFRD" sending DATA frame for stream ID 5 with length 0 and flags END_STREAM. 
2024-03-22 10:34:18.9106|INFO|Microsoft.AspNetCore.Hosting.Diagnostics|Request finished HTTP/2 GET https://localhost:7290/_vs/browserLink - 200 - text/javascript;+charset=UTF-8 52.5484ms 
2024-03-22 10:34:19.3331|TRACE|Microsoft.AspNetCore.Server.Kestrel.Http2|Connection id "0HN2A3285VFRD" received HEADERS frame for stream ID 7 with length 66 and flags END_STREAM, END_HEADERS, PRIORITY. 
2024-03-22 10:34:19.3331|INFO|Microsoft.AspNetCore.Hosting.Diagnostics|Request starting HTTP/2 GET https://localhost:7290/swagger/v1/swagger.json - - - 
2024-03-22 10:34:19.3331|TRACE|Microsoft.AspNetCore.HostFiltering.HostFilteringMiddleware|All hosts are allowed. 
2024-03-22 10:34:19.3331|DEBUG|Microsoft.AspNetCore.Routing.Matching.DfaMatcher|No candidates found for the request path '/swagger/v1/swagger.json' 
2024-03-22 10:34:19.3331|DEBUG|Microsoft.AspNetCore.Routing.EndpointRoutingMiddleware|Request did not match any endpoints 
2024-03-22 10:34:19.6376|TRACE|Microsoft.AspNetCore.Server.Kestrel.Http2|Connection id "0HN2A3285VFRD" sending HEADERS frame for stream ID 7 with length 35 and flags END_HEADERS. 
2024-03-22 10:34:19.6376|TRACE|Microsoft.AspNetCore.Server.Kestrel.Http2|Connection id "0HN2A3285VFRD" sending DATA frame for stream ID 7 with length 16384 and flags NONE. 
2024-03-22 10:34:19.6376|TRACE|Microsoft.AspNetCore.Server.Kestrel.Http2|Connection id "0HN2A3285VFRD" sending DATA frame for stream ID 7 with length 16384 and flags NONE. 
2024-03-22 10:34:19.6376|TRACE|Microsoft.AspNetCore.Server.Kestrel.Http2|Connection id "0HN2A3285VFRD" sending DATA frame for stream ID 7 with length 16384 and flags NONE. 
2024-03-22 10:34:19.6376|TRACE|Microsoft.AspNetCore.Server.Kestrel.Http2|Connection id "0HN2A3285VFRD" sending DATA frame for stream ID 7 with length 9384 and flags NONE. 
2024-03-22 10:34:19.6376|TRACE|Microsoft.AspNetCore.Server.Kestrel.Http2|Connection id "0HN2A3285VFRD" sending DATA frame for stream ID 7 with length 0 and flags END_STREAM. 
2024-03-22 10:34:19.6376|INFO|Microsoft.AspNetCore.Hosting.Diagnostics|Request finished HTTP/2 GET https://localhost:7290/swagger/v1/swagger.json - 200 - application/json;charset=utf-8 309.5334ms 
2024-03-22 10:34:21.2455|DEBUG|Microsoft.AspNetCore.Server.Kestrel.Transport.Sockets|Connection id "0HN2A3285VFRD" received FIN. 
2024-03-22 10:34:21.2455|DEBUG|Microsoft.AspNetCore.Server.Kestrel.Http2|The connection queue processing loop for 0HN2A3285VFRD completed. 
2024-03-22 10:34:21.2455|DEBUG|Microsoft.AspNetCore.Server.Kestrel.Http2|Connection id "0HN2A3285VFRD" is closed. The last processed stream ID was 7. 
2024-03-22 10:34:21.2455|DEBUG|Microsoft.AspNetCore.Server.Kestrel.Transport.Sockets|Connection id "0HN2A3285VFRD" sending FIN because: "The Socket transport's send loop completed gracefully." 
2024-03-22 10:34:21.2455|DEBUG|Microsoft.AspNetCore.Server.Kestrel.Connections|Connection id "0HN2A3285VFRD" stopped. 
2024-03-22 10:34:22.5154|DEBUG|Microsoft.AspNetCore.Server.Kestrel.Connections|Connection id "0HN2A3285VFRE" accepted. 
2024-03-22 10:34:22.5154|DEBUG|Microsoft.AspNetCore.Server.Kestrel.Connections|Connection id "0HN2A3285VFRE" started. 
2024-03-22 10:34:22.5219|DEBUG|Microsoft.AspNetCore.Server.Kestrel.Https.Internal.HttpsConnectionMiddleware|Connection 0HN2A3285VFRE established using the following protocol: Tls13 
2024-03-22 10:34:22.5219|INFO|Microsoft.AspNetCore.Hosting.Diagnostics|Request starting HTTP/1.1 POST https://localhost:7290/api/Auth/Login - application/json 61 
2024-03-22 10:34:22.5219|TRACE|Microsoft.AspNetCore.HostFiltering.HostFilteringMiddleware|All hosts are allowed. 
2024-03-22 10:34:22.5372|DEBUG|Microsoft.AspNetCore.Routing.Matching.DfaMatcher|1 candidate(s) found for the request path '/api/Auth/Login' 
2024-03-22 10:34:22.5372|DEBUG|Microsoft.AspNetCore.Routing.Matching.DfaMatcher|Endpoint 'LitZhu.WebApi.Controllers.User.AuthController.VerifyLoginUsernamePassword (LitZhu.WebApi)' with route pattern 'api/Auth/Login' is valid for the request path '/api/Auth/Login' 
2024-03-22 10:34:22.5372|DEBUG|Microsoft.AspNetCore.Routing.EndpointRoutingMiddleware|Request matched endpoint 'LitZhu.WebApi.Controllers.User.AuthController.VerifyLoginUsernamePassword (LitZhu.WebApi)' 
2024-03-22 10:34:22.5372|TRACE|Microsoft.AspNetCore.Routing.EndpointRoutingMiddleware|The endpoint does not specify the IRequestSizeLimitMetadata. 
2024-03-22 10:34:22.5372|DEBUG|Microsoft.AspNetCore.StaticFiles.StaticFileMiddleware|Static files was skipped as the request already matched an endpoint. 
2024-03-22 10:34:22.7142|DEBUG|Microsoft.AspNetCore.Authentication.JwtBearer.JwtBearerHandler|AuthenticationScheme: Bearer was not authenticated. 
2024-03-22 10:34:22.7142|INFO|Microsoft.AspNetCore.Routing.EndpointMiddleware|Executing endpoint 'LitZhu.WebApi.Controllers.User.AuthController.VerifyLoginUsernamePassword (LitZhu.WebApi)' 
2024-03-22 10:34:22.7506|INFO|Microsoft.AspNetCore.Mvc.Infrastructure.ControllerActionInvoker|Route matched with {action = "VerifyLoginUsernamePassword", controller = "Auth"}. Executing controller action with signature System.Threading.Tasks.Task`1[Microsoft.AspNetCore.Mvc.ActionResult`1[System.String]] VerifyLoginUsernamePassword(LitZhu.WebApi.Controllers.User.VerifyLoginUsernamePasswordRequest) on controller LitZhu.WebApi.Controllers.User.AuthController (LitZhu.WebApi). 
2024-03-22 10:34:22.7506|DEBUG|Microsoft.AspNetCore.Mvc.Infrastructure.ControllerActionInvoker|Execution plan of authorization filters (in the following order): None 
2024-03-22 10:34:22.7506|DEBUG|Microsoft.AspNetCore.Mvc.Infrastructure.ControllerActionInvoker|Execution plan of resource filters (in the following order): None 
2024-03-22 10:34:22.7506|DEBUG|Microsoft.AspNetCore.Mvc.Infrastructure.ControllerActionInvoker|Execution plan of action filters (in the following order): Microsoft.AspNetCore.Mvc.ModelBinding.UnsupportedContentTypeFilter (Order: -3000), Microsoft.AspNetCore.Mvc.Infrastructure.ModelStateInvalidFilter (Order: -2000) 
2024-03-22 10:34:22.7506|DEBUG|Microsoft.AspNetCore.Mvc.Infrastructure.ControllerActionInvoker|Execution plan of exception filters (in the following order): None 
2024-03-22 10:34:22.7506|DEBUG|Microsoft.AspNetCore.Mvc.Infrastructure.ControllerActionInvoker|Execution plan of result filters (in the following order): Microsoft.AspNetCore.Mvc.Infrastructure.ClientErrorResultFilter (Order: -2000) 
2024-03-22 10:34:22.7552|DEBUG|Microsoft.AspNetCore.Mvc.Infrastructure.ControllerActionInvoker|Executing controller factory for controller LitZhu.WebApi.Controllers.User.AuthController (LitZhu.WebApi) 
2024-03-22 10:34:47.2027|INFO|Microsoft.AspNetCore.Mvc.Infrastructure.ControllerActionInvoker|Executed action LitZhu.WebApi.Controllers.User.AuthController.VerifyLoginUsernamePassword (LitZhu.WebApi) in 24442.2631ms 
2024-03-22 10:34:47.2027|INFO|Microsoft.AspNetCore.Routing.EndpointMiddleware|Executed endpoint 'LitZhu.WebApi.Controllers.User.AuthController.VerifyLoginUsernamePassword (LitZhu.WebApi)' 
2024-03-22 10:34:47.2363|ERROR|Microsoft.AspNetCore.Diagnostics.DeveloperExceptionPageMiddleware|An unhandled exception has occurred while executing the request. System.NullReferenceException: Object reference not set to an instance of an object.
   at LitZhu.Infrastructure.EFCore.ConnectionString.get_MySqlConnection() in D:\Desktop\website\litzhu\LitZhu_backend\Commons\LitZhu.Infrastructure\EFCore\ConnectionString.cs:line 22
   at LitZhu.Infrastructure.EFCore.BaseDbContext.OnConfiguring(DbContextOptionsBuilder optionsBuilder) in D:\Desktop\website\litzhu\LitZhu_backend\Commons\LitZhu.Infrastructure\EFCore\BaseDbContext.cs:line 23
   at Microsoft.EntityFrameworkCore.DbContext.get_ContextServices()
   at Microsoft.EntityFrameworkCore.DbContext.get_Model()
   at Microsoft.EntityFrameworkCore.Internal.InternalDbSet`1.get_EntityType()
   at Microsoft.EntityFrameworkCore.Internal.InternalDbSet`1.CheckState()
   at Microsoft.EntityFrameworkCore.Internal.InternalDbSet`1.get_EntityQueryable()
   at Microsoft.EntityFrameworkCore.Internal.InternalDbSet`1.System.Linq.IQueryable.get_Provider()
   at Microsoft.EntityFrameworkCore.EntityFrameworkQueryableExtensions.Include[TEntity,TProperty](IQueryable`1 source, Expression`1 navigationPropertyPath)
   at User.Infrastructure.Repositories.UserRepository..ctor(UserDbContext _db) in D:\Desktop\website\litzhu\LitZhu_backend\User.Infrastructure\Repositories\UserRepository.cs:line 9
   at System.RuntimeMethodHandle.InvokeMethod(Object target, Void** arguments, Signature sig, Boolean isConstructor)
   at System.Reflection.MethodBaseInvoker.InvokeDirectByRefWithFewArgs(Object obj, Span`1 copyOfArgs, BindingFlags invokeAttr)
   at System.Reflection.MethodBaseInvoker.InvokeWithOneArg(Object obj, BindingFlags invokeAttr, Binder binder, Object[] parameters, CultureInfo culture)
   at System.Reflection.RuntimeConstructorInfo.Invoke(BindingFlags invokeAttr, Binder binder, Object[] parameters, CultureInfo culture)
   at Microsoft.Extensions.DependencyInjection.ServiceLookup.CallSiteRuntimeResolver.VisitConstructor(ConstructorCallSite constructorCallSite, RuntimeResolverContext context)
   at Microsoft.Extensions.DependencyInjection.ServiceLookup.CallSiteRuntimeResolver.VisitCache(ServiceCallSite callSite, RuntimeResolverContext context, ServiceProviderEngineScope serviceProviderEngine, RuntimeResolverLock lockType)
   at Microsoft.Extensions.DependencyInjection.ServiceLookup.CallSiteRuntimeResolver.VisitScopeCache(ServiceCallSite callSite, RuntimeResolverContext context)
   at Microsoft.Extensions.DependencyInjection.ServiceLookup.CallSiteVisitor`2.VisitCallSite(ServiceCallSite callSite, TArgument argument)
   at Microsoft.Extensions.DependencyInjection.ServiceLookup.CallSiteRuntimeResolver.Resolve(ServiceCallSite callSite, ServiceProviderEngineScope scope)
   at Microsoft.Extensions.DependencyInjection.ServiceLookup.DynamicServiceProviderEngine.<>c__DisplayClass2_0.<RealizeService>b__0(ServiceProviderEngineScope scope)
   at Microsoft.Extensions.DependencyInjection.ServiceProvider.GetService(ServiceIdentifier serviceIdentifier, ServiceProviderEngineScope serviceProviderEngineScope)
   at Microsoft.Extensions.DependencyInjection.ServiceLookup.ServiceProviderEngineScope.GetService(Type serviceType)
   at lambda_method21(Closure, IServiceProvider, Object[])
   at Microsoft.AspNetCore.Mvc.Controllers.ControllerFactoryProvider.<>c__DisplayClass6_0.<CreateControllerFactory>g__CreateController|0(ControllerContext controllerContext)
   at Microsoft.AspNetCore.Mvc.Infrastructure.ControllerActionInvoker.Next(State& next, Scope& scope, Object& state, Boolean& isCompleted)
   at Microsoft.AspNetCore.Mvc.Infrastructure.ControllerActionInvoker.InvokeInnerFilterAsync()
--- End of stack trace from previous location ---
   at Microsoft.AspNetCore.Mvc.Infrastructure.ResourceInvoker.<InvokeFilterPipelineAsync>g__Awaited|20_0(ResourceInvoker invoker, Task lastTask, State next, Scope scope, Object state, Boolean isCompleted)
   at Microsoft.AspNetCore.Mvc.Infrastructure.ResourceInvoker.<InvokeAsync>g__Logged|17_1(ResourceInvoker invoker)
   at Microsoft.AspNetCore.Mvc.Infrastructure.ResourceInvoker.<InvokeAsync>g__Logged|17_1(ResourceInvoker invoker)
   at Microsoft.AspNetCore.Routing.EndpointMiddleware.<Invoke>g__AwaitRequestTask|7_0(Endpoint endpoint, Task requestTask, ILogger logger)
   at Microsoft.AspNetCore.Authorization.AuthorizationMiddleware.Invoke(HttpContext context)
   at Microsoft.AspNetCore.Authentication.AuthenticationMiddleware.Invoke(HttpContext context)
   at Swashbuckle.AspNetCore.SwaggerUI.SwaggerUIMiddleware.Invoke(HttpContext httpContext)
   at Swashbuckle.AspNetCore.Swagger.SwaggerMiddleware.Invoke(HttpContext httpContext, ISwaggerProvider swaggerProvider)
   at Microsoft.AspNetCore.Diagnostics.DeveloperExceptionPageMiddlewareImpl.Invoke(HttpContext context)
2024-03-22 10:34:47.2652|DEBUG|Microsoft.AspNetCore.Server.Kestrel.Connections|Connection id "0HN2A3285VFRE" completed keep alive response. 
2024-03-22 10:34:47.2652|DEBUG|Microsoft.AspNetCore.Server.Kestrel.Transport.Sockets|Connection id "0HN2A3285VFRE" received FIN. 
2024-03-22 10:34:47.2652|DEBUG|Microsoft.AspNetCore.Server.Kestrel.Transport.Sockets|Connection id "0HN2A3285VFRE" sending FIN because: "The Socket transport's send loop completed gracefully." 
2024-03-22 10:34:47.2652|DEBUG|Microsoft.AspNetCore.Server.Kestrel.Connections|Connection id "0HN2A3285VFRE" disconnecting. 
2024-03-22 10:34:47.2652|INFO|Microsoft.AspNetCore.Hosting.Diagnostics|Request finished HTTP/1.1 POST https://localhost:7290/api/Auth/Login - 500 - text/plain;+charset=utf-8 24738.0780ms 
2024-03-22 10:34:47.2707|DEBUG|Microsoft.AspNetCore.Server.Kestrel.BadRequests|Connection id "0HN2A3285VFRE" bad request data: "Invalid request line: '{\x0D'" Microsoft.AspNetCore.Server.Kestrel.Core.BadHttpRequestException: Invalid request line: '{\x0D'
   at Microsoft.AspNetCore.Server.Kestrel.Core.Internal.Http.HttpParser`1.GetUnknownMethodLength(ReadOnlySpan`1 span)
   at Microsoft.AspNetCore.Server.Kestrel.Core.Internal.Http.HttpParser`1.ParseRequestLine(TRequestHandler handler, ReadOnlySpan`1 requestLine)
   at Microsoft.AspNetCore.Server.Kestrel.Core.Internal.Http.HttpParser`1.ParseRequestLine(TRequestHandler handler, SequenceReader`1& reader)
   at Microsoft.AspNetCore.Server.Kestrel.Core.Internal.Http.Http1Connection.TakeStartLine(SequenceReader`1& reader)
   at Microsoft.AspNetCore.Server.Kestrel.Core.Internal.Http.Http1Connection.ParseRequest(SequenceReader`1& reader)
   at Microsoft.AspNetCore.Server.Kestrel.Core.Internal.Http.Http1Connection.TryParseRequest(ReadResult result, Boolean& endConnection)
   at Microsoft.AspNetCore.Server.Kestrel.Core.Internal.Http.HttpProtocol.ProcessRequests[TContext](IHttpApplication`1 application)
   at Microsoft.AspNetCore.Server.Kestrel.Core.Internal.Http.HttpProtocol.ProcessRequestsAsync[TContext](IHttpApplication`1 application)
2024-03-22 10:34:47.2707|DEBUG|Microsoft.AspNetCore.Server.Kestrel.Connections|Connection id "0HN2A3285VFRE" stopped. 
2024-03-22 10:36:28.5640|DEBUG|Microsoft.AspNetCore.Mvc.ModelBinding.ModelBinderFactory|Registered model binder providers, in the following order: Microsoft.AspNetCore.Mvc.ModelBinding.Binders.BinderTypeModelBinderProvider, Microsoft.AspNetCore.Mvc.ModelBinding.Binders.ServicesModelBinderProvider, Microsoft.AspNetCore.Mvc.ModelBinding.Binders.BodyModelBinderProvider, Microsoft.AspNetCore.Mvc.ModelBinding.Binders.HeaderModelBinderProvider, Microsoft.AspNetCore.Mvc.ModelBinding.Binders.FloatingPointTypeModelBinderProvider, Microsoft.AspNetCore.Mvc.ModelBinding.Binders.EnumTypeModelBinderProvider, Microsoft.AspNetCore.Mvc.ModelBinding.Binders.DateTimeModelBinderProvider, Microsoft.AspNetCore.Mvc.ModelBinding.Binders.SimpleTypeModelBinderProvider, Microsoft.AspNetCore.Mvc.ModelBinding.Binders.TryParseModelBinderProvider, Microsoft.AspNetCore.Mvc.ModelBinding.Binders.CancellationTokenModelBinderProvider, Microsoft.AspNetCore.Mvc.ModelBinding.Binders.ByteArrayModelBinderProvider, Microsoft.AspNetCore.Mvc.ModelBinding.Binders.FormFileModelBinderProvider, Microsoft.AspNetCore.Mvc.ModelBinding.Binders.FormCollectionModelBinderProvider, Microsoft.AspNetCore.Mvc.ModelBinding.Binders.KeyValuePairModelBinderProvider, Microsoft.AspNetCore.Mvc.ModelBinding.Binders.DictionaryModelBinderProvider, Microsoft.AspNetCore.Mvc.ModelBinding.Binders.ArrayModelBinderProvider, Microsoft.AspNetCore.Mvc.ModelBinding.Binders.CollectionModelBinderProvider, Microsoft.AspNetCore.Mvc.ModelBinding.Binders.ComplexObjectModelBinderProvider 
2024-03-22 10:36:28.6743|DEBUG|Microsoft.Extensions.Hosting.Internal.Host|Hosting starting 
2024-03-22 10:36:28.7155|INFO|Microsoft.AspNetCore.DataProtection.KeyManagement.XmlKeyManager|User profile is available. Using 'C:\Users\25968\AppData\Local\ASP.NET\DataProtection-Keys' as key repository and Windows DPAPI to encrypt keys at rest. 
2024-03-22 10:36:28.7155|DEBUG|Microsoft.AspNetCore.DataProtection.Repositories.FileSystemXmlRepository|Reading data from file 'C:\Users\25968\AppData\Local\ASP.NET\DataProtection-Keys\key-04331095-e001-4e86-a2a5-ac77c623d11c.xml'. 
2024-03-22 10:36:28.7317|DEBUG|Microsoft.AspNetCore.DataProtection.KeyManagement.XmlKeyManager|Found key {04331095-e001-4e86-a2a5-ac77c623d11c}. 
2024-03-22 10:36:28.7419|DEBUG|Microsoft.AspNetCore.DataProtection.KeyManagement.DefaultKeyResolver|Considering key {04331095-e001-4e86-a2a5-ac77c623d11c} with expiration date 2024-04-11 12:24:14Z as default key. 
2024-03-22 10:36:28.7419|DEBUG|Microsoft.AspNetCore.DataProtection.TypeForwardingActivator|Forwarded activator type request from Microsoft.AspNetCore.DataProtection.XmlEncryption.DpapiXmlDecryptor, Microsoft.AspNetCore.DataProtection, Version=8.0.0.0, Culture=neutral, PublicKeyToken=adb9793829ddae60 to Microsoft.AspNetCore.DataProtection.XmlEncryption.DpapiXmlDecryptor, Microsoft.AspNetCore.DataProtection, Culture=neutral, PublicKeyToken=adb9793829ddae60 
2024-03-22 10:36:28.7419|DEBUG|Microsoft.AspNetCore.DataProtection.XmlEncryption.DpapiXmlDecryptor|Decrypting secret element using Windows DPAPI. 
2024-03-22 10:36:28.7419|DEBUG|Microsoft.AspNetCore.DataProtection.TypeForwardingActivator|Forwarded activator type request from Microsoft.AspNetCore.DataProtection.AuthenticatedEncryption.ConfigurationModel.AuthenticatedEncryptorDescriptorDeserializer, Microsoft.AspNetCore.DataProtection, Version=8.0.0.0, Culture=neutral, PublicKeyToken=adb9793829ddae60 to Microsoft.AspNetCore.DataProtection.AuthenticatedEncryption.ConfigurationModel.AuthenticatedEncryptorDescriptorDeserializer, Microsoft.AspNetCore.DataProtection, Culture=neutral, PublicKeyToken=adb9793829ddae60 
2024-03-22 10:36:28.7419|DEBUG|Microsoft.AspNetCore.DataProtection.AuthenticatedEncryption.CngCbcAuthenticatedEncryptorFactory|Opening CNG algorithm 'AES' from provider '(null)' with chaining mode CBC. 
2024-03-22 10:36:28.7419|DEBUG|Microsoft.AspNetCore.DataProtection.AuthenticatedEncryption.CngCbcAuthenticatedEncryptorFactory|Opening CNG algorithm 'SHA256' from provider '(null)' with HMAC. 
2024-03-22 10:36:28.7419|DEBUG|Microsoft.AspNetCore.DataProtection.KeyManagement.KeyRingProvider|Using key {04331095-e001-4e86-a2a5-ac77c623d11c} as the default key. 
2024-03-22 10:36:28.7419|DEBUG|Microsoft.AspNetCore.DataProtection.Internal.DataProtectionHostedService|Key ring with default key {04331095-e001-4e86-a2a5-ac77c623d11c} was loaded during application startup. 
2024-03-22 10:36:29.0426|INFO|Microsoft.Hosting.Lifetime|Now listening on: https://localhost:7290 
2024-03-22 10:36:29.0426|INFO|Microsoft.Hosting.Lifetime|Now listening on: http://localhost:5167 
2024-03-22 10:36:29.0426|DEBUG|Microsoft.AspNetCore.Hosting.Diagnostics|Loaded hosting startup assembly LitZhu.WebApi 
2024-03-22 10:36:29.0426|DEBUG|Microsoft.AspNetCore.Hosting.Diagnostics|Loaded hosting startup assembly Microsoft.AspNetCore.Watch.BrowserRefresh 
2024-03-22 10:36:29.0426|DEBUG|Microsoft.AspNetCore.Hosting.Diagnostics|Loaded hosting startup assembly Microsoft.WebTools.BrowserLink.Net 
2024-03-22 10:36:29.0426|INFO|Microsoft.Hosting.Lifetime|Application started. Press Ctrl+C to shut down. 
2024-03-22 10:36:29.0426|INFO|Microsoft.Hosting.Lifetime|Hosting environment: Development 
2024-03-22 10:36:29.0519|INFO|Microsoft.Hosting.Lifetime|Content root path: D:\Desktop\website\litzhu\LitZhu_backend\LitZhu.WebApi 
2024-03-22 10:36:29.0519|DEBUG|Microsoft.Extensions.Hosting.Internal.Host|Hosting started 
2024-03-22 10:36:29.1729|DEBUG|Microsoft.AspNetCore.Server.Kestrel.Transport.Sockets|Connection id "0HN2A33GDH4IN" received FIN. 
2024-03-22 10:36:29.1779|DEBUG|Microsoft.AspNetCore.Server.Kestrel.Connections|Connection id "0HN2A33GDH4IN" accepted. 
2024-03-22 10:36:29.1779|DEBUG|Microsoft.AspNetCore.Server.Kestrel.Connections|Connection id "0HN2A33GDH4IN" started. 
2024-03-22 10:36:29.1969|DEBUG|Microsoft.AspNetCore.Server.Kestrel.Https.Internal.HttpsConnectionMiddleware|Failed to authenticate HTTPS connection. System.IO.IOException: Received an unexpected EOF or 0 bytes from the transport stream.
   at System.Net.Security.SslStream.ReceiveHandshakeFrameAsync[TIOAdapter](CancellationToken cancellationToken)
   at System.Net.Security.SslStream.ForceAuthenticationAsync[TIOAdapter](Boolean receiveFirst, Byte[] reAuthenticationData, CancellationToken cancellationToken)
   at System.Net.Security.SslStream.ProcessAuthenticationWithTelemetryAsync(Boolean isAsync, CancellationToken cancellationToken)
   at Microsoft.AspNetCore.Server.Kestrel.Https.Internal.HttpsConnectionMiddleware.OnConnectionAsync(ConnectionContext context)
2024-03-22 10:36:29.2337|DEBUG|Microsoft.AspNetCore.Server.Kestrel.Connections|Connection id "0HN2A33GDH4IN" stopped. 
2024-03-22 10:36:29.2337|DEBUG|Microsoft.AspNetCore.Server.Kestrel.Transport.Sockets|Connection id "0HN2A33GDH4IN" sending FIN because: "The Socket transport's send loop completed gracefully." 
2024-03-22 10:36:33.4537|DEBUG|Microsoft.AspNetCore.Server.Kestrel.Connections|Connection id "0HN2A33GDH4IO" accepted. 
2024-03-22 10:36:33.4537|DEBUG|Microsoft.AspNetCore.Server.Kestrel.Connections|Connection id "0HN2A33GDH4IO" started. 
2024-03-22 10:36:33.5592|DEBUG|Microsoft.AspNetCore.Server.Kestrel.Https.Internal.HttpsConnectionMiddleware|Connection 0HN2A33GDH4IO established using the following protocol: Tls13 
2024-03-22 10:36:33.6239|TRACE|Microsoft.AspNetCore.Server.Kestrel.Http2|Connection id "0HN2A33GDH4IO" sending SETTINGS frame for stream ID 0 with length 24 and flags NONE. 
2024-03-22 10:36:33.6239|TRACE|Microsoft.AspNetCore.Server.Kestrel.Http2|Connection id "0HN2A33GDH4IO" sending WINDOW_UPDATE frame for stream ID 0 with length 4 and flags 0x0. 
2024-03-22 10:36:33.6330|TRACE|Microsoft.AspNetCore.Server.Kestrel.Http2|Connection id "0HN2A33GDH4IO" received SETTINGS frame for stream ID 0 with length 24 and flags NONE. 
2024-03-22 10:36:33.6330|TRACE|Microsoft.AspNetCore.Server.Kestrel.Http2|Connection id "0HN2A33GDH4IO" sending SETTINGS frame for stream ID 0 with length 0 and flags ACK. 
2024-03-22 10:36:33.6330|TRACE|Microsoft.AspNetCore.Server.Kestrel.Http2|Connection id "0HN2A33GDH4IO" received WINDOW_UPDATE frame for stream ID 0 with length 4 and flags 0x0. 
2024-03-22 10:36:33.6330|TRACE|Microsoft.AspNetCore.Server.Kestrel.Http2|Connection id "0HN2A33GDH4IO" received HEADERS frame for stream ID 1 with length 463 and flags END_STREAM, END_HEADERS, PRIORITY. 
2024-03-22 10:36:33.6885|TRACE|Microsoft.AspNetCore.Server.Kestrel.Http2|Connection id "0HN2A33GDH4IO" received SETTINGS frame for stream ID 0 with length 0 and flags ACK. 
2024-03-22 10:36:33.7122|INFO|Microsoft.AspNetCore.Hosting.Diagnostics|Request starting HTTP/2 GET https://localhost:7290/swagger/index.html - - - 
2024-03-22 10:36:34.0108|DEBUG|Microsoft.AspNetCore.HostFiltering.HostFilteringMiddleware|Wildcard detected, all requests with hosts will be allowed. 
2024-03-22 10:36:34.0108|TRACE|Microsoft.AspNetCore.HostFiltering.HostFilteringMiddleware|All hosts are allowed. 
2024-03-22 10:36:34.0651|DEBUG|Microsoft.AspNetCore.Routing.Matching.DfaMatcher|No candidates found for the request path '/swagger/index.html' 
2024-03-22 10:36:34.0651|DEBUG|Microsoft.AspNetCore.Routing.EndpointRoutingMiddleware|Request did not match any endpoints 
2024-03-22 10:36:34.1741|DEBUG|Microsoft.AspNetCore.Watch.BrowserRefresh.BrowserRefreshMiddleware|Response markup is scheduled to include browser refresh script injection. 
2024-03-22 10:36:34.1783|TRACE|Microsoft.AspNetCore.Server.Kestrel.Http2|Connection id "0HN2A33GDH4IO" sending HEADERS frame for stream ID 1 with length 66 and flags END_HEADERS. 
2024-03-22 10:36:34.1783|TRACE|Microsoft.AspNetCore.Server.Kestrel.Http2|Connection id "0HN2A33GDH4IO" sending DATA frame for stream ID 1 with length 4096 and flags NONE. 
2024-03-22 10:36:34.2007|TRACE|Microsoft.AspNetCore.Server.Kestrel.Http2|Connection id "0HN2A33GDH4IO" sending DATA frame for stream ID 1 with length 992 and flags NONE. 
2024-03-22 10:36:34.2007|TRACE|Microsoft.AspNetCore.Server.Kestrel.Http2|Connection id "0HN2A33GDH4IO" sending DATA frame for stream ID 1 with length 81 and flags NONE. 
2024-03-22 10:36:34.2007|DEBUG|Microsoft.AspNetCore.Watch.BrowserRefresh.BrowserRefreshMiddleware|Response markup was updated to include browser refresh script injection. 
2024-03-22 10:36:34.2007|TRACE|Microsoft.AspNetCore.Server.Kestrel.Http2|Connection id "0HN2A33GDH4IO" sending DATA frame for stream ID 1 with length 0 and flags END_STREAM. 
2024-03-22 10:36:34.2007|INFO|Microsoft.AspNetCore.Hosting.Diagnostics|Request finished HTTP/2 GET https://localhost:7290/swagger/index.html - 200 - text/html;charset=utf-8 509.4801ms 
2024-03-22 10:36:34.2936|TRACE|Microsoft.AspNetCore.Server.Kestrel.Http2|Connection id "0HN2A33GDH4IO" received HEADERS frame for stream ID 3 with length 109 and flags END_STREAM, END_HEADERS, PRIORITY. 
2024-03-22 10:36:34.2936|INFO|Microsoft.AspNetCore.Hosting.Diagnostics|Request starting HTTP/2 GET https://localhost:7290/_framework/aspnetcore-browser-refresh.js - - - 
2024-03-22 10:36:34.2936|TRACE|Microsoft.AspNetCore.Server.Kestrel.Http2|Connection id "0HN2A33GDH4IO" sending HEADERS frame for stream ID 3 with length 60 and flags END_HEADERS. 
2024-03-22 10:36:34.2936|TRACE|Microsoft.AspNetCore.Server.Kestrel.Http2|Connection id "0HN2A33GDH4IO" sending DATA frame for stream ID 3 with length 13761 and flags NONE. 
2024-03-22 10:36:34.3040|TRACE|Microsoft.AspNetCore.Server.Kestrel.Http2|Connection id "0HN2A33GDH4IO" sending DATA frame for stream ID 3 with length 0 and flags END_STREAM. 
2024-03-22 10:36:34.3040|INFO|Microsoft.AspNetCore.Hosting.Diagnostics|Request finished HTTP/2 GET https://localhost:7290/_framework/aspnetcore-browser-refresh.js - 200 13761 application/javascript;+charset=utf-8 8.2459ms 
2024-03-22 10:36:34.3208|TRACE|Microsoft.AspNetCore.Server.Kestrel.Http2|Connection id "0HN2A33GDH4IO" received HEADERS frame for stream ID 5 with length 57 and flags END_STREAM, END_HEADERS, PRIORITY. 
2024-03-22 10:36:34.3208|INFO|Microsoft.AspNetCore.Hosting.Diagnostics|Request starting HTTP/2 GET https://localhost:7290/_vs/browserLink - - - 
2024-03-22 10:36:34.3629|TRACE|Microsoft.AspNetCore.Server.Kestrel.Http2|Connection id "0HN2A33GDH4IO" sending HEADERS frame for stream ID 5 with length 119 and flags END_HEADERS. 
2024-03-22 10:36:34.3629|TRACE|Microsoft.AspNetCore.Server.Kestrel.Http2|Connection id "0HN2A33GDH4IO" sending DATA frame for stream ID 5 with length 9986 and flags NONE. 
2024-03-22 10:36:34.3679|TRACE|Microsoft.AspNetCore.Server.Kestrel.Http2|Connection id "0HN2A33GDH4IO" sending DATA frame for stream ID 5 with length 10240 and flags NONE. 
2024-03-22 10:36:34.3679|TRACE|Microsoft.AspNetCore.Server.Kestrel.Http2|Connection id "0HN2A33GDH4IO" sending DATA frame for stream ID 5 with length 10240 and flags NONE. 
2024-03-22 10:36:34.3679|TRACE|Microsoft.AspNetCore.Server.Kestrel.Http2|Connection id "0HN2A33GDH4IO" sending DATA frame for stream ID 5 with length 10240 and flags NONE. 
2024-03-22 10:36:34.3679|TRACE|Microsoft.AspNetCore.Server.Kestrel.Http2|Connection id "0HN2A33GDH4IO" sending DATA frame for stream ID 5 with length 10240 and flags NONE. 
2024-03-22 10:36:34.3679|TRACE|Microsoft.AspNetCore.Server.Kestrel.Http2|Connection id "0HN2A33GDH4IO" sending DATA frame for stream ID 5 with length 10240 and flags NONE. 
2024-03-22 10:36:34.3679|TRACE|Microsoft.AspNetCore.Server.Kestrel.Http2|Connection id "0HN2A33GDH4IO" sending DATA frame for stream ID 5 with length 10240 and flags NONE. 
2024-03-22 10:36:34.3679|TRACE|Microsoft.AspNetCore.Server.Kestrel.Http2|Connection id "0HN2A33GDH4IO" sending DATA frame for stream ID 5 with length 10240 and flags NONE. 
2024-03-22 10:36:34.3679|TRACE|Microsoft.AspNetCore.Server.Kestrel.Http2|Connection id "0HN2A33GDH4IO" sending DATA frame for stream ID 5 with length 10240 and flags NONE. 
2024-03-22 10:36:34.3679|TRACE|Microsoft.AspNetCore.Server.Kestrel.Http2|Connection id "0HN2A33GDH4IO" sending DATA frame for stream ID 5 with length 10240 and flags NONE. 
2024-03-22 10:36:34.3679|TRACE|Microsoft.AspNetCore.Server.Kestrel.Http2|Connection id "0HN2A33GDH4IO" sending DATA frame for stream ID 5 with length 10240 and flags NONE. 
2024-03-22 10:36:34.3805|TRACE|Microsoft.AspNetCore.Server.Kestrel.Http2|Connection id "0HN2A33GDH4IO" sending DATA frame for stream ID 5 with length 10240 and flags NONE. 
2024-03-22 10:36:34.3805|TRACE|Microsoft.AspNetCore.Server.Kestrel.Http2|Connection id "0HN2A33GDH4IO" sending DATA frame for stream ID 5 with length 10240 and flags NONE. 
2024-03-22 10:36:34.3805|TRACE|Microsoft.AspNetCore.Server.Kestrel.Http2|Connection id "0HN2A33GDH4IO" sending DATA frame for stream ID 5 with length 10240 and flags NONE. 
2024-03-22 10:36:34.3805|TRACE|Microsoft.AspNetCore.Server.Kestrel.Http2|Connection id "0HN2A33GDH4IO" sending DATA frame for stream ID 5 with length 10240 and flags NONE. 
2024-03-22 10:36:34.3805|TRACE|Microsoft.AspNetCore.Server.Kestrel.Http2|Connection id "0HN2A33GDH4IO" sending DATA frame for stream ID 5 with length 160 and flags NONE. 
2024-03-22 10:36:34.3805|INFO|Microsoft.AspNetCore.Hosting.Diagnostics|Request finished HTTP/2 GET https://localhost:7290/_vs/browserLink - 200 - text/javascript;+charset=UTF-8 65.5076ms 
2024-03-22 10:36:34.3805|TRACE|Microsoft.AspNetCore.Server.Kestrel.Http2|Connection id "0HN2A33GDH4IO" sending DATA frame for stream ID 5 with length 0 and flags END_STREAM. 
2024-03-22 10:36:34.7594|TRACE|Microsoft.AspNetCore.Server.Kestrel.Http2|Connection id "0HN2A33GDH4IO" received HEADERS frame for stream ID 7 with length 66 and flags END_STREAM, END_HEADERS, PRIORITY. 
2024-03-22 10:36:34.7594|INFO|Microsoft.AspNetCore.Hosting.Diagnostics|Request starting HTTP/2 GET https://localhost:7290/swagger/v1/swagger.json - - - 
2024-03-22 10:36:34.7594|TRACE|Microsoft.AspNetCore.HostFiltering.HostFilteringMiddleware|All hosts are allowed. 
2024-03-22 10:36:34.7594|DEBUG|Microsoft.AspNetCore.Routing.Matching.DfaMatcher|No candidates found for the request path '/swagger/v1/swagger.json' 
2024-03-22 10:36:34.7594|DEBUG|Microsoft.AspNetCore.Routing.EndpointRoutingMiddleware|Request did not match any endpoints 
2024-03-22 10:36:35.1724|TRACE|Microsoft.AspNetCore.Server.Kestrel.Http2|Connection id "0HN2A33GDH4IO" sending HEADERS frame for stream ID 7 with length 65 and flags END_HEADERS. 
2024-03-22 10:36:35.1724|TRACE|Microsoft.AspNetCore.Server.Kestrel.Http2|Connection id "0HN2A33GDH4IO" sending DATA frame for stream ID 7 with length 16384 and flags NONE. 
2024-03-22 10:36:35.1724|TRACE|Microsoft.AspNetCore.Server.Kestrel.Http2|Connection id "0HN2A33GDH4IO" sending DATA frame for stream ID 7 with length 16384 and flags NONE. 
2024-03-22 10:36:35.1724|TRACE|Microsoft.AspNetCore.Server.Kestrel.Http2|Connection id "0HN2A33GDH4IO" sending DATA frame for stream ID 7 with length 16384 and flags NONE. 
2024-03-22 10:36:35.1724|TRACE|Microsoft.AspNetCore.Server.Kestrel.Http2|Connection id "0HN2A33GDH4IO" sending DATA frame for stream ID 7 with length 9384 and flags NONE. 
2024-03-22 10:36:35.1782|TRACE|Microsoft.AspNetCore.Server.Kestrel.Http2|Connection id "0HN2A33GDH4IO" sending DATA frame for stream ID 7 with length 0 and flags END_STREAM. 
2024-03-22 10:36:35.1782|INFO|Microsoft.AspNetCore.Hosting.Diagnostics|Request finished HTTP/2 GET https://localhost:7290/swagger/v1/swagger.json - 200 - application/json;charset=utf-8 418.2142ms 
2024-03-22 10:36:36.6693|DEBUG|Microsoft.AspNetCore.Server.Kestrel.Transport.Sockets|Connection id "0HN2A33GDH4IO" received FIN. 
2024-03-22 10:36:36.6693|DEBUG|Microsoft.AspNetCore.Server.Kestrel.Http2|The connection queue processing loop for 0HN2A33GDH4IO completed. 
2024-03-22 10:36:36.6693|DEBUG|Microsoft.AspNetCore.Server.Kestrel.Http2|Connection id "0HN2A33GDH4IO" is closed. The last processed stream ID was 7. 
2024-03-22 10:36:36.6693|DEBUG|Microsoft.AspNetCore.Server.Kestrel.Transport.Sockets|Connection id "0HN2A33GDH4IO" sending FIN because: "The Socket transport's send loop completed gracefully." 
2024-03-22 10:36:36.6693|DEBUG|Microsoft.AspNetCore.Server.Kestrel.Connections|Connection id "0HN2A33GDH4IO" stopped. 
2024-03-22 10:36:37.2041|DEBUG|Microsoft.AspNetCore.Server.Kestrel.Connections|Connection id "0HN2A33GDH4IP" accepted. 
2024-03-22 10:36:37.2041|DEBUG|Microsoft.AspNetCore.Server.Kestrel.Connections|Connection id "0HN2A33GDH4IP" started. 
2024-03-22 10:36:37.2150|DEBUG|Microsoft.AspNetCore.Server.Kestrel.Https.Internal.HttpsConnectionMiddleware|Connection 0HN2A33GDH4IP established using the following protocol: Tls13 
2024-03-22 10:36:37.2150|INFO|Microsoft.AspNetCore.Hosting.Diagnostics|Request starting HTTP/1.1 POST https://localhost:7290/api/Auth/Login - application/json 61 
2024-03-22 10:36:37.2150|TRACE|Microsoft.AspNetCore.HostFiltering.HostFilteringMiddleware|All hosts are allowed. 
2024-03-22 10:36:37.2252|DEBUG|Microsoft.AspNetCore.Routing.Matching.DfaMatcher|1 candidate(s) found for the request path '/api/Auth/Login' 
2024-03-22 10:36:37.2252|DEBUG|Microsoft.AspNetCore.Routing.Matching.DfaMatcher|Endpoint 'LitZhu.WebApi.Controllers.User.AuthController.VerifyLoginUsernamePassword (LitZhu.WebApi)' with route pattern 'api/Auth/Login' is valid for the request path '/api/Auth/Login' 
2024-03-22 10:36:37.2252|DEBUG|Microsoft.AspNetCore.Routing.EndpointRoutingMiddleware|Request matched endpoint 'LitZhu.WebApi.Controllers.User.AuthController.VerifyLoginUsernamePassword (LitZhu.WebApi)' 
2024-03-22 10:36:37.2252|TRACE|Microsoft.AspNetCore.Routing.EndpointRoutingMiddleware|The endpoint does not specify the IRequestSizeLimitMetadata. 
2024-03-22 10:36:37.2252|DEBUG|Microsoft.AspNetCore.StaticFiles.StaticFileMiddleware|Static files was skipped as the request already matched an endpoint. 
2024-03-22 10:36:37.3135|DEBUG|Microsoft.AspNetCore.Authentication.JwtBearer.JwtBearerHandler|AuthenticationScheme: Bearer was not authenticated. 
2024-03-22 10:36:37.3135|INFO|Microsoft.AspNetCore.Routing.EndpointMiddleware|Executing endpoint 'LitZhu.WebApi.Controllers.User.AuthController.VerifyLoginUsernamePassword (LitZhu.WebApi)' 
2024-03-22 10:36:37.3316|INFO|Microsoft.AspNetCore.Mvc.Infrastructure.ControllerActionInvoker|Route matched with {action = "VerifyLoginUsernamePassword", controller = "Auth"}. Executing controller action with signature System.Threading.Tasks.Task`1[Microsoft.AspNetCore.Mvc.ActionResult`1[System.String]] VerifyLoginUsernamePassword(LitZhu.WebApi.Controllers.User.VerifyLoginUsernamePasswordRequest) on controller LitZhu.WebApi.Controllers.User.AuthController (LitZhu.WebApi). 
2024-03-22 10:36:37.3316|DEBUG|Microsoft.AspNetCore.Mvc.Infrastructure.ControllerActionInvoker|Execution plan of authorization filters (in the following order): None 
2024-03-22 10:36:37.3316|DEBUG|Microsoft.AspNetCore.Mvc.Infrastructure.ControllerActionInvoker|Execution plan of resource filters (in the following order): None 
2024-03-22 10:36:37.3326|DEBUG|Microsoft.AspNetCore.Mvc.Infrastructure.ControllerActionInvoker|Execution plan of action filters (in the following order): Microsoft.AspNetCore.Mvc.ModelBinding.UnsupportedContentTypeFilter (Order: -3000), Microsoft.AspNetCore.Mvc.Infrastructure.ModelStateInvalidFilter (Order: -2000) 
2024-03-22 10:36:37.3326|DEBUG|Microsoft.AspNetCore.Mvc.Infrastructure.ControllerActionInvoker|Execution plan of exception filters (in the following order): None 
2024-03-22 10:36:37.3326|DEBUG|Microsoft.AspNetCore.Mvc.Infrastructure.ControllerActionInvoker|Execution plan of result filters (in the following order): Microsoft.AspNetCore.Mvc.Infrastructure.ClientErrorResultFilter (Order: -2000) 
2024-03-22 10:36:37.3326|DEBUG|Microsoft.AspNetCore.Mvc.Infrastructure.ControllerActionInvoker|Executing controller factory for controller LitZhu.WebApi.Controllers.User.AuthController (LitZhu.WebApi) 
2024-03-22 10:37:05.2177|INFO|Microsoft.AspNetCore.Mvc.Infrastructure.ControllerActionInvoker|Executed action LitZhu.WebApi.Controllers.User.AuthController.VerifyLoginUsernamePassword (LitZhu.WebApi) in 27860.6769ms 
2024-03-22 10:37:05.2177|INFO|Microsoft.AspNetCore.Routing.EndpointMiddleware|Executed endpoint 'LitZhu.WebApi.Controllers.User.AuthController.VerifyLoginUsernamePassword (LitZhu.WebApi)' 
2024-03-22 10:37:05.2488|ERROR|Microsoft.AspNetCore.Diagnostics.DeveloperExceptionPageMiddleware|An unhandled exception has occurred while executing the request. System.NullReferenceException: Object reference not set to an instance of an object.
   at LitZhu.Infrastructure.EFCore.ConnectionString.get_MySqlConnection() in D:\Desktop\website\litzhu\LitZhu_backend\Commons\LitZhu.Infrastructure\EFCore\ConnectionString.cs:line 22
   at LitZhu.Infrastructure.EFCore.BaseDbContext.OnConfiguring(DbContextOptionsBuilder optionsBuilder) in D:\Desktop\website\litzhu\LitZhu_backend\Commons\LitZhu.Infrastructure\EFCore\BaseDbContext.cs:line 23
   at Microsoft.EntityFrameworkCore.DbContext.get_ContextServices()
   at Microsoft.EntityFrameworkCore.DbContext.get_Model()
   at Microsoft.EntityFrameworkCore.Internal.InternalDbSet`1.get_EntityType()
   at Microsoft.EntityFrameworkCore.Internal.InternalDbSet`1.CheckState()
   at Microsoft.EntityFrameworkCore.Internal.InternalDbSet`1.get_EntityQueryable()
   at Microsoft.EntityFrameworkCore.Internal.InternalDbSet`1.System.Linq.IQueryable.get_Provider()
   at Microsoft.EntityFrameworkCore.EntityFrameworkQueryableExtensions.Include[TEntity,TProperty](IQueryable`1 source, Expression`1 navigationPropertyPath)
   at User.Infrastructure.Repositories.UserRepository..ctor(UserDbContext _db) in D:\Desktop\website\litzhu\LitZhu_backend\User.Infrastructure\Repositories\UserRepository.cs:line 9
   at System.RuntimeMethodHandle.InvokeMethod(Object target, Void** arguments, Signature sig, Boolean isConstructor)
   at System.Reflection.MethodBaseInvoker.InvokeDirectByRefWithFewArgs(Object obj, Span`1 copyOfArgs, BindingFlags invokeAttr)
   at System.Reflection.MethodBaseInvoker.InvokeWithOneArg(Object obj, BindingFlags invokeAttr, Binder binder, Object[] parameters, CultureInfo culture)
   at System.Reflection.RuntimeConstructorInfo.Invoke(BindingFlags invokeAttr, Binder binder, Object[] parameters, CultureInfo culture)
   at Microsoft.Extensions.DependencyInjection.ServiceLookup.CallSiteRuntimeResolver.VisitConstructor(ConstructorCallSite constructorCallSite, RuntimeResolverContext context)
   at Microsoft.Extensions.DependencyInjection.ServiceLookup.CallSiteRuntimeResolver.VisitCache(ServiceCallSite callSite, RuntimeResolverContext context, ServiceProviderEngineScope serviceProviderEngine, RuntimeResolverLock lockType)
   at Microsoft.Extensions.DependencyInjection.ServiceLookup.CallSiteRuntimeResolver.VisitScopeCache(ServiceCallSite callSite, RuntimeResolverContext context)
   at Microsoft.Extensions.DependencyInjection.ServiceLookup.CallSiteVisitor`2.VisitCallSite(ServiceCallSite callSite, TArgument argument)
   at Microsoft.Extensions.DependencyInjection.ServiceLookup.CallSiteRuntimeResolver.Resolve(ServiceCallSite callSite, ServiceProviderEngineScope scope)
   at Microsoft.Extensions.DependencyInjection.ServiceLookup.DynamicServiceProviderEngine.<>c__DisplayClass2_0.<RealizeService>b__0(ServiceProviderEngineScope scope)
   at Microsoft.Extensions.DependencyInjection.ServiceProvider.GetService(ServiceIdentifier serviceIdentifier, ServiceProviderEngineScope serviceProviderEngineScope)
   at Microsoft.Extensions.DependencyInjection.ServiceLookup.ServiceProviderEngineScope.GetService(Type serviceType)
   at lambda_method21(Closure, IServiceProvider, Object[])
   at Microsoft.AspNetCore.Mvc.Controllers.ControllerFactoryProvider.<>c__DisplayClass6_0.<CreateControllerFactory>g__CreateController|0(ControllerContext controllerContext)
   at Microsoft.AspNetCore.Mvc.Infrastructure.ControllerActionInvoker.Next(State& next, Scope& scope, Object& state, Boolean& isCompleted)
   at Microsoft.AspNetCore.Mvc.Infrastructure.ControllerActionInvoker.InvokeInnerFilterAsync()
--- End of stack trace from previous location ---
   at Microsoft.AspNetCore.Mvc.Infrastructure.ResourceInvoker.<InvokeFilterPipelineAsync>g__Awaited|20_0(ResourceInvoker invoker, Task lastTask, State next, Scope scope, Object state, Boolean isCompleted)
   at Microsoft.AspNetCore.Mvc.Infrastructure.ResourceInvoker.<InvokeAsync>g__Logged|17_1(ResourceInvoker invoker)
   at Microsoft.AspNetCore.Mvc.Infrastructure.ResourceInvoker.<InvokeAsync>g__Logged|17_1(ResourceInvoker invoker)
   at Microsoft.AspNetCore.Routing.EndpointMiddleware.<Invoke>g__AwaitRequestTask|7_0(Endpoint endpoint, Task requestTask, ILogger logger)
   at Microsoft.AspNetCore.Authorization.AuthorizationMiddleware.Invoke(HttpContext context)
   at Microsoft.AspNetCore.Authentication.AuthenticationMiddleware.Invoke(HttpContext context)
   at Swashbuckle.AspNetCore.SwaggerUI.SwaggerUIMiddleware.Invoke(HttpContext httpContext)
   at Swashbuckle.AspNetCore.Swagger.SwaggerMiddleware.Invoke(HttpContext httpContext, ISwaggerProvider swaggerProvider)
   at Microsoft.AspNetCore.Diagnostics.DeveloperExceptionPageMiddlewareImpl.Invoke(HttpContext context)
2024-03-22 10:37:05.2933|DEBUG|Microsoft.AspNetCore.Server.Kestrel.Connections|Connection id "0HN2A33GDH4IP" completed keep alive response. 
2024-03-22 10:37:05.2933|INFO|Microsoft.AspNetCore.Hosting.Diagnostics|Request finished HTTP/1.1 POST https://localhost:7290/api/Auth/Login - 500 - text/plain;+charset=utf-8 28077.3644ms 
2024-03-22 10:37:05.2933|DEBUG|Microsoft.AspNetCore.Server.Kestrel.Transport.Sockets|Connection id "0HN2A33GDH4IP" received FIN. 
2024-03-22 10:37:05.2933|DEBUG|Microsoft.AspNetCore.Server.Kestrel.Transport.Sockets|Connection id "0HN2A33GDH4IP" sending FIN because: "The Socket transport's send loop completed gracefully." 
2024-03-22 10:37:05.2933|DEBUG|Microsoft.AspNetCore.Server.Kestrel.Connections|Connection id "0HN2A33GDH4IP" disconnecting. 
2024-03-22 10:37:05.2933|DEBUG|Microsoft.AspNetCore.Server.Kestrel|Connection id "0HN2A33GDH4IP", Request id "0HN2A33GDH4IP:00000001": started reading request body. 
2024-03-22 10:37:05.2933|DEBUG|Microsoft.AspNetCore.Server.Kestrel|Connection id "0HN2A33GDH4IP", Request id "0HN2A33GDH4IP:00000001": done reading request body. 
2024-03-22 10:37:05.2933|DEBUG|Microsoft.AspNetCore.Server.Kestrel.Connections|Connection id "0HN2A33GDH4IP" stopped. 
2024-03-22 10:37:14.1285|DEBUG|Microsoft.AspNetCore.Server.Kestrel.Connections|Connection id "0HN2A33GDH4IQ" accepted. 
2024-03-22 10:37:14.1285|DEBUG|Microsoft.AspNetCore.Server.Kestrel.Connections|Connection id "0HN2A33GDH4IQ" started. 
2024-03-22 10:37:14.1344|DEBUG|Microsoft.AspNetCore.Server.Kestrel.Https.Internal.HttpsConnectionMiddleware|Connection 0HN2A33GDH4IQ established using the following protocol: Tls13 
2024-03-22 10:37:14.1344|INFO|Microsoft.AspNetCore.Hosting.Diagnostics|Request starting HTTP/1.1 POST https://localhost:7290/api/Auth/Login - application/json 61 
2024-03-22 10:37:14.1344|TRACE|Microsoft.AspNetCore.HostFiltering.HostFilteringMiddleware|All hosts are allowed. 
2024-03-22 10:37:14.1344|DEBUG|Microsoft.AspNetCore.Routing.Matching.DfaMatcher|1 candidate(s) found for the request path '/api/Auth/Login' 
2024-03-22 10:37:14.1344|DEBUG|Microsoft.AspNetCore.Routing.Matching.DfaMatcher|Endpoint 'LitZhu.WebApi.Controllers.User.AuthController.VerifyLoginUsernamePassword (LitZhu.WebApi)' with route pattern 'api/Auth/Login' is valid for the request path '/api/Auth/Login' 
2024-03-22 10:37:14.1344|DEBUG|Microsoft.AspNetCore.Routing.EndpointRoutingMiddleware|Request matched endpoint 'LitZhu.WebApi.Controllers.User.AuthController.VerifyLoginUsernamePassword (LitZhu.WebApi)' 
2024-03-22 10:37:14.1344|TRACE|Microsoft.AspNetCore.Routing.EndpointRoutingMiddleware|The endpoint does not specify the IRequestSizeLimitMetadata. 
2024-03-22 10:37:14.1344|DEBUG|Microsoft.AspNetCore.StaticFiles.StaticFileMiddleware|Static files was skipped as the request already matched an endpoint. 
2024-03-22 10:37:14.1344|DEBUG|Microsoft.AspNetCore.Authentication.JwtBearer.JwtBearerHandler|AuthenticationScheme: Bearer was not authenticated. 
2024-03-22 10:37:14.1344|INFO|Microsoft.AspNetCore.Routing.EndpointMiddleware|Executing endpoint 'LitZhu.WebApi.Controllers.User.AuthController.VerifyLoginUsernamePassword (LitZhu.WebApi)' 
2024-03-22 10:37:14.1344|INFO|Microsoft.AspNetCore.Mvc.Infrastructure.ControllerActionInvoker|Route matched with {action = "VerifyLoginUsernamePassword", controller = "Auth"}. Executing controller action with signature System.Threading.Tasks.Task`1[Microsoft.AspNetCore.Mvc.ActionResult`1[System.String]] VerifyLoginUsernamePassword(LitZhu.WebApi.Controllers.User.VerifyLoginUsernamePasswordRequest) on controller LitZhu.WebApi.Controllers.User.AuthController (LitZhu.WebApi). 
2024-03-22 10:37:14.1344|DEBUG|Microsoft.AspNetCore.Mvc.Infrastructure.ControllerActionInvoker|Execution plan of authorization filters (in the following order): None 
2024-03-22 10:37:14.1344|DEBUG|Microsoft.AspNetCore.Mvc.Infrastructure.ControllerActionInvoker|Execution plan of resource filters (in the following order): None 
2024-03-22 10:37:14.1344|DEBUG|Microsoft.AspNetCore.Mvc.Infrastructure.ControllerActionInvoker|Execution plan of action filters (in the following order): Microsoft.AspNetCore.Mvc.ModelBinding.UnsupportedContentTypeFilter (Order: -3000), Microsoft.AspNetCore.Mvc.Infrastructure.ModelStateInvalidFilter (Order: -2000) 
2024-03-22 10:37:14.1344|DEBUG|Microsoft.AspNetCore.Mvc.Infrastructure.ControllerActionInvoker|Execution plan of exception filters (in the following order): None 
2024-03-22 10:37:14.1344|DEBUG|Microsoft.AspNetCore.Mvc.Infrastructure.ControllerActionInvoker|Execution plan of result filters (in the following order): Microsoft.AspNetCore.Mvc.Infrastructure.ClientErrorResultFilter (Order: -2000) 
2024-03-22 10:37:14.1344|DEBUG|Microsoft.AspNetCore.Mvc.Infrastructure.ControllerActionInvoker|Executing controller factory for controller LitZhu.WebApi.Controllers.User.AuthController (LitZhu.WebApi) 
2024-03-22 10:37:20.0887|INFO|Microsoft.AspNetCore.Mvc.Infrastructure.ControllerActionInvoker|Executed action LitZhu.WebApi.Controllers.User.AuthController.VerifyLoginUsernamePassword (LitZhu.WebApi) in 5945.9357ms 
2024-03-22 10:37:20.0887|INFO|Microsoft.AspNetCore.Routing.EndpointMiddleware|Executed endpoint 'LitZhu.WebApi.Controllers.User.AuthController.VerifyLoginUsernamePassword (LitZhu.WebApi)' 
2024-03-22 10:37:20.1214|ERROR|Microsoft.AspNetCore.Diagnostics.DeveloperExceptionPageMiddleware|An unhandled exception has occurred while executing the request. System.NullReferenceException: Object reference not set to an instance of an object.
   at LitZhu.Infrastructure.EFCore.ConnectionString.get_MySqlConnection() in D:\Desktop\website\litzhu\LitZhu_backend\Commons\LitZhu.Infrastructure\EFCore\ConnectionString.cs:line 22
   at LitZhu.Infrastructure.EFCore.BaseDbContext.OnConfiguring(DbContextOptionsBuilder optionsBuilder) in D:\Desktop\website\litzhu\LitZhu_backend\Commons\LitZhu.Infrastructure\EFCore\BaseDbContext.cs:line 23
   at Microsoft.EntityFrameworkCore.DbContext.get_ContextServices()
   at Microsoft.EntityFrameworkCore.DbContext.get_Model()
   at Microsoft.EntityFrameworkCore.Internal.InternalDbSet`1.get_EntityType()
   at Microsoft.EntityFrameworkCore.Internal.InternalDbSet`1.CheckState()
   at Microsoft.EntityFrameworkCore.Internal.InternalDbSet`1.get_EntityQueryable()
   at Microsoft.EntityFrameworkCore.Internal.InternalDbSet`1.System.Linq.IQueryable.get_Provider()
   at Microsoft.EntityFrameworkCore.EntityFrameworkQueryableExtensions.Include[TEntity,TProperty](IQueryable`1 source, Expression`1 navigationPropertyPath)
   at User.Infrastructure.Repositories.UserRepository..ctor(UserDbContext _db) in D:\Desktop\website\litzhu\LitZhu_backend\User.Infrastructure\Repositories\UserRepository.cs:line 9
   at InvokeStub_UserRepository..ctor(Object, Span`1)
   at System.Reflection.MethodBaseInvoker.InvokeWithOneArg(Object obj, BindingFlags invokeAttr, Binder binder, Object[] parameters, CultureInfo culture)
   at System.Reflection.RuntimeConstructorInfo.Invoke(BindingFlags invokeAttr, Binder binder, Object[] parameters, CultureInfo culture)
   at Microsoft.Extensions.DependencyInjection.ServiceLookup.CallSiteVisitor`2.VisitCallSiteMain(ServiceCallSite callSite, TArgument argument)
   at Microsoft.Extensions.DependencyInjection.ServiceLookup.CallSiteRuntimeResolver.VisitCache(ServiceCallSite callSite, RuntimeResolverContext context, ServiceProviderEngineScope serviceProviderEngine, RuntimeResolverLock lockType)
   at Microsoft.Extensions.DependencyInjection.ServiceLookup.CallSiteVisitor`2.VisitCallSite(ServiceCallSite callSite, TArgument argument)
   at Microsoft.Extensions.DependencyInjection.ServiceLookup.CallSiteRuntimeResolver.Resolve(ServiceCallSite callSite, ServiceProviderEngineScope scope)
   at Microsoft.Extensions.DependencyInjection.ServiceLookup.DynamicServiceProviderEngine.<>c__DisplayClass2_0.<RealizeService>b__0(ServiceProviderEngineScope scope)
   at Microsoft.Extensions.DependencyInjection.ServiceProvider.GetService(ServiceIdentifier serviceIdentifier, ServiceProviderEngineScope serviceProviderEngineScope)
   at Microsoft.Extensions.DependencyInjection.ServiceLookup.ServiceProviderEngineScope.GetService(Type serviceType)
   at lambda_method21(Closure, IServiceProvider, Object[])
   at Microsoft.AspNetCore.Mvc.Controllers.ControllerFactoryProvider.<>c__DisplayClass6_0.<CreateControllerFactory>g__CreateController|0(ControllerContext controllerContext)
   at Microsoft.AspNetCore.Mvc.Infrastructure.ControllerActionInvoker.Next(State& next, Scope& scope, Object& state, Boolean& isCompleted)
   at Microsoft.AspNetCore.Mvc.Infrastructure.ControllerActionInvoker.InvokeInnerFilterAsync()
--- End of stack trace from previous location ---
   at Microsoft.AspNetCore.Mvc.Infrastructure.ResourceInvoker.<InvokeFilterPipelineAsync>g__Awaited|20_0(ResourceInvoker invoker, Task lastTask, State next, Scope scope, Object state, Boolean isCompleted)
   at Microsoft.AspNetCore.Mvc.Infrastructure.ResourceInvoker.<InvokeAsync>g__Logged|17_1(ResourceInvoker invoker)
   at Microsoft.AspNetCore.Mvc.Infrastructure.ResourceInvoker.<InvokeAsync>g__Logged|17_1(ResourceInvoker invoker)
   at Microsoft.AspNetCore.Routing.EndpointMiddleware.<Invoke>g__AwaitRequestTask|7_0(Endpoint endpoint, Task requestTask, ILogger logger)
   at Microsoft.AspNetCore.Authorization.AuthorizationMiddleware.Invoke(HttpContext context)
   at Microsoft.AspNetCore.Authentication.AuthenticationMiddleware.Invoke(HttpContext context)
   at Swashbuckle.AspNetCore.SwaggerUI.SwaggerUIMiddleware.Invoke(HttpContext httpContext)
   at Swashbuckle.AspNetCore.Swagger.SwaggerMiddleware.Invoke(HttpContext httpContext, ISwaggerProvider swaggerProvider)
   at Microsoft.AspNetCore.Diagnostics.DeveloperExceptionPageMiddlewareImpl.Invoke(HttpContext context)
2024-03-22 10:37:20.1440|DEBUG|Microsoft.AspNetCore.Server.Kestrel.Connections|Connection id "0HN2A33GDH4IQ" completed keep alive response. 
2024-03-22 10:37:20.1440|INFO|Microsoft.AspNetCore.Hosting.Diagnostics|Request finished HTTP/1.1 POST https://localhost:7290/api/Auth/Login - 500 - text/plain;+charset=utf-8 6009.2063ms 
2024-03-22 10:37:20.1440|DEBUG|Microsoft.AspNetCore.Server.Kestrel|Connection id "0HN2A33GDH4IQ", Request id "0HN2A33GDH4IQ:00000001": started reading request body. 
2024-03-22 10:37:20.1440|DEBUG|Microsoft.AspNetCore.Server.Kestrel|Connection id "0HN2A33GDH4IQ", Request id "0HN2A33GDH4IQ:00000001": done reading request body. 
2024-03-22 10:37:20.1466|DEBUG|Microsoft.AspNetCore.Server.Kestrel.Transport.Sockets|Connection id "0HN2A33GDH4IQ" received FIN. 
2024-03-22 10:37:20.1466|DEBUG|Microsoft.AspNetCore.Server.Kestrel.Transport.Sockets|Connection id "0HN2A33GDH4IQ" sending FIN because: "The Socket transport's send loop completed gracefully." 
2024-03-22 10:37:20.1466|DEBUG|Microsoft.AspNetCore.Server.Kestrel.Connections|Connection id "0HN2A33GDH4IQ" disconnecting. 
2024-03-22 10:37:20.1466|DEBUG|Microsoft.AspNetCore.Server.Kestrel.Connections|Connection id "0HN2A33GDH4IQ" stopped. 
2024-03-22 10:37:34.2604|DEBUG|Microsoft.AspNetCore.Server.Kestrel.Connections|Connection id "0HN2A33GDH4IR" accepted. 
2024-03-22 10:37:34.2604|DEBUG|Microsoft.AspNetCore.Server.Kestrel.Connections|Connection id "0HN2A33GDH4IR" started. 
2024-03-22 10:37:34.2604|DEBUG|Microsoft.AspNetCore.Server.Kestrel.Https.Internal.HttpsConnectionMiddleware|Connection 0HN2A33GDH4IR established using the following protocol: Tls13 
2024-03-22 10:37:34.2604|INFO|Microsoft.AspNetCore.Hosting.Diagnostics|Request starting HTTP/1.1 POST https://localhost:7290/api/Auth/Login - application/json 61 
2024-03-22 10:37:34.2604|TRACE|Microsoft.AspNetCore.HostFiltering.HostFilteringMiddleware|All hosts are allowed. 
2024-03-22 10:37:34.2604|DEBUG|Microsoft.AspNetCore.Routing.Matching.DfaMatcher|1 candidate(s) found for the request path '/api/Auth/Login' 
2024-03-22 10:37:34.2604|DEBUG|Microsoft.AspNetCore.Routing.Matching.DfaMatcher|Endpoint 'LitZhu.WebApi.Controllers.User.AuthController.VerifyLoginUsernamePassword (LitZhu.WebApi)' with route pattern 'api/Auth/Login' is valid for the request path '/api/Auth/Login' 
2024-03-22 10:37:34.2604|DEBUG|Microsoft.AspNetCore.Routing.EndpointRoutingMiddleware|Request matched endpoint 'LitZhu.WebApi.Controllers.User.AuthController.VerifyLoginUsernamePassword (LitZhu.WebApi)' 
2024-03-22 10:37:34.2604|TRACE|Microsoft.AspNetCore.Routing.EndpointRoutingMiddleware|The endpoint does not specify the IRequestSizeLimitMetadata. 
2024-03-22 10:37:34.2604|DEBUG|Microsoft.AspNetCore.StaticFiles.StaticFileMiddleware|Static files was skipped as the request already matched an endpoint. 
2024-03-22 10:37:34.2701|DEBUG|Microsoft.AspNetCore.Authentication.JwtBearer.JwtBearerHandler|AuthenticationScheme: Bearer was not authenticated. 
2024-03-22 10:37:34.2701|INFO|Microsoft.AspNetCore.Routing.EndpointMiddleware|Executing endpoint 'LitZhu.WebApi.Controllers.User.AuthController.VerifyLoginUsernamePassword (LitZhu.WebApi)' 
2024-03-22 10:37:34.2701|INFO|Microsoft.AspNetCore.Mvc.Infrastructure.ControllerActionInvoker|Route matched with {action = "VerifyLoginUsernamePassword", controller = "Auth"}. Executing controller action with signature System.Threading.Tasks.Task`1[Microsoft.AspNetCore.Mvc.ActionResult`1[System.String]] VerifyLoginUsernamePassword(LitZhu.WebApi.Controllers.User.VerifyLoginUsernamePasswordRequest) on controller LitZhu.WebApi.Controllers.User.AuthController (LitZhu.WebApi). 
2024-03-22 10:37:34.2701|DEBUG|Microsoft.AspNetCore.Mvc.Infrastructure.ControllerActionInvoker|Execution plan of authorization filters (in the following order): None 
2024-03-22 10:37:34.2701|DEBUG|Microsoft.AspNetCore.Mvc.Infrastructure.ControllerActionInvoker|Execution plan of resource filters (in the following order): None 
2024-03-22 10:37:34.2701|DEBUG|Microsoft.AspNetCore.Mvc.Infrastructure.ControllerActionInvoker|Execution plan of action filters (in the following order): Microsoft.AspNetCore.Mvc.ModelBinding.UnsupportedContentTypeFilter (Order: -3000), Microsoft.AspNetCore.Mvc.Infrastructure.ModelStateInvalidFilter (Order: -2000) 
2024-03-22 10:37:34.2701|DEBUG|Microsoft.AspNetCore.Mvc.Infrastructure.ControllerActionInvoker|Execution plan of exception filters (in the following order): None 
2024-03-22 10:37:34.2701|DEBUG|Microsoft.AspNetCore.Mvc.Infrastructure.ControllerActionInvoker|Execution plan of result filters (in the following order): Microsoft.AspNetCore.Mvc.Infrastructure.ClientErrorResultFilter (Order: -2000) 
2024-03-22 10:37:34.2701|DEBUG|Microsoft.AspNetCore.Mvc.Infrastructure.ControllerActionInvoker|Executing controller factory for controller LitZhu.WebApi.Controllers.User.AuthController (LitZhu.WebApi) 
2024-03-22 10:37:38.6561|INFO|Microsoft.AspNetCore.Mvc.Infrastructure.ControllerActionInvoker|Executed action LitZhu.WebApi.Controllers.User.AuthController.VerifyLoginUsernamePassword (LitZhu.WebApi) in 4385.3671ms 
2024-03-22 10:37:38.6561|INFO|Microsoft.AspNetCore.Routing.EndpointMiddleware|Executed endpoint 'LitZhu.WebApi.Controllers.User.AuthController.VerifyLoginUsernamePassword (LitZhu.WebApi)' 
2024-03-22 10:37:38.6768|ERROR|Microsoft.AspNetCore.Diagnostics.DeveloperExceptionPageMiddleware|An unhandled exception has occurred while executing the request. System.NullReferenceException: Object reference not set to an instance of an object.
   at LitZhu.Infrastructure.EFCore.ConnectionString.get_MySqlConnection() in D:\Desktop\website\litzhu\LitZhu_backend\Commons\LitZhu.Infrastructure\EFCore\ConnectionString.cs:line 22
   at LitZhu.Infrastructure.EFCore.BaseDbContext.OnConfiguring(DbContextOptionsBuilder optionsBuilder) in D:\Desktop\website\litzhu\LitZhu_backend\Commons\LitZhu.Infrastructure\EFCore\BaseDbContext.cs:line 23
   at Microsoft.EntityFrameworkCore.DbContext.get_ContextServices()
   at Microsoft.EntityFrameworkCore.DbContext.get_Model()
   at Microsoft.EntityFrameworkCore.Internal.InternalDbSet`1.get_EntityType()
   at Microsoft.EntityFrameworkCore.Internal.InternalDbSet`1.CheckState()
   at Microsoft.EntityFrameworkCore.Internal.InternalDbSet`1.get_EntityQueryable()
   at Microsoft.EntityFrameworkCore.Internal.InternalDbSet`1.System.Linq.IQueryable.get_Provider()
   at Microsoft.EntityFrameworkCore.EntityFrameworkQueryableExtensions.Include[TEntity,TProperty](IQueryable`1 source, Expression`1 navigationPropertyPath)
   at User.Infrastructure.Repositories.UserRepository..ctor(UserDbContext _db) in D:\Desktop\website\litzhu\LitZhu_backend\User.Infrastructure\Repositories\UserRepository.cs:line 9
   at InvokeStub_UserRepository..ctor(Object, Span`1)
   at System.Reflection.MethodBaseInvoker.InvokeWithOneArg(Object obj, BindingFlags invokeAttr, Binder binder, Object[] parameters, CultureInfo culture)
   at System.Reflection.RuntimeConstructorInfo.Invoke(BindingFlags invokeAttr, Binder binder, Object[] parameters, CultureInfo culture)
   at Microsoft.Extensions.DependencyInjection.ServiceLookup.CallSiteVisitor`2.VisitCallSiteMain(ServiceCallSite callSite, TArgument argument)
   at Microsoft.Extensions.DependencyInjection.ServiceLookup.CallSiteRuntimeResolver.VisitCache(ServiceCallSite callSite, RuntimeResolverContext context, ServiceProviderEngineScope serviceProviderEngine, RuntimeResolverLock lockType)
   at Microsoft.Extensions.DependencyInjection.ServiceLookup.CallSiteVisitor`2.VisitCallSite(ServiceCallSite callSite, TArgument argument)
   at Microsoft.Extensions.DependencyInjection.ServiceLookup.CallSiteRuntimeResolver.Resolve(ServiceCallSite callSite, ServiceProviderEngineScope scope)
   at Microsoft.Extensions.DependencyInjection.ServiceLookup.DynamicServiceProviderEngine.<>c__DisplayClass2_0.<RealizeService>b__0(ServiceProviderEngineScope scope)
   at Microsoft.Extensions.DependencyInjection.ServiceProvider.GetService(ServiceIdentifier serviceIdentifier, ServiceProviderEngineScope serviceProviderEngineScope)
   at Microsoft.Extensions.DependencyInjection.ServiceLookup.ServiceProviderEngineScope.GetService(Type serviceType)
   at lambda_method21(Closure, IServiceProvider, Object[])
   at Microsoft.AspNetCore.Mvc.Controllers.ControllerFactoryProvider.<>c__DisplayClass6_0.<CreateControllerFactory>g__CreateController|0(ControllerContext controllerContext)
   at Microsoft.AspNetCore.Mvc.Infrastructure.ControllerActionInvoker.Next(State& next, Scope& scope, Object& state, Boolean& isCompleted)
   at Microsoft.AspNetCore.Mvc.Infrastructure.ControllerActionInvoker.InvokeInnerFilterAsync()
--- End of stack trace from previous location ---
   at Microsoft.AspNetCore.Mvc.Infrastructure.ResourceInvoker.<InvokeFilterPipelineAsync>g__Awaited|20_0(ResourceInvoker invoker, Task lastTask, State next, Scope scope, Object state, Boolean isCompleted)
   at Microsoft.AspNetCore.Mvc.Infrastructure.ResourceInvoker.<InvokeAsync>g__Logged|17_1(ResourceInvoker invoker)
   at Microsoft.AspNetCore.Mvc.Infrastructure.ResourceInvoker.<InvokeAsync>g__Logged|17_1(ResourceInvoker invoker)
   at Microsoft.AspNetCore.Routing.EndpointMiddleware.<Invoke>g__AwaitRequestTask|7_0(Endpoint endpoint, Task requestTask, ILogger logger)
   at Microsoft.AspNetCore.Authorization.AuthorizationMiddleware.Invoke(HttpContext context)
   at Microsoft.AspNetCore.Authentication.AuthenticationMiddleware.Invoke(HttpContext context)
   at Swashbuckle.AspNetCore.SwaggerUI.SwaggerUIMiddleware.Invoke(HttpContext httpContext)
   at Swashbuckle.AspNetCore.Swagger.SwaggerMiddleware.Invoke(HttpContext httpContext, ISwaggerProvider swaggerProvider)
   at Microsoft.AspNetCore.Diagnostics.DeveloperExceptionPageMiddlewareImpl.Invoke(HttpContext context)
2024-03-22 10:37:38.7085|DEBUG|Microsoft.AspNetCore.Server.Kestrel.Connections|Connection id "0HN2A33GDH4IR" completed keep alive response. 
2024-03-22 10:37:38.7085|INFO|Microsoft.AspNetCore.Hosting.Diagnostics|Request finished HTTP/1.1 POST https://localhost:7290/api/Auth/Login - 500 - text/plain;+charset=utf-8 4441.6792ms 
2024-03-22 10:37:38.7085|DEBUG|Microsoft.AspNetCore.Server.Kestrel|Connection id "0HN2A33GDH4IR", Request id "0HN2A33GDH4IR:00000001": started reading request body. 
2024-03-22 10:37:38.7085|DEBUG|Microsoft.AspNetCore.Server.Kestrel|Connection id "0HN2A33GDH4IR", Request id "0HN2A33GDH4IR:00000001": done reading request body. 
2024-03-22 10:37:38.7085|DEBUG|Microsoft.AspNetCore.Server.Kestrel.Transport.Sockets|Connection id "0HN2A33GDH4IR" received FIN. 
2024-03-22 10:37:38.7085|DEBUG|Microsoft.AspNetCore.Server.Kestrel.Transport.Sockets|Connection id "0HN2A33GDH4IR" sending FIN because: "The Socket transport's send loop completed gracefully." 
2024-03-22 10:37:38.7085|DEBUG|Microsoft.AspNetCore.Server.Kestrel.Connections|Connection id "0HN2A33GDH4IR" disconnecting. 
2024-03-22 10:37:38.7085|DEBUG|Microsoft.AspNetCore.Server.Kestrel.Connections|Connection id "0HN2A33GDH4IR" stopped. 
2024-03-22 10:42:18.3788|DEBUG|Microsoft.AspNetCore.Mvc.ModelBinding.ModelBinderFactory|Registered model binder providers, in the following order: Microsoft.AspNetCore.Mvc.ModelBinding.Binders.BinderTypeModelBinderProvider, Microsoft.AspNetCore.Mvc.ModelBinding.Binders.ServicesModelBinderProvider, Microsoft.AspNetCore.Mvc.ModelBinding.Binders.BodyModelBinderProvider, Microsoft.AspNetCore.Mvc.ModelBinding.Binders.HeaderModelBinderProvider, Microsoft.AspNetCore.Mvc.ModelBinding.Binders.FloatingPointTypeModelBinderProvider, Microsoft.AspNetCore.Mvc.ModelBinding.Binders.EnumTypeModelBinderProvider, Microsoft.AspNetCore.Mvc.ModelBinding.Binders.DateTimeModelBinderProvider, Microsoft.AspNetCore.Mvc.ModelBinding.Binders.SimpleTypeModelBinderProvider, Microsoft.AspNetCore.Mvc.ModelBinding.Binders.TryParseModelBinderProvider, Microsoft.AspNetCore.Mvc.ModelBinding.Binders.CancellationTokenModelBinderProvider, Microsoft.AspNetCore.Mvc.ModelBinding.Binders.ByteArrayModelBinderProvider, Microsoft.AspNetCore.Mvc.ModelBinding.Binders.FormFileModelBinderProvider, Microsoft.AspNetCore.Mvc.ModelBinding.Binders.FormCollectionModelBinderProvider, Microsoft.AspNetCore.Mvc.ModelBinding.Binders.KeyValuePairModelBinderProvider, Microsoft.AspNetCore.Mvc.ModelBinding.Binders.DictionaryModelBinderProvider, Microsoft.AspNetCore.Mvc.ModelBinding.Binders.ArrayModelBinderProvider, Microsoft.AspNetCore.Mvc.ModelBinding.Binders.CollectionModelBinderProvider, Microsoft.AspNetCore.Mvc.ModelBinding.Binders.ComplexObjectModelBinderProvider 
2024-03-22 10:42:18.5389|DEBUG|Microsoft.Extensions.Hosting.Internal.Host|Hosting starting 
2024-03-22 10:42:18.6017|INFO|Microsoft.AspNetCore.DataProtection.KeyManagement.XmlKeyManager|User profile is available. Using 'C:\Users\25968\AppData\Local\ASP.NET\DataProtection-Keys' as key repository and Windows DPAPI to encrypt keys at rest. 
2024-03-22 10:42:18.6158|DEBUG|Microsoft.AspNetCore.DataProtection.Repositories.FileSystemXmlRepository|Reading data from file 'C:\Users\25968\AppData\Local\ASP.NET\DataProtection-Keys\key-04331095-e001-4e86-a2a5-ac77c623d11c.xml'. 
2024-03-22 10:42:18.6158|DEBUG|Microsoft.AspNetCore.DataProtection.KeyManagement.XmlKeyManager|Found key {04331095-e001-4e86-a2a5-ac77c623d11c}. 
2024-03-22 10:42:18.6430|DEBUG|Microsoft.AspNetCore.DataProtection.KeyManagement.DefaultKeyResolver|Considering key {04331095-e001-4e86-a2a5-ac77c623d11c} with expiration date 2024-04-11 12:24:14Z as default key. 
2024-03-22 10:42:18.6473|DEBUG|Microsoft.AspNetCore.DataProtection.TypeForwardingActivator|Forwarded activator type request from Microsoft.AspNetCore.DataProtection.XmlEncryption.DpapiXmlDecryptor, Microsoft.AspNetCore.DataProtection, Version=8.0.0.0, Culture=neutral, PublicKeyToken=adb9793829ddae60 to Microsoft.AspNetCore.DataProtection.XmlEncryption.DpapiXmlDecryptor, Microsoft.AspNetCore.DataProtection, Culture=neutral, PublicKeyToken=adb9793829ddae60 
2024-03-22 10:42:18.6473|DEBUG|Microsoft.AspNetCore.DataProtection.XmlEncryption.DpapiXmlDecryptor|Decrypting secret element using Windows DPAPI. 
2024-03-22 10:42:18.6473|DEBUG|Microsoft.AspNetCore.DataProtection.TypeForwardingActivator|Forwarded activator type request from Microsoft.AspNetCore.DataProtection.AuthenticatedEncryption.ConfigurationModel.AuthenticatedEncryptorDescriptorDeserializer, Microsoft.AspNetCore.DataProtection, Version=8.0.0.0, Culture=neutral, PublicKeyToken=adb9793829ddae60 to Microsoft.AspNetCore.DataProtection.AuthenticatedEncryption.ConfigurationModel.AuthenticatedEncryptorDescriptorDeserializer, Microsoft.AspNetCore.DataProtection, Culture=neutral, PublicKeyToken=adb9793829ddae60 
2024-03-22 10:42:18.6473|DEBUG|Microsoft.AspNetCore.DataProtection.AuthenticatedEncryption.CngCbcAuthenticatedEncryptorFactory|Opening CNG algorithm 'AES' from provider '(null)' with chaining mode CBC. 
2024-03-22 10:42:18.6473|DEBUG|Microsoft.AspNetCore.DataProtection.AuthenticatedEncryption.CngCbcAuthenticatedEncryptorFactory|Opening CNG algorithm 'SHA256' from provider '(null)' with HMAC. 
2024-03-22 10:42:18.6473|DEBUG|Microsoft.AspNetCore.DataProtection.KeyManagement.KeyRingProvider|Using key {04331095-e001-4e86-a2a5-ac77c623d11c} as the default key. 
2024-03-22 10:42:18.6473|DEBUG|Microsoft.AspNetCore.DataProtection.Internal.DataProtectionHostedService|Key ring with default key {04331095-e001-4e86-a2a5-ac77c623d11c} was loaded during application startup. 
2024-03-22 10:42:18.9384|INFO|Microsoft.Hosting.Lifetime|Now listening on: https://localhost:7290 
2024-03-22 10:42:18.9384|INFO|Microsoft.Hosting.Lifetime|Now listening on: http://localhost:5167 
2024-03-22 10:42:18.9384|DEBUG|Microsoft.AspNetCore.Hosting.Diagnostics|Loaded hosting startup assembly LitZhu.WebApi 
2024-03-22 10:42:18.9384|DEBUG|Microsoft.AspNetCore.Hosting.Diagnostics|Loaded hosting startup assembly Microsoft.AspNetCore.Watch.BrowserRefresh 
2024-03-22 10:42:18.9384|DEBUG|Microsoft.AspNetCore.Hosting.Diagnostics|Loaded hosting startup assembly Microsoft.WebTools.BrowserLink.Net 
2024-03-22 10:42:18.9444|INFO|Microsoft.Hosting.Lifetime|Application started. Press Ctrl+C to shut down. 
2024-03-22 10:42:18.9444|INFO|Microsoft.Hosting.Lifetime|Hosting environment: Development 
2024-03-22 10:42:18.9444|INFO|Microsoft.Hosting.Lifetime|Content root path: D:\Desktop\website\litzhu\LitZhu_backend\LitZhu.WebApi 
2024-03-22 10:42:18.9444|DEBUG|Microsoft.Extensions.Hosting.Internal.Host|Hosting started 
2024-03-22 10:42:19.3303|DEBUG|Microsoft.AspNetCore.Server.Kestrel.Connections|Connection id "0HN2A36OOSL2K" accepted. 
2024-03-22 10:42:19.3303|DEBUG|Microsoft.AspNetCore.Server.Kestrel.Connections|Connection id "0HN2A36OOSL2K" started. 
2024-03-22 10:42:19.3422|DEBUG|Microsoft.AspNetCore.Server.Kestrel.Transport.Sockets|Connection id "0HN2A36OOSL2K" received FIN. 
2024-03-22 10:42:19.3422|DEBUG|Microsoft.AspNetCore.Server.Kestrel.Transport.Sockets|Connection id "0HN2A36OOSL2L" received FIN. 
2024-03-22 10:42:19.3422|DEBUG|Microsoft.AspNetCore.Server.Kestrel.Connections|Connection id "0HN2A36OOSL2L" accepted. 
2024-03-22 10:42:19.3477|DEBUG|Microsoft.AspNetCore.Server.Kestrel.Connections|Connection id "0HN2A36OOSL2L" started. 
2024-03-22 10:42:19.3794|DEBUG|Microsoft.AspNetCore.Server.Kestrel.Https.Internal.HttpsConnectionMiddleware|Failed to authenticate HTTPS connection. System.IO.IOException: Received an unexpected EOF or 0 bytes from the transport stream.
   at System.Net.Security.SslStream.ReceiveHandshakeFrameAsync[TIOAdapter](CancellationToken cancellationToken)
   at System.Net.Security.SslStream.ForceAuthenticationAsync[TIOAdapter](Boolean receiveFirst, Byte[] reAuthenticationData, CancellationToken cancellationToken)
   at System.Net.Security.SslStream.ProcessAuthenticationWithTelemetryAsync(Boolean isAsync, CancellationToken cancellationToken)
   at Microsoft.AspNetCore.Server.Kestrel.Https.Internal.HttpsConnectionMiddleware.OnConnectionAsync(ConnectionContext context)
2024-03-22 10:42:19.3794|DEBUG|Microsoft.AspNetCore.Server.Kestrel.Https.Internal.HttpsConnectionMiddleware|Failed to authenticate HTTPS connection. System.IO.IOException: Received an unexpected EOF or 0 bytes from the transport stream.
   at System.Net.Security.SslStream.ReceiveHandshakeFrameAsync[TIOAdapter](CancellationToken cancellationToken)
   at System.Net.Security.SslStream.ForceAuthenticationAsync[TIOAdapter](Boolean receiveFirst, Byte[] reAuthenticationData, CancellationToken cancellationToken)
   at System.Net.Security.SslStream.ProcessAuthenticationWithTelemetryAsync(Boolean isAsync, CancellationToken cancellationToken)
   at Microsoft.AspNetCore.Server.Kestrel.Https.Internal.HttpsConnectionMiddleware.OnConnectionAsync(ConnectionContext context)
2024-03-22 10:42:19.4097|DEBUG|Microsoft.AspNetCore.Server.Kestrel.Connections|Connection id "0HN2A36OOSL2L" stopped. 
2024-03-22 10:42:19.4097|DEBUG|Microsoft.AspNetCore.Server.Kestrel.Connections|Connection id "0HN2A36OOSL2K" stopped. 
2024-03-22 10:42:19.4117|DEBUG|Microsoft.AspNetCore.Server.Kestrel.Transport.Sockets|Connection id "0HN2A36OOSL2K" sending FIN because: "The Socket transport's send loop completed gracefully." 
2024-03-22 10:42:19.4117|DEBUG|Microsoft.AspNetCore.Server.Kestrel.Transport.Sockets|Connection id "0HN2A36OOSL2L" sending FIN because: "The Socket transport's send loop completed gracefully." 
2024-03-22 10:42:21.9461|DEBUG|Microsoft.AspNetCore.Server.Kestrel.Connections|Connection id "0HN2A36OOSL2M" accepted. 
2024-03-22 10:42:21.9461|DEBUG|Microsoft.AspNetCore.Server.Kestrel.Connections|Connection id "0HN2A36OOSL2M" started. 
2024-03-22 10:42:21.9978|DEBUG|Microsoft.AspNetCore.Server.Kestrel.Https.Internal.HttpsConnectionMiddleware|Connection 0HN2A36OOSL2M established using the following protocol: Tls13 
2024-03-22 10:42:22.0270|INFO|Microsoft.AspNetCore.Hosting.Diagnostics|Request starting HTTP/1.1 POST https://localhost:7290/api/Auth/Login - application/json 61 
2024-03-22 10:42:22.0270|DEBUG|Microsoft.AspNetCore.HostFiltering.HostFilteringMiddleware|Wildcard detected, all requests with hosts will be allowed. 
2024-03-22 10:42:22.0358|TRACE|Microsoft.AspNetCore.HostFiltering.HostFilteringMiddleware|All hosts are allowed. 
2024-03-22 10:42:22.0749|DEBUG|Microsoft.AspNetCore.Routing.Matching.DfaMatcher|1 candidate(s) found for the request path '/api/Auth/Login' 
2024-03-22 10:42:22.0749|DEBUG|Microsoft.AspNetCore.Routing.Matching.DfaMatcher|Endpoint 'LitZhu.WebApi.Controllers.User.AuthController.VerifyLoginUsernamePassword (LitZhu.WebApi)' with route pattern 'api/Auth/Login' is valid for the request path '/api/Auth/Login' 
2024-03-22 10:42:22.0749|DEBUG|Microsoft.AspNetCore.Routing.EndpointRoutingMiddleware|Request matched endpoint 'LitZhu.WebApi.Controllers.User.AuthController.VerifyLoginUsernamePassword (LitZhu.WebApi)' 
2024-03-22 10:42:22.0749|TRACE|Microsoft.AspNetCore.Routing.EndpointRoutingMiddleware|The endpoint does not specify the IRequestSizeLimitMetadata. 
2024-03-22 10:42:22.0971|DEBUG|Microsoft.AspNetCore.StaticFiles.StaticFileMiddleware|Static files was skipped as the request already matched an endpoint. 
2024-03-22 10:42:22.1928|DEBUG|Microsoft.AspNetCore.Authentication.JwtBearer.JwtBearerHandler|AuthenticationScheme: Bearer was not authenticated. 
2024-03-22 10:42:22.1928|INFO|Microsoft.AspNetCore.Routing.EndpointMiddleware|Executing endpoint 'LitZhu.WebApi.Controllers.User.AuthController.VerifyLoginUsernamePassword (LitZhu.WebApi)' 
2024-03-22 10:42:22.2238|INFO|Microsoft.AspNetCore.Mvc.Infrastructure.ControllerActionInvoker|Route matched with {action = "VerifyLoginUsernamePassword", controller = "Auth"}. Executing controller action with signature System.Threading.Tasks.Task`1[Microsoft.AspNetCore.Mvc.ActionResult`1[System.String]] VerifyLoginUsernamePassword(LitZhu.WebApi.Controllers.User.VerifyLoginUsernamePasswordRequest) on controller LitZhu.WebApi.Controllers.User.AuthController (LitZhu.WebApi). 
2024-03-22 10:42:22.2238|DEBUG|Microsoft.AspNetCore.Mvc.Infrastructure.ControllerActionInvoker|Execution plan of authorization filters (in the following order): None 
2024-03-22 10:42:22.2238|DEBUG|Microsoft.AspNetCore.Mvc.Infrastructure.ControllerActionInvoker|Execution plan of resource filters (in the following order): None 
2024-03-22 10:42:22.2238|DEBUG|Microsoft.AspNetCore.Mvc.Infrastructure.ControllerActionInvoker|Execution plan of action filters (in the following order): Microsoft.AspNetCore.Mvc.ModelBinding.UnsupportedContentTypeFilter (Order: -3000), Microsoft.AspNetCore.Mvc.Infrastructure.ModelStateInvalidFilter (Order: -2000) 
2024-03-22 10:42:22.2238|DEBUG|Microsoft.AspNetCore.Mvc.Infrastructure.ControllerActionInvoker|Execution plan of exception filters (in the following order): None 
2024-03-22 10:42:22.2238|DEBUG|Microsoft.AspNetCore.Mvc.Infrastructure.ControllerActionInvoker|Execution plan of result filters (in the following order): Microsoft.AspNetCore.Mvc.Infrastructure.ClientErrorResultFilter (Order: -2000) 
2024-03-22 10:42:22.2238|DEBUG|Microsoft.AspNetCore.Mvc.Infrastructure.ControllerActionInvoker|Executing controller factory for controller LitZhu.WebApi.Controllers.User.AuthController (LitZhu.WebApi) 
2024-03-22 10:50:08.2472|DEBUG|Microsoft.AspNetCore.Mvc.ModelBinding.ModelBinderFactory|Registered model binder providers, in the following order: Microsoft.AspNetCore.Mvc.ModelBinding.Binders.BinderTypeModelBinderProvider, Microsoft.AspNetCore.Mvc.ModelBinding.Binders.ServicesModelBinderProvider, Microsoft.AspNetCore.Mvc.ModelBinding.Binders.BodyModelBinderProvider, Microsoft.AspNetCore.Mvc.ModelBinding.Binders.HeaderModelBinderProvider, Microsoft.AspNetCore.Mvc.ModelBinding.Binders.FloatingPointTypeModelBinderProvider, Microsoft.AspNetCore.Mvc.ModelBinding.Binders.EnumTypeModelBinderProvider, Microsoft.AspNetCore.Mvc.ModelBinding.Binders.DateTimeModelBinderProvider, Microsoft.AspNetCore.Mvc.ModelBinding.Binders.SimpleTypeModelBinderProvider, Microsoft.AspNetCore.Mvc.ModelBinding.Binders.TryParseModelBinderProvider, Microsoft.AspNetCore.Mvc.ModelBinding.Binders.CancellationTokenModelBinderProvider, Microsoft.AspNetCore.Mvc.ModelBinding.Binders.ByteArrayModelBinderProvider, Microsoft.AspNetCore.Mvc.ModelBinding.Binders.FormFileModelBinderProvider, Microsoft.AspNetCore.Mvc.ModelBinding.Binders.FormCollectionModelBinderProvider, Microsoft.AspNetCore.Mvc.ModelBinding.Binders.KeyValuePairModelBinderProvider, Microsoft.AspNetCore.Mvc.ModelBinding.Binders.DictionaryModelBinderProvider, Microsoft.AspNetCore.Mvc.ModelBinding.Binders.ArrayModelBinderProvider, Microsoft.AspNetCore.Mvc.ModelBinding.Binders.CollectionModelBinderProvider, Microsoft.AspNetCore.Mvc.ModelBinding.Binders.ComplexObjectModelBinderProvider 
2024-03-22 10:50:08.3305|DEBUG|Microsoft.Extensions.Hosting.Internal.Host|Hosting starting 
2024-03-22 10:50:08.3676|INFO|Microsoft.AspNetCore.DataProtection.KeyManagement.XmlKeyManager|User profile is available. Using 'C:\Users\25968\AppData\Local\ASP.NET\DataProtection-Keys' as key repository and Windows DPAPI to encrypt keys at rest. 
2024-03-22 10:50:08.3676|DEBUG|Microsoft.AspNetCore.DataProtection.Repositories.FileSystemXmlRepository|Reading data from file 'C:\Users\25968\AppData\Local\ASP.NET\DataProtection-Keys\key-04331095-e001-4e86-a2a5-ac77c623d11c.xml'. 
2024-03-22 10:50:08.3828|DEBUG|Microsoft.AspNetCore.DataProtection.KeyManagement.XmlKeyManager|Found key {04331095-e001-4e86-a2a5-ac77c623d11c}. 
2024-03-22 10:50:08.3828|DEBUG|Microsoft.AspNetCore.DataProtection.KeyManagement.DefaultKeyResolver|Considering key {04331095-e001-4e86-a2a5-ac77c623d11c} with expiration date 2024-04-11 12:24:14Z as default key. 
2024-03-22 10:50:08.3828|DEBUG|Microsoft.AspNetCore.DataProtection.TypeForwardingActivator|Forwarded activator type request from Microsoft.AspNetCore.DataProtection.XmlEncryption.DpapiXmlDecryptor, Microsoft.AspNetCore.DataProtection, Version=8.0.0.0, Culture=neutral, PublicKeyToken=adb9793829ddae60 to Microsoft.AspNetCore.DataProtection.XmlEncryption.DpapiXmlDecryptor, Microsoft.AspNetCore.DataProtection, Culture=neutral, PublicKeyToken=adb9793829ddae60 
2024-03-22 10:50:08.3962|DEBUG|Microsoft.AspNetCore.DataProtection.XmlEncryption.DpapiXmlDecryptor|Decrypting secret element using Windows DPAPI. 
2024-03-22 10:50:08.3962|DEBUG|Microsoft.AspNetCore.DataProtection.TypeForwardingActivator|Forwarded activator type request from Microsoft.AspNetCore.DataProtection.AuthenticatedEncryption.ConfigurationModel.AuthenticatedEncryptorDescriptorDeserializer, Microsoft.AspNetCore.DataProtection, Version=8.0.0.0, Culture=neutral, PublicKeyToken=adb9793829ddae60 to Microsoft.AspNetCore.DataProtection.AuthenticatedEncryption.ConfigurationModel.AuthenticatedEncryptorDescriptorDeserializer, Microsoft.AspNetCore.DataProtection, Culture=neutral, PublicKeyToken=adb9793829ddae60 
2024-03-22 10:50:08.3962|DEBUG|Microsoft.AspNetCore.DataProtection.AuthenticatedEncryption.CngCbcAuthenticatedEncryptorFactory|Opening CNG algorithm 'AES' from provider '(null)' with chaining mode CBC. 
2024-03-22 10:50:08.3962|DEBUG|Microsoft.AspNetCore.DataProtection.AuthenticatedEncryption.CngCbcAuthenticatedEncryptorFactory|Opening CNG algorithm 'SHA256' from provider '(null)' with HMAC. 
2024-03-22 10:50:08.3962|DEBUG|Microsoft.AspNetCore.DataProtection.KeyManagement.KeyRingProvider|Using key {04331095-e001-4e86-a2a5-ac77c623d11c} as the default key. 
2024-03-22 10:50:08.3962|DEBUG|Microsoft.AspNetCore.DataProtection.Internal.DataProtectionHostedService|Key ring with default key {04331095-e001-4e86-a2a5-ac77c623d11c} was loaded during application startup. 
2024-03-22 10:50:08.6411|INFO|Microsoft.Hosting.Lifetime|Now listening on: https://localhost:7290 
2024-03-22 10:50:08.6411|INFO|Microsoft.Hosting.Lifetime|Now listening on: http://localhost:5167 
2024-03-22 10:50:08.6411|DEBUG|Microsoft.AspNetCore.Hosting.Diagnostics|Loaded hosting startup assembly LitZhu.WebApi 
2024-03-22 10:50:08.6411|DEBUG|Microsoft.AspNetCore.Hosting.Diagnostics|Loaded hosting startup assembly Microsoft.AspNetCore.Watch.BrowserRefresh 
2024-03-22 10:50:08.6411|DEBUG|Microsoft.AspNetCore.Hosting.Diagnostics|Loaded hosting startup assembly Microsoft.WebTools.BrowserLink.Net 
2024-03-22 10:50:08.6469|INFO|Microsoft.Hosting.Lifetime|Application started. Press Ctrl+C to shut down. 
2024-03-22 10:50:08.6469|INFO|Microsoft.Hosting.Lifetime|Hosting environment: Development 
2024-03-22 10:50:08.6469|INFO|Microsoft.Hosting.Lifetime|Content root path: D:\Desktop\website\litzhu\LitZhu_backend\LitZhu.WebApi 
2024-03-22 10:50:08.6469|DEBUG|Microsoft.Extensions.Hosting.Internal.Host|Hosting started 
2024-03-22 10:50:09.0722|DEBUG|Microsoft.AspNetCore.Server.Kestrel.Transport.Sockets|Connection id "0HN2A3B4OMGN0" received FIN. 
2024-03-22 10:50:09.0722|DEBUG|Microsoft.AspNetCore.Server.Kestrel.Transport.Sockets|Connection id "0HN2A3B4OMGN1" received FIN. 
2024-03-22 10:50:09.0722|DEBUG|Microsoft.AspNetCore.Server.Kestrel.Connections|Connection id "0HN2A3B4OMGN0" accepted. 
2024-03-22 10:50:09.0722|DEBUG|Microsoft.AspNetCore.Server.Kestrel.Connections|Connection id "0HN2A3B4OMGN1" accepted. 
2024-03-22 10:50:09.0722|DEBUG|Microsoft.AspNetCore.Server.Kestrel.Connections|Connection id "0HN2A3B4OMGN0" started. 
2024-03-22 10:50:09.0722|DEBUG|Microsoft.AspNetCore.Server.Kestrel.Connections|Connection id "0HN2A3B4OMGN1" started. 
2024-03-22 10:50:09.1047|DEBUG|Microsoft.AspNetCore.Server.Kestrel.Https.Internal.HttpsConnectionMiddleware|Failed to authenticate HTTPS connection. System.IO.IOException: Received an unexpected EOF or 0 bytes from the transport stream.
   at System.Net.Security.SslStream.ReceiveHandshakeFrameAsync[TIOAdapter](CancellationToken cancellationToken)
   at System.Net.Security.SslStream.ForceAuthenticationAsync[TIOAdapter](Boolean receiveFirst, Byte[] reAuthenticationData, CancellationToken cancellationToken)
   at System.Net.Security.SslStream.ProcessAuthenticationWithTelemetryAsync(Boolean isAsync, CancellationToken cancellationToken)
   at Microsoft.AspNetCore.Server.Kestrel.Https.Internal.HttpsConnectionMiddleware.OnConnectionAsync(ConnectionContext context)
2024-03-22 10:50:09.1047|DEBUG|Microsoft.AspNetCore.Server.Kestrel.Https.Internal.HttpsConnectionMiddleware|Failed to authenticate HTTPS connection. System.IO.IOException: Received an unexpected EOF or 0 bytes from the transport stream.
   at System.Net.Security.SslStream.ReceiveHandshakeFrameAsync[TIOAdapter](CancellationToken cancellationToken)
   at System.Net.Security.SslStream.ForceAuthenticationAsync[TIOAdapter](Boolean receiveFirst, Byte[] reAuthenticationData, CancellationToken cancellationToken)
   at System.Net.Security.SslStream.ProcessAuthenticationWithTelemetryAsync(Boolean isAsync, CancellationToken cancellationToken)
   at Microsoft.AspNetCore.Server.Kestrel.Https.Internal.HttpsConnectionMiddleware.OnConnectionAsync(ConnectionContext context)
2024-03-22 10:50:09.1419|DEBUG|Microsoft.AspNetCore.Server.Kestrel.Connections|Connection id "0HN2A3B4OMGN0" stopped. 
2024-03-22 10:50:09.1419|DEBUG|Microsoft.AspNetCore.Server.Kestrel.Connections|Connection id "0HN2A3B4OMGN1" stopped. 
2024-03-22 10:50:09.1419|DEBUG|Microsoft.AspNetCore.Server.Kestrel.Transport.Sockets|Connection id "0HN2A3B4OMGN0" sending FIN because: "The Socket transport's send loop completed gracefully." 
2024-03-22 10:50:09.1419|DEBUG|Microsoft.AspNetCore.Server.Kestrel.Transport.Sockets|Connection id "0HN2A3B4OMGN1" sending FIN because: "The Socket transport's send loop completed gracefully." 
2024-03-22 10:50:11.2092|DEBUG|Microsoft.AspNetCore.Server.Kestrel.Connections|Connection id "0HN2A3B4OMGN2" accepted. 
2024-03-22 10:50:11.2092|DEBUG|Microsoft.AspNetCore.Server.Kestrel.Connections|Connection id "0HN2A3B4OMGN2" started. 
2024-03-22 10:50:12.1532|DEBUG|Microsoft.AspNetCore.Server.Kestrel.Https.Internal.HttpsConnectionMiddleware|Connection 0HN2A3B4OMGN2 established using the following protocol: Tls13 
2024-03-22 10:50:12.1711|INFO|Microsoft.AspNetCore.Hosting.Diagnostics|Request starting HTTP/1.1 POST https://localhost:7290/api/Auth/Login - application/json 61 
2024-03-22 10:50:12.1711|DEBUG|Microsoft.AspNetCore.HostFiltering.HostFilteringMiddleware|Wildcard detected, all requests with hosts will be allowed. 
2024-03-22 10:50:12.1766|TRACE|Microsoft.AspNetCore.HostFiltering.HostFilteringMiddleware|All hosts are allowed. 
2024-03-22 10:50:12.2029|DEBUG|Microsoft.AspNetCore.Routing.Matching.DfaMatcher|1 candidate(s) found for the request path '/api/Auth/Login' 
2024-03-22 10:50:12.2029|DEBUG|Microsoft.AspNetCore.Routing.Matching.DfaMatcher|Endpoint 'LitZhu.WebApi.Controllers.User.AuthController.VerifyLoginUsernamePassword (LitZhu.WebApi)' with route pattern 'api/Auth/Login' is valid for the request path '/api/Auth/Login' 
2024-03-22 10:50:12.2029|DEBUG|Microsoft.AspNetCore.Routing.EndpointRoutingMiddleware|Request matched endpoint 'LitZhu.WebApi.Controllers.User.AuthController.VerifyLoginUsernamePassword (LitZhu.WebApi)' 
2024-03-22 10:50:12.2029|TRACE|Microsoft.AspNetCore.Routing.EndpointRoutingMiddleware|The endpoint does not specify the IRequestSizeLimitMetadata. 
2024-03-22 10:50:12.2155|DEBUG|Microsoft.AspNetCore.StaticFiles.StaticFileMiddleware|Static files was skipped as the request already matched an endpoint. 
2024-03-22 10:50:12.2748|DEBUG|Microsoft.AspNetCore.Authentication.JwtBearer.JwtBearerHandler|AuthenticationScheme: Bearer was not authenticated. 
2024-03-22 10:50:12.2748|INFO|Microsoft.AspNetCore.Routing.EndpointMiddleware|Executing endpoint 'LitZhu.WebApi.Controllers.User.AuthController.VerifyLoginUsernamePassword (LitZhu.WebApi)' 
2024-03-22 10:50:12.3023|INFO|Microsoft.AspNetCore.Mvc.Infrastructure.ControllerActionInvoker|Route matched with {action = "VerifyLoginUsernamePassword", controller = "Auth"}. Executing controller action with signature System.Threading.Tasks.Task`1[Microsoft.AspNetCore.Mvc.ActionResult`1[System.String]] VerifyLoginUsernamePassword(LitZhu.WebApi.Controllers.User.VerifyLoginUsernamePasswordRequest) on controller LitZhu.WebApi.Controllers.User.AuthController (LitZhu.WebApi). 
2024-03-22 10:50:12.3023|DEBUG|Microsoft.AspNetCore.Mvc.Infrastructure.ControllerActionInvoker|Execution plan of authorization filters (in the following order): None 
2024-03-22 10:50:12.3023|DEBUG|Microsoft.AspNetCore.Mvc.Infrastructure.ControllerActionInvoker|Execution plan of resource filters (in the following order): None 
2024-03-22 10:50:12.3023|DEBUG|Microsoft.AspNetCore.Mvc.Infrastructure.ControllerActionInvoker|Execution plan of action filters (in the following order): Microsoft.AspNetCore.Mvc.ModelBinding.UnsupportedContentTypeFilter (Order: -3000), Microsoft.AspNetCore.Mvc.Infrastructure.ModelStateInvalidFilter (Order: -2000) 
2024-03-22 10:50:12.3023|DEBUG|Microsoft.AspNetCore.Mvc.Infrastructure.ControllerActionInvoker|Execution plan of exception filters (in the following order): None 
2024-03-22 10:50:12.3043|DEBUG|Microsoft.AspNetCore.Mvc.Infrastructure.ControllerActionInvoker|Execution plan of result filters (in the following order): Microsoft.AspNetCore.Mvc.Infrastructure.ClientErrorResultFilter (Order: -2000) 
2024-03-22 10:50:12.3043|DEBUG|Microsoft.AspNetCore.Mvc.Infrastructure.ControllerActionInvoker|Executing controller factory for controller LitZhu.WebApi.Controllers.User.AuthController (LitZhu.WebApi) 
2024-03-22 10:50:18.0838|DEBUG|Microsoft.AspNetCore.Server.Kestrel.Transport.Sockets|Connection id "0HN2A3B4OMGN3" received FIN. 
2024-03-22 10:50:19.3564|DEBUG|Microsoft.AspNetCore.Server.Kestrel.Connections|Connection id "0HN2A3B4OMGN3" accepted. 
2024-03-22 10:50:19.3564|DEBUG|Microsoft.AspNetCore.Server.Kestrel.Connections|Connection id "0HN2A3B4OMGN3" started. 
2024-03-22 10:50:19.3952|DEBUG|Microsoft.AspNetCore.Server.Kestrel.Transport.Sockets|Connection id "0HN2A3B4OMGN4" received FIN. 
2024-03-22 10:50:19.4723|DEBUG|Microsoft.AspNetCore.Server.Kestrel.Connections|Connection id "0HN2A3B4OMGN4" accepted. 
2024-03-22 10:50:19.4726|DEBUG|Microsoft.AspNetCore.Server.Kestrel.Connections|Connection id "0HN2A3B4OMGN4" started. 
2024-03-22 10:50:20.9551|DEBUG|Microsoft.AspNetCore.Server.Kestrel.Transport.Sockets|Connection id "0HN2A3B4OMGN5" received FIN. 
2024-03-22 10:50:20.9618|DEBUG|Microsoft.AspNetCore.Server.Kestrel.Connections|Connection id "0HN2A3B4OMGN5" accepted. 
2024-03-22 10:50:20.9618|DEBUG|Microsoft.AspNetCore.Server.Kestrel.Connections|Connection id "0HN2A3B4OMGN5" started. 
2024-03-22 10:50:21.6948|DEBUG|Microsoft.AspNetCore.Server.Kestrel.Connections|Connection id "0HN2A3B4OMGN6" accepted. 
2024-03-22 10:50:21.6948|DEBUG|Microsoft.AspNetCore.Server.Kestrel.Connections|Connection id "0HN2A3B4OMGN6" started. 
2024-03-22 10:50:21.6948|DEBUG|Microsoft.AspNetCore.Server.Kestrel.Https.Internal.HttpsConnectionMiddleware|Failed to authenticate HTTPS connection. System.IO.IOException: Received an unexpected EOF or 0 bytes from the transport stream.
   at System.Net.Security.SslStream.ReceiveHandshakeFrameAsync[TIOAdapter](CancellationToken cancellationToken)
   at System.Net.Security.SslStream.ForceAuthenticationAsync[TIOAdapter](Boolean receiveFirst, Byte[] reAuthenticationData, CancellationToken cancellationToken)
   at System.Net.Security.SslStream.ProcessAuthenticationWithTelemetryAsync(Boolean isAsync, CancellationToken cancellationToken)
   at Microsoft.AspNetCore.Server.Kestrel.Https.Internal.HttpsConnectionMiddleware.OnConnectionAsync(ConnectionContext context)
2024-03-22 10:50:27.0819|DEBUG|Microsoft.AspNetCore.Server.Kestrel.Https.Internal.HttpsConnectionMiddleware|Failed to authenticate HTTPS connection. System.IO.IOException: Received an unexpected EOF or 0 bytes from the transport stream.
   at System.Net.Security.SslStream.ReceiveHandshakeFrameAsync[TIOAdapter](CancellationToken cancellationToken)
   at System.Net.Security.SslStream.ForceAuthenticationAsync[TIOAdapter](Boolean receiveFirst, Byte[] reAuthenticationData, CancellationToken cancellationToken)
   at System.Net.Security.SslStream.ProcessAuthenticationWithTelemetryAsync(Boolean isAsync, CancellationToken cancellationToken)
   at Microsoft.AspNetCore.Server.Kestrel.Https.Internal.HttpsConnectionMiddleware.OnConnectionAsync(ConnectionContext context)
2024-03-22 10:50:27.0831|DEBUG|Microsoft.AspNetCore.Server.Kestrel.Connections|Connection id "0HN2A3B4OMGN3" stopped. 
2024-03-22 10:50:27.5380|DEBUG|Microsoft.AspNetCore.Server.Kestrel.Connections|Connection id "0HN2A3B4OMGN4" stopped. 
2024-03-22 10:50:27.5380|DEBUG|Microsoft.AspNetCore.Server.Kestrel.Transport.Sockets|Connection id "0HN2A3B4OMGN3" sending FIN because: "The Socket transport's send loop completed gracefully." 
2024-03-22 10:50:27.5380|DEBUG|Microsoft.AspNetCore.Server.Kestrel.Transport.Sockets|Connection id "0HN2A3B4OMGN4" sending FIN because: "The Socket transport's send loop completed gracefully." 
2024-03-22 10:50:28.2646|DEBUG|Microsoft.AspNetCore.Server.Kestrel.Https.Internal.HttpsConnectionMiddleware|Failed to authenticate HTTPS connection. System.IO.IOException: Received an unexpected EOF or 0 bytes from the transport stream.
   at System.Net.Security.SslStream.ReceiveHandshakeFrameAsync[TIOAdapter](CancellationToken cancellationToken)
   at System.Net.Security.SslStream.ForceAuthenticationAsync[TIOAdapter](Boolean receiveFirst, Byte[] reAuthenticationData, CancellationToken cancellationToken)
   at System.Net.Security.SslStream.ProcessAuthenticationWithTelemetryAsync(Boolean isAsync, CancellationToken cancellationToken)
   at Microsoft.AspNetCore.Server.Kestrel.Https.Internal.HttpsConnectionMiddleware.OnConnectionAsync(ConnectionContext context)
2024-03-22 10:50:28.2646|DEBUG|Microsoft.AspNetCore.Server.Kestrel.Connections|Connection id "0HN2A3B4OMGN5" stopped. 
2024-03-22 10:50:28.2646|DEBUG|Microsoft.AspNetCore.Server.Kestrel.Https.Internal.HttpsConnectionMiddleware|Connection 0HN2A3B4OMGN6 established using the following protocol: Tls13 
2024-03-22 10:50:28.3047|DEBUG|Microsoft.AspNetCore.Server.Kestrel.Transport.Sockets|Connection id "0HN2A3B4OMGN5" sending FIN because: "The Socket transport's send loop completed gracefully." 
2024-03-22 10:50:30.1850|TRACE|Microsoft.AspNetCore.Server.Kestrel.Http2|Connection id "0HN2A3B4OMGN6" sending SETTINGS frame for stream ID 0 with length 24 and flags NONE. 
2024-03-22 10:50:30.1850|TRACE|Microsoft.AspNetCore.Server.Kestrel.Http2|Connection id "0HN2A3B4OMGN6" sending WINDOW_UPDATE frame for stream ID 0 with length 4 and flags 0x0. 
2024-03-22 10:50:30.1850|TRACE|Microsoft.AspNetCore.Server.Kestrel.Http2|Connection id "0HN2A3B4OMGN6" received SETTINGS frame for stream ID 0 with length 24 and flags NONE. 
2024-03-22 10:50:30.1850|TRACE|Microsoft.AspNetCore.Server.Kestrel.Http2|Connection id "0HN2A3B4OMGN6" sending SETTINGS frame for stream ID 0 with length 0 and flags ACK. 
2024-03-22 10:50:30.1850|TRACE|Microsoft.AspNetCore.Server.Kestrel.Http2|Connection id "0HN2A3B4OMGN6" received WINDOW_UPDATE frame for stream ID 0 with length 4 and flags 0x0. 
2024-03-22 10:50:30.1850|TRACE|Microsoft.AspNetCore.Server.Kestrel.Http2|Connection id "0HN2A3B4OMGN6" received HEADERS frame for stream ID 1 with length 463 and flags END_STREAM, END_HEADERS, PRIORITY. 
2024-03-22 10:50:31.1670|TRACE|Microsoft.AspNetCore.Server.Kestrel.Http2|Connection id "0HN2A3B4OMGN6" received SETTINGS frame for stream ID 0 with length 0 and flags ACK. 
2024-03-22 10:50:31.1670|INFO|Microsoft.AspNetCore.Hosting.Diagnostics|Request starting HTTP/2 GET https://localhost:7290/swagger/index.html - - - 
2024-03-22 10:50:31.2972|DEBUG|Microsoft.EntityFrameworkCore.Infrastructure|An additional 'IServiceProvider' was created for internal use by Entity Framework. An existing service provider was not used due to the following configuration changes: configuration changed for 'Core:ConfigureWarnings', configuration added for 'Pomelo.EntityFrameworkCore.MySql:ServerVersion', configuration added for 'Pomelo.EntityFrameworkCore.MySql:DisableBackslashEscaping', configuration added for 'Pomelo.EntityFrameworkCore.MySql:SetSqlModeOnOpen', configuration added for 'Pomelo.EntityFrameworkCore.MySql:DisableLineBreakToCharSubstition', configuration added for 'Pomelo.EntityFrameworkCore.MySql:DefaultDataTypeMappings', configuration added for 'Pomelo.EntityFrameworkCore.MySql:SchemaBehavior', configuration added for 'Pomelo.EntityFrameworkCore.MySql:SchemaNameTranslator', configuration added for 'Pomelo.EntityFrameworkCore.MySql:EnableIndexOptimizedBooleanColumns', configuration added for 'Pomelo.EntityFrameworkCore.MySql:LimitKeyedOrIndexedStringColumnLength', configuration added for 'Pomelo.EntityFrameworkCore.MySql:EnableStringComparisonTranslations', configuration added for 'Pomelo.EntityFrameworkCore.MySql:EnablePrimitiveCollectionsSupport'. 
2024-03-22 10:50:31.3213|TRACE|Microsoft.AspNetCore.HostFiltering.HostFilteringMiddleware|All hosts are allowed. 
2024-03-22 10:50:31.3213|DEBUG|Microsoft.AspNetCore.Routing.Matching.DfaMatcher|No candidates found for the request path '/swagger/index.html' 
2024-03-22 10:50:31.3213|DEBUG|Microsoft.AspNetCore.Routing.EndpointRoutingMiddleware|Request did not match any endpoints 
2024-03-22 10:50:31.3908|DEBUG|Microsoft.AspNetCore.Watch.BrowserRefresh.BrowserRefreshMiddleware|Response markup is scheduled to include browser refresh script injection. 
2024-03-22 10:50:31.3944|TRACE|Microsoft.AspNetCore.Server.Kestrel.Http2|Connection id "0HN2A3B4OMGN6" sending HEADERS frame for stream ID 1 with length 66 and flags END_HEADERS. 
2024-03-22 10:50:31.3944|TRACE|Microsoft.AspNetCore.Server.Kestrel.Http2|Connection id "0HN2A3B4OMGN6" sending DATA frame for stream ID 1 with length 4096 and flags NONE. 
2024-03-22 10:50:31.3944|TRACE|Microsoft.AspNetCore.Server.Kestrel.Http2|Connection id "0HN2A3B4OMGN6" sending DATA frame for stream ID 1 with length 992 and flags NONE. 
2024-03-22 10:50:31.3944|TRACE|Microsoft.AspNetCore.Server.Kestrel.Http2|Connection id "0HN2A3B4OMGN6" sending DATA frame for stream ID 1 with length 81 and flags NONE. 
2024-03-22 10:50:31.4165|DEBUG|Microsoft.AspNetCore.Watch.BrowserRefresh.BrowserRefreshMiddleware|Response markup was updated to include browser refresh script injection. 
2024-03-22 10:50:31.4165|TRACE|Microsoft.AspNetCore.Server.Kestrel.Http2|Connection id "0HN2A3B4OMGN6" sending DATA frame for stream ID 1 with length 0 and flags END_STREAM. 
2024-03-22 10:50:31.4165|INFO|Microsoft.AspNetCore.Hosting.Diagnostics|Request finished HTTP/2 GET https://localhost:7290/swagger/index.html - 200 - text/html;charset=utf-8 252.5490ms 
2024-03-22 10:50:31.5413|TRACE|Microsoft.AspNetCore.Server.Kestrel.Http2|Connection id "0HN2A3B4OMGN6" received HEADERS frame for stream ID 3 with length 109 and flags END_STREAM, END_HEADERS, PRIORITY. 
2024-03-22 10:50:31.5413|TRACE|Microsoft.AspNetCore.Server.Kestrel.Http2|Connection id "0HN2A3B4OMGN6" received HEADERS frame for stream ID 5 with length 57 and flags END_STREAM, END_HEADERS, PRIORITY. 
2024-03-22 10:50:31.5413|INFO|Microsoft.AspNetCore.Hosting.Diagnostics|Request starting HTTP/2 GET https://localhost:7290/_framework/aspnetcore-browser-refresh.js - - - 
2024-03-22 10:50:31.5413|INFO|Microsoft.AspNetCore.Hosting.Diagnostics|Request starting HTTP/2 GET https://localhost:7290/_vs/browserLink - - - 
2024-03-22 10:50:31.5413|TRACE|Microsoft.AspNetCore.Server.Kestrel.Http2|Connection id "0HN2A3B4OMGN6" sending HEADERS frame for stream ID 3 with length 60 and flags END_HEADERS. 
2024-03-22 10:50:31.5413|TRACE|Microsoft.AspNetCore.Server.Kestrel.Http2|Connection id "0HN2A3B4OMGN6" sending DATA frame for stream ID 3 with length 13761 and flags NONE. 
2024-03-22 10:50:31.5413|TRACE|Microsoft.AspNetCore.Server.Kestrel.Http2|Connection id "0HN2A3B4OMGN6" sending DATA frame for stream ID 3 with length 0 and flags END_STREAM. 
2024-03-22 10:50:31.5413|INFO|Microsoft.AspNetCore.Hosting.Diagnostics|Request finished HTTP/2 GET https://localhost:7290/_framework/aspnetcore-browser-refresh.js - 200 13761 application/javascript;+charset=utf-8 7.5904ms 
2024-03-22 10:50:31.5838|TRACE|Microsoft.AspNetCore.Server.Kestrel.Http2|Connection id "0HN2A3B4OMGN6" sending HEADERS frame for stream ID 5 with length 119 and flags END_HEADERS. 
2024-03-22 10:50:31.5838|TRACE|Microsoft.AspNetCore.Server.Kestrel.Http2|Connection id "0HN2A3B4OMGN6" sending DATA frame for stream ID 5 with length 9986 and flags NONE. 
2024-03-22 10:50:31.5838|TRACE|Microsoft.AspNetCore.Server.Kestrel.Http2|Connection id "0HN2A3B4OMGN6" sending DATA frame for stream ID 5 with length 10240 and flags NONE. 
2024-03-22 10:50:31.5838|TRACE|Microsoft.AspNetCore.Server.Kestrel.Http2|Connection id "0HN2A3B4OMGN6" sending DATA frame for stream ID 5 with length 10240 and flags NONE. 
2024-03-22 10:50:31.5838|TRACE|Microsoft.AspNetCore.Server.Kestrel.Http2|Connection id "0HN2A3B4OMGN6" sending DATA frame for stream ID 5 with length 10240 and flags NONE. 
2024-03-22 10:50:31.5838|TRACE|Microsoft.AspNetCore.Server.Kestrel.Http2|Connection id "0HN2A3B4OMGN6" sending DATA frame for stream ID 5 with length 10240 and flags NONE. 
2024-03-22 10:50:31.5838|TRACE|Microsoft.AspNetCore.Server.Kestrel.Http2|Connection id "0HN2A3B4OMGN6" sending DATA frame for stream ID 5 with length 10240 and flags NONE. 
2024-03-22 10:50:31.5838|TRACE|Microsoft.AspNetCore.Server.Kestrel.Http2|Connection id "0HN2A3B4OMGN6" sending DATA frame for stream ID 5 with length 10240 and flags NONE. 
2024-03-22 10:50:31.5838|TRACE|Microsoft.AspNetCore.Server.Kestrel.Http2|Connection id "0HN2A3B4OMGN6" sending DATA frame for stream ID 5 with length 10240 and flags NONE. 
2024-03-22 10:50:31.5838|TRACE|Microsoft.AspNetCore.Server.Kestrel.Http2|Connection id "0HN2A3B4OMGN6" sending DATA frame for stream ID 5 with length 10240 and flags NONE. 
2024-03-22 10:50:31.5984|TRACE|Microsoft.AspNetCore.Server.Kestrel.Http2|Connection id "0HN2A3B4OMGN6" sending DATA frame for stream ID 5 with length 10240 and flags NONE. 
2024-03-22 10:50:31.5984|TRACE|Microsoft.AspNetCore.Server.Kestrel.Http2|Connection id "0HN2A3B4OMGN6" sending DATA frame for stream ID 5 with length 10240 and flags NONE. 
2024-03-22 10:50:31.5984|TRACE|Microsoft.AspNetCore.Server.Kestrel.Http2|Connection id "0HN2A3B4OMGN6" sending DATA frame for stream ID 5 with length 10240 and flags NONE. 
2024-03-22 10:50:31.5984|TRACE|Microsoft.AspNetCore.Server.Kestrel.Http2|Connection id "0HN2A3B4OMGN6" sending DATA frame for stream ID 5 with length 10240 and flags NONE. 
2024-03-22 10:50:31.5984|TRACE|Microsoft.AspNetCore.Server.Kestrel.Http2|Connection id "0HN2A3B4OMGN6" sending DATA frame for stream ID 5 with length 10240 and flags NONE. 
2024-03-22 10:50:31.5984|TRACE|Microsoft.AspNetCore.Server.Kestrel.Http2|Connection id "0HN2A3B4OMGN6" sending DATA frame for stream ID 5 with length 10240 and flags NONE. 
2024-03-22 10:50:31.5984|TRACE|Microsoft.AspNetCore.Server.Kestrel.Http2|Connection id "0HN2A3B4OMGN6" sending DATA frame for stream ID 5 with length 160 and flags NONE. 
2024-03-22 10:50:31.5984|TRACE|Microsoft.AspNetCore.Server.Kestrel.Http2|Connection id "0HN2A3B4OMGN6" sending DATA frame for stream ID 5 with length 0 and flags END_STREAM. 
2024-03-22 10:50:31.5984|INFO|Microsoft.AspNetCore.Hosting.Diagnostics|Request finished HTTP/2 GET https://localhost:7290/_vs/browserLink - 200 - text/javascript;+charset=UTF-8 63.0005ms 
2024-03-22 10:50:32.5856|TRACE|Microsoft.AspNetCore.Server.Kestrel.Http2|Connection id "0HN2A3B4OMGN6" received HEADERS frame for stream ID 7 with length 66 and flags END_STREAM, END_HEADERS, PRIORITY. 
2024-03-22 10:50:33.0361|INFO|Microsoft.AspNetCore.Hosting.Diagnostics|Request starting HTTP/2 GET https://localhost:7290/swagger/v1/swagger.json - - - 
2024-03-22 10:50:33.0361|TRACE|Microsoft.AspNetCore.HostFiltering.HostFilteringMiddleware|All hosts are allowed. 
2024-03-22 10:50:33.0361|DEBUG|Microsoft.AspNetCore.Routing.Matching.DfaMatcher|No candidates found for the request path '/swagger/v1/swagger.json' 
2024-03-22 10:50:33.4919|DEBUG|Microsoft.AspNetCore.Routing.EndpointRoutingMiddleware|Request did not match any endpoints 
2024-03-22 10:50:33.9873|DEBUG|Microsoft.EntityFrameworkCore.Model|The index {'UserId'} was not created on entity type 'UserRoles' as the properties are already covered by the index {'UserId', 'RoleId'}. 
2024-03-22 10:50:34.0612|TRACE|Microsoft.AspNetCore.Server.Kestrel.Http2|Connection id "0HN2A3B4OMGN6" sending HEADERS frame for stream ID 7 with length 65 and flags END_HEADERS. 
2024-03-22 10:50:34.0612|TRACE|Microsoft.AspNetCore.Server.Kestrel.Http2|Connection id "0HN2A3B4OMGN6" sending DATA frame for stream ID 7 with length 16384 and flags NONE. 
2024-03-22 10:50:34.0612|TRACE|Microsoft.AspNetCore.Server.Kestrel.Http2|Connection id "0HN2A3B4OMGN6" sending DATA frame for stream ID 7 with length 16384 and flags NONE. 
2024-03-22 10:50:34.0612|TRACE|Microsoft.AspNetCore.Server.Kestrel.Http2|Connection id "0HN2A3B4OMGN6" sending DATA frame for stream ID 7 with length 16384 and flags NONE. 
2024-03-22 10:50:34.0612|TRACE|Microsoft.AspNetCore.Server.Kestrel.Http2|Connection id "0HN2A3B4OMGN6" sending DATA frame for stream ID 7 with length 9384 and flags NONE. 
2024-03-22 10:50:34.0612|TRACE|Microsoft.AspNetCore.Server.Kestrel.Http2|Connection id "0HN2A3B4OMGN6" sending DATA frame for stream ID 7 with length 0 and flags END_STREAM. 
2024-03-22 10:50:34.0612|INFO|Microsoft.AspNetCore.Hosting.Diagnostics|Request finished HTTP/2 GET https://localhost:7290/swagger/v1/swagger.json - 200 - application/json;charset=utf-8 1029.7195ms 
2024-03-22 10:50:34.0681|TRACE|Microsoft.AspNetCore.Server.Kestrel.Http2|Connection id "0HN2A3B4OMGN6" received WINDOW_UPDATE frame for stream ID 0 with length 4 and flags 0x0. 
2024-03-22 10:50:34.1078|WARN|Microsoft.EntityFrameworkCore.Model.Validation|Entity 'Users' has a global query filter defined and is the required end of a relationship with the entity 'UserAccessFail'. This may lead to unexpected results when the required entity is filtered out. Either configure the navigation as optional, or define matching query filters for both entities in the navigation. See https://go.microsoft.com/fwlink/?linkid=2131316 for more information. 
2024-03-22 10:50:34.1197|WARN|Microsoft.EntityFrameworkCore.Model.Validation|Entity 'Roles' has a global query filter defined and is the required end of a relationship with the entity 'UserRoles'. This may lead to unexpected results when the required entity is filtered out. Either configure the navigation as optional, or define matching query filters for both entities in the navigation. See https://go.microsoft.com/fwlink/?linkid=2131316 for more information. 
2024-03-22 10:50:34.3628|DEBUG|Microsoft.EntityFrameworkCore.Infrastructure|Entity Framework Core 8.0.1 initialized 'UserDbContext' using provider 'Pomelo.EntityFrameworkCore.MySql:8.0.1' with options: ServerVersion=8.0.23-mysql  
2024-03-22 10:50:34.9158|DEBUG|Microsoft.AspNetCore.Mvc.Infrastructure.ControllerActionInvoker|Executed controller factory for controller LitZhu.WebApi.Controllers.User.AuthController (LitZhu.WebApi) 
2024-03-22 10:50:34.9158|DEBUG|Microsoft.AspNetCore.Mvc.ModelBinding.ParameterBinder|Attempting to bind parameter 'req' of type 'LitZhu.WebApi.Controllers.User.VerifyLoginUsernamePasswordRequest' ... 
2024-03-22 10:50:34.9158|DEBUG|Microsoft.AspNetCore.Mvc.ModelBinding.Binders.BodyModelBinder|Attempting to bind parameter 'req' of type 'LitZhu.WebApi.Controllers.User.VerifyLoginUsernamePasswordRequest' using the name '' in request data ... 
2024-03-22 10:50:34.9158|DEBUG|Microsoft.AspNetCore.Mvc.ModelBinding.Binders.BodyModelBinder|Rejected input formatter 'Microsoft.AspNetCore.Mvc.Formatters.NewtonsoftJsonPatchInputFormatter' for content type 'application/json'. 
2024-03-22 10:50:34.9158|DEBUG|Microsoft.AspNetCore.Mvc.ModelBinding.Binders.BodyModelBinder|Selected input formatter 'Microsoft.AspNetCore.Mvc.Formatters.NewtonsoftJsonInputFormatter' for content type 'application/json'. 
2024-03-22 10:50:34.9301|DEBUG|Microsoft.AspNetCore.Server.Kestrel|Connection id "0HN2A3B4OMGN2", Request id "0HN2A3B4OMGN2:00000001": started reading request body. 
2024-03-22 10:50:34.9301|DEBUG|Microsoft.AspNetCore.Server.Kestrel|Connection id "0HN2A3B4OMGN2", Request id "0HN2A3B4OMGN2:00000001": done reading request body. 
2024-03-22 10:50:35.0314|DEBUG|Microsoft.AspNetCore.Mvc.ModelBinding.Binders.BodyModelBinder|Done attempting to bind parameter 'req' of type 'LitZhu.WebApi.Controllers.User.VerifyLoginUsernamePasswordRequest'. 
2024-03-22 10:50:35.0314|DEBUG|Microsoft.AspNetCore.Mvc.ModelBinding.ParameterBinder|Done attempting to bind parameter 'req' of type 'LitZhu.WebApi.Controllers.User.VerifyLoginUsernamePasswordRequest'. 
2024-03-22 10:50:35.0314|DEBUG|Microsoft.AspNetCore.Mvc.ModelBinding.ParameterBinder|Attempting to validate the bound parameter 'req' of type 'LitZhu.WebApi.Controllers.User.VerifyLoginUsernamePasswordRequest' ... 
2024-03-22 10:50:35.0453|DEBUG|Microsoft.AspNetCore.Mvc.ModelBinding.ParameterBinder|Done attempting to validate the bound parameter 'req' of type 'LitZhu.WebApi.Controllers.User.VerifyLoginUsernamePasswordRequest'. 
2024-03-22 10:50:35.0453|TRACE|Microsoft.AspNetCore.Mvc.Infrastructure.ControllerActionInvoker|Action Filter: Before executing OnActionExecuting on filter Microsoft.AspNetCore.Mvc.ModelBinding.UnsupportedContentTypeFilter. 
2024-03-22 10:50:35.0453|TRACE|Microsoft.AspNetCore.Mvc.Infrastructure.ControllerActionInvoker|Action Filter: After executing OnActionExecuting on filter Microsoft.AspNetCore.Mvc.ModelBinding.UnsupportedContentTypeFilter. 
2024-03-22 10:50:35.0453|TRACE|Microsoft.AspNetCore.Mvc.Infrastructure.ControllerActionInvoker|Action Filter: Before executing OnActionExecuting on filter Microsoft.AspNetCore.Mvc.Infrastructure.ModelStateInvalidFilter. 
2024-03-22 10:50:35.0453|TRACE|Microsoft.AspNetCore.Mvc.Infrastructure.ControllerActionInvoker|Action Filter: After executing OnActionExecuting on filter Microsoft.AspNetCore.Mvc.Infrastructure.ModelStateInvalidFilter. 
2024-03-22 10:50:35.0554|INFO|Microsoft.AspNetCore.Mvc.Infrastructure.ControllerActionInvoker|Executing action method LitZhu.WebApi.Controllers.User.AuthController.VerifyLoginUsernamePassword (LitZhu.WebApi) - Validation state: Valid 
2024-03-22 10:50:35.0554|TRACE|Microsoft.AspNetCore.Mvc.Infrastructure.ControllerActionInvoker|Executing action method LitZhu.WebApi.Controllers.User.AuthController.VerifyLoginUsernamePassword (LitZhu.WebApi) with arguments (VerifyLoginUsernamePasswordRequest { Username = LitZhuTest, Password = LitZhuTest }) 
2024-03-22 10:50:35.1221|DEBUG|Microsoft.EntityFrameworkCore.Query|Compiling query expression: 
'DbSet<Users>()
    .Include(x => x.UserAccessFail)
    .Include(x => x.UserRoles)
    .ThenInclude(ur => ur.Roles)
    .FirstOrDefault(x => x.Username == __username_0)' 
2024-03-22 10:50:35.2479|DEBUG|Microsoft.EntityFrameworkCore.Query|Including navigation: 'Users.UserAccessFail'. 
2024-03-22 10:50:35.2479|DEBUG|Microsoft.EntityFrameworkCore.Query|Including navigation: 'Users.UserRoles'. 
2024-03-22 10:50:35.2589|DEBUG|Microsoft.EntityFrameworkCore.Query|Including navigation: 'UserRoles.Roles'. 
2024-03-22 10:50:35.6076|DEBUG|Microsoft.EntityFrameworkCore.Query|Generated query execution expression: 
'queryContext => ShapedQueryCompilingExpressionVisitor.SingleOrDefaultAsync<Users>(
    asyncEnumerable: new SingleQueryingEnumerable<Users>(
        (RelationalQueryContext)queryContext, 
        RelationalCommandCache.QueryExpression(
            Client Projections:
                0 -> Dictionary<IProperty, int> { [Property: Users.Id (Guid) Required PK AfterSave:Throw ValueGenerated.OnAdd, 0], [Property: Users.Avatar (string), 1], [Property: Users.CreationTime (DateTime) Required, 2], [Property: Users.DeletionTime (DateTime?), 3], [Property: Users.Email (string), 4], [Property: Users.Gender (Gender) Required, 5], [Property: Users.IsDeleted (bool) Required Index, 6], [Property: Users.LastModificationTime (DateTime?), 7], [Property: Users.Password (string) Required MaxLength(100) ANSI, 8], [Property: Users.Phone (string), 9], [Property: Users.Username (string) Required Index MaxLength(10), 10] }
                1 -> Dictionary<IProperty, int> { [Property: UserAccessFail.Id (Guid) Required PK AfterSave:Throw ValueGenerated.OnAdd, 11], [Property: UserAccessFail.AccessFailedCount (int) Required, 12], [Property: UserAccessFail.CreationTime (DateTime) Required, 13], [Property: UserAccessFail.IsLockOut (bool) Required, 14], [Property: UserAccessFail.LockOutEnd (DateTime?), 15], [Property: UserAccessFail.UserId (Guid) Required FK Index, 16] }
                2 -> 0
                3 -> 11
                4 -> Dictionary<IProperty, int> { [Property: UserRoles.UserId (Guid) Required PK FK AfterSave:Throw, 17], [Property: UserRoles.RoleId (Guid) Required PK FK Index AfterSave:Throw, 18] }
                5 -> Dictionary<IProperty, int> { [Property: Roles.Id (Guid) Required PK AfterSave:Throw ValueGenerated.OnAdd, 19], [Property: Roles.CreationTime (DateTime) Required, 20], [Property: Roles.DeletionTime (DateTime?), 21], [Property: Roles.IsDeleted (bool) Required Index, 22], [Property: Roles.LastModificationTime (DateTime?), 23], [Property: Roles.RoleDesc (string) Required, 24], [Property: Roles.RoleName (string) Required MaxLength(10), 25] }
                6 -> 17
                7 -> 18
                8 -> 19
            SELECT t.Id, t.Avatar, t.CreationTime, t.DeletionTime, t.Email, t.Gender, t.IsDeleted, t.LastModificationTime, t.Password, t.Phone, t.Username, t.Id0, t.AccessFailedCount, t.CreationTime0, t.IsLockOut, t.LockOutEnd, t.UserId, t0.UserId, t0.RoleId, t0.Id, t0.CreationTime, t0.DeletionTime, t0.IsDeleted, t0.LastModificationTime, t0.RoleDesc, t0.RoleName
            FROM 
            (
                SELECT TOP(1) u.Id, u.Avatar, u.CreationTime, u.DeletionTime, u.Email, u.Gender, u.IsDeleted, u.LastModificationTime, u.Password, u.Phone, u.Username, u0.Id AS Id0, u0.AccessFailedCount, u0.CreationTime AS CreationTime0, u0.IsLockOut, u0.LockOutEnd, u0.UserId
                FROM Users AS u
                LEFT JOIN UserAccessFails AS u0 ON u.Id == u0.UserId
                WHERE (u.IsDeleted == FALSE) && (u.Username == @__username_0)
            ) AS t
            LEFT JOIN 
            (
                SELECT u1.UserId, u1.RoleId, t1.Id, t1.CreationTime, t1.DeletionTime, t1.IsDeleted, t1.LastModificationTime, t1.RoleDesc, t1.RoleName
                FROM Users_Roles AS u1
                INNER JOIN 
                (
                    SELECT r.Id, r.CreationTime, r.DeletionTime, r.IsDeleted, r.LastModificationTime, r.RoleDesc, r.RoleName
                    FROM Roles AS r
                    WHERE r.IsDeleted == FALSE
                ) AS t1 ON u1.RoleId == t1.Id
            ) AS t0 ON t.Id == t0.UserId
            ORDER BY t.Id ASC, t.Id0 ASC, t0.UserId ASC, t0.RoleId ASC), 
        null, 
        Func<QueryContext, DbDataReader, ResultContext, SingleQueryResultCoordinator, Users>, 
        User.Infrastructure.UserDbContext, 
        False, 
        False, 
        True
    ), 
    cancellationToken: queryContext.CancellationToken)' 
2024-03-22 10:50:35.6539|DEBUG|Microsoft.EntityFrameworkCore.Database.Connection|Creating DbConnection. 
2024-03-22 10:50:35.6539|DEBUG|Microsoft.EntityFrameworkCore.Database.Connection|Created DbConnection. (6ms). 
2024-03-22 10:50:35.6709|DEBUG|Microsoft.EntityFrameworkCore.Database.Connection|Opening connection to database 'LitZhu' on server 'localhost'. 
2024-03-22 10:50:35.8595|DEBUG|Microsoft.EntityFrameworkCore.Database.Connection|Opened connection to database 'LitZhu' on server 'localhost'. 
2024-03-22 10:50:35.8595|DEBUG|Microsoft.EntityFrameworkCore.Database.Command|Creating DbCommand for 'ExecuteReader'. 
2024-03-22 10:50:35.8745|DEBUG|Microsoft.EntityFrameworkCore.Database.Command|Created DbCommand for 'ExecuteReader' (4ms). 
2024-03-22 10:50:35.8962|DEBUG|Microsoft.EntityFrameworkCore.Database.Command|Initialized DbCommand for 'ExecuteReader' (31ms). 
2024-03-22 10:50:35.9035|DEBUG|Microsoft.EntityFrameworkCore.Database.Command|Executing DbCommand [Parameters=[@__username_0='?' (Size = 10)], CommandType='Text', CommandTimeout='30']
SELECT `t`.`Id`, `t`.`Avatar`, `t`.`CreationTime`, `t`.`DeletionTime`, `t`.`Email`, `t`.`Gender`, `t`.`IsDeleted`, `t`.`LastModificationTime`, `t`.`Password`, `t`.`Phone`, `t`.`Username`, `t`.`Id0`, `t`.`AccessFailedCount`, `t`.`CreationTime0`, `t`.`IsLockOut`, `t`.`LockOutEnd`, `t`.`UserId`, `t0`.`UserId`, `t0`.`RoleId`, `t0`.`Id`, `t0`.`CreationTime`, `t0`.`DeletionTime`, `t0`.`IsDeleted`, `t0`.`LastModificationTime`, `t0`.`RoleDesc`, `t0`.`RoleName`
FROM (
    SELECT `u`.`Id`, `u`.`Avatar`, `u`.`CreationTime`, `u`.`DeletionTime`, `u`.`Email`, `u`.`Gender`, `u`.`IsDeleted`, `u`.`LastModificationTime`, `u`.`Password`, `u`.`Phone`, `u`.`Username`, `u0`.`Id` AS `Id0`, `u0`.`AccessFailedCount`, `u0`.`CreationTime` AS `CreationTime0`, `u0`.`IsLockOut`, `u0`.`LockOutEnd`, `u0`.`UserId`
    FROM `Users` AS `u`
    LEFT JOIN `UserAccessFails` AS `u0` ON `u`.`Id` = `u0`.`UserId`
    WHERE NOT (`u`.`IsDeleted`) AND (`u`.`Username` = @__username_0)
    LIMIT 1
) AS `t`
LEFT JOIN (
    SELECT `u1`.`UserId`, `u1`.`RoleId`, `t1`.`Id`, `t1`.`CreationTime`, `t1`.`DeletionTime`, `t1`.`IsDeleted`, `t1`.`LastModificationTime`, `t1`.`RoleDesc`, `t1`.`RoleName`
    FROM `Users_Roles` AS `u1`
    INNER JOIN (
        SELECT `r`.`Id`, `r`.`CreationTime`, `r`.`DeletionTime`, `r`.`IsDeleted`, `r`.`LastModificationTime`, `r`.`RoleDesc`, `r`.`RoleName`
        FROM `Roles` AS `r`
        WHERE NOT (`r`.`IsDeleted`)
    ) AS `t1` ON `u1`.`RoleId` = `t1`.`Id`
) AS `t0` ON `t`.`Id` = `t0`.`UserId`
ORDER BY `t`.`Id`, `t`.`Id0`, `t0`.`UserId`, `t0`.`RoleId` 
2024-03-22 10:50:35.9920|INFO|Microsoft.EntityFrameworkCore.Database.Command|Executed DbCommand (90ms) [Parameters=[@__username_0='?' (Size = 10)], CommandType='Text', CommandTimeout='30']
SELECT `t`.`Id`, `t`.`Avatar`, `t`.`CreationTime`, `t`.`DeletionTime`, `t`.`Email`, `t`.`Gender`, `t`.`IsDeleted`, `t`.`LastModificationTime`, `t`.`Password`, `t`.`Phone`, `t`.`Username`, `t`.`Id0`, `t`.`AccessFailedCount`, `t`.`CreationTime0`, `t`.`IsLockOut`, `t`.`LockOutEnd`, `t`.`UserId`, `t0`.`UserId`, `t0`.`RoleId`, `t0`.`Id`, `t0`.`CreationTime`, `t0`.`DeletionTime`, `t0`.`IsDeleted`, `t0`.`LastModificationTime`, `t0`.`RoleDesc`, `t0`.`RoleName`
FROM (
    SELECT `u`.`Id`, `u`.`Avatar`, `u`.`CreationTime`, `u`.`DeletionTime`, `u`.`Email`, `u`.`Gender`, `u`.`IsDeleted`, `u`.`LastModificationTime`, `u`.`Password`, `u`.`Phone`, `u`.`Username`, `u0`.`Id` AS `Id0`, `u0`.`AccessFailedCount`, `u0`.`CreationTime` AS `CreationTime0`, `u0`.`IsLockOut`, `u0`.`LockOutEnd`, `u0`.`UserId`
    FROM `Users` AS `u`
    LEFT JOIN `UserAccessFails` AS `u0` ON `u`.`Id` = `u0`.`UserId`
    WHERE NOT (`u`.`IsDeleted`) AND (`u`.`Username` = @__username_0)
    LIMIT 1
) AS `t`
LEFT JOIN (
    SELECT `u1`.`UserId`, `u1`.`RoleId`, `t1`.`Id`, `t1`.`CreationTime`, `t1`.`DeletionTime`, `t1`.`IsDeleted`, `t1`.`LastModificationTime`, `t1`.`RoleDesc`, `t1`.`RoleName`
    FROM `Users_Roles` AS `u1`
    INNER JOIN (
        SELECT `r`.`Id`, `r`.`CreationTime`, `r`.`DeletionTime`, `r`.`IsDeleted`, `r`.`LastModificationTime`, `r`.`RoleDesc`, `r`.`RoleName`
        FROM `Roles` AS `r`
        WHERE NOT (`r`.`IsDeleted`)
    ) AS `t1` ON `u1`.`RoleId` = `t1`.`Id`
) AS `t0` ON `t`.`Id` = `t0`.`UserId`
ORDER BY `t`.`Id`, `t`.`Id0`, `t0`.`UserId`, `t0`.`RoleId` 
2024-03-22 10:50:36.0415|DEBUG|Microsoft.EntityFrameworkCore.ChangeTracking|Context 'UserDbContext' started tracking 'Users' entity. Consider using 'DbContextOptionsBuilder.EnableSensitiveDataLogging' to see key values. 
2024-03-22 10:50:36.0939|DEBUG|Microsoft.EntityFrameworkCore.ChangeTracking|The navigation 'Users.UserAccessFail' was detected as changed. Consider using 'DbContextOptionsBuilder.EnableSensitiveDataLogging' to see key values. 
2024-03-22 10:50:36.0939|DEBUG|Microsoft.EntityFrameworkCore.ChangeTracking|Context 'UserDbContext' started tracking 'UserAccessFail' entity. Consider using 'DbContextOptionsBuilder.EnableSensitiveDataLogging' to see key values. 
2024-03-22 10:50:36.1179|DEBUG|Microsoft.EntityFrameworkCore.Database.Command|Closing data reader to 'LitZhu' on server 'localhost'. 
2024-03-22 10:50:36.1179|DEBUG|Microsoft.EntityFrameworkCore.Database.Command|A data reader for 'LitZhu' on server 'localhost' is being disposed after spending 130ms reading results. 
2024-03-22 10:50:36.1319|DEBUG|Microsoft.EntityFrameworkCore.Database.Connection|Closing connection to database 'LitZhu' on server 'localhost'. 
2024-03-22 10:50:36.1319|DEBUG|Microsoft.EntityFrameworkCore.Database.Connection|Closed connection to database 'LitZhu' on server 'localhost' (5ms). 
2024-03-22 10:50:36.2033|DEBUG|Microsoft.EntityFrameworkCore.Database.Connection|Opening connection to database 'LitZhu' on server 'localhost'. 
2024-03-22 10:50:36.2140|DEBUG|Microsoft.EntityFrameworkCore.Database.Connection|Opened connection to database 'LitZhu' on server 'localhost'. 
2024-03-22 10:50:36.2140|DEBUG|Microsoft.EntityFrameworkCore.Database.Command|Creating DbCommand for 'ExecuteReader'. 
2024-03-22 10:50:36.2140|DEBUG|Microsoft.EntityFrameworkCore.Database.Command|Created DbCommand for 'ExecuteReader' (0ms). 
2024-03-22 10:50:36.2140|DEBUG|Microsoft.EntityFrameworkCore.Database.Command|Initialized DbCommand for 'ExecuteReader' (0ms). 
2024-03-22 10:50:36.2140|DEBUG|Microsoft.EntityFrameworkCore.Database.Command|Executing DbCommand [Parameters=[@__username_0='?' (Size = 10)], CommandType='Text', CommandTimeout='30']
SELECT `t`.`Id`, `t`.`Avatar`, `t`.`CreationTime`, `t`.`DeletionTime`, `t`.`Email`, `t`.`Gender`, `t`.`IsDeleted`, `t`.`LastModificationTime`, `t`.`Password`, `t`.`Phone`, `t`.`Username`, `t`.`Id0`, `t`.`AccessFailedCount`, `t`.`CreationTime0`, `t`.`IsLockOut`, `t`.`LockOutEnd`, `t`.`UserId`, `t0`.`UserId`, `t0`.`RoleId`, `t0`.`Id`, `t0`.`CreationTime`, `t0`.`DeletionTime`, `t0`.`IsDeleted`, `t0`.`LastModificationTime`, `t0`.`RoleDesc`, `t0`.`RoleName`
FROM (
    SELECT `u`.`Id`, `u`.`Avatar`, `u`.`CreationTime`, `u`.`DeletionTime`, `u`.`Email`, `u`.`Gender`, `u`.`IsDeleted`, `u`.`LastModificationTime`, `u`.`Password`, `u`.`Phone`, `u`.`Username`, `u0`.`Id` AS `Id0`, `u0`.`AccessFailedCount`, `u0`.`CreationTime` AS `CreationTime0`, `u0`.`IsLockOut`, `u0`.`LockOutEnd`, `u0`.`UserId`
    FROM `Users` AS `u`
    LEFT JOIN `UserAccessFails` AS `u0` ON `u`.`Id` = `u0`.`UserId`
    WHERE NOT (`u`.`IsDeleted`) AND (`u`.`Username` = @__username_0)
    LIMIT 1
) AS `t`
LEFT JOIN (
    SELECT `u1`.`UserId`, `u1`.`RoleId`, `t1`.`Id`, `t1`.`CreationTime`, `t1`.`DeletionTime`, `t1`.`IsDeleted`, `t1`.`LastModificationTime`, `t1`.`RoleDesc`, `t1`.`RoleName`
    FROM `Users_Roles` AS `u1`
    INNER JOIN (
        SELECT `r`.`Id`, `r`.`CreationTime`, `r`.`DeletionTime`, `r`.`IsDeleted`, `r`.`LastModificationTime`, `r`.`RoleDesc`, `r`.`RoleName`
        FROM `Roles` AS `r`
        WHERE NOT (`r`.`IsDeleted`)
    ) AS `t1` ON `u1`.`RoleId` = `t1`.`Id`
) AS `t0` ON `t`.`Id` = `t0`.`UserId`
ORDER BY `t`.`Id`, `t`.`Id0`, `t0`.`UserId`, `t0`.`RoleId` 
2024-03-22 10:50:36.2140|INFO|Microsoft.EntityFrameworkCore.Database.Command|Executed DbCommand (2ms) [Parameters=[@__username_0='?' (Size = 10)], CommandType='Text', CommandTimeout='30']
SELECT `t`.`Id`, `t`.`Avatar`, `t`.`CreationTime`, `t`.`DeletionTime`, `t`.`Email`, `t`.`Gender`, `t`.`IsDeleted`, `t`.`LastModificationTime`, `t`.`Password`, `t`.`Phone`, `t`.`Username`, `t`.`Id0`, `t`.`AccessFailedCount`, `t`.`CreationTime0`, `t`.`IsLockOut`, `t`.`LockOutEnd`, `t`.`UserId`, `t0`.`UserId`, `t0`.`RoleId`, `t0`.`Id`, `t0`.`CreationTime`, `t0`.`DeletionTime`, `t0`.`IsDeleted`, `t0`.`LastModificationTime`, `t0`.`RoleDesc`, `t0`.`RoleName`
FROM (
    SELECT `u`.`Id`, `u`.`Avatar`, `u`.`CreationTime`, `u`.`DeletionTime`, `u`.`Email`, `u`.`Gender`, `u`.`IsDeleted`, `u`.`LastModificationTime`, `u`.`Password`, `u`.`Phone`, `u`.`Username`, `u0`.`Id` AS `Id0`, `u0`.`AccessFailedCount`, `u0`.`CreationTime` AS `CreationTime0`, `u0`.`IsLockOut`, `u0`.`LockOutEnd`, `u0`.`UserId`
    FROM `Users` AS `u`
    LEFT JOIN `UserAccessFails` AS `u0` ON `u`.`Id` = `u0`.`UserId`
    WHERE NOT (`u`.`IsDeleted`) AND (`u`.`Username` = @__username_0)
    LIMIT 1
) AS `t`
LEFT JOIN (
    SELECT `u1`.`UserId`, `u1`.`RoleId`, `t1`.`Id`, `t1`.`CreationTime`, `t1`.`DeletionTime`, `t1`.`IsDeleted`, `t1`.`LastModificationTime`, `t1`.`RoleDesc`, `t1`.`RoleName`
    FROM `Users_Roles` AS `u1`
    INNER JOIN (
        SELECT `r`.`Id`, `r`.`CreationTime`, `r`.`DeletionTime`, `r`.`IsDeleted`, `r`.`LastModificationTime`, `r`.`RoleDesc`, `r`.`RoleName`
        FROM `Roles` AS `r`
        WHERE NOT (`r`.`IsDeleted`)
    ) AS `t1` ON `u1`.`RoleId` = `t1`.`Id`
) AS `t0` ON `t`.`Id` = `t0`.`UserId`
ORDER BY `t`.`Id`, `t`.`Id0`, `t0`.`UserId`, `t0`.`RoleId` 
2024-03-22 10:50:36.2140|DEBUG|Microsoft.EntityFrameworkCore.Database.Command|Closing data reader to 'LitZhu' on server 'localhost'. 
2024-03-22 10:50:36.2140|DEBUG|Microsoft.EntityFrameworkCore.Database.Command|A data reader for 'LitZhu' on server 'localhost' is being disposed after spending 0ms reading results. 
2024-03-22 10:50:36.2140|DEBUG|Microsoft.EntityFrameworkCore.Database.Connection|Closing connection to database 'LitZhu' on server 'localhost'. 
2024-03-22 10:50:36.2140|DEBUG|Microsoft.EntityFrameworkCore.Database.Connection|Closed connection to database 'LitZhu' on server 'localhost' (0ms). 
2024-03-22 10:50:36.2418|DEBUG|Microsoft.EntityFrameworkCore.ChangeTracking|'UserDbContext' generated a temporary value for the property 'UserLoginHistory.Id'. Consider using 'DbContextOptionsBuilder.EnableSensitiveDataLogging' to see key values. 
2024-03-22 10:50:36.2630|DEBUG|Microsoft.EntityFrameworkCore.ChangeTracking|Context 'UserDbContext' started tracking 'UserLoginHistory' entity. Consider using 'DbContextOptionsBuilder.EnableSensitiveDataLogging' to see key values. 
2024-03-22 10:50:36.2630|DEBUG|Microsoft.EntityFrameworkCore.Update|SaveChanges starting for 'UserDbContext'. 
2024-03-22 10:50:36.2630|DEBUG|Microsoft.EntityFrameworkCore.ChangeTracking|DetectChanges starting for 'UserDbContext'. 
2024-03-22 10:50:36.3018|DEBUG|Microsoft.EntityFrameworkCore.ChangeTracking|DetectChanges completed for 'UserDbContext'. 
2024-03-22 10:50:36.3691|DEBUG|Microsoft.EntityFrameworkCore.Database.Connection|Opening connection to database 'LitZhu' on server 'localhost'. 
2024-03-22 10:50:36.3691|DEBUG|Microsoft.EntityFrameworkCore.Database.Connection|Opened connection to database 'LitZhu' on server 'localhost'. 
2024-03-22 10:50:36.3691|DEBUG|Microsoft.EntityFrameworkCore.Database.Transaction|Beginning transaction with isolation level 'Unspecified'. 
2024-03-22 10:50:36.3950|DEBUG|Microsoft.EntityFrameworkCore.Database.Transaction|Began transaction with isolation level 'Unspecified'. 
2024-03-22 10:50:36.3987|DEBUG|Microsoft.EntityFrameworkCore.Database.Command|Creating DbCommand for 'ExecuteReader'. 
2024-03-22 10:50:36.3987|DEBUG|Microsoft.EntityFrameworkCore.Database.Command|Created DbCommand for 'ExecuteReader' (0ms). 
2024-03-22 10:50:36.3987|DEBUG|Microsoft.EntityFrameworkCore.Database.Command|Initialized DbCommand for 'ExecuteReader' (0ms). 
2024-03-22 10:50:36.3987|DEBUG|Microsoft.EntityFrameworkCore.Database.Command|Executing DbCommand [Parameters=[@p0='?' (Size = 4000), @p1='?' (DbType = DateTime), @p2='?' (Size = 4000), @p3='?' (DbType = Guid), @p4='?' (Size = 4000)], CommandType='Text', CommandTimeout='30']
INSERT INTO `UserLoginHistories` (`Email`, `LoginTime`, `Message`, `UserId`, `Username`)
VALUES (@p0, @p1, @p2, @p3, @p4);
SELECT `Id`
FROM `UserLoginHistories`
WHERE ROW_COUNT() = 1 AND `Id` = LAST_INSERT_ID(); 
2024-03-22 10:50:36.3987|INFO|Microsoft.EntityFrameworkCore.Database.Command|Executed DbCommand (10ms) [Parameters=[@p0='?' (Size = 4000), @p1='?' (DbType = DateTime), @p2='?' (Size = 4000), @p3='?' (DbType = Guid), @p4='?' (Size = 4000)], CommandType='Text', CommandTimeout='30']
INSERT INTO `UserLoginHistories` (`Email`, `LoginTime`, `Message`, `UserId`, `Username`)
VALUES (@p0, @p1, @p2, @p3, @p4);
SELECT `Id`
FROM `UserLoginHistories`
WHERE ROW_COUNT() = 1 AND `Id` = LAST_INSERT_ID(); 
2024-03-22 10:50:36.4220|DEBUG|Microsoft.EntityFrameworkCore.ChangeTracking|The foreign key property 'UserLoginHistory.Id' was detected as changed. Consider using 'DbContextOptionsBuilder.EnableSensitiveDataLogging' to see property values. 
2024-03-22 10:50:36.4220|DEBUG|Microsoft.EntityFrameworkCore.Database.Command|Closing data reader to 'LitZhu' on server 'localhost'. 
2024-03-22 10:50:36.4220|DEBUG|Microsoft.EntityFrameworkCore.Database.Command|A data reader for 'LitZhu' on server 'localhost' is being disposed after spending 16ms reading results. 
2024-03-22 10:50:36.4303|DEBUG|Microsoft.EntityFrameworkCore.Database.Transaction|Committing transaction. 
2024-03-22 10:50:36.4303|DEBUG|Microsoft.EntityFrameworkCore.Database.Transaction|Committed transaction. 
2024-03-22 10:50:36.4303|DEBUG|Microsoft.EntityFrameworkCore.Database.Connection|Closing connection to database 'LitZhu' on server 'localhost'. 
2024-03-22 10:50:36.4303|DEBUG|Microsoft.EntityFrameworkCore.Database.Connection|Closed connection to database 'LitZhu' on server 'localhost' (0ms). 
2024-03-22 10:50:36.4459|DEBUG|Microsoft.EntityFrameworkCore.Database.Transaction|Disposing transaction. 
2024-03-22 10:50:36.4655|DEBUG|Microsoft.EntityFrameworkCore.ChangeTracking|An entity of type 'UserLoginHistory' tracked by 'UserDbContext' changed state from 'Added' to 'Unchanged'. Consider using 'DbContextOptionsBuilder.EnableSensitiveDataLogging' to see key values. 
2024-03-22 10:50:36.4655|DEBUG|Microsoft.EntityFrameworkCore.Update|SaveChanges completed for 'UserDbContext' with 1 entities written to the database. 
2024-03-22 10:50:36.4655|DEBUG|LitZhu.WebApi.Controllers.User.AuthController|进行登录 
2024-03-22 10:50:36.4869|INFO|Microsoft.AspNetCore.Mvc.Infrastructure.ControllerActionInvoker|Executed action method LitZhu.WebApi.Controllers.User.AuthController.VerifyLoginUsernamePassword (LitZhu.WebApi), returned result Microsoft.AspNetCore.Mvc.OkObjectResult in 1426.2667ms. 
2024-03-22 10:50:36.4869|TRACE|Microsoft.AspNetCore.Mvc.Infrastructure.ControllerActionInvoker|Action Filter: Before executing OnActionExecuted on filter Microsoft.AspNetCore.Mvc.Infrastructure.ModelStateInvalidFilter. 
2024-03-22 10:50:36.4869|TRACE|Microsoft.AspNetCore.Mvc.Infrastructure.ControllerActionInvoker|Action Filter: After executing OnActionExecuted on filter Microsoft.AspNetCore.Mvc.Infrastructure.ModelStateInvalidFilter. 
2024-03-22 10:50:36.4869|TRACE|Microsoft.AspNetCore.Mvc.Infrastructure.ControllerActionInvoker|Action Filter: Before executing OnActionExecuted on filter Microsoft.AspNetCore.Mvc.ModelBinding.UnsupportedContentTypeFilter. 
2024-03-22 10:50:36.4869|TRACE|Microsoft.AspNetCore.Mvc.Infrastructure.ControllerActionInvoker|Action Filter: After executing OnActionExecuted on filter Microsoft.AspNetCore.Mvc.ModelBinding.UnsupportedContentTypeFilter. 
2024-03-22 10:50:36.4869|TRACE|Microsoft.AspNetCore.Mvc.Infrastructure.ControllerActionInvoker|Result Filter: Before executing OnResultExecuting on filter Microsoft.AspNetCore.Mvc.Infrastructure.ClientErrorResultFilter. 
2024-03-22 10:50:36.4869|TRACE|Microsoft.AspNetCore.Mvc.Infrastructure.ControllerActionInvoker|Result Filter: After executing OnResultExecuting on filter Microsoft.AspNetCore.Mvc.Infrastructure.ClientErrorResultFilter. 
2024-03-22 10:50:36.4922|TRACE|Microsoft.AspNetCore.Mvc.Infrastructure.ControllerActionInvoker|Before executing action result Microsoft.AspNetCore.Mvc.OkObjectResult. 
2024-03-22 10:50:36.4922|DEBUG|Microsoft.AspNetCore.Mvc.Infrastructure.DefaultOutputFormatterSelector|List of registered output formatters, in the following order: Microsoft.AspNetCore.Mvc.Formatters.HttpNoContentOutputFormatter, Microsoft.AspNetCore.Mvc.Formatters.StringOutputFormatter, Microsoft.AspNetCore.Mvc.Formatters.StreamOutputFormatter, Microsoft.AspNetCore.Mvc.Formatters.NewtonsoftJsonOutputFormatter 
2024-03-22 10:50:36.4922|DEBUG|Microsoft.AspNetCore.Mvc.Infrastructure.DefaultOutputFormatterSelector|No information found on request to perform content negotiation. 
2024-03-22 10:50:36.4922|DEBUG|Microsoft.AspNetCore.Mvc.Infrastructure.DefaultOutputFormatterSelector|Attempting to select an output formatter without using a content type as no explicit content types were specified for the response. 
2024-03-22 10:50:36.4922|DEBUG|Microsoft.AspNetCore.Mvc.Infrastructure.DefaultOutputFormatterSelector|Attempting to select the first formatter in the output formatters list which can write the result. 
2024-03-22 10:50:36.4922|DEBUG|Microsoft.AspNetCore.Mvc.Infrastructure.DefaultOutputFormatterSelector|Selected output formatter 'Microsoft.AspNetCore.Mvc.Formatters.NewtonsoftJsonOutputFormatter' and content type 'application/json' to write the response. 
2024-03-22 10:50:36.4922|INFO|Microsoft.AspNetCore.Mvc.Infrastructure.ObjectResultExecutor|Executing OkObjectResult, writing value of type 'LitZhu.WebApi.R'. 
2024-03-22 10:50:36.5477|TRACE|Microsoft.AspNetCore.Mvc.Infrastructure.ControllerActionInvoker|After executing action result Microsoft.AspNetCore.Mvc.OkObjectResult. 
2024-03-22 10:50:36.5477|TRACE|Microsoft.AspNetCore.Mvc.Infrastructure.ControllerActionInvoker|Result Filter: Before executing OnResultExecuted on filter Microsoft.AspNetCore.Mvc.Infrastructure.ClientErrorResultFilter. 
2024-03-22 10:50:36.5477|TRACE|Microsoft.AspNetCore.Mvc.Infrastructure.ControllerActionInvoker|Result Filter: After executing OnResultExecuted on filter Microsoft.AspNetCore.Mvc.Infrastructure.ClientErrorResultFilter. 
2024-03-22 10:50:36.5519|DEBUG|Microsoft.AspNetCore.Server.Kestrel.Transport.Sockets|Connection id "0HN2A3B4OMGN2" received FIN. 
2024-03-22 10:50:36.5519|DEBUG|Microsoft.AspNetCore.Server.Kestrel.Transport.Sockets|Connection id "0HN2A3B4OMGN2" sending FIN because: "The Socket transport's send loop completed gracefully." 
2024-03-22 10:50:36.5519|DEBUG|Microsoft.AspNetCore.Server.Kestrel.Connections|Connection id "0HN2A3B4OMGN2" disconnecting. 
2024-03-22 10:50:36.5519|INFO|Microsoft.AspNetCore.Mvc.Infrastructure.ControllerActionInvoker|Executed action LitZhu.WebApi.Controllers.User.AuthController.VerifyLoginUsernamePassword (LitZhu.WebApi) in 24244.8442ms 
2024-03-22 10:50:36.5519|INFO|Microsoft.AspNetCore.Routing.EndpointMiddleware|Executed endpoint 'LitZhu.WebApi.Controllers.User.AuthController.VerifyLoginUsernamePassword (LitZhu.WebApi)' 
2024-03-22 10:50:36.5519|DEBUG|Microsoft.EntityFrameworkCore.Infrastructure|'UserDbContext' disposed. 
2024-03-22 10:50:36.5519|DEBUG|Microsoft.EntityFrameworkCore.Database.Connection|Disposing connection to database 'LitZhu' on server 'localhost'. 
2024-03-22 10:50:36.5707|DEBUG|Microsoft.EntityFrameworkCore.Database.Connection|Disposed connection to database 'LitZhu' on server 'localhost' (3ms). 
2024-03-22 10:50:36.5707|INFO|Microsoft.AspNetCore.Hosting.Diagnostics|Request finished HTTP/1.1 POST https://localhost:7290/api/Auth/Login - 200 521 application/json;+charset=utf-8 24405.2962ms 
2024-03-22 10:50:36.5707|DEBUG|Microsoft.AspNetCore.Server.Kestrel.Connections|Connection id "0HN2A3B4OMGN2" stopped. 
2024-03-22 10:55:35.5701|DEBUG|Microsoft.AspNetCore.Server.Kestrel.Connections|Connection id "0HN2A3B4OMGN7" accepted. 
2024-03-22 10:55:35.5701|DEBUG|Microsoft.AspNetCore.Server.Kestrel.Connections|Connection id "0HN2A3B4OMGN7" started. 
2024-03-22 10:55:35.5829|DEBUG|Microsoft.AspNetCore.Server.Kestrel.Https.Internal.HttpsConnectionMiddleware|Connection 0HN2A3B4OMGN7 established using the following protocol: Tls13 
2024-03-22 10:55:35.5829|INFO|Microsoft.AspNetCore.Hosting.Diagnostics|Request starting HTTP/1.1 POST https://localhost:7290/api/Auth/Login - application/json 61 
2024-03-22 10:55:35.5829|TRACE|Microsoft.AspNetCore.HostFiltering.HostFilteringMiddleware|All hosts are allowed. 
2024-03-22 10:55:35.5829|DEBUG|Microsoft.AspNetCore.Routing.Matching.DfaMatcher|1 candidate(s) found for the request path '/api/Auth/Login' 
2024-03-22 10:55:35.5829|DEBUG|Microsoft.AspNetCore.Routing.Matching.DfaMatcher|Endpoint 'LitZhu.WebApi.Controllers.User.AuthController.VerifyLoginUsernamePassword (LitZhu.WebApi)' with route pattern 'api/Auth/Login' is valid for the request path '/api/Auth/Login' 
2024-03-22 10:55:35.5829|DEBUG|Microsoft.AspNetCore.Routing.EndpointRoutingMiddleware|Request matched endpoint 'LitZhu.WebApi.Controllers.User.AuthController.VerifyLoginUsernamePassword (LitZhu.WebApi)' 
2024-03-22 10:55:35.5829|TRACE|Microsoft.AspNetCore.Routing.EndpointRoutingMiddleware|The endpoint does not specify the IRequestSizeLimitMetadata. 
2024-03-22 10:55:35.5829|DEBUG|Microsoft.AspNetCore.StaticFiles.StaticFileMiddleware|Static files was skipped as the request already matched an endpoint. 
2024-03-22 10:55:35.5829|DEBUG|Microsoft.AspNetCore.Authentication.JwtBearer.JwtBearerHandler|AuthenticationScheme: Bearer was not authenticated. 
2024-03-22 10:55:35.5829|INFO|Microsoft.AspNetCore.Routing.EndpointMiddleware|Executing endpoint 'LitZhu.WebApi.Controllers.User.AuthController.VerifyLoginUsernamePassword (LitZhu.WebApi)' 
2024-03-22 10:55:35.5829|INFO|Microsoft.AspNetCore.Mvc.Infrastructure.ControllerActionInvoker|Route matched with {action = "VerifyLoginUsernamePassword", controller = "Auth"}. Executing controller action with signature System.Threading.Tasks.Task`1[Microsoft.AspNetCore.Mvc.ActionResult`1[System.String]] VerifyLoginUsernamePassword(LitZhu.WebApi.Controllers.User.VerifyLoginUsernamePasswordRequest) on controller LitZhu.WebApi.Controllers.User.AuthController (LitZhu.WebApi). 
2024-03-22 10:55:35.5829|DEBUG|Microsoft.AspNetCore.Mvc.Infrastructure.ControllerActionInvoker|Execution plan of authorization filters (in the following order): None 
2024-03-22 10:55:35.5829|DEBUG|Microsoft.AspNetCore.Mvc.Infrastructure.ControllerActionInvoker|Execution plan of resource filters (in the following order): None 
2024-03-22 10:55:35.5829|DEBUG|Microsoft.AspNetCore.Mvc.Infrastructure.ControllerActionInvoker|Execution plan of action filters (in the following order): Microsoft.AspNetCore.Mvc.ModelBinding.UnsupportedContentTypeFilter (Order: -3000), Microsoft.AspNetCore.Mvc.Infrastructure.ModelStateInvalidFilter (Order: -2000) 
2024-03-22 10:55:35.5829|DEBUG|Microsoft.AspNetCore.Mvc.Infrastructure.ControllerActionInvoker|Execution plan of exception filters (in the following order): None 
2024-03-22 10:55:35.5829|DEBUG|Microsoft.AspNetCore.Mvc.Infrastructure.ControllerActionInvoker|Execution plan of result filters (in the following order): Microsoft.AspNetCore.Mvc.Infrastructure.ClientErrorResultFilter (Order: -2000) 
2024-03-22 10:55:35.5829|DEBUG|Microsoft.AspNetCore.Mvc.Infrastructure.ControllerActionInvoker|Executing controller factory for controller LitZhu.WebApi.Controllers.User.AuthController (LitZhu.WebApi) 
2024-03-22 10:55:35.6205|DEBUG|Microsoft.EntityFrameworkCore.Infrastructure|Entity Framework Core 8.0.1 initialized 'UserDbContext' using provider 'Pomelo.EntityFrameworkCore.MySql:8.0.1' with options: ServerVersion=8.0.23-mysql  
2024-03-22 10:55:35.6205|DEBUG|Microsoft.AspNetCore.Mvc.Infrastructure.ControllerActionInvoker|Executed controller factory for controller LitZhu.WebApi.Controllers.User.AuthController (LitZhu.WebApi) 
2024-03-22 10:55:35.6205|DEBUG|Microsoft.AspNetCore.Mvc.ModelBinding.ParameterBinder|Attempting to bind parameter 'req' of type 'LitZhu.WebApi.Controllers.User.VerifyLoginUsernamePasswordRequest' ... 
2024-03-22 10:55:35.6205|DEBUG|Microsoft.AspNetCore.Mvc.ModelBinding.Binders.BodyModelBinder|Attempting to bind parameter 'req' of type 'LitZhu.WebApi.Controllers.User.VerifyLoginUsernamePasswordRequest' using the name '' in request data ... 
2024-03-22 10:55:35.6205|DEBUG|Microsoft.AspNetCore.Mvc.ModelBinding.Binders.BodyModelBinder|Rejected input formatter 'Microsoft.AspNetCore.Mvc.Formatters.NewtonsoftJsonPatchInputFormatter' for content type 'application/json'. 
2024-03-22 10:55:35.6205|DEBUG|Microsoft.AspNetCore.Mvc.ModelBinding.Binders.BodyModelBinder|Selected input formatter 'Microsoft.AspNetCore.Mvc.Formatters.NewtonsoftJsonInputFormatter' for content type 'application/json'. 
2024-03-22 10:55:35.6205|DEBUG|Microsoft.AspNetCore.Server.Kestrel|Connection id "0HN2A3B4OMGN7", Request id "0HN2A3B4OMGN7:00000001": started reading request body. 
2024-03-22 10:55:35.6205|DEBUG|Microsoft.AspNetCore.Server.Kestrel|Connection id "0HN2A3B4OMGN7", Request id "0HN2A3B4OMGN7:00000001": done reading request body. 
2024-03-22 10:55:35.6205|DEBUG|Microsoft.AspNetCore.Mvc.ModelBinding.Binders.BodyModelBinder|Done attempting to bind parameter 'req' of type 'LitZhu.WebApi.Controllers.User.VerifyLoginUsernamePasswordRequest'. 
2024-03-22 10:55:35.6205|DEBUG|Microsoft.AspNetCore.Mvc.ModelBinding.ParameterBinder|Done attempting to bind parameter 'req' of type 'LitZhu.WebApi.Controllers.User.VerifyLoginUsernamePasswordRequest'. 
2024-03-22 10:55:35.6205|DEBUG|Microsoft.AspNetCore.Mvc.ModelBinding.ParameterBinder|Attempting to validate the bound parameter 'req' of type 'LitZhu.WebApi.Controllers.User.VerifyLoginUsernamePasswordRequest' ... 
2024-03-22 10:55:35.6205|DEBUG|Microsoft.AspNetCore.Mvc.ModelBinding.ParameterBinder|Done attempting to validate the bound parameter 'req' of type 'LitZhu.WebApi.Controllers.User.VerifyLoginUsernamePasswordRequest'. 
2024-03-22 10:55:35.6205|TRACE|Microsoft.AspNetCore.Mvc.Infrastructure.ControllerActionInvoker|Action Filter: Before executing OnActionExecuting on filter Microsoft.AspNetCore.Mvc.ModelBinding.UnsupportedContentTypeFilter. 
2024-03-22 10:55:35.6205|TRACE|Microsoft.AspNetCore.Mvc.Infrastructure.ControllerActionInvoker|Action Filter: After executing OnActionExecuting on filter Microsoft.AspNetCore.Mvc.ModelBinding.UnsupportedContentTypeFilter. 
2024-03-22 10:55:35.6205|TRACE|Microsoft.AspNetCore.Mvc.Infrastructure.ControllerActionInvoker|Action Filter: Before executing OnActionExecuting on filter Microsoft.AspNetCore.Mvc.Infrastructure.ModelStateInvalidFilter. 
2024-03-22 10:55:35.6205|TRACE|Microsoft.AspNetCore.Mvc.Infrastructure.ControllerActionInvoker|Action Filter: After executing OnActionExecuting on filter Microsoft.AspNetCore.Mvc.Infrastructure.ModelStateInvalidFilter. 
2024-03-22 10:55:35.6205|INFO|Microsoft.AspNetCore.Mvc.Infrastructure.ControllerActionInvoker|Executing action method LitZhu.WebApi.Controllers.User.AuthController.VerifyLoginUsernamePassword (LitZhu.WebApi) - Validation state: Valid 
2024-03-22 10:55:35.6205|TRACE|Microsoft.AspNetCore.Mvc.Infrastructure.ControllerActionInvoker|Executing action method LitZhu.WebApi.Controllers.User.AuthController.VerifyLoginUsernamePassword (LitZhu.WebApi) with arguments (VerifyLoginUsernamePasswordRequest { Username = LitZhuTest, Password = LitZhuTest }) 
2024-03-22 10:55:35.6205|DEBUG|Microsoft.EntityFrameworkCore.Database.Connection|Creating DbConnection. 
2024-03-22 10:55:35.6205|DEBUG|Microsoft.EntityFrameworkCore.Database.Connection|Created DbConnection. (0ms). 
2024-03-22 10:55:35.6205|DEBUG|Microsoft.EntityFrameworkCore.Database.Connection|Opening connection to database 'LitZhu' on server 'localhost'. 
2024-03-22 10:55:35.6524|DEBUG|Microsoft.EntityFrameworkCore.Database.Connection|Opened connection to database 'LitZhu' on server 'localhost'. 
2024-03-22 10:55:35.6524|DEBUG|Microsoft.EntityFrameworkCore.Database.Command|Creating DbCommand for 'ExecuteReader'. 
2024-03-22 10:55:35.6524|DEBUG|Microsoft.EntityFrameworkCore.Database.Command|Created DbCommand for 'ExecuteReader' (0ms). 
2024-03-22 10:55:35.6524|DEBUG|Microsoft.EntityFrameworkCore.Database.Command|Initialized DbCommand for 'ExecuteReader' (0ms). 
2024-03-22 10:55:35.6524|DEBUG|Microsoft.EntityFrameworkCore.Database.Command|Executing DbCommand [Parameters=[@__username_0='?' (Size = 10)], CommandType='Text', CommandTimeout='30']
SELECT `t`.`Id`, `t`.`Avatar`, `t`.`CreationTime`, `t`.`DeletionTime`, `t`.`Email`, `t`.`Gender`, `t`.`IsDeleted`, `t`.`LastModificationTime`, `t`.`Password`, `t`.`Phone`, `t`.`Username`, `t`.`Id0`, `t`.`AccessFailedCount`, `t`.`CreationTime0`, `t`.`IsLockOut`, `t`.`LockOutEnd`, `t`.`UserId`, `t0`.`UserId`, `t0`.`RoleId`, `t0`.`Id`, `t0`.`CreationTime`, `t0`.`DeletionTime`, `t0`.`IsDeleted`, `t0`.`LastModificationTime`, `t0`.`RoleDesc`, `t0`.`RoleName`
FROM (
    SELECT `u`.`Id`, `u`.`Avatar`, `u`.`CreationTime`, `u`.`DeletionTime`, `u`.`Email`, `u`.`Gender`, `u`.`IsDeleted`, `u`.`LastModificationTime`, `u`.`Password`, `u`.`Phone`, `u`.`Username`, `u0`.`Id` AS `Id0`, `u0`.`AccessFailedCount`, `u0`.`CreationTime` AS `CreationTime0`, `u0`.`IsLockOut`, `u0`.`LockOutEnd`, `u0`.`UserId`
    FROM `Users` AS `u`
    LEFT JOIN `UserAccessFails` AS `u0` ON `u`.`Id` = `u0`.`UserId`
    WHERE NOT (`u`.`IsDeleted`) AND (`u`.`Username` = @__username_0)
    LIMIT 1
) AS `t`
LEFT JOIN (
    SELECT `u1`.`UserId`, `u1`.`RoleId`, `t1`.`Id`, `t1`.`CreationTime`, `t1`.`DeletionTime`, `t1`.`IsDeleted`, `t1`.`LastModificationTime`, `t1`.`RoleDesc`, `t1`.`RoleName`
    FROM `Users_Roles` AS `u1`
    INNER JOIN (
        SELECT `r`.`Id`, `r`.`CreationTime`, `r`.`DeletionTime`, `r`.`IsDeleted`, `r`.`LastModificationTime`, `r`.`RoleDesc`, `r`.`RoleName`
        FROM `Roles` AS `r`
        WHERE NOT (`r`.`IsDeleted`)
    ) AS `t1` ON `u1`.`RoleId` = `t1`.`Id`
) AS `t0` ON `t`.`Id` = `t0`.`UserId`
ORDER BY `t`.`Id`, `t`.`Id0`, `t0`.`UserId`, `t0`.`RoleId` 
2024-03-22 10:55:35.6524|INFO|Microsoft.EntityFrameworkCore.Database.Command|Executed DbCommand (3ms) [Parameters=[@__username_0='?' (Size = 10)], CommandType='Text', CommandTimeout='30']
SELECT `t`.`Id`, `t`.`Avatar`, `t`.`CreationTime`, `t`.`DeletionTime`, `t`.`Email`, `t`.`Gender`, `t`.`IsDeleted`, `t`.`LastModificationTime`, `t`.`Password`, `t`.`Phone`, `t`.`Username`, `t`.`Id0`, `t`.`AccessFailedCount`, `t`.`CreationTime0`, `t`.`IsLockOut`, `t`.`LockOutEnd`, `t`.`UserId`, `t0`.`UserId`, `t0`.`RoleId`, `t0`.`Id`, `t0`.`CreationTime`, `t0`.`DeletionTime`, `t0`.`IsDeleted`, `t0`.`LastModificationTime`, `t0`.`RoleDesc`, `t0`.`RoleName`
FROM (
    SELECT `u`.`Id`, `u`.`Avatar`, `u`.`CreationTime`, `u`.`DeletionTime`, `u`.`Email`, `u`.`Gender`, `u`.`IsDeleted`, `u`.`LastModificationTime`, `u`.`Password`, `u`.`Phone`, `u`.`Username`, `u0`.`Id` AS `Id0`, `u0`.`AccessFailedCount`, `u0`.`CreationTime` AS `CreationTime0`, `u0`.`IsLockOut`, `u0`.`LockOutEnd`, `u0`.`UserId`
    FROM `Users` AS `u`
    LEFT JOIN `UserAccessFails` AS `u0` ON `u`.`Id` = `u0`.`UserId`
    WHERE NOT (`u`.`IsDeleted`) AND (`u`.`Username` = @__username_0)
    LIMIT 1
) AS `t`
LEFT JOIN (
    SELECT `u1`.`UserId`, `u1`.`RoleId`, `t1`.`Id`, `t1`.`CreationTime`, `t1`.`DeletionTime`, `t1`.`IsDeleted`, `t1`.`LastModificationTime`, `t1`.`RoleDesc`, `t1`.`RoleName`
    FROM `Users_Roles` AS `u1`
    INNER JOIN (
        SELECT `r`.`Id`, `r`.`CreationTime`, `r`.`DeletionTime`, `r`.`IsDeleted`, `r`.`LastModificationTime`, `r`.`RoleDesc`, `r`.`RoleName`
        FROM `Roles` AS `r`
        WHERE NOT (`r`.`IsDeleted`)
    ) AS `t1` ON `u1`.`RoleId` = `t1`.`Id`
) AS `t0` ON `t`.`Id` = `t0`.`UserId`
ORDER BY `t`.`Id`, `t`.`Id0`, `t0`.`UserId`, `t0`.`RoleId` 
2024-03-22 10:55:35.6524|DEBUG|Microsoft.EntityFrameworkCore.ChangeTracking|Context 'UserDbContext' started tracking 'Users' entity. Consider using 'DbContextOptionsBuilder.EnableSensitiveDataLogging' to see key values. 
2024-03-22 10:55:35.6524|DEBUG|Microsoft.EntityFrameworkCore.ChangeTracking|The navigation 'Users.UserAccessFail' was detected as changed. Consider using 'DbContextOptionsBuilder.EnableSensitiveDataLogging' to see key values. 
2024-03-22 10:55:35.6524|DEBUG|Microsoft.EntityFrameworkCore.ChangeTracking|Context 'UserDbContext' started tracking 'UserAccessFail' entity. Consider using 'DbContextOptionsBuilder.EnableSensitiveDataLogging' to see key values. 
2024-03-22 10:55:35.6524|DEBUG|Microsoft.EntityFrameworkCore.Database.Command|Closing data reader to 'LitZhu' on server 'localhost'. 
2024-03-22 10:55:35.6524|DEBUG|Microsoft.EntityFrameworkCore.Database.Command|A data reader for 'LitZhu' on server 'localhost' is being disposed after spending 1ms reading results. 
2024-03-22 10:55:35.6524|DEBUG|Microsoft.EntityFrameworkCore.Database.Connection|Closing connection to database 'LitZhu' on server 'localhost'. 
2024-03-22 10:55:35.6524|DEBUG|Microsoft.EntityFrameworkCore.Database.Connection|Closed connection to database 'LitZhu' on server 'localhost' (0ms). 
2024-03-22 10:55:35.6524|DEBUG|Microsoft.EntityFrameworkCore.Database.Connection|Opening connection to database 'LitZhu' on server 'localhost'. 
2024-03-22 10:55:35.6629|DEBUG|Microsoft.EntityFrameworkCore.Database.Connection|Opened connection to database 'LitZhu' on server 'localhost'. 
2024-03-22 10:55:35.6629|DEBUG|Microsoft.EntityFrameworkCore.Database.Command|Creating DbCommand for 'ExecuteReader'. 
2024-03-22 10:55:35.6629|DEBUG|Microsoft.EntityFrameworkCore.Database.Command|Created DbCommand for 'ExecuteReader' (0ms). 
2024-03-22 10:55:35.6629|DEBUG|Microsoft.EntityFrameworkCore.Database.Command|Initialized DbCommand for 'ExecuteReader' (0ms). 
2024-03-22 10:55:35.6629|DEBUG|Microsoft.EntityFrameworkCore.Database.Command|Executing DbCommand [Parameters=[@__username_0='?' (Size = 10)], CommandType='Text', CommandTimeout='30']
SELECT `t`.`Id`, `t`.`Avatar`, `t`.`CreationTime`, `t`.`DeletionTime`, `t`.`Email`, `t`.`Gender`, `t`.`IsDeleted`, `t`.`LastModificationTime`, `t`.`Password`, `t`.`Phone`, `t`.`Username`, `t`.`Id0`, `t`.`AccessFailedCount`, `t`.`CreationTime0`, `t`.`IsLockOut`, `t`.`LockOutEnd`, `t`.`UserId`, `t0`.`UserId`, `t0`.`RoleId`, `t0`.`Id`, `t0`.`CreationTime`, `t0`.`DeletionTime`, `t0`.`IsDeleted`, `t0`.`LastModificationTime`, `t0`.`RoleDesc`, `t0`.`RoleName`
FROM (
    SELECT `u`.`Id`, `u`.`Avatar`, `u`.`CreationTime`, `u`.`DeletionTime`, `u`.`Email`, `u`.`Gender`, `u`.`IsDeleted`, `u`.`LastModificationTime`, `u`.`Password`, `u`.`Phone`, `u`.`Username`, `u0`.`Id` AS `Id0`, `u0`.`AccessFailedCount`, `u0`.`CreationTime` AS `CreationTime0`, `u0`.`IsLockOut`, `u0`.`LockOutEnd`, `u0`.`UserId`
    FROM `Users` AS `u`
    LEFT JOIN `UserAccessFails` AS `u0` ON `u`.`Id` = `u0`.`UserId`
    WHERE NOT (`u`.`IsDeleted`) AND (`u`.`Username` = @__username_0)
    LIMIT 1
) AS `t`
LEFT JOIN (
    SELECT `u1`.`UserId`, `u1`.`RoleId`, `t1`.`Id`, `t1`.`CreationTime`, `t1`.`DeletionTime`, `t1`.`IsDeleted`, `t1`.`LastModificationTime`, `t1`.`RoleDesc`, `t1`.`RoleName`
    FROM `Users_Roles` AS `u1`
    INNER JOIN (
        SELECT `r`.`Id`, `r`.`CreationTime`, `r`.`DeletionTime`, `r`.`IsDeleted`, `r`.`LastModificationTime`, `r`.`RoleDesc`, `r`.`RoleName`
        FROM `Roles` AS `r`
        WHERE NOT (`r`.`IsDeleted`)
    ) AS `t1` ON `u1`.`RoleId` = `t1`.`Id`
) AS `t0` ON `t`.`Id` = `t0`.`UserId`
ORDER BY `t`.`Id`, `t`.`Id0`, `t0`.`UserId`, `t0`.`RoleId` 
2024-03-22 10:55:35.6629|INFO|Microsoft.EntityFrameworkCore.Database.Command|Executed DbCommand (2ms) [Parameters=[@__username_0='?' (Size = 10)], CommandType='Text', CommandTimeout='30']
SELECT `t`.`Id`, `t`.`Avatar`, `t`.`CreationTime`, `t`.`DeletionTime`, `t`.`Email`, `t`.`Gender`, `t`.`IsDeleted`, `t`.`LastModificationTime`, `t`.`Password`, `t`.`Phone`, `t`.`Username`, `t`.`Id0`, `t`.`AccessFailedCount`, `t`.`CreationTime0`, `t`.`IsLockOut`, `t`.`LockOutEnd`, `t`.`UserId`, `t0`.`UserId`, `t0`.`RoleId`, `t0`.`Id`, `t0`.`CreationTime`, `t0`.`DeletionTime`, `t0`.`IsDeleted`, `t0`.`LastModificationTime`, `t0`.`RoleDesc`, `t0`.`RoleName`
FROM (
    SELECT `u`.`Id`, `u`.`Avatar`, `u`.`CreationTime`, `u`.`DeletionTime`, `u`.`Email`, `u`.`Gender`, `u`.`IsDeleted`, `u`.`LastModificationTime`, `u`.`Password`, `u`.`Phone`, `u`.`Username`, `u0`.`Id` AS `Id0`, `u0`.`AccessFailedCount`, `u0`.`CreationTime` AS `CreationTime0`, `u0`.`IsLockOut`, `u0`.`LockOutEnd`, `u0`.`UserId`
    FROM `Users` AS `u`
    LEFT JOIN `UserAccessFails` AS `u0` ON `u`.`Id` = `u0`.`UserId`
    WHERE NOT (`u`.`IsDeleted`) AND (`u`.`Username` = @__username_0)
    LIMIT 1
) AS `t`
LEFT JOIN (
    SELECT `u1`.`UserId`, `u1`.`RoleId`, `t1`.`Id`, `t1`.`CreationTime`, `t1`.`DeletionTime`, `t1`.`IsDeleted`, `t1`.`LastModificationTime`, `t1`.`RoleDesc`, `t1`.`RoleName`
    FROM `Users_Roles` AS `u1`
    INNER JOIN (
        SELECT `r`.`Id`, `r`.`CreationTime`, `r`.`DeletionTime`, `r`.`IsDeleted`, `r`.`LastModificationTime`, `r`.`RoleDesc`, `r`.`RoleName`
        FROM `Roles` AS `r`
        WHERE NOT (`r`.`IsDeleted`)
    ) AS `t1` ON `u1`.`RoleId` = `t1`.`Id`
) AS `t0` ON `t`.`Id` = `t0`.`UserId`
ORDER BY `t`.`Id`, `t`.`Id0`, `t0`.`UserId`, `t0`.`RoleId` 
2024-03-22 10:55:35.6629|DEBUG|Microsoft.EntityFrameworkCore.Database.Command|Closing data reader to 'LitZhu' on server 'localhost'. 
2024-03-22 10:55:35.6629|DEBUG|Microsoft.EntityFrameworkCore.Database.Command|A data reader for 'LitZhu' on server 'localhost' is being disposed after spending 0ms reading results. 
2024-03-22 10:55:35.6629|DEBUG|Microsoft.EntityFrameworkCore.Database.Connection|Closing connection to database 'LitZhu' on server 'localhost'. 
2024-03-22 10:55:35.6629|DEBUG|Microsoft.EntityFrameworkCore.Database.Connection|Closed connection to database 'LitZhu' on server 'localhost' (0ms). 
2024-03-22 10:55:35.6629|DEBUG|Microsoft.EntityFrameworkCore.ChangeTracking|'UserDbContext' generated a temporary value for the property 'UserLoginHistory.Id'. Consider using 'DbContextOptionsBuilder.EnableSensitiveDataLogging' to see key values. 
2024-03-22 10:55:35.6629|DEBUG|Microsoft.EntityFrameworkCore.ChangeTracking|Context 'UserDbContext' started tracking 'UserLoginHistory' entity. Consider using 'DbContextOptionsBuilder.EnableSensitiveDataLogging' to see key values. 
2024-03-22 10:55:35.6629|DEBUG|Microsoft.EntityFrameworkCore.Update|SaveChanges starting for 'UserDbContext'. 
2024-03-22 10:55:35.6629|DEBUG|Microsoft.EntityFrameworkCore.ChangeTracking|DetectChanges starting for 'UserDbContext'. 
2024-03-22 10:55:35.6629|DEBUG|Microsoft.EntityFrameworkCore.ChangeTracking|DetectChanges completed for 'UserDbContext'. 
2024-03-22 10:55:35.6629|DEBUG|Microsoft.EntityFrameworkCore.Database.Connection|Opening connection to database 'LitZhu' on server 'localhost'. 
2024-03-22 10:55:35.6629|DEBUG|Microsoft.EntityFrameworkCore.Database.Connection|Opened connection to database 'LitZhu' on server 'localhost'. 
2024-03-22 10:55:35.6629|DEBUG|Microsoft.EntityFrameworkCore.Database.Transaction|Beginning transaction with isolation level 'Unspecified'. 
2024-03-22 10:55:35.6629|DEBUG|Microsoft.EntityFrameworkCore.Database.Transaction|Began transaction with isolation level 'Unspecified'. 
2024-03-22 10:55:35.6629|DEBUG|Microsoft.EntityFrameworkCore.Database.Command|Creating DbCommand for 'ExecuteReader'. 
2024-03-22 10:55:35.6629|DEBUG|Microsoft.EntityFrameworkCore.Database.Command|Created DbCommand for 'ExecuteReader' (0ms). 
2024-03-22 10:55:35.6629|DEBUG|Microsoft.EntityFrameworkCore.Database.Command|Initialized DbCommand for 'ExecuteReader' (0ms). 
2024-03-22 10:55:35.6629|DEBUG|Microsoft.EntityFrameworkCore.Database.Command|Executing DbCommand [Parameters=[@p0='?' (Size = 4000), @p1='?' (DbType = DateTime), @p2='?' (Size = 4000), @p3='?' (DbType = Guid), @p4='?' (Size = 4000)], CommandType='Text', CommandTimeout='30']
INSERT INTO `UserLoginHistories` (`Email`, `LoginTime`, `Message`, `UserId`, `Username`)
VALUES (@p0, @p1, @p2, @p3, @p4);
SELECT `Id`
FROM `UserLoginHistories`
WHERE ROW_COUNT() = 1 AND `Id` = LAST_INSERT_ID(); 
2024-03-22 10:55:35.6814|INFO|Microsoft.EntityFrameworkCore.Database.Command|Executed DbCommand (3ms) [Parameters=[@p0='?' (Size = 4000), @p1='?' (DbType = DateTime), @p2='?' (Size = 4000), @p3='?' (DbType = Guid), @p4='?' (Size = 4000)], CommandType='Text', CommandTimeout='30']
INSERT INTO `UserLoginHistories` (`Email`, `LoginTime`, `Message`, `UserId`, `Username`)
VALUES (@p0, @p1, @p2, @p3, @p4);
SELECT `Id`
FROM `UserLoginHistories`
WHERE ROW_COUNT() = 1 AND `Id` = LAST_INSERT_ID(); 
2024-03-22 10:55:35.6814|DEBUG|Microsoft.EntityFrameworkCore.ChangeTracking|The foreign key property 'UserLoginHistory.Id' was detected as changed. Consider using 'DbContextOptionsBuilder.EnableSensitiveDataLogging' to see property values. 
2024-03-22 10:55:35.6814|DEBUG|Microsoft.EntityFrameworkCore.Database.Command|Closing data reader to 'LitZhu' on server 'localhost'. 
2024-03-22 10:55:35.6814|DEBUG|Microsoft.EntityFrameworkCore.Database.Command|A data reader for 'LitZhu' on server 'localhost' is being disposed after spending 0ms reading results. 
2024-03-22 10:55:35.6814|DEBUG|Microsoft.EntityFrameworkCore.Database.Transaction|Committing transaction. 
2024-03-22 10:55:35.6814|DEBUG|Microsoft.EntityFrameworkCore.Database.Transaction|Committed transaction. 
2024-03-22 10:55:35.6814|DEBUG|Microsoft.EntityFrameworkCore.Database.Connection|Closing connection to database 'LitZhu' on server 'localhost'. 
2024-03-22 10:55:35.6814|DEBUG|Microsoft.EntityFrameworkCore.Database.Connection|Closed connection to database 'LitZhu' on server 'localhost' (0ms). 
2024-03-22 10:55:35.6814|DEBUG|Microsoft.EntityFrameworkCore.Database.Transaction|Disposing transaction. 
2024-03-22 10:55:35.6814|DEBUG|Microsoft.EntityFrameworkCore.ChangeTracking|An entity of type 'UserLoginHistory' tracked by 'UserDbContext' changed state from 'Added' to 'Unchanged'. Consider using 'DbContextOptionsBuilder.EnableSensitiveDataLogging' to see key values. 
2024-03-22 10:55:35.6814|DEBUG|Microsoft.EntityFrameworkCore.Update|SaveChanges completed for 'UserDbContext' with 1 entities written to the database. 
2024-03-22 10:55:35.6955|DEBUG|LitZhu.WebApi.Controllers.User.AuthController|进行登录 
2024-03-22 10:55:35.6955|INFO|Microsoft.AspNetCore.Mvc.Infrastructure.ControllerActionInvoker|Executed action method LitZhu.WebApi.Controllers.User.AuthController.VerifyLoginUsernamePassword (LitZhu.WebApi), returned result Microsoft.AspNetCore.Mvc.OkObjectResult in 70.3891ms. 
2024-03-22 10:55:35.6955|TRACE|Microsoft.AspNetCore.Mvc.Infrastructure.ControllerActionInvoker|Action Filter: Before executing OnActionExecuted on filter Microsoft.AspNetCore.Mvc.Infrastructure.ModelStateInvalidFilter. 
2024-03-22 10:55:35.6955|TRACE|Microsoft.AspNetCore.Mvc.Infrastructure.ControllerActionInvoker|Action Filter: After executing OnActionExecuted on filter Microsoft.AspNetCore.Mvc.Infrastructure.ModelStateInvalidFilter. 
2024-03-22 10:55:35.6955|TRACE|Microsoft.AspNetCore.Mvc.Infrastructure.ControllerActionInvoker|Action Filter: Before executing OnActionExecuted on filter Microsoft.AspNetCore.Mvc.ModelBinding.UnsupportedContentTypeFilter. 
2024-03-22 10:55:35.6955|TRACE|Microsoft.AspNetCore.Mvc.Infrastructure.ControllerActionInvoker|Action Filter: After executing OnActionExecuted on filter Microsoft.AspNetCore.Mvc.ModelBinding.UnsupportedContentTypeFilter. 
2024-03-22 10:55:35.6955|TRACE|Microsoft.AspNetCore.Mvc.Infrastructure.ControllerActionInvoker|Result Filter: Before executing OnResultExecuting on filter Microsoft.AspNetCore.Mvc.Infrastructure.ClientErrorResultFilter. 
2024-03-22 10:55:35.6955|TRACE|Microsoft.AspNetCore.Mvc.Infrastructure.ControllerActionInvoker|Result Filter: After executing OnResultExecuting on filter Microsoft.AspNetCore.Mvc.Infrastructure.ClientErrorResultFilter. 
2024-03-22 10:55:35.6955|TRACE|Microsoft.AspNetCore.Mvc.Infrastructure.ControllerActionInvoker|Before executing action result Microsoft.AspNetCore.Mvc.OkObjectResult. 
2024-03-22 10:55:35.6955|DEBUG|Microsoft.AspNetCore.Mvc.Infrastructure.DefaultOutputFormatterSelector|List of registered output formatters, in the following order: Microsoft.AspNetCore.Mvc.Formatters.HttpNoContentOutputFormatter, Microsoft.AspNetCore.Mvc.Formatters.StringOutputFormatter, Microsoft.AspNetCore.Mvc.Formatters.StreamOutputFormatter, Microsoft.AspNetCore.Mvc.Formatters.NewtonsoftJsonOutputFormatter 
2024-03-22 10:55:35.6955|DEBUG|Microsoft.AspNetCore.Mvc.Infrastructure.DefaultOutputFormatterSelector|No information found on request to perform content negotiation. 
2024-03-22 10:55:35.6955|DEBUG|Microsoft.AspNetCore.Mvc.Infrastructure.DefaultOutputFormatterSelector|Attempting to select an output formatter without using a content type as no explicit content types were specified for the response. 
2024-03-22 10:55:35.6955|DEBUG|Microsoft.AspNetCore.Mvc.Infrastructure.DefaultOutputFormatterSelector|Attempting to select the first formatter in the output formatters list which can write the result. 
2024-03-22 10:55:35.6955|DEBUG|Microsoft.AspNetCore.Mvc.Infrastructure.DefaultOutputFormatterSelector|Selected output formatter 'Microsoft.AspNetCore.Mvc.Formatters.NewtonsoftJsonOutputFormatter' and content type 'application/json' to write the response. 
2024-03-22 10:55:35.6955|INFO|Microsoft.AspNetCore.Mvc.Infrastructure.ObjectResultExecutor|Executing OkObjectResult, writing value of type 'LitZhu.WebApi.R'. 
2024-03-22 10:55:35.6955|TRACE|Microsoft.AspNetCore.Mvc.Infrastructure.ControllerActionInvoker|After executing action result Microsoft.AspNetCore.Mvc.OkObjectResult. 
2024-03-22 10:55:35.6955|TRACE|Microsoft.AspNetCore.Mvc.Infrastructure.ControllerActionInvoker|Result Filter: Before executing OnResultExecuted on filter Microsoft.AspNetCore.Mvc.Infrastructure.ClientErrorResultFilter. 
2024-03-22 10:55:35.6955|TRACE|Microsoft.AspNetCore.Mvc.Infrastructure.ControllerActionInvoker|Result Filter: After executing OnResultExecuted on filter Microsoft.AspNetCore.Mvc.Infrastructure.ClientErrorResultFilter. 
2024-03-22 10:55:35.6955|INFO|Microsoft.AspNetCore.Mvc.Infrastructure.ControllerActionInvoker|Executed action LitZhu.WebApi.Controllers.User.AuthController.VerifyLoginUsernamePassword (LitZhu.WebApi) in 108.5926ms 
2024-03-22 10:55:35.6955|INFO|Microsoft.AspNetCore.Routing.EndpointMiddleware|Executed endpoint 'LitZhu.WebApi.Controllers.User.AuthController.VerifyLoginUsernamePassword (LitZhu.WebApi)' 
2024-03-22 10:55:35.6955|DEBUG|Microsoft.AspNetCore.Server.Kestrel.Connections|Connection id "0HN2A3B4OMGN7" completed keep alive response. 
2024-03-22 10:55:35.6955|DEBUG|Microsoft.EntityFrameworkCore.Infrastructure|'UserDbContext' disposed. 
2024-03-22 10:55:35.6955|DEBUG|Microsoft.EntityFrameworkCore.Database.Connection|Disposing connection to database 'LitZhu' on server 'localhost'. 
2024-03-22 10:55:35.6955|DEBUG|Microsoft.EntityFrameworkCore.Database.Connection|Disposed connection to database 'LitZhu' on server 'localhost' (0ms). 
2024-03-22 10:55:35.6955|INFO|Microsoft.AspNetCore.Hosting.Diagnostics|Request finished HTTP/1.1 POST https://localhost:7290/api/Auth/Login - 200 521 application/json;+charset=utf-8 115.4431ms 
2024-03-22 10:55:35.6955|DEBUG|Microsoft.AspNetCore.Server.Kestrel.Transport.Sockets|Connection id "0HN2A3B4OMGN7" received FIN. 
2024-03-22 10:55:35.6955|DEBUG|Microsoft.AspNetCore.Server.Kestrel.Transport.Sockets|Connection id "0HN2A3B4OMGN7" sending FIN because: "The Socket transport's send loop completed gracefully." 
2024-03-22 10:55:35.6955|DEBUG|Microsoft.AspNetCore.Server.Kestrel.Connections|Connection id "0HN2A3B4OMGN7" disconnecting. 
2024-03-22 10:55:35.6955|DEBUG|Microsoft.AspNetCore.Server.Kestrel.Connections|Connection id "0HN2A3B4OMGN7" stopped. 
2024-03-22 10:57:34.2670|DEBUG|Microsoft.AspNetCore.Server.Kestrel.Connections|Connection id "0HN2A3B4OMGN8" accepted. 
2024-03-22 10:57:34.2670|DEBUG|Microsoft.AspNetCore.Server.Kestrel.Connections|Connection id "0HN2A3B4OMGN8" started. 
2024-03-22 10:57:34.2841|DEBUG|Microsoft.AspNetCore.Server.Kestrel.Https.Internal.HttpsConnectionMiddleware|Connection 0HN2A3B4OMGN8 established using the following protocol: Tls13 
2024-03-22 10:57:34.2841|INFO|Microsoft.AspNetCore.Hosting.Diagnostics|Request starting HTTP/1.1 POST https://localhost:7290/api/Auth/Login - application/json 61 
2024-03-22 10:57:34.2841|TRACE|Microsoft.AspNetCore.HostFiltering.HostFilteringMiddleware|All hosts are allowed. 
2024-03-22 10:57:34.2841|DEBUG|Microsoft.AspNetCore.Routing.Matching.DfaMatcher|1 candidate(s) found for the request path '/api/Auth/Login' 
2024-03-22 10:57:34.2841|DEBUG|Microsoft.AspNetCore.Routing.Matching.DfaMatcher|Endpoint 'LitZhu.WebApi.Controllers.User.AuthController.VerifyLoginUsernamePassword (LitZhu.WebApi)' with route pattern 'api/Auth/Login' is valid for the request path '/api/Auth/Login' 
2024-03-22 10:57:34.2841|DEBUG|Microsoft.AspNetCore.Routing.EndpointRoutingMiddleware|Request matched endpoint 'LitZhu.WebApi.Controllers.User.AuthController.VerifyLoginUsernamePassword (LitZhu.WebApi)' 
2024-03-22 10:57:34.2841|TRACE|Microsoft.AspNetCore.Routing.EndpointRoutingMiddleware|The endpoint does not specify the IRequestSizeLimitMetadata. 
2024-03-22 10:57:34.2841|DEBUG|Microsoft.AspNetCore.StaticFiles.StaticFileMiddleware|Static files was skipped as the request already matched an endpoint. 
2024-03-22 10:57:34.2902|DEBUG|Microsoft.AspNetCore.Authentication.JwtBearer.JwtBearerHandler|AuthenticationScheme: Bearer was not authenticated. 
2024-03-22 10:57:34.2902|INFO|Microsoft.AspNetCore.Routing.EndpointMiddleware|Executing endpoint 'LitZhu.WebApi.Controllers.User.AuthController.VerifyLoginUsernamePassword (LitZhu.WebApi)' 
2024-03-22 10:57:34.2902|INFO|Microsoft.AspNetCore.Mvc.Infrastructure.ControllerActionInvoker|Route matched with {action = "VerifyLoginUsernamePassword", controller = "Auth"}. Executing controller action with signature System.Threading.Tasks.Task`1[Microsoft.AspNetCore.Mvc.ActionResult`1[System.String]] VerifyLoginUsernamePassword(LitZhu.WebApi.Controllers.User.VerifyLoginUsernamePasswordRequest) on controller LitZhu.WebApi.Controllers.User.AuthController (LitZhu.WebApi). 
2024-03-22 10:57:34.2902|DEBUG|Microsoft.AspNetCore.Mvc.Infrastructure.ControllerActionInvoker|Execution plan of authorization filters (in the following order): None 
2024-03-22 10:57:34.2902|DEBUG|Microsoft.AspNetCore.Mvc.Infrastructure.ControllerActionInvoker|Execution plan of resource filters (in the following order): None 
2024-03-22 10:57:34.2902|DEBUG|Microsoft.AspNetCore.Mvc.Infrastructure.ControllerActionInvoker|Execution plan of action filters (in the following order): Microsoft.AspNetCore.Mvc.ModelBinding.UnsupportedContentTypeFilter (Order: -3000), Microsoft.AspNetCore.Mvc.Infrastructure.ModelStateInvalidFilter (Order: -2000) 
2024-03-22 10:57:34.2902|DEBUG|Microsoft.AspNetCore.Mvc.Infrastructure.ControllerActionInvoker|Execution plan of exception filters (in the following order): None 
2024-03-22 10:57:34.2902|DEBUG|Microsoft.AspNetCore.Mvc.Infrastructure.ControllerActionInvoker|Execution plan of result filters (in the following order): Microsoft.AspNetCore.Mvc.Infrastructure.ClientErrorResultFilter (Order: -2000) 
2024-03-22 10:57:34.2902|DEBUG|Microsoft.AspNetCore.Mvc.Infrastructure.ControllerActionInvoker|Executing controller factory for controller LitZhu.WebApi.Controllers.User.AuthController (LitZhu.WebApi) 
2024-03-22 10:57:34.3786|DEBUG|Microsoft.EntityFrameworkCore.Infrastructure|Entity Framework Core 8.0.1 initialized 'UserDbContext' using provider 'Pomelo.EntityFrameworkCore.MySql:8.0.1' with options: ServerVersion=8.0.23-mysql  
2024-03-22 10:57:34.3786|DEBUG|Microsoft.AspNetCore.Mvc.Infrastructure.ControllerActionInvoker|Executed controller factory for controller LitZhu.WebApi.Controllers.User.AuthController (LitZhu.WebApi) 
2024-03-22 10:57:34.3786|DEBUG|Microsoft.AspNetCore.Mvc.ModelBinding.ParameterBinder|Attempting to bind parameter 'req' of type 'LitZhu.WebApi.Controllers.User.VerifyLoginUsernamePasswordRequest' ... 
2024-03-22 10:57:34.3786|DEBUG|Microsoft.AspNetCore.Mvc.ModelBinding.Binders.BodyModelBinder|Attempting to bind parameter 'req' of type 'LitZhu.WebApi.Controllers.User.VerifyLoginUsernamePasswordRequest' using the name '' in request data ... 
2024-03-22 10:57:34.3786|DEBUG|Microsoft.AspNetCore.Mvc.ModelBinding.Binders.BodyModelBinder|Rejected input formatter 'Microsoft.AspNetCore.Mvc.Formatters.NewtonsoftJsonPatchInputFormatter' for content type 'application/json'. 
2024-03-22 10:57:34.3786|DEBUG|Microsoft.AspNetCore.Mvc.ModelBinding.Binders.BodyModelBinder|Selected input formatter 'Microsoft.AspNetCore.Mvc.Formatters.NewtonsoftJsonInputFormatter' for content type 'application/json'. 
2024-03-22 10:57:34.3786|DEBUG|Microsoft.AspNetCore.Server.Kestrel|Connection id "0HN2A3B4OMGN8", Request id "0HN2A3B4OMGN8:00000001": started reading request body. 
2024-03-22 10:57:34.3786|DEBUG|Microsoft.AspNetCore.Server.Kestrel|Connection id "0HN2A3B4OMGN8", Request id "0HN2A3B4OMGN8:00000001": done reading request body. 
2024-03-22 10:57:34.3786|DEBUG|Microsoft.AspNetCore.Mvc.ModelBinding.Binders.BodyModelBinder|Done attempting to bind parameter 'req' of type 'LitZhu.WebApi.Controllers.User.VerifyLoginUsernamePasswordRequest'. 
2024-03-22 10:57:34.3786|DEBUG|Microsoft.AspNetCore.Mvc.ModelBinding.ParameterBinder|Done attempting to bind parameter 'req' of type 'LitZhu.WebApi.Controllers.User.VerifyLoginUsernamePasswordRequest'. 
2024-03-22 10:57:34.3786|DEBUG|Microsoft.AspNetCore.Mvc.ModelBinding.ParameterBinder|Attempting to validate the bound parameter 'req' of type 'LitZhu.WebApi.Controllers.User.VerifyLoginUsernamePasswordRequest' ... 
2024-03-22 10:57:34.3786|DEBUG|Microsoft.AspNetCore.Mvc.ModelBinding.ParameterBinder|Done attempting to validate the bound parameter 'req' of type 'LitZhu.WebApi.Controllers.User.VerifyLoginUsernamePasswordRequest'. 
2024-03-22 10:57:34.3786|TRACE|Microsoft.AspNetCore.Mvc.Infrastructure.ControllerActionInvoker|Action Filter: Before executing OnActionExecuting on filter Microsoft.AspNetCore.Mvc.ModelBinding.UnsupportedContentTypeFilter. 
2024-03-22 10:57:34.3786|TRACE|Microsoft.AspNetCore.Mvc.Infrastructure.ControllerActionInvoker|Action Filter: After executing OnActionExecuting on filter Microsoft.AspNetCore.Mvc.ModelBinding.UnsupportedContentTypeFilter. 
2024-03-22 10:57:34.3786|TRACE|Microsoft.AspNetCore.Mvc.Infrastructure.ControllerActionInvoker|Action Filter: Before executing OnActionExecuting on filter Microsoft.AspNetCore.Mvc.Infrastructure.ModelStateInvalidFilter. 
2024-03-22 10:57:34.3786|TRACE|Microsoft.AspNetCore.Mvc.Infrastructure.ControllerActionInvoker|Action Filter: After executing OnActionExecuting on filter Microsoft.AspNetCore.Mvc.Infrastructure.ModelStateInvalidFilter. 
2024-03-22 10:57:34.3786|INFO|Microsoft.AspNetCore.Mvc.Infrastructure.ControllerActionInvoker|Executing action method LitZhu.WebApi.Controllers.User.AuthController.VerifyLoginUsernamePassword (LitZhu.WebApi) - Validation state: Valid 
2024-03-22 10:57:34.3786|TRACE|Microsoft.AspNetCore.Mvc.Infrastructure.ControllerActionInvoker|Executing action method LitZhu.WebApi.Controllers.User.AuthController.VerifyLoginUsernamePassword (LitZhu.WebApi) with arguments (VerifyLoginUsernamePasswordRequest { Username = LitZhuTest, Password = LitZhuTest }) 
2024-03-22 10:57:34.3786|DEBUG|Microsoft.EntityFrameworkCore.Database.Connection|Creating DbConnection. 
2024-03-22 10:57:34.3786|DEBUG|Microsoft.EntityFrameworkCore.Database.Connection|Created DbConnection. (0ms). 
2024-03-22 10:57:34.3786|DEBUG|Microsoft.EntityFrameworkCore.Database.Connection|Opening connection to database 'LitZhu' on server 'localhost'. 
2024-03-22 10:57:34.3786|DEBUG|Microsoft.EntityFrameworkCore.Database.Connection|Opened connection to database 'LitZhu' on server 'localhost'. 
2024-03-22 10:57:34.3786|DEBUG|Microsoft.EntityFrameworkCore.Database.Command|Creating DbCommand for 'ExecuteReader'. 
2024-03-22 10:57:34.3786|DEBUG|Microsoft.EntityFrameworkCore.Database.Command|Created DbCommand for 'ExecuteReader' (0ms). 
2024-03-22 10:57:34.3786|DEBUG|Microsoft.EntityFrameworkCore.Database.Command|Initialized DbCommand for 'ExecuteReader' (0ms). 
2024-03-22 10:57:34.3786|DEBUG|Microsoft.EntityFrameworkCore.Database.Command|Executing DbCommand [Parameters=[@__username_0='?' (Size = 10)], CommandType='Text', CommandTimeout='30']
SELECT `t`.`Id`, `t`.`Avatar`, `t`.`CreationTime`, `t`.`DeletionTime`, `t`.`Email`, `t`.`Gender`, `t`.`IsDeleted`, `t`.`LastModificationTime`, `t`.`Password`, `t`.`Phone`, `t`.`Username`, `t`.`Id0`, `t`.`AccessFailedCount`, `t`.`CreationTime0`, `t`.`IsLockOut`, `t`.`LockOutEnd`, `t`.`UserId`, `t0`.`UserId`, `t0`.`RoleId`, `t0`.`Id`, `t0`.`CreationTime`, `t0`.`DeletionTime`, `t0`.`IsDeleted`, `t0`.`LastModificationTime`, `t0`.`RoleDesc`, `t0`.`RoleName`
FROM (
    SELECT `u`.`Id`, `u`.`Avatar`, `u`.`CreationTime`, `u`.`DeletionTime`, `u`.`Email`, `u`.`Gender`, `u`.`IsDeleted`, `u`.`LastModificationTime`, `u`.`Password`, `u`.`Phone`, `u`.`Username`, `u0`.`Id` AS `Id0`, `u0`.`AccessFailedCount`, `u0`.`CreationTime` AS `CreationTime0`, `u0`.`IsLockOut`, `u0`.`LockOutEnd`, `u0`.`UserId`
    FROM `Users` AS `u`
    LEFT JOIN `UserAccessFails` AS `u0` ON `u`.`Id` = `u0`.`UserId`
    WHERE NOT (`u`.`IsDeleted`) AND (`u`.`Username` = @__username_0)
    LIMIT 1
) AS `t`
LEFT JOIN (
    SELECT `u1`.`UserId`, `u1`.`RoleId`, `t1`.`Id`, `t1`.`CreationTime`, `t1`.`DeletionTime`, `t1`.`IsDeleted`, `t1`.`LastModificationTime`, `t1`.`RoleDesc`, `t1`.`RoleName`
    FROM `Users_Roles` AS `u1`
    INNER JOIN (
        SELECT `r`.`Id`, `r`.`CreationTime`, `r`.`DeletionTime`, `r`.`IsDeleted`, `r`.`LastModificationTime`, `r`.`RoleDesc`, `r`.`RoleName`
        FROM `Roles` AS `r`
        WHERE NOT (`r`.`IsDeleted`)
    ) AS `t1` ON `u1`.`RoleId` = `t1`.`Id`
) AS `t0` ON `t`.`Id` = `t0`.`UserId`
ORDER BY `t`.`Id`, `t`.`Id0`, `t0`.`UserId`, `t0`.`RoleId` 
2024-03-22 10:57:34.4025|INFO|Microsoft.EntityFrameworkCore.Database.Command|Executed DbCommand (11ms) [Parameters=[@__username_0='?' (Size = 10)], CommandType='Text', CommandTimeout='30']
SELECT `t`.`Id`, `t`.`Avatar`, `t`.`CreationTime`, `t`.`DeletionTime`, `t`.`Email`, `t`.`Gender`, `t`.`IsDeleted`, `t`.`LastModificationTime`, `t`.`Password`, `t`.`Phone`, `t`.`Username`, `t`.`Id0`, `t`.`AccessFailedCount`, `t`.`CreationTime0`, `t`.`IsLockOut`, `t`.`LockOutEnd`, `t`.`UserId`, `t0`.`UserId`, `t0`.`RoleId`, `t0`.`Id`, `t0`.`CreationTime`, `t0`.`DeletionTime`, `t0`.`IsDeleted`, `t0`.`LastModificationTime`, `t0`.`RoleDesc`, `t0`.`RoleName`
FROM (
    SELECT `u`.`Id`, `u`.`Avatar`, `u`.`CreationTime`, `u`.`DeletionTime`, `u`.`Email`, `u`.`Gender`, `u`.`IsDeleted`, `u`.`LastModificationTime`, `u`.`Password`, `u`.`Phone`, `u`.`Username`, `u0`.`Id` AS `Id0`, `u0`.`AccessFailedCount`, `u0`.`CreationTime` AS `CreationTime0`, `u0`.`IsLockOut`, `u0`.`LockOutEnd`, `u0`.`UserId`
    FROM `Users` AS `u`
    LEFT JOIN `UserAccessFails` AS `u0` ON `u`.`Id` = `u0`.`UserId`
    WHERE NOT (`u`.`IsDeleted`) AND (`u`.`Username` = @__username_0)
    LIMIT 1
) AS `t`
LEFT JOIN (
    SELECT `u1`.`UserId`, `u1`.`RoleId`, `t1`.`Id`, `t1`.`CreationTime`, `t1`.`DeletionTime`, `t1`.`IsDeleted`, `t1`.`LastModificationTime`, `t1`.`RoleDesc`, `t1`.`RoleName`
    FROM `Users_Roles` AS `u1`
    INNER JOIN (
        SELECT `r`.`Id`, `r`.`CreationTime`, `r`.`DeletionTime`, `r`.`IsDeleted`, `r`.`LastModificationTime`, `r`.`RoleDesc`, `r`.`RoleName`
        FROM `Roles` AS `r`
        WHERE NOT (`r`.`IsDeleted`)
    ) AS `t1` ON `u1`.`RoleId` = `t1`.`Id`
) AS `t0` ON `t`.`Id` = `t0`.`UserId`
ORDER BY `t`.`Id`, `t`.`Id0`, `t0`.`UserId`, `t0`.`RoleId` 
2024-03-22 10:57:34.4025|DEBUG|Microsoft.EntityFrameworkCore.ChangeTracking|Context 'UserDbContext' started tracking 'Users' entity. Consider using 'DbContextOptionsBuilder.EnableSensitiveDataLogging' to see key values. 
2024-03-22 10:57:34.4025|DEBUG|Microsoft.EntityFrameworkCore.ChangeTracking|The navigation 'Users.UserAccessFail' was detected as changed. Consider using 'DbContextOptionsBuilder.EnableSensitiveDataLogging' to see key values. 
2024-03-22 10:57:34.4025|DEBUG|Microsoft.EntityFrameworkCore.ChangeTracking|Context 'UserDbContext' started tracking 'UserAccessFail' entity. Consider using 'DbContextOptionsBuilder.EnableSensitiveDataLogging' to see key values. 
2024-03-22 10:57:34.4025|DEBUG|Microsoft.EntityFrameworkCore.Database.Command|Closing data reader to 'LitZhu' on server 'localhost'. 
2024-03-22 10:57:34.4025|DEBUG|Microsoft.EntityFrameworkCore.Database.Command|A data reader for 'LitZhu' on server 'localhost' is being disposed after spending 1ms reading results. 
2024-03-22 10:57:34.4025|DEBUG|Microsoft.EntityFrameworkCore.Database.Connection|Closing connection to database 'LitZhu' on server 'localhost'. 
2024-03-22 10:57:34.4025|DEBUG|Microsoft.EntityFrameworkCore.Database.Connection|Closed connection to database 'LitZhu' on server 'localhost' (0ms). 
2024-03-22 10:57:34.4025|DEBUG|Microsoft.EntityFrameworkCore.Database.Connection|Opening connection to database 'LitZhu' on server 'localhost'. 
2024-03-22 10:57:34.4025|DEBUG|Microsoft.EntityFrameworkCore.Database.Connection|Opened connection to database 'LitZhu' on server 'localhost'. 
2024-03-22 10:57:34.4025|DEBUG|Microsoft.EntityFrameworkCore.Database.Command|Creating DbCommand for 'ExecuteReader'. 
2024-03-22 10:57:34.4025|DEBUG|Microsoft.EntityFrameworkCore.Database.Command|Created DbCommand for 'ExecuteReader' (0ms). 
2024-03-22 10:57:34.4025|DEBUG|Microsoft.EntityFrameworkCore.Database.Command|Initialized DbCommand for 'ExecuteReader' (0ms). 
2024-03-22 10:57:34.4025|DEBUG|Microsoft.EntityFrameworkCore.Database.Command|Executing DbCommand [Parameters=[@__username_0='?' (Size = 10)], CommandType='Text', CommandTimeout='30']
SELECT `t`.`Id`, `t`.`Avatar`, `t`.`CreationTime`, `t`.`DeletionTime`, `t`.`Email`, `t`.`Gender`, `t`.`IsDeleted`, `t`.`LastModificationTime`, `t`.`Password`, `t`.`Phone`, `t`.`Username`, `t`.`Id0`, `t`.`AccessFailedCount`, `t`.`CreationTime0`, `t`.`IsLockOut`, `t`.`LockOutEnd`, `t`.`UserId`, `t0`.`UserId`, `t0`.`RoleId`, `t0`.`Id`, `t0`.`CreationTime`, `t0`.`DeletionTime`, `t0`.`IsDeleted`, `t0`.`LastModificationTime`, `t0`.`RoleDesc`, `t0`.`RoleName`
FROM (
    SELECT `u`.`Id`, `u`.`Avatar`, `u`.`CreationTime`, `u`.`DeletionTime`, `u`.`Email`, `u`.`Gender`, `u`.`IsDeleted`, `u`.`LastModificationTime`, `u`.`Password`, `u`.`Phone`, `u`.`Username`, `u0`.`Id` AS `Id0`, `u0`.`AccessFailedCount`, `u0`.`CreationTime` AS `CreationTime0`, `u0`.`IsLockOut`, `u0`.`LockOutEnd`, `u0`.`UserId`
    FROM `Users` AS `u`
    LEFT JOIN `UserAccessFails` AS `u0` ON `u`.`Id` = `u0`.`UserId`
    WHERE NOT (`u`.`IsDeleted`) AND (`u`.`Username` = @__username_0)
    LIMIT 1
) AS `t`
LEFT JOIN (
    SELECT `u1`.`UserId`, `u1`.`RoleId`, `t1`.`Id`, `t1`.`CreationTime`, `t1`.`DeletionTime`, `t1`.`IsDeleted`, `t1`.`LastModificationTime`, `t1`.`RoleDesc`, `t1`.`RoleName`
    FROM `Users_Roles` AS `u1`
    INNER JOIN (
        SELECT `r`.`Id`, `r`.`CreationTime`, `r`.`DeletionTime`, `r`.`IsDeleted`, `r`.`LastModificationTime`, `r`.`RoleDesc`, `r`.`RoleName`
        FROM `Roles` AS `r`
        WHERE NOT (`r`.`IsDeleted`)
    ) AS `t1` ON `u1`.`RoleId` = `t1`.`Id`
) AS `t0` ON `t`.`Id` = `t0`.`UserId`
ORDER BY `t`.`Id`, `t`.`Id0`, `t0`.`UserId`, `t0`.`RoleId` 
2024-03-22 10:57:34.4121|INFO|Microsoft.EntityFrameworkCore.Database.Command|Executed DbCommand (3ms) [Parameters=[@__username_0='?' (Size = 10)], CommandType='Text', CommandTimeout='30']
SELECT `t`.`Id`, `t`.`Avatar`, `t`.`CreationTime`, `t`.`DeletionTime`, `t`.`Email`, `t`.`Gender`, `t`.`IsDeleted`, `t`.`LastModificationTime`, `t`.`Password`, `t`.`Phone`, `t`.`Username`, `t`.`Id0`, `t`.`AccessFailedCount`, `t`.`CreationTime0`, `t`.`IsLockOut`, `t`.`LockOutEnd`, `t`.`UserId`, `t0`.`UserId`, `t0`.`RoleId`, `t0`.`Id`, `t0`.`CreationTime`, `t0`.`DeletionTime`, `t0`.`IsDeleted`, `t0`.`LastModificationTime`, `t0`.`RoleDesc`, `t0`.`RoleName`
FROM (
    SELECT `u`.`Id`, `u`.`Avatar`, `u`.`CreationTime`, `u`.`DeletionTime`, `u`.`Email`, `u`.`Gender`, `u`.`IsDeleted`, `u`.`LastModificationTime`, `u`.`Password`, `u`.`Phone`, `u`.`Username`, `u0`.`Id` AS `Id0`, `u0`.`AccessFailedCount`, `u0`.`CreationTime` AS `CreationTime0`, `u0`.`IsLockOut`, `u0`.`LockOutEnd`, `u0`.`UserId`
    FROM `Users` AS `u`
    LEFT JOIN `UserAccessFails` AS `u0` ON `u`.`Id` = `u0`.`UserId`
    WHERE NOT (`u`.`IsDeleted`) AND (`u`.`Username` = @__username_0)
    LIMIT 1
) AS `t`
LEFT JOIN (
    SELECT `u1`.`UserId`, `u1`.`RoleId`, `t1`.`Id`, `t1`.`CreationTime`, `t1`.`DeletionTime`, `t1`.`IsDeleted`, `t1`.`LastModificationTime`, `t1`.`RoleDesc`, `t1`.`RoleName`
    FROM `Users_Roles` AS `u1`
    INNER JOIN (
        SELECT `r`.`Id`, `r`.`CreationTime`, `r`.`DeletionTime`, `r`.`IsDeleted`, `r`.`LastModificationTime`, `r`.`RoleDesc`, `r`.`RoleName`
        FROM `Roles` AS `r`
        WHERE NOT (`r`.`IsDeleted`)
    ) AS `t1` ON `u1`.`RoleId` = `t1`.`Id`
) AS `t0` ON `t`.`Id` = `t0`.`UserId`
ORDER BY `t`.`Id`, `t`.`Id0`, `t0`.`UserId`, `t0`.`RoleId` 
2024-03-22 10:57:34.4121|DEBUG|Microsoft.EntityFrameworkCore.Database.Command|Closing data reader to 'LitZhu' on server 'localhost'. 
2024-03-22 10:57:34.4121|DEBUG|Microsoft.EntityFrameworkCore.Database.Command|A data reader for 'LitZhu' on server 'localhost' is being disposed after spending 0ms reading results. 
2024-03-22 10:57:34.4121|DEBUG|Microsoft.EntityFrameworkCore.Database.Connection|Closing connection to database 'LitZhu' on server 'localhost'. 
2024-03-22 10:57:34.4121|DEBUG|Microsoft.EntityFrameworkCore.Database.Connection|Closed connection to database 'LitZhu' on server 'localhost' (0ms). 
2024-03-22 10:57:34.4121|DEBUG|Microsoft.EntityFrameworkCore.ChangeTracking|'UserDbContext' generated a temporary value for the property 'UserLoginHistory.Id'. Consider using 'DbContextOptionsBuilder.EnableSensitiveDataLogging' to see key values. 
2024-03-22 10:57:34.4121|DEBUG|Microsoft.EntityFrameworkCore.ChangeTracking|Context 'UserDbContext' started tracking 'UserLoginHistory' entity. Consider using 'DbContextOptionsBuilder.EnableSensitiveDataLogging' to see key values. 
2024-03-22 10:57:34.4121|DEBUG|Microsoft.EntityFrameworkCore.Update|SaveChanges starting for 'UserDbContext'. 
2024-03-22 10:57:34.4121|DEBUG|Microsoft.EntityFrameworkCore.ChangeTracking|DetectChanges starting for 'UserDbContext'. 
2024-03-22 10:57:34.4121|DEBUG|Microsoft.EntityFrameworkCore.ChangeTracking|DetectChanges completed for 'UserDbContext'. 
2024-03-22 10:57:34.4121|DEBUG|Microsoft.EntityFrameworkCore.Database.Connection|Opening connection to database 'LitZhu' on server 'localhost'. 
2024-03-22 10:57:34.4121|DEBUG|Microsoft.EntityFrameworkCore.Database.Connection|Opened connection to database 'LitZhu' on server 'localhost'. 
2024-03-22 10:57:34.4121|DEBUG|Microsoft.EntityFrameworkCore.Database.Transaction|Beginning transaction with isolation level 'Unspecified'. 
2024-03-22 10:57:34.4121|DEBUG|Microsoft.EntityFrameworkCore.Database.Transaction|Began transaction with isolation level 'Unspecified'. 
2024-03-22 10:57:34.4121|DEBUG|Microsoft.EntityFrameworkCore.Database.Command|Creating DbCommand for 'ExecuteReader'. 
2024-03-22 10:57:34.4121|DEBUG|Microsoft.EntityFrameworkCore.Database.Command|Created DbCommand for 'ExecuteReader' (0ms). 
2024-03-22 10:57:34.4121|DEBUG|Microsoft.EntityFrameworkCore.Database.Command|Initialized DbCommand for 'ExecuteReader' (0ms). 
2024-03-22 10:57:34.4121|DEBUG|Microsoft.EntityFrameworkCore.Database.Command|Executing DbCommand [Parameters=[@p0='?' (Size = 4000), @p1='?' (DbType = DateTime), @p2='?' (Size = 4000), @p3='?' (DbType = Guid), @p4='?' (Size = 4000)], CommandType='Text', CommandTimeout='30']
INSERT INTO `UserLoginHistories` (`Email`, `LoginTime`, `Message`, `UserId`, `Username`)
VALUES (@p0, @p1, @p2, @p3, @p4);
SELECT `Id`
FROM `UserLoginHistories`
WHERE ROW_COUNT() = 1 AND `Id` = LAST_INSERT_ID(); 
2024-03-22 10:57:34.4255|INFO|Microsoft.EntityFrameworkCore.Database.Command|Executed DbCommand (3ms) [Parameters=[@p0='?' (Size = 4000), @p1='?' (DbType = DateTime), @p2='?' (Size = 4000), @p3='?' (DbType = Guid), @p4='?' (Size = 4000)], CommandType='Text', CommandTimeout='30']
INSERT INTO `UserLoginHistories` (`Email`, `LoginTime`, `Message`, `UserId`, `Username`)
VALUES (@p0, @p1, @p2, @p3, @p4);
SELECT `Id`
FROM `UserLoginHistories`
WHERE ROW_COUNT() = 1 AND `Id` = LAST_INSERT_ID(); 
2024-03-22 10:57:34.4255|DEBUG|Microsoft.EntityFrameworkCore.ChangeTracking|The foreign key property 'UserLoginHistory.Id' was detected as changed. Consider using 'DbContextOptionsBuilder.EnableSensitiveDataLogging' to see property values. 
2024-03-22 10:57:34.4255|DEBUG|Microsoft.EntityFrameworkCore.Database.Command|Closing data reader to 'LitZhu' on server 'localhost'. 
2024-03-22 10:57:34.4255|DEBUG|Microsoft.EntityFrameworkCore.Database.Command|A data reader for 'LitZhu' on server 'localhost' is being disposed after spending 0ms reading results. 
2024-03-22 10:57:34.4255|DEBUG|Microsoft.EntityFrameworkCore.Database.Transaction|Committing transaction. 
2024-03-22 10:57:34.4255|DEBUG|Microsoft.EntityFrameworkCore.Database.Transaction|Committed transaction. 
2024-03-22 10:57:34.4255|DEBUG|Microsoft.EntityFrameworkCore.Database.Connection|Closing connection to database 'LitZhu' on server 'localhost'. 
2024-03-22 10:57:34.4255|DEBUG|Microsoft.EntityFrameworkCore.Database.Connection|Closed connection to database 'LitZhu' on server 'localhost' (0ms). 
2024-03-22 10:57:34.4255|DEBUG|Microsoft.EntityFrameworkCore.Database.Transaction|Disposing transaction. 
2024-03-22 10:57:34.4255|DEBUG|Microsoft.EntityFrameworkCore.ChangeTracking|An entity of type 'UserLoginHistory' tracked by 'UserDbContext' changed state from 'Added' to 'Unchanged'. Consider using 'DbContextOptionsBuilder.EnableSensitiveDataLogging' to see key values. 
2024-03-22 10:57:34.4255|DEBUG|Microsoft.EntityFrameworkCore.Update|SaveChanges completed for 'UserDbContext' with 1 entities written to the database. 
2024-03-22 10:57:34.4255|DEBUG|LitZhu.WebApi.Controllers.User.AuthController|进行登录 
2024-03-22 10:57:34.4255|INFO|Microsoft.AspNetCore.Mvc.Infrastructure.ControllerActionInvoker|Executed action method LitZhu.WebApi.Controllers.User.AuthController.VerifyLoginUsernamePassword (LitZhu.WebApi), returned result Microsoft.AspNetCore.Mvc.OkObjectResult in 56.3886ms. 
2024-03-22 10:57:34.4255|TRACE|Microsoft.AspNetCore.Mvc.Infrastructure.ControllerActionInvoker|Action Filter: Before executing OnActionExecuted on filter Microsoft.AspNetCore.Mvc.Infrastructure.ModelStateInvalidFilter. 
2024-03-22 10:57:34.4255|TRACE|Microsoft.AspNetCore.Mvc.Infrastructure.ControllerActionInvoker|Action Filter: After executing OnActionExecuted on filter Microsoft.AspNetCore.Mvc.Infrastructure.ModelStateInvalidFilter. 
2024-03-22 10:57:34.4255|TRACE|Microsoft.AspNetCore.Mvc.Infrastructure.ControllerActionInvoker|Action Filter: Before executing OnActionExecuted on filter Microsoft.AspNetCore.Mvc.ModelBinding.UnsupportedContentTypeFilter. 
2024-03-22 10:57:34.4255|TRACE|Microsoft.AspNetCore.Mvc.Infrastructure.ControllerActionInvoker|Action Filter: After executing OnActionExecuted on filter Microsoft.AspNetCore.Mvc.ModelBinding.UnsupportedContentTypeFilter. 
2024-03-22 10:57:34.4255|TRACE|Microsoft.AspNetCore.Mvc.Infrastructure.ControllerActionInvoker|Result Filter: Before executing OnResultExecuting on filter Microsoft.AspNetCore.Mvc.Infrastructure.ClientErrorResultFilter. 
2024-03-22 10:57:34.4255|TRACE|Microsoft.AspNetCore.Mvc.Infrastructure.ControllerActionInvoker|Result Filter: After executing OnResultExecuting on filter Microsoft.AspNetCore.Mvc.Infrastructure.ClientErrorResultFilter. 
2024-03-22 10:57:34.4255|TRACE|Microsoft.AspNetCore.Mvc.Infrastructure.ControllerActionInvoker|Before executing action result Microsoft.AspNetCore.Mvc.OkObjectResult. 
2024-03-22 10:57:34.4255|DEBUG|Microsoft.AspNetCore.Mvc.Infrastructure.DefaultOutputFormatterSelector|List of registered output formatters, in the following order: Microsoft.AspNetCore.Mvc.Formatters.HttpNoContentOutputFormatter, Microsoft.AspNetCore.Mvc.Formatters.StringOutputFormatter, Microsoft.AspNetCore.Mvc.Formatters.StreamOutputFormatter, Microsoft.AspNetCore.Mvc.Formatters.NewtonsoftJsonOutputFormatter 
2024-03-22 10:57:34.4255|DEBUG|Microsoft.AspNetCore.Mvc.Infrastructure.DefaultOutputFormatterSelector|No information found on request to perform content negotiation. 
2024-03-22 10:57:34.4255|DEBUG|Microsoft.AspNetCore.Mvc.Infrastructure.DefaultOutputFormatterSelector|Attempting to select an output formatter without using a content type as no explicit content types were specified for the response. 
2024-03-22 10:57:34.4255|DEBUG|Microsoft.AspNetCore.Mvc.Infrastructure.DefaultOutputFormatterSelector|Attempting to select the first formatter in the output formatters list which can write the result. 
2024-03-22 10:57:34.4255|DEBUG|Microsoft.AspNetCore.Mvc.Infrastructure.DefaultOutputFormatterSelector|Selected output formatter 'Microsoft.AspNetCore.Mvc.Formatters.NewtonsoftJsonOutputFormatter' and content type 'application/json' to write the response. 
2024-03-22 10:57:34.4255|INFO|Microsoft.AspNetCore.Mvc.Infrastructure.ObjectResultExecutor|Executing OkObjectResult, writing value of type 'LitZhu.WebApi.R'. 
2024-03-22 10:57:34.4255|TRACE|Microsoft.AspNetCore.Mvc.Infrastructure.ControllerActionInvoker|After executing action result Microsoft.AspNetCore.Mvc.OkObjectResult. 
2024-03-22 10:57:34.4255|TRACE|Microsoft.AspNetCore.Mvc.Infrastructure.ControllerActionInvoker|Result Filter: Before executing OnResultExecuted on filter Microsoft.AspNetCore.Mvc.Infrastructure.ClientErrorResultFilter. 
2024-03-22 10:57:34.4255|TRACE|Microsoft.AspNetCore.Mvc.Infrastructure.ControllerActionInvoker|Result Filter: After executing OnResultExecuted on filter Microsoft.AspNetCore.Mvc.Infrastructure.ClientErrorResultFilter. 
2024-03-22 10:57:34.4255|INFO|Microsoft.AspNetCore.Mvc.Infrastructure.ControllerActionInvoker|Executed action LitZhu.WebApi.Controllers.User.AuthController.VerifyLoginUsernamePassword (LitZhu.WebApi) in 149.5917ms 
2024-03-22 10:57:34.4255|INFO|Microsoft.AspNetCore.Routing.EndpointMiddleware|Executed endpoint 'LitZhu.WebApi.Controllers.User.AuthController.VerifyLoginUsernamePassword (LitZhu.WebApi)' 
2024-03-22 10:57:34.4255|DEBUG|Microsoft.AspNetCore.Server.Kestrel.Connections|Connection id "0HN2A3B4OMGN8" completed keep alive response. 
2024-03-22 10:57:34.4255|DEBUG|Microsoft.EntityFrameworkCore.Infrastructure|'UserDbContext' disposed. 
2024-03-22 10:57:34.4255|DEBUG|Microsoft.EntityFrameworkCore.Database.Connection|Disposing connection to database 'LitZhu' on server 'localhost'. 
2024-03-22 10:57:34.4255|DEBUG|Microsoft.EntityFrameworkCore.Database.Connection|Disposed connection to database 'LitZhu' on server 'localhost' (0ms). 
2024-03-22 10:57:34.4255|INFO|Microsoft.AspNetCore.Hosting.Diagnostics|Request finished HTTP/1.1 POST https://localhost:7290/api/Auth/Login - 200 521 application/json;+charset=utf-8 156.6986ms 
2024-03-22 10:57:34.4482|DEBUG|Microsoft.AspNetCore.Server.Kestrel.Transport.Sockets|Connection id "0HN2A3B4OMGN8" received FIN. 
2024-03-22 10:57:34.4482|DEBUG|Microsoft.AspNetCore.Server.Kestrel.Transport.Sockets|Connection id "0HN2A3B4OMGN8" sending FIN because: "The Socket transport's send loop completed gracefully." 
2024-03-22 10:57:34.4482|DEBUG|Microsoft.AspNetCore.Server.Kestrel.Connections|Connection id "0HN2A3B4OMGN8" disconnecting. 
2024-03-22 10:57:34.4482|DEBUG|Microsoft.AspNetCore.Server.Kestrel.Connections|Connection id "0HN2A3B4OMGN8" stopped. 
2024-03-22 10:57:35.3354|DEBUG|Microsoft.AspNetCore.Server.Kestrel.Connections|Connection id "0HN2A3B4OMGN9" accepted. 
2024-03-22 10:57:35.3354|DEBUG|Microsoft.AspNetCore.Server.Kestrel.Connections|Connection id "0HN2A3B4OMGN9" started. 
2024-03-22 10:57:35.3354|DEBUG|Microsoft.AspNetCore.Server.Kestrel.Https.Internal.HttpsConnectionMiddleware|Connection 0HN2A3B4OMGN9 established using the following protocol: Tls13 
2024-03-22 10:57:35.3354|INFO|Microsoft.AspNetCore.Hosting.Diagnostics|Request starting HTTP/1.1 POST https://localhost:7290/api/Auth/Login - application/json 61 
2024-03-22 10:57:35.3354|TRACE|Microsoft.AspNetCore.HostFiltering.HostFilteringMiddleware|All hosts are allowed. 
2024-03-22 10:57:35.3354|DEBUG|Microsoft.AspNetCore.Routing.Matching.DfaMatcher|1 candidate(s) found for the request path '/api/Auth/Login' 
2024-03-22 10:57:35.3354|DEBUG|Microsoft.AspNetCore.Routing.Matching.DfaMatcher|Endpoint 'LitZhu.WebApi.Controllers.User.AuthController.VerifyLoginUsernamePassword (LitZhu.WebApi)' with route pattern 'api/Auth/Login' is valid for the request path '/api/Auth/Login' 
2024-03-22 10:57:35.3354|DEBUG|Microsoft.AspNetCore.Routing.EndpointRoutingMiddleware|Request matched endpoint 'LitZhu.WebApi.Controllers.User.AuthController.VerifyLoginUsernamePassword (LitZhu.WebApi)' 
2024-03-22 10:57:35.3354|TRACE|Microsoft.AspNetCore.Routing.EndpointRoutingMiddleware|The endpoint does not specify the IRequestSizeLimitMetadata. 
2024-03-22 10:57:35.3354|DEBUG|Microsoft.AspNetCore.StaticFiles.StaticFileMiddleware|Static files was skipped as the request already matched an endpoint. 
2024-03-22 10:57:35.3354|DEBUG|Microsoft.AspNetCore.Authentication.JwtBearer.JwtBearerHandler|AuthenticationScheme: Bearer was not authenticated. 
2024-03-22 10:57:35.3354|INFO|Microsoft.AspNetCore.Routing.EndpointMiddleware|Executing endpoint 'LitZhu.WebApi.Controllers.User.AuthController.VerifyLoginUsernamePassword (LitZhu.WebApi)' 
2024-03-22 10:57:35.3354|INFO|Microsoft.AspNetCore.Mvc.Infrastructure.ControllerActionInvoker|Route matched with {action = "VerifyLoginUsernamePassword", controller = "Auth"}. Executing controller action with signature System.Threading.Tasks.Task`1[Microsoft.AspNetCore.Mvc.ActionResult`1[System.String]] VerifyLoginUsernamePassword(LitZhu.WebApi.Controllers.User.VerifyLoginUsernamePasswordRequest) on controller LitZhu.WebApi.Controllers.User.AuthController (LitZhu.WebApi). 
2024-03-22 10:57:35.3354|DEBUG|Microsoft.AspNetCore.Mvc.Infrastructure.ControllerActionInvoker|Execution plan of authorization filters (in the following order): None 
2024-03-22 10:57:35.3354|DEBUG|Microsoft.AspNetCore.Mvc.Infrastructure.ControllerActionInvoker|Execution plan of resource filters (in the following order): None 
2024-03-22 10:57:35.3354|DEBUG|Microsoft.AspNetCore.Mvc.Infrastructure.ControllerActionInvoker|Execution plan of action filters (in the following order): Microsoft.AspNetCore.Mvc.ModelBinding.UnsupportedContentTypeFilter (Order: -3000), Microsoft.AspNetCore.Mvc.Infrastructure.ModelStateInvalidFilter (Order: -2000) 
2024-03-22 10:57:35.3354|DEBUG|Microsoft.AspNetCore.Mvc.Infrastructure.ControllerActionInvoker|Execution plan of exception filters (in the following order): None 
2024-03-22 10:57:35.3354|DEBUG|Microsoft.AspNetCore.Mvc.Infrastructure.ControllerActionInvoker|Execution plan of result filters (in the following order): Microsoft.AspNetCore.Mvc.Infrastructure.ClientErrorResultFilter (Order: -2000) 
2024-03-22 10:57:35.3354|DEBUG|Microsoft.AspNetCore.Mvc.Infrastructure.ControllerActionInvoker|Executing controller factory for controller LitZhu.WebApi.Controllers.User.AuthController (LitZhu.WebApi) 
2024-03-22 10:57:35.3354|DEBUG|Microsoft.EntityFrameworkCore.Infrastructure|Entity Framework Core 8.0.1 initialized 'UserDbContext' using provider 'Pomelo.EntityFrameworkCore.MySql:8.0.1' with options: ServerVersion=8.0.23-mysql  
2024-03-22 10:57:35.3354|DEBUG|Microsoft.AspNetCore.Mvc.Infrastructure.ControllerActionInvoker|Executed controller factory for controller LitZhu.WebApi.Controllers.User.AuthController (LitZhu.WebApi) 
2024-03-22 10:57:35.3354|DEBUG|Microsoft.AspNetCore.Mvc.ModelBinding.ParameterBinder|Attempting to bind parameter 'req' of type 'LitZhu.WebApi.Controllers.User.VerifyLoginUsernamePasswordRequest' ... 
2024-03-22 10:57:35.3354|DEBUG|Microsoft.AspNetCore.Mvc.ModelBinding.Binders.BodyModelBinder|Attempting to bind parameter 'req' of type 'LitZhu.WebApi.Controllers.User.VerifyLoginUsernamePasswordRequest' using the name '' in request data ... 
2024-03-22 10:57:35.3354|DEBUG|Microsoft.AspNetCore.Mvc.ModelBinding.Binders.BodyModelBinder|Rejected input formatter 'Microsoft.AspNetCore.Mvc.Formatters.NewtonsoftJsonPatchInputFormatter' for content type 'application/json'. 
2024-03-22 10:57:35.3354|DEBUG|Microsoft.AspNetCore.Mvc.ModelBinding.Binders.BodyModelBinder|Selected input formatter 'Microsoft.AspNetCore.Mvc.Formatters.NewtonsoftJsonInputFormatter' for content type 'application/json'. 
2024-03-22 10:57:35.3354|DEBUG|Microsoft.AspNetCore.Server.Kestrel|Connection id "0HN2A3B4OMGN9", Request id "0HN2A3B4OMGN9:00000001": started reading request body. 
2024-03-22 10:57:35.3354|DEBUG|Microsoft.AspNetCore.Server.Kestrel|Connection id "0HN2A3B4OMGN9", Request id "0HN2A3B4OMGN9:00000001": done reading request body. 
2024-03-22 10:57:35.3354|DEBUG|Microsoft.AspNetCore.Mvc.ModelBinding.Binders.BodyModelBinder|Done attempting to bind parameter 'req' of type 'LitZhu.WebApi.Controllers.User.VerifyLoginUsernamePasswordRequest'. 
2024-03-22 10:57:35.3354|DEBUG|Microsoft.AspNetCore.Mvc.ModelBinding.ParameterBinder|Done attempting to bind parameter 'req' of type 'LitZhu.WebApi.Controllers.User.VerifyLoginUsernamePasswordRequest'. 
2024-03-22 10:57:35.3354|DEBUG|Microsoft.AspNetCore.Mvc.ModelBinding.ParameterBinder|Attempting to validate the bound parameter 'req' of type 'LitZhu.WebApi.Controllers.User.VerifyLoginUsernamePasswordRequest' ... 
2024-03-22 10:57:35.3354|DEBUG|Microsoft.AspNetCore.Mvc.ModelBinding.ParameterBinder|Done attempting to validate the bound parameter 'req' of type 'LitZhu.WebApi.Controllers.User.VerifyLoginUsernamePasswordRequest'. 
2024-03-22 10:57:35.3354|TRACE|Microsoft.AspNetCore.Mvc.Infrastructure.ControllerActionInvoker|Action Filter: Before executing OnActionExecuting on filter Microsoft.AspNetCore.Mvc.ModelBinding.UnsupportedContentTypeFilter. 
2024-03-22 10:57:35.3354|TRACE|Microsoft.AspNetCore.Mvc.Infrastructure.ControllerActionInvoker|Action Filter: After executing OnActionExecuting on filter Microsoft.AspNetCore.Mvc.ModelBinding.UnsupportedContentTypeFilter. 
2024-03-22 10:57:35.3354|TRACE|Microsoft.AspNetCore.Mvc.Infrastructure.ControllerActionInvoker|Action Filter: Before executing OnActionExecuting on filter Microsoft.AspNetCore.Mvc.Infrastructure.ModelStateInvalidFilter. 
2024-03-22 10:57:35.3354|TRACE|Microsoft.AspNetCore.Mvc.Infrastructure.ControllerActionInvoker|Action Filter: After executing OnActionExecuting on filter Microsoft.AspNetCore.Mvc.Infrastructure.ModelStateInvalidFilter. 
2024-03-22 10:57:35.3354|INFO|Microsoft.AspNetCore.Mvc.Infrastructure.ControllerActionInvoker|Executing action method LitZhu.WebApi.Controllers.User.AuthController.VerifyLoginUsernamePassword (LitZhu.WebApi) - Validation state: Valid 
2024-03-22 10:57:35.3354|TRACE|Microsoft.AspNetCore.Mvc.Infrastructure.ControllerActionInvoker|Executing action method LitZhu.WebApi.Controllers.User.AuthController.VerifyLoginUsernamePassword (LitZhu.WebApi) with arguments (VerifyLoginUsernamePasswordRequest { Username = LitZhuTest, Password = LitZhuTest }) 
2024-03-22 10:57:35.3354|DEBUG|Microsoft.EntityFrameworkCore.Database.Connection|Creating DbConnection. 
2024-03-22 10:57:35.3354|DEBUG|Microsoft.EntityFrameworkCore.Database.Connection|Created DbConnection. (0ms). 
2024-03-22 10:57:35.3354|DEBUG|Microsoft.EntityFrameworkCore.Database.Connection|Opening connection to database 'LitZhu' on server 'localhost'. 
2024-03-22 10:57:35.3480|DEBUG|Microsoft.EntityFrameworkCore.Database.Connection|Opened connection to database 'LitZhu' on server 'localhost'. 
2024-03-22 10:57:35.3480|DEBUG|Microsoft.EntityFrameworkCore.Database.Command|Creating DbCommand for 'ExecuteReader'. 
2024-03-22 10:57:35.3480|DEBUG|Microsoft.EntityFrameworkCore.Database.Command|Created DbCommand for 'ExecuteReader' (0ms). 
2024-03-22 10:57:35.3480|DEBUG|Microsoft.EntityFrameworkCore.Database.Command|Initialized DbCommand for 'ExecuteReader' (1ms). 
2024-03-22 10:57:35.3480|DEBUG|Microsoft.EntityFrameworkCore.Database.Command|Executing DbCommand [Parameters=[@__username_0='?' (Size = 10)], CommandType='Text', CommandTimeout='30']
SELECT `t`.`Id`, `t`.`Avatar`, `t`.`CreationTime`, `t`.`DeletionTime`, `t`.`Email`, `t`.`Gender`, `t`.`IsDeleted`, `t`.`LastModificationTime`, `t`.`Password`, `t`.`Phone`, `t`.`Username`, `t`.`Id0`, `t`.`AccessFailedCount`, `t`.`CreationTime0`, `t`.`IsLockOut`, `t`.`LockOutEnd`, `t`.`UserId`, `t0`.`UserId`, `t0`.`RoleId`, `t0`.`Id`, `t0`.`CreationTime`, `t0`.`DeletionTime`, `t0`.`IsDeleted`, `t0`.`LastModificationTime`, `t0`.`RoleDesc`, `t0`.`RoleName`
FROM (
    SELECT `u`.`Id`, `u`.`Avatar`, `u`.`CreationTime`, `u`.`DeletionTime`, `u`.`Email`, `u`.`Gender`, `u`.`IsDeleted`, `u`.`LastModificationTime`, `u`.`Password`, `u`.`Phone`, `u`.`Username`, `u0`.`Id` AS `Id0`, `u0`.`AccessFailedCount`, `u0`.`CreationTime` AS `CreationTime0`, `u0`.`IsLockOut`, `u0`.`LockOutEnd`, `u0`.`UserId`
    FROM `Users` AS `u`
    LEFT JOIN `UserAccessFails` AS `u0` ON `u`.`Id` = `u0`.`UserId`
    WHERE NOT (`u`.`IsDeleted`) AND (`u`.`Username` = @__username_0)
    LIMIT 1
) AS `t`
LEFT JOIN (
    SELECT `u1`.`UserId`, `u1`.`RoleId`, `t1`.`Id`, `t1`.`CreationTime`, `t1`.`DeletionTime`, `t1`.`IsDeleted`, `t1`.`LastModificationTime`, `t1`.`RoleDesc`, `t1`.`RoleName`
    FROM `Users_Roles` AS `u1`
    INNER JOIN (
        SELECT `r`.`Id`, `r`.`CreationTime`, `r`.`DeletionTime`, `r`.`IsDeleted`, `r`.`LastModificationTime`, `r`.`RoleDesc`, `r`.`RoleName`
        FROM `Roles` AS `r`
        WHERE NOT (`r`.`IsDeleted`)
    ) AS `t1` ON `u1`.`RoleId` = `t1`.`Id`
) AS `t0` ON `t`.`Id` = `t0`.`UserId`
ORDER BY `t`.`Id`, `t`.`Id0`, `t0`.`UserId`, `t0`.`RoleId` 
2024-03-22 10:57:35.3480|INFO|Microsoft.EntityFrameworkCore.Database.Command|Executed DbCommand (6ms) [Parameters=[@__username_0='?' (Size = 10)], CommandType='Text', CommandTimeout='30']
SELECT `t`.`Id`, `t`.`Avatar`, `t`.`CreationTime`, `t`.`DeletionTime`, `t`.`Email`, `t`.`Gender`, `t`.`IsDeleted`, `t`.`LastModificationTime`, `t`.`Password`, `t`.`Phone`, `t`.`Username`, `t`.`Id0`, `t`.`AccessFailedCount`, `t`.`CreationTime0`, `t`.`IsLockOut`, `t`.`LockOutEnd`, `t`.`UserId`, `t0`.`UserId`, `t0`.`RoleId`, `t0`.`Id`, `t0`.`CreationTime`, `t0`.`DeletionTime`, `t0`.`IsDeleted`, `t0`.`LastModificationTime`, `t0`.`RoleDesc`, `t0`.`RoleName`
FROM (
    SELECT `u`.`Id`, `u`.`Avatar`, `u`.`CreationTime`, `u`.`DeletionTime`, `u`.`Email`, `u`.`Gender`, `u`.`IsDeleted`, `u`.`LastModificationTime`, `u`.`Password`, `u`.`Phone`, `u`.`Username`, `u0`.`Id` AS `Id0`, `u0`.`AccessFailedCount`, `u0`.`CreationTime` AS `CreationTime0`, `u0`.`IsLockOut`, `u0`.`LockOutEnd`, `u0`.`UserId`
    FROM `Users` AS `u`
    LEFT JOIN `UserAccessFails` AS `u0` ON `u`.`Id` = `u0`.`UserId`
    WHERE NOT (`u`.`IsDeleted`) AND (`u`.`Username` = @__username_0)
    LIMIT 1
) AS `t`
LEFT JOIN (
    SELECT `u1`.`UserId`, `u1`.`RoleId`, `t1`.`Id`, `t1`.`CreationTime`, `t1`.`DeletionTime`, `t1`.`IsDeleted`, `t1`.`LastModificationTime`, `t1`.`RoleDesc`, `t1`.`RoleName`
    FROM `Users_Roles` AS `u1`
    INNER JOIN (
        SELECT `r`.`Id`, `r`.`CreationTime`, `r`.`DeletionTime`, `r`.`IsDeleted`, `r`.`LastModificationTime`, `r`.`RoleDesc`, `r`.`RoleName`
        FROM `Roles` AS `r`
        WHERE NOT (`r`.`IsDeleted`)
    ) AS `t1` ON `u1`.`RoleId` = `t1`.`Id`
) AS `t0` ON `t`.`Id` = `t0`.`UserId`
ORDER BY `t`.`Id`, `t`.`Id0`, `t0`.`UserId`, `t0`.`RoleId` 
2024-03-22 10:57:35.3480|DEBUG|Microsoft.EntityFrameworkCore.ChangeTracking|Context 'UserDbContext' started tracking 'Users' entity. Consider using 'DbContextOptionsBuilder.EnableSensitiveDataLogging' to see key values. 
2024-03-22 10:57:35.3480|DEBUG|Microsoft.EntityFrameworkCore.ChangeTracking|The navigation 'Users.UserAccessFail' was detected as changed. Consider using 'DbContextOptionsBuilder.EnableSensitiveDataLogging' to see key values. 
2024-03-22 10:57:35.3480|DEBUG|Microsoft.EntityFrameworkCore.ChangeTracking|Context 'UserDbContext' started tracking 'UserAccessFail' entity. Consider using 'DbContextOptionsBuilder.EnableSensitiveDataLogging' to see key values. 
2024-03-22 10:57:35.3480|DEBUG|Microsoft.EntityFrameworkCore.Database.Command|Closing data reader to 'LitZhu' on server 'localhost'. 
2024-03-22 10:57:35.3480|DEBUG|Microsoft.EntityFrameworkCore.Database.Command|A data reader for 'LitZhu' on server 'localhost' is being disposed after spending 1ms reading results. 
2024-03-22 10:57:35.3480|DEBUG|Microsoft.EntityFrameworkCore.Database.Connection|Closing connection to database 'LitZhu' on server 'localhost'. 
2024-03-22 10:57:35.3480|DEBUG|Microsoft.EntityFrameworkCore.Database.Connection|Closed connection to database 'LitZhu' on server 'localhost' (0ms). 
2024-03-22 10:57:35.3480|DEBUG|Microsoft.EntityFrameworkCore.Database.Connection|Opening connection to database 'LitZhu' on server 'localhost'. 
2024-03-22 10:57:35.3680|DEBUG|Microsoft.EntityFrameworkCore.Database.Connection|Opened connection to database 'LitZhu' on server 'localhost'. 
2024-03-22 10:57:35.3680|DEBUG|Microsoft.EntityFrameworkCore.Database.Command|Creating DbCommand for 'ExecuteReader'. 
2024-03-22 10:57:35.3680|DEBUG|Microsoft.EntityFrameworkCore.Database.Command|Created DbCommand for 'ExecuteReader' (0ms). 
2024-03-22 10:57:35.3680|DEBUG|Microsoft.EntityFrameworkCore.Database.Command|Initialized DbCommand for 'ExecuteReader' (0ms). 
2024-03-22 10:57:35.3680|DEBUG|Microsoft.EntityFrameworkCore.Database.Command|Executing DbCommand [Parameters=[@__username_0='?' (Size = 10)], CommandType='Text', CommandTimeout='30']
SELECT `t`.`Id`, `t`.`Avatar`, `t`.`CreationTime`, `t`.`DeletionTime`, `t`.`Email`, `t`.`Gender`, `t`.`IsDeleted`, `t`.`LastModificationTime`, `t`.`Password`, `t`.`Phone`, `t`.`Username`, `t`.`Id0`, `t`.`AccessFailedCount`, `t`.`CreationTime0`, `t`.`IsLockOut`, `t`.`LockOutEnd`, `t`.`UserId`, `t0`.`UserId`, `t0`.`RoleId`, `t0`.`Id`, `t0`.`CreationTime`, `t0`.`DeletionTime`, `t0`.`IsDeleted`, `t0`.`LastModificationTime`, `t0`.`RoleDesc`, `t0`.`RoleName`
FROM (
    SELECT `u`.`Id`, `u`.`Avatar`, `u`.`CreationTime`, `u`.`DeletionTime`, `u`.`Email`, `u`.`Gender`, `u`.`IsDeleted`, `u`.`LastModificationTime`, `u`.`Password`, `u`.`Phone`, `u`.`Username`, `u0`.`Id` AS `Id0`, `u0`.`AccessFailedCount`, `u0`.`CreationTime` AS `CreationTime0`, `u0`.`IsLockOut`, `u0`.`LockOutEnd`, `u0`.`UserId`
    FROM `Users` AS `u`
    LEFT JOIN `UserAccessFails` AS `u0` ON `u`.`Id` = `u0`.`UserId`
    WHERE NOT (`u`.`IsDeleted`) AND (`u`.`Username` = @__username_0)
    LIMIT 1
) AS `t`
LEFT JOIN (
    SELECT `u1`.`UserId`, `u1`.`RoleId`, `t1`.`Id`, `t1`.`CreationTime`, `t1`.`DeletionTime`, `t1`.`IsDeleted`, `t1`.`LastModificationTime`, `t1`.`RoleDesc`, `t1`.`RoleName`
    FROM `Users_Roles` AS `u1`
    INNER JOIN (
        SELECT `r`.`Id`, `r`.`CreationTime`, `r`.`DeletionTime`, `r`.`IsDeleted`, `r`.`LastModificationTime`, `r`.`RoleDesc`, `r`.`RoleName`
        FROM `Roles` AS `r`
        WHERE NOT (`r`.`IsDeleted`)
    ) AS `t1` ON `u1`.`RoleId` = `t1`.`Id`
) AS `t0` ON `t`.`Id` = `t0`.`UserId`
ORDER BY `t`.`Id`, `t`.`Id0`, `t0`.`UserId`, `t0`.`RoleId` 
2024-03-22 10:57:35.3680|INFO|Microsoft.EntityFrameworkCore.Database.Command|Executed DbCommand (5ms) [Parameters=[@__username_0='?' (Size = 10)], CommandType='Text', CommandTimeout='30']
SELECT `t`.`Id`, `t`.`Avatar`, `t`.`CreationTime`, `t`.`DeletionTime`, `t`.`Email`, `t`.`Gender`, `t`.`IsDeleted`, `t`.`LastModificationTime`, `t`.`Password`, `t`.`Phone`, `t`.`Username`, `t`.`Id0`, `t`.`AccessFailedCount`, `t`.`CreationTime0`, `t`.`IsLockOut`, `t`.`LockOutEnd`, `t`.`UserId`, `t0`.`UserId`, `t0`.`RoleId`, `t0`.`Id`, `t0`.`CreationTime`, `t0`.`DeletionTime`, `t0`.`IsDeleted`, `t0`.`LastModificationTime`, `t0`.`RoleDesc`, `t0`.`RoleName`
FROM (
    SELECT `u`.`Id`, `u`.`Avatar`, `u`.`CreationTime`, `u`.`DeletionTime`, `u`.`Email`, `u`.`Gender`, `u`.`IsDeleted`, `u`.`LastModificationTime`, `u`.`Password`, `u`.`Phone`, `u`.`Username`, `u0`.`Id` AS `Id0`, `u0`.`AccessFailedCount`, `u0`.`CreationTime` AS `CreationTime0`, `u0`.`IsLockOut`, `u0`.`LockOutEnd`, `u0`.`UserId`
    FROM `Users` AS `u`
    LEFT JOIN `UserAccessFails` AS `u0` ON `u`.`Id` = `u0`.`UserId`
    WHERE NOT (`u`.`IsDeleted`) AND (`u`.`Username` = @__username_0)
    LIMIT 1
) AS `t`
LEFT JOIN (
    SELECT `u1`.`UserId`, `u1`.`RoleId`, `t1`.`Id`, `t1`.`CreationTime`, `t1`.`DeletionTime`, `t1`.`IsDeleted`, `t1`.`LastModificationTime`, `t1`.`RoleDesc`, `t1`.`RoleName`
    FROM `Users_Roles` AS `u1`
    INNER JOIN (
        SELECT `r`.`Id`, `r`.`CreationTime`, `r`.`DeletionTime`, `r`.`IsDeleted`, `r`.`LastModificationTime`, `r`.`RoleDesc`, `r`.`RoleName`
        FROM `Roles` AS `r`
        WHERE NOT (`r`.`IsDeleted`)
    ) AS `t1` ON `u1`.`RoleId` = `t1`.`Id`
) AS `t0` ON `t`.`Id` = `t0`.`UserId`
ORDER BY `t`.`Id`, `t`.`Id0`, `t0`.`UserId`, `t0`.`RoleId` 
2024-03-22 10:57:35.3680|DEBUG|Microsoft.EntityFrameworkCore.Database.Command|Closing data reader to 'LitZhu' on server 'localhost'. 
2024-03-22 10:57:35.3680|DEBUG|Microsoft.EntityFrameworkCore.Database.Command|A data reader for 'LitZhu' on server 'localhost' is being disposed after spending 0ms reading results. 
2024-03-22 10:57:35.3680|DEBUG|Microsoft.EntityFrameworkCore.Database.Connection|Closing connection to database 'LitZhu' on server 'localhost'. 
2024-03-22 10:57:35.3680|DEBUG|Microsoft.EntityFrameworkCore.Database.Connection|Closed connection to database 'LitZhu' on server 'localhost' (0ms). 
2024-03-22 10:57:35.3680|DEBUG|Microsoft.EntityFrameworkCore.ChangeTracking|'UserDbContext' generated a temporary value for the property 'UserLoginHistory.Id'. Consider using 'DbContextOptionsBuilder.EnableSensitiveDataLogging' to see key values. 
2024-03-22 10:57:35.3680|DEBUG|Microsoft.EntityFrameworkCore.ChangeTracking|Context 'UserDbContext' started tracking 'UserLoginHistory' entity. Consider using 'DbContextOptionsBuilder.EnableSensitiveDataLogging' to see key values. 
2024-03-22 10:57:35.3680|DEBUG|Microsoft.EntityFrameworkCore.Update|SaveChanges starting for 'UserDbContext'. 
2024-03-22 10:57:35.3680|DEBUG|Microsoft.EntityFrameworkCore.ChangeTracking|DetectChanges starting for 'UserDbContext'. 
2024-03-22 10:57:35.3680|DEBUG|Microsoft.EntityFrameworkCore.ChangeTracking|DetectChanges completed for 'UserDbContext'. 
2024-03-22 10:57:35.3680|DEBUG|Microsoft.EntityFrameworkCore.Database.Connection|Opening connection to database 'LitZhu' on server 'localhost'. 
2024-03-22 10:57:35.3680|DEBUG|Microsoft.EntityFrameworkCore.Database.Connection|Opened connection to database 'LitZhu' on server 'localhost'. 
2024-03-22 10:57:35.3680|DEBUG|Microsoft.EntityFrameworkCore.Database.Transaction|Beginning transaction with isolation level 'Unspecified'. 
2024-03-22 10:57:35.3807|DEBUG|Microsoft.EntityFrameworkCore.Database.Transaction|Began transaction with isolation level 'Unspecified'. 
2024-03-22 10:57:35.3807|DEBUG|Microsoft.EntityFrameworkCore.Database.Command|Creating DbCommand for 'ExecuteReader'. 
2024-03-22 10:57:35.3807|DEBUG|Microsoft.EntityFrameworkCore.Database.Command|Created DbCommand for 'ExecuteReader' (0ms). 
2024-03-22 10:57:35.3807|DEBUG|Microsoft.EntityFrameworkCore.Database.Command|Initialized DbCommand for 'ExecuteReader' (0ms). 
2024-03-22 10:57:35.3807|DEBUG|Microsoft.EntityFrameworkCore.Database.Command|Executing DbCommand [Parameters=[@p0='?' (Size = 4000), @p1='?' (DbType = DateTime), @p2='?' (Size = 4000), @p3='?' (DbType = Guid), @p4='?' (Size = 4000)], CommandType='Text', CommandTimeout='30']
INSERT INTO `UserLoginHistories` (`Email`, `LoginTime`, `Message`, `UserId`, `Username`)
VALUES (@p0, @p1, @p2, @p3, @p4);
SELECT `Id`
FROM `UserLoginHistories`
WHERE ROW_COUNT() = 1 AND `Id` = LAST_INSERT_ID(); 
2024-03-22 10:57:35.3807|INFO|Microsoft.EntityFrameworkCore.Database.Command|Executed DbCommand (2ms) [Parameters=[@p0='?' (Size = 4000), @p1='?' (DbType = DateTime), @p2='?' (Size = 4000), @p3='?' (DbType = Guid), @p4='?' (Size = 4000)], CommandType='Text', CommandTimeout='30']
INSERT INTO `UserLoginHistories` (`Email`, `LoginTime`, `Message`, `UserId`, `Username`)
VALUES (@p0, @p1, @p2, @p3, @p4);
SELECT `Id`
FROM `UserLoginHistories`
WHERE ROW_COUNT() = 1 AND `Id` = LAST_INSERT_ID(); 
2024-03-22 10:57:35.3807|DEBUG|Microsoft.EntityFrameworkCore.ChangeTracking|The foreign key property 'UserLoginHistory.Id' was detected as changed. Consider using 'DbContextOptionsBuilder.EnableSensitiveDataLogging' to see property values. 
2024-03-22 10:57:35.3807|DEBUG|Microsoft.EntityFrameworkCore.Database.Command|Closing data reader to 'LitZhu' on server 'localhost'. 
2024-03-22 10:57:35.3807|DEBUG|Microsoft.EntityFrameworkCore.Database.Command|A data reader for 'LitZhu' on server 'localhost' is being disposed after spending 0ms reading results. 
2024-03-22 10:57:35.3807|DEBUG|Microsoft.EntityFrameworkCore.Database.Transaction|Committing transaction. 
2024-03-22 10:57:35.3807|DEBUG|Microsoft.EntityFrameworkCore.Database.Transaction|Committed transaction. 
2024-03-22 10:57:35.3807|DEBUG|Microsoft.EntityFrameworkCore.Database.Connection|Closing connection to database 'LitZhu' on server 'localhost'. 
2024-03-22 10:57:35.3807|DEBUG|Microsoft.EntityFrameworkCore.Database.Connection|Closed connection to database 'LitZhu' on server 'localhost' (0ms). 
2024-03-22 10:57:35.3807|DEBUG|Microsoft.EntityFrameworkCore.Database.Transaction|Disposing transaction. 
2024-03-22 10:57:35.3807|DEBUG|Microsoft.EntityFrameworkCore.ChangeTracking|An entity of type 'UserLoginHistory' tracked by 'UserDbContext' changed state from 'Added' to 'Unchanged'. Consider using 'DbContextOptionsBuilder.EnableSensitiveDataLogging' to see key values. 
2024-03-22 10:57:35.3807|DEBUG|Microsoft.EntityFrameworkCore.Update|SaveChanges completed for 'UserDbContext' with 1 entities written to the database. 
2024-03-22 10:57:35.3955|DEBUG|LitZhu.WebApi.Controllers.User.AuthController|进行登录 
2024-03-22 10:57:35.3955|INFO|Microsoft.AspNetCore.Mvc.Infrastructure.ControllerActionInvoker|Executed action method LitZhu.WebApi.Controllers.User.AuthController.VerifyLoginUsernamePassword (LitZhu.WebApi), returned result Microsoft.AspNetCore.Mvc.OkObjectResult in 51.5822ms. 
2024-03-22 10:57:35.3955|TRACE|Microsoft.AspNetCore.Mvc.Infrastructure.ControllerActionInvoker|Action Filter: Before executing OnActionExecuted on filter Microsoft.AspNetCore.Mvc.Infrastructure.ModelStateInvalidFilter. 
2024-03-22 10:57:35.3955|TRACE|Microsoft.AspNetCore.Mvc.Infrastructure.ControllerActionInvoker|Action Filter: After executing OnActionExecuted on filter Microsoft.AspNetCore.Mvc.Infrastructure.ModelStateInvalidFilter. 
2024-03-22 10:57:35.3955|TRACE|Microsoft.AspNetCore.Mvc.Infrastructure.ControllerActionInvoker|Action Filter: Before executing OnActionExecuted on filter Microsoft.AspNetCore.Mvc.ModelBinding.UnsupportedContentTypeFilter. 
2024-03-22 10:57:35.3955|TRACE|Microsoft.AspNetCore.Mvc.Infrastructure.ControllerActionInvoker|Action Filter: After executing OnActionExecuted on filter Microsoft.AspNetCore.Mvc.ModelBinding.UnsupportedContentTypeFilter. 
2024-03-22 10:57:35.3955|TRACE|Microsoft.AspNetCore.Mvc.Infrastructure.ControllerActionInvoker|Result Filter: Before executing OnResultExecuting on filter Microsoft.AspNetCore.Mvc.Infrastructure.ClientErrorResultFilter. 
2024-03-22 10:57:35.3955|TRACE|Microsoft.AspNetCore.Mvc.Infrastructure.ControllerActionInvoker|Result Filter: After executing OnResultExecuting on filter Microsoft.AspNetCore.Mvc.Infrastructure.ClientErrorResultFilter. 
2024-03-22 10:57:35.3955|TRACE|Microsoft.AspNetCore.Mvc.Infrastructure.ControllerActionInvoker|Before executing action result Microsoft.AspNetCore.Mvc.OkObjectResult. 
2024-03-22 10:57:35.3955|DEBUG|Microsoft.AspNetCore.Mvc.Infrastructure.DefaultOutputFormatterSelector|List of registered output formatters, in the following order: Microsoft.AspNetCore.Mvc.Formatters.HttpNoContentOutputFormatter, Microsoft.AspNetCore.Mvc.Formatters.StringOutputFormatter, Microsoft.AspNetCore.Mvc.Formatters.StreamOutputFormatter, Microsoft.AspNetCore.Mvc.Formatters.NewtonsoftJsonOutputFormatter 
2024-03-22 10:57:35.3955|DEBUG|Microsoft.AspNetCore.Mvc.Infrastructure.DefaultOutputFormatterSelector|No information found on request to perform content negotiation. 
2024-03-22 10:57:35.3955|DEBUG|Microsoft.AspNetCore.Mvc.Infrastructure.DefaultOutputFormatterSelector|Attempting to select an output formatter without using a content type as no explicit content types were specified for the response. 
2024-03-22 10:57:35.3955|DEBUG|Microsoft.AspNetCore.Mvc.Infrastructure.DefaultOutputFormatterSelector|Attempting to select the first formatter in the output formatters list which can write the result. 
2024-03-22 10:57:35.3955|DEBUG|Microsoft.AspNetCore.Mvc.Infrastructure.DefaultOutputFormatterSelector|Selected output formatter 'Microsoft.AspNetCore.Mvc.Formatters.NewtonsoftJsonOutputFormatter' and content type 'application/json' to write the response. 
2024-03-22 10:57:35.3955|INFO|Microsoft.AspNetCore.Mvc.Infrastructure.ObjectResultExecutor|Executing OkObjectResult, writing value of type 'LitZhu.WebApi.R'. 
2024-03-22 10:57:35.3955|TRACE|Microsoft.AspNetCore.Mvc.Infrastructure.ControllerActionInvoker|After executing action result Microsoft.AspNetCore.Mvc.OkObjectResult. 
2024-03-22 10:57:35.3955|TRACE|Microsoft.AspNetCore.Mvc.Infrastructure.ControllerActionInvoker|Result Filter: Before executing OnResultExecuted on filter Microsoft.AspNetCore.Mvc.Infrastructure.ClientErrorResultFilter. 
2024-03-22 10:57:35.3955|TRACE|Microsoft.AspNetCore.Mvc.Infrastructure.ControllerActionInvoker|Result Filter: After executing OnResultExecuted on filter Microsoft.AspNetCore.Mvc.Infrastructure.ClientErrorResultFilter. 
2024-03-22 10:57:35.3955|INFO|Microsoft.AspNetCore.Mvc.Infrastructure.ControllerActionInvoker|Executed action LitZhu.WebApi.Controllers.User.AuthController.VerifyLoginUsernamePassword (LitZhu.WebApi) in 54.8634ms 
2024-03-22 10:57:35.3955|INFO|Microsoft.AspNetCore.Routing.EndpointMiddleware|Executed endpoint 'LitZhu.WebApi.Controllers.User.AuthController.VerifyLoginUsernamePassword (LitZhu.WebApi)' 
2024-03-22 10:57:35.3955|DEBUG|Microsoft.AspNetCore.Server.Kestrel.Connections|Connection id "0HN2A3B4OMGN9" completed keep alive response. 
2024-03-22 10:57:35.3955|DEBUG|Microsoft.EntityFrameworkCore.Infrastructure|'UserDbContext' disposed. 
2024-03-22 10:57:35.3955|DEBUG|Microsoft.EntityFrameworkCore.Database.Connection|Disposing connection to database 'LitZhu' on server 'localhost'. 
2024-03-22 10:57:35.3955|DEBUG|Microsoft.EntityFrameworkCore.Database.Connection|Disposed connection to database 'LitZhu' on server 'localhost' (0ms). 
2024-03-22 10:57:35.3955|INFO|Microsoft.AspNetCore.Hosting.Diagnostics|Request finished HTTP/1.1 POST https://localhost:7290/api/Auth/Login - 200 521 application/json;+charset=utf-8 56.3654ms 
2024-03-22 10:57:35.3955|DEBUG|Microsoft.AspNetCore.Server.Kestrel.Transport.Sockets|Connection id "0HN2A3B4OMGN9" received FIN. 
2024-03-22 10:57:35.3955|DEBUG|Microsoft.AspNetCore.Server.Kestrel.Transport.Sockets|Connection id "0HN2A3B4OMGN9" sending FIN because: "The Socket transport's send loop completed gracefully." 
2024-03-22 10:57:35.3955|DEBUG|Microsoft.AspNetCore.Server.Kestrel.Connections|Connection id "0HN2A3B4OMGN9" disconnecting. 
2024-03-22 10:57:35.3955|DEBUG|Microsoft.AspNetCore.Server.Kestrel.Connections|Connection id "0HN2A3B4OMGN9" stopped. 
2024-03-22 10:59:02.7786|DEBUG|Microsoft.AspNetCore.Server.Kestrel.Connections|Connection id "0HN2A3B4OMGNA" accepted. 
2024-03-22 10:59:02.7786|DEBUG|Microsoft.AspNetCore.Server.Kestrel.Connections|Connection id "0HN2A3B4OMGNA" started. 
2024-03-22 10:59:02.7786|DEBUG|Microsoft.AspNetCore.Server.Kestrel.Https.Internal.HttpsConnectionMiddleware|Connection 0HN2A3B4OMGNA established using the following protocol: Tls13 
2024-03-22 10:59:02.7857|INFO|Microsoft.AspNetCore.Hosting.Diagnostics|Request starting HTTP/1.1 GET https://localhost:7290/api/Article?PageIndex=1&PageSize=10&Q=&OrderBy=likes - application/json - 
2024-03-22 10:59:02.7857|TRACE|Microsoft.AspNetCore.HostFiltering.HostFilteringMiddleware|All hosts are allowed. 
2024-03-22 10:59:02.7857|DEBUG|Microsoft.AspNetCore.Routing.Matching.DfaMatcher|1 candidate(s) found for the request path '/api/Article' 
2024-03-22 10:59:02.7857|DEBUG|Microsoft.AspNetCore.Routing.Matching.DfaMatcher|Endpoint 'LitZhu.WebApi.Controllers.Article.ArticleController.GetArticle (LitZhu.WebApi)' with route pattern 'api/Article' is valid for the request path '/api/Article' 
2024-03-22 10:59:02.7857|DEBUG|Microsoft.AspNetCore.Routing.EndpointRoutingMiddleware|Request matched endpoint 'LitZhu.WebApi.Controllers.Article.ArticleController.GetArticle (LitZhu.WebApi)' 
2024-03-22 10:59:02.7857|TRACE|Microsoft.AspNetCore.Routing.EndpointRoutingMiddleware|The endpoint does not specify the IRequestSizeLimitMetadata. 
2024-03-22 10:59:02.7857|DEBUG|Microsoft.AspNetCore.StaticFiles.StaticFileMiddleware|Static files was skipped as the request already matched an endpoint. 
2024-03-22 10:59:02.8485|DEBUG|Microsoft.AspNetCore.Authentication.JwtBearer.JwtBearerHandler|Successfully validated the token. 
2024-03-22 10:59:02.8485|DEBUG|Microsoft.AspNetCore.Authentication.JwtBearer.JwtBearerHandler|AuthenticationScheme: Bearer was successfully authenticated. 
2024-03-22 10:59:02.8485|INFO|Microsoft.AspNetCore.Routing.EndpointMiddleware|Executing endpoint 'LitZhu.WebApi.Controllers.Article.ArticleController.GetArticle (LitZhu.WebApi)' 
2024-03-22 10:59:02.8647|INFO|Microsoft.AspNetCore.Mvc.Infrastructure.ControllerActionInvoker|Route matched with {action = "GetArticle", controller = "Article"}. Executing controller action with signature System.Threading.Tasks.Task`1[Microsoft.AspNetCore.Mvc.ActionResult`1[System.Collections.Generic.List`1[Article.Domain.DTO.ArticleDto]]] GetArticle(Article.Domain.DTO.ArticleParametersDto) on controller LitZhu.WebApi.Controllers.Article.ArticleController (LitZhu.WebApi). 
2024-03-22 10:59:02.8647|DEBUG|Microsoft.AspNetCore.Mvc.Infrastructure.ControllerActionInvoker|Execution plan of authorization filters (in the following order): None 
2024-03-22 10:59:02.8647|DEBUG|Microsoft.AspNetCore.Mvc.Infrastructure.ControllerActionInvoker|Execution plan of resource filters (in the following order): None 
2024-03-22 10:59:02.8647|DEBUG|Microsoft.AspNetCore.Mvc.Infrastructure.ControllerActionInvoker|Execution plan of action filters (in the following order): Microsoft.AspNetCore.Mvc.ModelBinding.UnsupportedContentTypeFilter (Order: -3000), Microsoft.AspNetCore.Mvc.Infrastructure.ModelStateInvalidFilter (Order: -2000) 
2024-03-22 10:59:02.8647|DEBUG|Microsoft.AspNetCore.Mvc.Infrastructure.ControllerActionInvoker|Execution plan of exception filters (in the following order): None 
2024-03-22 10:59:02.8647|DEBUG|Microsoft.AspNetCore.Mvc.Infrastructure.ControllerActionInvoker|Execution plan of result filters (in the following order): Microsoft.AspNetCore.Mvc.Infrastructure.ClientErrorResultFilter (Order: -2000) 
2024-03-22 10:59:02.8647|DEBUG|Microsoft.AspNetCore.Mvc.Infrastructure.ControllerActionInvoker|Executing controller factory for controller LitZhu.WebApi.Controllers.Article.ArticleController (LitZhu.WebApi) 
2024-03-22 10:59:02.9139|DEBUG|Microsoft.EntityFrameworkCore.Model|The index {'ArticleId'} was not created on entity type 'ArticleTags' as the properties are already covered by the index {'ArticleId', 'TagId'}. 
2024-03-22 10:59:02.9139|WARN|Microsoft.EntityFrameworkCore.Model.Validation|Entity 'Articles' has a global query filter defined and is the required end of a relationship with the entity 'ArticleTags'. This may lead to unexpected results when the required entity is filtered out. Either configure the navigation as optional, or define matching query filters for both entities in the navigation. See https://go.microsoft.com/fwlink/?linkid=2131316 for more information. 
2024-03-22 10:59:02.9297|WARN|Microsoft.EntityFrameworkCore.Model.Validation|Entity 'Articles' has a global query filter defined and is the required end of a relationship with the entity 'Comments'. This may lead to unexpected results when the required entity is filtered out. Either configure the navigation as optional, or define matching query filters for both entities in the navigation. See https://go.microsoft.com/fwlink/?linkid=2131316 for more information. 
2024-03-22 10:59:02.9463|DEBUG|Microsoft.EntityFrameworkCore.Infrastructure|Entity Framework Core 8.0.1 initialized 'ArticleDbContext' using provider 'Pomelo.EntityFrameworkCore.MySql:8.0.1' with options: ServerVersion=8.0.23-mysql  
2024-03-22 10:59:03.1465|DEBUG|Microsoft.AspNetCore.Mvc.Infrastructure.ControllerActionInvoker|Executed controller factory for controller LitZhu.WebApi.Controllers.Article.ArticleController (LitZhu.WebApi) 
2024-03-22 10:59:03.1465|DEBUG|Microsoft.AspNetCore.Mvc.ModelBinding.ParameterBinder|Attempting to bind parameter 'parameters' of type 'Article.Domain.DTO.ArticleParametersDto' ... 
2024-03-22 10:59:03.1465|DEBUG|Microsoft.AspNetCore.Mvc.ModelBinding.Binders.ComplexObjectModelBinder|Attempting to bind parameter 'parameters' of type 'Article.Domain.DTO.ArticleParametersDto' using the name '' in request data ... 
2024-03-22 10:59:03.1465|DEBUG|Microsoft.AspNetCore.Mvc.ModelBinding.Binders.SimpleTypeModelBinder|Attempting to bind parameter 'Q' of type 'System.String' using the name 'Q' in request data ... 
2024-03-22 10:59:03.1465|DEBUG|Microsoft.AspNetCore.Mvc.ModelBinding.Binders.SimpleTypeModelBinder|Done attempting to bind parameter 'Q' of type 'System.String'. 
2024-03-22 10:59:03.1465|DEBUG|Microsoft.AspNetCore.Mvc.ModelBinding.Binders.SimpleTypeModelBinder|Attempting to bind parameter 'PageIndex' of type 'System.Int32' using the name 'PageIndex' in request data ... 
2024-03-22 10:59:03.1465|DEBUG|Microsoft.AspNetCore.Mvc.ModelBinding.Binders.SimpleTypeModelBinder|Done attempting to bind parameter 'PageIndex' of type 'System.Int32'. 
2024-03-22 10:59:03.1465|DEBUG|Microsoft.AspNetCore.Mvc.ModelBinding.Binders.SimpleTypeModelBinder|Attempting to bind parameter 'PageSize' of type 'System.Int32' using the name 'PageSize' in request data ... 
2024-03-22 10:59:03.1465|DEBUG|Microsoft.AspNetCore.Mvc.ModelBinding.Binders.SimpleTypeModelBinder|Done attempting to bind parameter 'PageSize' of type 'System.Int32'. 
2024-03-22 10:59:03.1465|DEBUG|Microsoft.AspNetCore.Mvc.ModelBinding.Binders.SimpleTypeModelBinder|Attempting to bind parameter 'OrderBy' of type 'System.String' using the name 'OrderBy' in request data ... 
2024-03-22 10:59:03.1465|DEBUG|Microsoft.AspNetCore.Mvc.ModelBinding.Binders.SimpleTypeModelBinder|Done attempting to bind parameter 'OrderBy' of type 'System.String'. 
2024-03-22 10:59:03.1465|DEBUG|Microsoft.AspNetCore.Mvc.ModelBinding.Binders.ComplexObjectModelBinder|Done attempting to bind parameter 'parameters' of type 'Article.Domain.DTO.ArticleParametersDto'. 
2024-03-22 10:59:03.1465|DEBUG|Microsoft.AspNetCore.Mvc.ModelBinding.ParameterBinder|Done attempting to bind parameter 'parameters' of type 'Article.Domain.DTO.ArticleParametersDto'. 
2024-03-22 10:59:03.1465|DEBUG|Microsoft.AspNetCore.Mvc.ModelBinding.ParameterBinder|Attempting to validate the bound parameter 'parameters' of type 'Article.Domain.DTO.ArticleParametersDto' ... 
2024-03-22 10:59:03.1465|DEBUG|Microsoft.AspNetCore.Mvc.ModelBinding.ParameterBinder|Done attempting to validate the bound parameter 'parameters' of type 'Article.Domain.DTO.ArticleParametersDto'. 
2024-03-22 10:59:03.1601|TRACE|Microsoft.AspNetCore.Mvc.Infrastructure.ControllerActionInvoker|Action Filter: Before executing OnActionExecuting on filter Microsoft.AspNetCore.Mvc.ModelBinding.UnsupportedContentTypeFilter. 
2024-03-22 10:59:03.1601|TRACE|Microsoft.AspNetCore.Mvc.Infrastructure.ControllerActionInvoker|Action Filter: After executing OnActionExecuting on filter Microsoft.AspNetCore.Mvc.ModelBinding.UnsupportedContentTypeFilter. 
2024-03-22 10:59:03.1601|TRACE|Microsoft.AspNetCore.Mvc.Infrastructure.ControllerActionInvoker|Action Filter: Before executing OnActionExecuting on filter Microsoft.AspNetCore.Mvc.Infrastructure.ModelStateInvalidFilter. 
2024-03-22 10:59:03.1601|TRACE|Microsoft.AspNetCore.Mvc.Infrastructure.ControllerActionInvoker|Action Filter: After executing OnActionExecuting on filter Microsoft.AspNetCore.Mvc.Infrastructure.ModelStateInvalidFilter. 
2024-03-22 10:59:03.1601|INFO|Microsoft.AspNetCore.Mvc.Infrastructure.ControllerActionInvoker|Executing action method LitZhu.WebApi.Controllers.Article.ArticleController.GetArticle (LitZhu.WebApi) - Validation state: Valid 
2024-03-22 10:59:03.1601|TRACE|Microsoft.AspNetCore.Mvc.Infrastructure.ControllerActionInvoker|Executing action method LitZhu.WebApi.Controllers.Article.ArticleController.GetArticle (LitZhu.WebApi) with arguments (ArticleParametersDto { Q = , PageIndex = 1, PageSize = 10, OrderBy = likes }) 
2024-03-22 10:59:03.1601|DEBUG|Microsoft.EntityFrameworkCore.Query|Compiling query expression: 
'DbSet<Articles>()
    .Include(x => x.Comments)
    .Include(x => x.ArticleTagsList)
    .ThenInclude(at => at.Tags)
    .OrderByDescending(x => x.Likes)
    .Skip(__p_0)
    .Take(__p_1)' 
2024-03-22 10:59:03.1601|DEBUG|Microsoft.EntityFrameworkCore.Query|Including navigation: 'Articles.Comments'. 
2024-03-22 10:59:03.1601|DEBUG|Microsoft.EntityFrameworkCore.Query|Including navigation: 'Articles.ArticleTagsList'. 
2024-03-22 10:59:03.1601|DEBUG|Microsoft.EntityFrameworkCore.Query|Including navigation: 'ArticleTags.Tags'. 
2024-03-22 10:59:03.2109|WARN|Microsoft.EntityFrameworkCore.Query|Compiling a query which loads related collections for more than one collection navigation, either via 'Include' or through projection, but no 'QuerySplittingBehavior' has been configured. By default, Entity Framework will use 'QuerySplittingBehavior.SingleQuery', which can potentially result in slow query performance. See https://go.microsoft.com/fwlink/?linkid=2134277 for more information. To identify the query that's triggering this warning call 'ConfigureWarnings(w => w.Throw(RelationalEventId.MultipleCollectionIncludeWarning))'. 
2024-03-22 10:59:03.2109|DEBUG|Microsoft.EntityFrameworkCore.Query|Generated query execution expression: 
'queryContext => new SingleQueryingEnumerable<Articles>(
    (RelationalQueryContext)queryContext, 
    RelationalCommandCache.QueryExpression(
        Client Projections:
            0 -> Dictionary<IProperty, int> { [Property: Articles.Id (Guid) Required PK AfterSave:Throw ValueGenerated.OnAdd, 0], [Property: Articles.Content (string) Required, 1], [Property: Articles.CreationTime (DateTime) Required, 2], [Property: Articles.DeletionTime (DateTime?), 3], [Property: Articles.Desc (string) Required, 4], [Property: Articles.Image (string) Required, 5], [Property: Articles.IsDeleted (bool) Required Index, 6], [Property: Articles.LastModificationTime (DateTime?), 7], [Property: Articles.Likes (int) Required, 8], [Property: Articles.Title (string) Required Index MaxLength(20), 9], [Property: Articles.UserId (Guid) Required, 10], [Property: Articles.Views (int) Required, 11] }
            1 -> 0
            2 -> Dictionary<IProperty, int> { [Property: Comments.Id (Guid) Required PK AfterSave:Throw ValueGenerated.OnAdd, 12], [Property: Comments.ArticleId (Guid) Required FK Index, 13], [Property: Comments.Content (string) Required MaxLength(1000), 14], [Property: Comments.CreationTime (DateTime) Required, 15], [Property: Comments.LastModificationTime (DateTime?), 16], [Property: Comments.Likes (int) Required, 17], [Property: Comments.PId (Guid) Required, 18], [Property: Comments.Path (string) Required, 19], [Property: Comments.UserId (Guid) Required, 20] }
            3 -> 12
            4 -> Dictionary<IProperty, int> { [Property: ArticleTags.ArticleId (Guid) Required PK FK AfterSave:Throw, 21], [Property: ArticleTags.TagId (Guid) Required PK FK Index AfterSave:Throw, 22] }
            5 -> Dictionary<IProperty, int> { [Property: Tags.Id (Guid) Required PK AfterSave:Throw ValueGenerated.OnAdd, 23], [Property: Tags.CreationTime (DateTime) Required, 24], [Property: Tags.DeletionTime (DateTime?), 25], [Property: Tags.IsDeleted (bool) Required Index, 26], [Property: Tags.LastModificationTime (DateTime?), 27], [Property: Tags.TagName (string) Required MaxLength(10), 28] }
            6 -> 21
            7 -> 22
            8 -> 23
        SELECT t.Id, t.Content, t.CreationTime, t.DeletionTime, t.Desc, t.Image, t.IsDeleted, t.LastModificationTime, t.Likes, t.Title, t.UserId, t.Views, c.Id, c.ArticleId, c.Content, c.CreationTime, c.LastModificationTime, c.Likes, c.PId, c.Path, c.UserId, t1.ArticleId, t1.TagId, t1.Id, t1.CreationTime, t1.DeletionTime, t1.IsDeleted, t1.LastModificationTime, t1.TagName
        FROM 
        (
            SELECT a.Id, a.Content, a.CreationTime, a.DeletionTime, a.Desc, a.Image, a.IsDeleted, a.LastModificationTime, a.Likes, a.Title, a.UserId, a.Views
            FROM Articles AS a
            WHERE a.IsDeleted == FALSE
            ORDER BY a.Likes DESC
            OFFSET @__p_0 ROWS FETCH NEXT @__p_1 ROWS ONLY
        ) AS t
        LEFT JOIN Comments AS c ON t.Id == c.ArticleId
        LEFT JOIN 
        (
            SELECT a0.ArticleId, a0.TagId, t0.Id, t0.CreationTime, t0.DeletionTime, t0.IsDeleted, t0.LastModificationTime, t0.TagName
            FROM Articles_Tags AS a0
            INNER JOIN 
            (
                SELECT t2.Id, t2.CreationTime, t2.DeletionTime, t2.IsDeleted, t2.LastModificationTime, t2.TagName
                FROM Tags AS t2
                WHERE t2.IsDeleted == FALSE
            ) AS t0 ON a0.TagId == t0.Id
        ) AS t1 ON t.Id == t1.ArticleId
        ORDER BY t.Likes DESC, t.Id ASC, c.Id ASC, t1.ArticleId ASC, t1.TagId ASC), 
    null, 
    Func<QueryContext, DbDataReader, ResultContext, SingleQueryResultCoordinator, Articles>, 
    Article.Infrastructure.ArticleDbContext, 
    False, 
    False, 
    True
)' 
2024-03-22 10:59:03.2109|DEBUG|Microsoft.EntityFrameworkCore.Database.Connection|Creating DbConnection. 
2024-03-22 10:59:03.2109|DEBUG|Microsoft.EntityFrameworkCore.Database.Connection|Created DbConnection. (0ms). 
2024-03-22 10:59:03.2109|DEBUG|Microsoft.EntityFrameworkCore.Database.Connection|Opening connection to database 'LitZhu' on server 'localhost'. 
2024-03-22 10:59:03.2109|DEBUG|Microsoft.EntityFrameworkCore.Database.Connection|Opened connection to database 'LitZhu' on server 'localhost'. 
2024-03-22 10:59:03.2239|DEBUG|Microsoft.EntityFrameworkCore.Database.Command|Creating DbCommand for 'ExecuteReader'. 
2024-03-22 10:59:03.2239|DEBUG|Microsoft.EntityFrameworkCore.Database.Command|Created DbCommand for 'ExecuteReader' (0ms). 
2024-03-22 10:59:03.2239|DEBUG|Microsoft.EntityFrameworkCore.Database.Command|Initialized DbCommand for 'ExecuteReader' (0ms). 
2024-03-22 10:59:03.2239|DEBUG|Microsoft.EntityFrameworkCore.Database.Command|Executing DbCommand [Parameters=[@__p_1='?' (DbType = Int32), @__p_0='?' (DbType = Int32)], CommandType='Text', CommandTimeout='30']
SELECT `t`.`Id`, `t`.`Content`, `t`.`CreationTime`, `t`.`DeletionTime`, `t`.`Desc`, `t`.`Image`, `t`.`IsDeleted`, `t`.`LastModificationTime`, `t`.`Likes`, `t`.`Title`, `t`.`UserId`, `t`.`Views`, `c`.`Id`, `c`.`ArticleId`, `c`.`Content`, `c`.`CreationTime`, `c`.`LastModificationTime`, `c`.`Likes`, `c`.`PId`, `c`.`Path`, `c`.`UserId`, `t1`.`ArticleId`, `t1`.`TagId`, `t1`.`Id`, `t1`.`CreationTime`, `t1`.`DeletionTime`, `t1`.`IsDeleted`, `t1`.`LastModificationTime`, `t1`.`TagName`
FROM (
    SELECT `a`.`Id`, `a`.`Content`, `a`.`CreationTime`, `a`.`DeletionTime`, `a`.`Desc`, `a`.`Image`, `a`.`IsDeleted`, `a`.`LastModificationTime`, `a`.`Likes`, `a`.`Title`, `a`.`UserId`, `a`.`Views`
    FROM `Articles` AS `a`
    WHERE NOT (`a`.`IsDeleted`)
    ORDER BY `a`.`Likes` DESC
    LIMIT @__p_1 OFFSET @__p_0
) AS `t`
LEFT JOIN `Comments` AS `c` ON `t`.`Id` = `c`.`ArticleId`
LEFT JOIN (
    SELECT `a0`.`ArticleId`, `a0`.`TagId`, `t0`.`Id`, `t0`.`CreationTime`, `t0`.`DeletionTime`, `t0`.`IsDeleted`, `t0`.`LastModificationTime`, `t0`.`TagName`
    FROM `Articles_Tags` AS `a0`
    INNER JOIN (
        SELECT `t2`.`Id`, `t2`.`CreationTime`, `t2`.`DeletionTime`, `t2`.`IsDeleted`, `t2`.`LastModificationTime`, `t2`.`TagName`
        FROM `Tags` AS `t2`
        WHERE NOT (`t2`.`IsDeleted`)
    ) AS `t0` ON `a0`.`TagId` = `t0`.`Id`
) AS `t1` ON `t`.`Id` = `t1`.`ArticleId`
ORDER BY `t`.`Likes` DESC, `t`.`Id`, `c`.`Id`, `t1`.`ArticleId`, `t1`.`TagId` 
2024-03-22 10:59:03.2619|INFO|Microsoft.EntityFrameworkCore.Database.Command|Executed DbCommand (38ms) [Parameters=[@__p_1='?' (DbType = Int32), @__p_0='?' (DbType = Int32)], CommandType='Text', CommandTimeout='30']
SELECT `t`.`Id`, `t`.`Content`, `t`.`CreationTime`, `t`.`DeletionTime`, `t`.`Desc`, `t`.`Image`, `t`.`IsDeleted`, `t`.`LastModificationTime`, `t`.`Likes`, `t`.`Title`, `t`.`UserId`, `t`.`Views`, `c`.`Id`, `c`.`ArticleId`, `c`.`Content`, `c`.`CreationTime`, `c`.`LastModificationTime`, `c`.`Likes`, `c`.`PId`, `c`.`Path`, `c`.`UserId`, `t1`.`ArticleId`, `t1`.`TagId`, `t1`.`Id`, `t1`.`CreationTime`, `t1`.`DeletionTime`, `t1`.`IsDeleted`, `t1`.`LastModificationTime`, `t1`.`TagName`
FROM (
    SELECT `a`.`Id`, `a`.`Content`, `a`.`CreationTime`, `a`.`DeletionTime`, `a`.`Desc`, `a`.`Image`, `a`.`IsDeleted`, `a`.`LastModificationTime`, `a`.`Likes`, `a`.`Title`, `a`.`UserId`, `a`.`Views`
    FROM `Articles` AS `a`
    WHERE NOT (`a`.`IsDeleted`)
    ORDER BY `a`.`Likes` DESC
    LIMIT @__p_1 OFFSET @__p_0
) AS `t`
LEFT JOIN `Comments` AS `c` ON `t`.`Id` = `c`.`ArticleId`
LEFT JOIN (
    SELECT `a0`.`ArticleId`, `a0`.`TagId`, `t0`.`Id`, `t0`.`CreationTime`, `t0`.`DeletionTime`, `t0`.`IsDeleted`, `t0`.`LastModificationTime`, `t0`.`TagName`
    FROM `Articles_Tags` AS `a0`
    INNER JOIN (
        SELECT `t2`.`Id`, `t2`.`CreationTime`, `t2`.`DeletionTime`, `t2`.`IsDeleted`, `t2`.`LastModificationTime`, `t2`.`TagName`
        FROM `Tags` AS `t2`
        WHERE NOT (`t2`.`IsDeleted`)
    ) AS `t0` ON `a0`.`TagId` = `t0`.`Id`
) AS `t1` ON `t`.`Id` = `t1`.`ArticleId`
ORDER BY `t`.`Likes` DESC, `t`.`Id`, `c`.`Id`, `t1`.`ArticleId`, `t1`.`TagId` 
2024-03-22 10:59:03.2619|DEBUG|Microsoft.EntityFrameworkCore.ChangeTracking|Context 'ArticleDbContext' started tracking 'Articles' entity. Consider using 'DbContextOptionsBuilder.EnableSensitiveDataLogging' to see key values. 
2024-03-22 10:59:03.2954|DEBUG|Microsoft.EntityFrameworkCore.ChangeTracking|Context 'ArticleDbContext' started tracking 'Articles' entity. Consider using 'DbContextOptionsBuilder.EnableSensitiveDataLogging' to see key values. 
2024-03-22 10:59:03.2954|DEBUG|Microsoft.EntityFrameworkCore.ChangeTracking|Context 'ArticleDbContext' started tracking 'Articles' entity. Consider using 'DbContextOptionsBuilder.EnableSensitiveDataLogging' to see key values. 
2024-03-22 10:59:03.2954|DEBUG|Microsoft.EntityFrameworkCore.ChangeTracking|Context 'ArticleDbContext' started tracking 'Articles' entity. Consider using 'DbContextOptionsBuilder.EnableSensitiveDataLogging' to see key values. 
2024-03-22 10:59:03.2954|DEBUG|Microsoft.EntityFrameworkCore.Database.Command|Closing data reader to 'LitZhu' on server 'localhost'. 
2024-03-22 10:59:03.2954|DEBUG|Microsoft.EntityFrameworkCore.Database.Command|A data reader for 'LitZhu' on server 'localhost' is being disposed after spending 34ms reading results. 
2024-03-22 10:59:03.2954|DEBUG|Microsoft.EntityFrameworkCore.Database.Connection|Closing connection to database 'LitZhu' on server 'localhost'. 
2024-03-22 10:59:03.2954|DEBUG|Microsoft.EntityFrameworkCore.Database.Connection|Closed connection to database 'LitZhu' on server 'localhost' (0ms). 
2024-03-22 10:59:03.3146|INFO|Microsoft.AspNetCore.Mvc.Infrastructure.ControllerActionInvoker|Executed action method LitZhu.WebApi.Controllers.Article.ArticleController.GetArticle (LitZhu.WebApi), returned result Microsoft.AspNetCore.Mvc.OkObjectResult in 153.7599ms. 
2024-03-22 10:59:03.3146|TRACE|Microsoft.AspNetCore.Mvc.Infrastructure.ControllerActionInvoker|Action Filter: Before executing OnActionExecuted on filter Microsoft.AspNetCore.Mvc.Infrastructure.ModelStateInvalidFilter. 
2024-03-22 10:59:03.3146|TRACE|Microsoft.AspNetCore.Mvc.Infrastructure.ControllerActionInvoker|Action Filter: After executing OnActionExecuted on filter Microsoft.AspNetCore.Mvc.Infrastructure.ModelStateInvalidFilter. 
2024-03-22 10:59:03.3146|TRACE|Microsoft.AspNetCore.Mvc.Infrastructure.ControllerActionInvoker|Action Filter: Before executing OnActionExecuted on filter Microsoft.AspNetCore.Mvc.ModelBinding.UnsupportedContentTypeFilter. 
2024-03-22 10:59:03.3146|TRACE|Microsoft.AspNetCore.Mvc.Infrastructure.ControllerActionInvoker|Action Filter: After executing OnActionExecuted on filter Microsoft.AspNetCore.Mvc.ModelBinding.UnsupportedContentTypeFilter. 
2024-03-22 10:59:03.3146|TRACE|Microsoft.AspNetCore.Mvc.Infrastructure.ControllerActionInvoker|Result Filter: Before executing OnResultExecuting on filter Microsoft.AspNetCore.Mvc.Infrastructure.ClientErrorResultFilter. 
2024-03-22 10:59:03.3146|TRACE|Microsoft.AspNetCore.Mvc.Infrastructure.ControllerActionInvoker|Result Filter: After executing OnResultExecuting on filter Microsoft.AspNetCore.Mvc.Infrastructure.ClientErrorResultFilter. 
2024-03-22 10:59:03.3146|TRACE|Microsoft.AspNetCore.Mvc.Infrastructure.ControllerActionInvoker|Before executing action result Microsoft.AspNetCore.Mvc.OkObjectResult. 
2024-03-22 10:59:03.3146|DEBUG|Microsoft.AspNetCore.Mvc.Infrastructure.DefaultOutputFormatterSelector|List of registered output formatters, in the following order: Microsoft.AspNetCore.Mvc.Formatters.HttpNoContentOutputFormatter, Microsoft.AspNetCore.Mvc.Formatters.StringOutputFormatter, Microsoft.AspNetCore.Mvc.Formatters.StreamOutputFormatter, Microsoft.AspNetCore.Mvc.Formatters.NewtonsoftJsonOutputFormatter 
2024-03-22 10:59:03.3146|DEBUG|Microsoft.AspNetCore.Mvc.Infrastructure.DefaultOutputFormatterSelector|No information found on request to perform content negotiation. 
2024-03-22 10:59:03.3146|DEBUG|Microsoft.AspNetCore.Mvc.Infrastructure.DefaultOutputFormatterSelector|Attempting to select an output formatter without using a content type as no explicit content types were specified for the response. 
2024-03-22 10:59:03.3146|DEBUG|Microsoft.AspNetCore.Mvc.Infrastructure.DefaultOutputFormatterSelector|Attempting to select the first formatter in the output formatters list which can write the result. 
2024-03-22 10:59:03.3146|DEBUG|Microsoft.AspNetCore.Mvc.Infrastructure.DefaultOutputFormatterSelector|Selected output formatter 'Microsoft.AspNetCore.Mvc.Formatters.NewtonsoftJsonOutputFormatter' and content type 'application/json' to write the response. 
2024-03-22 10:59:03.3146|INFO|Microsoft.AspNetCore.Mvc.Infrastructure.ObjectResultExecutor|Executing OkObjectResult, writing value of type 'LitZhu.WebApi.R'. 
2024-03-22 10:59:03.3303|TRACE|Microsoft.AspNetCore.Mvc.Infrastructure.ControllerActionInvoker|After executing action result Microsoft.AspNetCore.Mvc.OkObjectResult. 
2024-03-22 10:59:03.3303|TRACE|Microsoft.AspNetCore.Mvc.Infrastructure.ControllerActionInvoker|Result Filter: Before executing OnResultExecuted on filter Microsoft.AspNetCore.Mvc.Infrastructure.ClientErrorResultFilter. 
2024-03-22 10:59:03.3303|TRACE|Microsoft.AspNetCore.Mvc.Infrastructure.ControllerActionInvoker|Result Filter: After executing OnResultExecuted on filter Microsoft.AspNetCore.Mvc.Infrastructure.ClientErrorResultFilter. 
2024-03-22 10:59:03.3303|INFO|Microsoft.AspNetCore.Mvc.Infrastructure.ControllerActionInvoker|Executed action LitZhu.WebApi.Controllers.Article.ArticleController.GetArticle (LitZhu.WebApi) in 465.5536ms 
2024-03-22 10:59:03.3303|INFO|Microsoft.AspNetCore.Routing.EndpointMiddleware|Executed endpoint 'LitZhu.WebApi.Controllers.Article.ArticleController.GetArticle (LitZhu.WebApi)' 
2024-03-22 10:59:03.3303|DEBUG|Microsoft.AspNetCore.Server.Kestrel.Connections|Connection id "0HN2A3B4OMGNA" completed keep alive response. 
2024-03-22 10:59:03.3303|DEBUG|Microsoft.EntityFrameworkCore.Infrastructure|'ArticleDbContext' disposed. 
2024-03-22 10:59:03.3303|DEBUG|Microsoft.EntityFrameworkCore.Database.Connection|Disposing connection to database 'LitZhu' on server 'localhost'. 
2024-03-22 10:59:03.3303|DEBUG|Microsoft.EntityFrameworkCore.Database.Connection|Disposed connection to database 'LitZhu' on server 'localhost' (0ms). 
2024-03-22 10:59:03.3303|INFO|Microsoft.AspNetCore.Hosting.Diagnostics|Request finished HTTP/1.1 GET https://localhost:7290/api/Article?PageIndex=1&PageSize=10&Q=&OrderBy=likes - 200 2791 application/json;+charset=utf-8 545.4232ms 
2024-03-22 10:59:03.3328|DEBUG|Microsoft.AspNetCore.Server.Kestrel.Transport.Sockets|Connection id "0HN2A3B4OMGNA" received FIN. 
2024-03-22 10:59:03.3328|DEBUG|Microsoft.AspNetCore.Server.Kestrel.Transport.Sockets|Connection id "0HN2A3B4OMGNA" sending FIN because: "The Socket transport's send loop completed gracefully." 
2024-03-22 10:59:03.3328|DEBUG|Microsoft.AspNetCore.Server.Kestrel.Connections|Connection id "0HN2A3B4OMGNA" disconnecting. 
2024-03-22 10:59:03.3328|DEBUG|Microsoft.AspNetCore.Server.Kestrel.Connections|Connection id "0HN2A3B4OMGNA" stopped. 
2024-03-22 10:59:07.9656|DEBUG|Microsoft.AspNetCore.Server.Kestrel.Connections|Connection id "0HN2A3B4OMGNB" accepted. 
2024-03-22 10:59:07.9656|DEBUG|Microsoft.AspNetCore.Server.Kestrel.Connections|Connection id "0HN2A3B4OMGNB" started. 
2024-03-22 10:59:08.0940|DEBUG|Microsoft.AspNetCore.Server.Kestrel.Https.Internal.HttpsConnectionMiddleware|Connection 0HN2A3B4OMGNB established using the following protocol: Tls13 
2024-03-22 10:59:08.0940|INFO|Microsoft.AspNetCore.Hosting.Diagnostics|Request starting HTTP/1.1 POST https://localhost:7290/api/Auth/SendEmailCode - application/json 38 
2024-03-22 10:59:08.0940|TRACE|Microsoft.AspNetCore.HostFiltering.HostFilteringMiddleware|All hosts are allowed. 
2024-03-22 10:59:08.0940|DEBUG|Microsoft.AspNetCore.Routing.Matching.DfaMatcher|1 candidate(s) found for the request path '/api/Auth/SendEmailCode' 
2024-03-22 10:59:08.0940|DEBUG|Microsoft.AspNetCore.Routing.Matching.DfaMatcher|Endpoint 'LitZhu.WebApi.Controllers.User.AuthController.SendEmailCode (LitZhu.WebApi)' with route pattern 'api/Auth/SendEmailCode' is valid for the request path '/api/Auth/SendEmailCode' 
2024-03-22 10:59:08.0940|DEBUG|Microsoft.AspNetCore.Routing.EndpointRoutingMiddleware|Request matched endpoint 'LitZhu.WebApi.Controllers.User.AuthController.SendEmailCode (LitZhu.WebApi)' 
2024-03-22 10:59:08.0940|TRACE|Microsoft.AspNetCore.Routing.EndpointRoutingMiddleware|The endpoint does not specify the IRequestSizeLimitMetadata. 
2024-03-22 10:59:08.0940|DEBUG|Microsoft.AspNetCore.StaticFiles.StaticFileMiddleware|Static files was skipped as the request already matched an endpoint. 
2024-03-22 10:59:08.0940|DEBUG|Microsoft.AspNetCore.Authentication.JwtBearer.JwtBearerHandler|AuthenticationScheme: Bearer was not authenticated. 
2024-03-22 10:59:08.0940|INFO|Microsoft.AspNetCore.Routing.EndpointMiddleware|Executing endpoint 'LitZhu.WebApi.Controllers.User.AuthController.SendEmailCode (LitZhu.WebApi)' 
2024-03-22 10:59:08.1003|INFO|Microsoft.AspNetCore.Mvc.Infrastructure.ControllerActionInvoker|Route matched with {action = "SendEmailCode", controller = "Auth"}. Executing controller action with signature System.Threading.Tasks.Task`1[Microsoft.AspNetCore.Mvc.ActionResult`1[System.String]] SendEmailCode(LitZhu.WebApi.Controllers.User.SendEmailCodeRequest) on controller LitZhu.WebApi.Controllers.User.AuthController (LitZhu.WebApi). 
2024-03-22 10:59:08.1003|DEBUG|Microsoft.AspNetCore.Mvc.Infrastructure.ControllerActionInvoker|Execution plan of authorization filters (in the following order): None 
2024-03-22 10:59:08.1003|DEBUG|Microsoft.AspNetCore.Mvc.Infrastructure.ControllerActionInvoker|Execution plan of resource filters (in the following order): None 
2024-03-22 10:59:08.1003|DEBUG|Microsoft.AspNetCore.Mvc.Infrastructure.ControllerActionInvoker|Execution plan of action filters (in the following order): Microsoft.AspNetCore.Mvc.ModelBinding.UnsupportedContentTypeFilter (Order: -3000), Microsoft.AspNetCore.Mvc.Infrastructure.ModelStateInvalidFilter (Order: -2000) 
2024-03-22 10:59:08.1003|DEBUG|Microsoft.AspNetCore.Mvc.Infrastructure.ControllerActionInvoker|Execution plan of exception filters (in the following order): None 
2024-03-22 10:59:08.1003|DEBUG|Microsoft.AspNetCore.Mvc.Infrastructure.ControllerActionInvoker|Execution plan of result filters (in the following order): Microsoft.AspNetCore.Mvc.Infrastructure.ClientErrorResultFilter (Order: -2000) 
2024-03-22 10:59:08.1003|DEBUG|Microsoft.AspNetCore.Mvc.Infrastructure.ControllerActionInvoker|Executing controller factory for controller LitZhu.WebApi.Controllers.User.AuthController (LitZhu.WebApi) 
2024-03-22 10:59:08.1003|DEBUG|Microsoft.EntityFrameworkCore.Infrastructure|Entity Framework Core 8.0.1 initialized 'UserDbContext' using provider 'Pomelo.EntityFrameworkCore.MySql:8.0.1' with options: ServerVersion=8.0.23-mysql  
2024-03-22 10:59:08.1003|DEBUG|Microsoft.AspNetCore.Mvc.Infrastructure.ControllerActionInvoker|Executed controller factory for controller LitZhu.WebApi.Controllers.User.AuthController (LitZhu.WebApi) 
2024-03-22 10:59:08.1003|DEBUG|Microsoft.AspNetCore.Mvc.ModelBinding.ParameterBinder|Attempting to bind parameter 'req' of type 'LitZhu.WebApi.Controllers.User.SendEmailCodeRequest' ... 
2024-03-22 10:59:08.1003|DEBUG|Microsoft.AspNetCore.Mvc.ModelBinding.Binders.BodyModelBinder|Attempting to bind parameter 'req' of type 'LitZhu.WebApi.Controllers.User.SendEmailCodeRequest' using the name '' in request data ... 
2024-03-22 10:59:08.1003|DEBUG|Microsoft.AspNetCore.Mvc.ModelBinding.Binders.BodyModelBinder|Rejected input formatter 'Microsoft.AspNetCore.Mvc.Formatters.NewtonsoftJsonPatchInputFormatter' for content type 'application/json'. 
2024-03-22 10:59:08.1003|DEBUG|Microsoft.AspNetCore.Mvc.ModelBinding.Binders.BodyModelBinder|Selected input formatter 'Microsoft.AspNetCore.Mvc.Formatters.NewtonsoftJsonInputFormatter' for content type 'application/json'. 
2024-03-22 10:59:08.1003|DEBUG|Microsoft.AspNetCore.Server.Kestrel|Connection id "0HN2A3B4OMGNB", Request id "0HN2A3B4OMGNB:00000001": started reading request body. 
2024-03-22 10:59:08.1003|DEBUG|Microsoft.AspNetCore.Server.Kestrel|Connection id "0HN2A3B4OMGNB", Request id "0HN2A3B4OMGNB:00000001": done reading request body. 
2024-03-22 10:59:08.1003|DEBUG|Microsoft.AspNetCore.Mvc.ModelBinding.Binders.BodyModelBinder|Done attempting to bind parameter 'req' of type 'LitZhu.WebApi.Controllers.User.SendEmailCodeRequest'. 
2024-03-22 10:59:08.1003|DEBUG|Microsoft.AspNetCore.Mvc.ModelBinding.ParameterBinder|Done attempting to bind parameter 'req' of type 'LitZhu.WebApi.Controllers.User.SendEmailCodeRequest'. 
2024-03-22 10:59:08.1003|DEBUG|Microsoft.AspNetCore.Mvc.ModelBinding.ParameterBinder|Attempting to validate the bound parameter 'req' of type 'LitZhu.WebApi.Controllers.User.SendEmailCodeRequest' ... 
2024-03-22 10:59:08.1003|DEBUG|Microsoft.AspNetCore.Mvc.ModelBinding.ParameterBinder|Done attempting to validate the bound parameter 'req' of type 'LitZhu.WebApi.Controllers.User.SendEmailCodeRequest'. 
2024-03-22 10:59:08.1003|TRACE|Microsoft.AspNetCore.Mvc.Infrastructure.ControllerActionInvoker|Action Filter: Before executing OnActionExecuting on filter Microsoft.AspNetCore.Mvc.ModelBinding.UnsupportedContentTypeFilter. 
2024-03-22 10:59:08.1003|TRACE|Microsoft.AspNetCore.Mvc.Infrastructure.ControllerActionInvoker|Action Filter: After executing OnActionExecuting on filter Microsoft.AspNetCore.Mvc.ModelBinding.UnsupportedContentTypeFilter. 
2024-03-22 10:59:08.1003|TRACE|Microsoft.AspNetCore.Mvc.Infrastructure.ControllerActionInvoker|Action Filter: Before executing OnActionExecuting on filter Microsoft.AspNetCore.Mvc.Infrastructure.ModelStateInvalidFilter. 
2024-03-22 10:59:08.1003|TRACE|Microsoft.AspNetCore.Mvc.Infrastructure.ControllerActionInvoker|Action Filter: After executing OnActionExecuting on filter Microsoft.AspNetCore.Mvc.Infrastructure.ModelStateInvalidFilter. 
2024-03-22 10:59:08.1003|INFO|Microsoft.AspNetCore.Mvc.Infrastructure.ControllerActionInvoker|Executing action method LitZhu.WebApi.Controllers.User.AuthController.SendEmailCode (LitZhu.WebApi) - Validation state: Valid 
2024-03-22 10:59:08.1003|TRACE|Microsoft.AspNetCore.Mvc.Infrastructure.ControllerActionInvoker|Executing action method LitZhu.WebApi.Controllers.User.AuthController.SendEmailCode (LitZhu.WebApi) with arguments (SendEmailCodeRequest { Email = litzhuvich@foxmain.com }) 
2024-03-22 10:59:08.1003|DEBUG|Microsoft.EntityFrameworkCore.Query|Compiling query expression: 
'DbSet<Users>()
    .Include(x => x.UserAccessFail)
    .Include(x => x.UserRoles)
    .ThenInclude(ur => ur.Roles)
    .FirstOrDefault(x => x.Email == __email_0)' 
2024-03-22 10:59:08.1003|DEBUG|Microsoft.EntityFrameworkCore.Query|Including navigation: 'Users.UserAccessFail'. 
2024-03-22 10:59:08.1003|DEBUG|Microsoft.EntityFrameworkCore.Query|Including navigation: 'Users.UserRoles'. 
2024-03-22 10:59:08.1003|DEBUG|Microsoft.EntityFrameworkCore.Query|Including navigation: 'UserRoles.Roles'. 
2024-03-22 10:59:08.1284|DEBUG|Microsoft.EntityFrameworkCore.Query|Generated query execution expression: 
'queryContext => ShapedQueryCompilingExpressionVisitor.SingleOrDefaultAsync<Users>(
    asyncEnumerable: new SingleQueryingEnumerable<Users>(
        (RelationalQueryContext)queryContext, 
        RelationalCommandCache.QueryExpression(
            Client Projections:
                0 -> Dictionary<IProperty, int> { [Property: Users.Id (Guid) Required PK AfterSave:Throw ValueGenerated.OnAdd, 0], [Property: Users.Avatar (string), 1], [Property: Users.CreationTime (DateTime) Required, 2], [Property: Users.DeletionTime (DateTime?), 3], [Property: Users.Email (string), 4], [Property: Users.Gender (Gender) Required, 5], [Property: Users.IsDeleted (bool) Required Index, 6], [Property: Users.LastModificationTime (DateTime?), 7], [Property: Users.Password (string) Required MaxLength(100) ANSI, 8], [Property: Users.Phone (string), 9], [Property: Users.Username (string) Required Index MaxLength(10), 10] }
                1 -> Dictionary<IProperty, int> { [Property: UserAccessFail.Id (Guid) Required PK AfterSave:Throw ValueGenerated.OnAdd, 11], [Property: UserAccessFail.AccessFailedCount (int) Required, 12], [Property: UserAccessFail.CreationTime (DateTime) Required, 13], [Property: UserAccessFail.IsLockOut (bool) Required, 14], [Property: UserAccessFail.LockOutEnd (DateTime?), 15], [Property: UserAccessFail.UserId (Guid) Required FK Index, 16] }
                2 -> 0
                3 -> 11
                4 -> Dictionary<IProperty, int> { [Property: UserRoles.UserId (Guid) Required PK FK AfterSave:Throw, 17], [Property: UserRoles.RoleId (Guid) Required PK FK Index AfterSave:Throw, 18] }
                5 -> Dictionary<IProperty, int> { [Property: Roles.Id (Guid) Required PK AfterSave:Throw ValueGenerated.OnAdd, 19], [Property: Roles.CreationTime (DateTime) Required, 20], [Property: Roles.DeletionTime (DateTime?), 21], [Property: Roles.IsDeleted (bool) Required Index, 22], [Property: Roles.LastModificationTime (DateTime?), 23], [Property: Roles.RoleDesc (string) Required, 24], [Property: Roles.RoleName (string) Required MaxLength(10), 25] }
                6 -> 17
                7 -> 18
                8 -> 19
            SELECT t.Id, t.Avatar, t.CreationTime, t.DeletionTime, t.Email, t.Gender, t.IsDeleted, t.LastModificationTime, t.Password, t.Phone, t.Username, t.Id0, t.AccessFailedCount, t.CreationTime0, t.IsLockOut, t.LockOutEnd, t.UserId, t0.UserId, t0.RoleId, t0.Id, t0.CreationTime, t0.DeletionTime, t0.IsDeleted, t0.LastModificationTime, t0.RoleDesc, t0.RoleName
            FROM 
            (
                SELECT TOP(1) u.Id, u.Avatar, u.CreationTime, u.DeletionTime, u.Email, u.Gender, u.IsDeleted, u.LastModificationTime, u.Password, u.Phone, u.Username, u0.Id AS Id0, u0.AccessFailedCount, u0.CreationTime AS CreationTime0, u0.IsLockOut, u0.LockOutEnd, u0.UserId
                FROM Users AS u
                LEFT JOIN UserAccessFails AS u0 ON u.Id == u0.UserId
                WHERE (u.IsDeleted == FALSE) && (u.Email == @__email_0)
            ) AS t
            LEFT JOIN 
            (
                SELECT u1.UserId, u1.RoleId, t1.Id, t1.CreationTime, t1.DeletionTime, t1.IsDeleted, t1.LastModificationTime, t1.RoleDesc, t1.RoleName
                FROM Users_Roles AS u1
                INNER JOIN 
                (
                    SELECT r.Id, r.CreationTime, r.DeletionTime, r.IsDeleted, r.LastModificationTime, r.RoleDesc, r.RoleName
                    FROM Roles AS r
                    WHERE r.IsDeleted == FALSE
                ) AS t1 ON u1.RoleId == t1.Id
            ) AS t0 ON t.Id == t0.UserId
            ORDER BY t.Id ASC, t.Id0 ASC, t0.UserId ASC, t0.RoleId ASC), 
        null, 
        Func<QueryContext, DbDataReader, ResultContext, SingleQueryResultCoordinator, Users>, 
        User.Infrastructure.UserDbContext, 
        False, 
        False, 
        True
    ), 
    cancellationToken: queryContext.CancellationToken)' 
2024-03-22 10:59:08.1316|DEBUG|Microsoft.EntityFrameworkCore.Database.Connection|Creating DbConnection. 
2024-03-22 10:59:08.1316|DEBUG|Microsoft.EntityFrameworkCore.Database.Connection|Created DbConnection. (0ms). 
2024-03-22 10:59:08.1316|DEBUG|Microsoft.EntityFrameworkCore.Database.Connection|Opening connection to database 'LitZhu' on server 'localhost'. 
2024-03-22 10:59:08.1316|DEBUG|Microsoft.EntityFrameworkCore.Database.Connection|Opened connection to database 'LitZhu' on server 'localhost'. 
2024-03-22 10:59:08.1316|DEBUG|Microsoft.EntityFrameworkCore.Database.Command|Creating DbCommand for 'ExecuteReader'. 
2024-03-22 10:59:08.1316|DEBUG|Microsoft.EntityFrameworkCore.Database.Command|Created DbCommand for 'ExecuteReader' (0ms). 
2024-03-22 10:59:08.1316|DEBUG|Microsoft.EntityFrameworkCore.Database.Command|Initialized DbCommand for 'ExecuteReader' (1ms). 
2024-03-22 10:59:08.1316|DEBUG|Microsoft.EntityFrameworkCore.Database.Command|Executing DbCommand [Parameters=[@__email_0='?' (Size = 4000)], CommandType='Text', CommandTimeout='30']
SELECT `t`.`Id`, `t`.`Avatar`, `t`.`CreationTime`, `t`.`DeletionTime`, `t`.`Email`, `t`.`Gender`, `t`.`IsDeleted`, `t`.`LastModificationTime`, `t`.`Password`, `t`.`Phone`, `t`.`Username`, `t`.`Id0`, `t`.`AccessFailedCount`, `t`.`CreationTime0`, `t`.`IsLockOut`, `t`.`LockOutEnd`, `t`.`UserId`, `t0`.`UserId`, `t0`.`RoleId`, `t0`.`Id`, `t0`.`CreationTime`, `t0`.`DeletionTime`, `t0`.`IsDeleted`, `t0`.`LastModificationTime`, `t0`.`RoleDesc`, `t0`.`RoleName`
FROM (
    SELECT `u`.`Id`, `u`.`Avatar`, `u`.`CreationTime`, `u`.`DeletionTime`, `u`.`Email`, `u`.`Gender`, `u`.`IsDeleted`, `u`.`LastModificationTime`, `u`.`Password`, `u`.`Phone`, `u`.`Username`, `u0`.`Id` AS `Id0`, `u0`.`AccessFailedCount`, `u0`.`CreationTime` AS `CreationTime0`, `u0`.`IsLockOut`, `u0`.`LockOutEnd`, `u0`.`UserId`
    FROM `Users` AS `u`
    LEFT JOIN `UserAccessFails` AS `u0` ON `u`.`Id` = `u0`.`UserId`
    WHERE NOT (`u`.`IsDeleted`) AND (`u`.`Email` = @__email_0)
    LIMIT 1
) AS `t`
LEFT JOIN (
    SELECT `u1`.`UserId`, `u1`.`RoleId`, `t1`.`Id`, `t1`.`CreationTime`, `t1`.`DeletionTime`, `t1`.`IsDeleted`, `t1`.`LastModificationTime`, `t1`.`RoleDesc`, `t1`.`RoleName`
    FROM `Users_Roles` AS `u1`
    INNER JOIN (
        SELECT `r`.`Id`, `r`.`CreationTime`, `r`.`DeletionTime`, `r`.`IsDeleted`, `r`.`LastModificationTime`, `r`.`RoleDesc`, `r`.`RoleName`
        FROM `Roles` AS `r`
        WHERE NOT (`r`.`IsDeleted`)
    ) AS `t1` ON `u1`.`RoleId` = `t1`.`Id`
) AS `t0` ON `t`.`Id` = `t0`.`UserId`
ORDER BY `t`.`Id`, `t`.`Id0`, `t0`.`UserId`, `t0`.`RoleId` 
2024-03-22 10:59:08.1481|INFO|Microsoft.EntityFrameworkCore.Database.Command|Executed DbCommand (11ms) [Parameters=[@__email_0='?' (Size = 4000)], CommandType='Text', CommandTimeout='30']
SELECT `t`.`Id`, `t`.`Avatar`, `t`.`CreationTime`, `t`.`DeletionTime`, `t`.`Email`, `t`.`Gender`, `t`.`IsDeleted`, `t`.`LastModificationTime`, `t`.`Password`, `t`.`Phone`, `t`.`Username`, `t`.`Id0`, `t`.`AccessFailedCount`, `t`.`CreationTime0`, `t`.`IsLockOut`, `t`.`LockOutEnd`, `t`.`UserId`, `t0`.`UserId`, `t0`.`RoleId`, `t0`.`Id`, `t0`.`CreationTime`, `t0`.`DeletionTime`, `t0`.`IsDeleted`, `t0`.`LastModificationTime`, `t0`.`RoleDesc`, `t0`.`RoleName`
FROM (
    SELECT `u`.`Id`, `u`.`Avatar`, `u`.`CreationTime`, `u`.`DeletionTime`, `u`.`Email`, `u`.`Gender`, `u`.`IsDeleted`, `u`.`LastModificationTime`, `u`.`Password`, `u`.`Phone`, `u`.`Username`, `u0`.`Id` AS `Id0`, `u0`.`AccessFailedCount`, `u0`.`CreationTime` AS `CreationTime0`, `u0`.`IsLockOut`, `u0`.`LockOutEnd`, `u0`.`UserId`
    FROM `Users` AS `u`
    LEFT JOIN `UserAccessFails` AS `u0` ON `u`.`Id` = `u0`.`UserId`
    WHERE NOT (`u`.`IsDeleted`) AND (`u`.`Email` = @__email_0)
    LIMIT 1
) AS `t`
LEFT JOIN (
    SELECT `u1`.`UserId`, `u1`.`RoleId`, `t1`.`Id`, `t1`.`CreationTime`, `t1`.`DeletionTime`, `t1`.`IsDeleted`, `t1`.`LastModificationTime`, `t1`.`RoleDesc`, `t1`.`RoleName`
    FROM `Users_Roles` AS `u1`
    INNER JOIN (
        SELECT `r`.`Id`, `r`.`CreationTime`, `r`.`DeletionTime`, `r`.`IsDeleted`, `r`.`LastModificationTime`, `r`.`RoleDesc`, `r`.`RoleName`
        FROM `Roles` AS `r`
        WHERE NOT (`r`.`IsDeleted`)
    ) AS `t1` ON `u1`.`RoleId` = `t1`.`Id`
) AS `t0` ON `t`.`Id` = `t0`.`UserId`
ORDER BY `t`.`Id`, `t`.`Id0`, `t0`.`UserId`, `t0`.`RoleId` 
2024-03-22 10:59:08.1481|DEBUG|Microsoft.EntityFrameworkCore.ChangeTracking|Context 'UserDbContext' started tracking 'Users' entity. Consider using 'DbContextOptionsBuilder.EnableSensitiveDataLogging' to see key values. 
2024-03-22 10:59:08.1481|DEBUG|Microsoft.EntityFrameworkCore.ChangeTracking|The navigation 'Users.UserAccessFail' was detected as changed. Consider using 'DbContextOptionsBuilder.EnableSensitiveDataLogging' to see key values. 
2024-03-22 10:59:08.1481|DEBUG|Microsoft.EntityFrameworkCore.ChangeTracking|Context 'UserDbContext' started tracking 'UserAccessFail' entity. Consider using 'DbContextOptionsBuilder.EnableSensitiveDataLogging' to see key values. 
2024-03-22 10:59:08.1481|DEBUG|Microsoft.EntityFrameworkCore.Database.Command|Closing data reader to 'LitZhu' on server 'localhost'. 
2024-03-22 10:59:08.1481|DEBUG|Microsoft.EntityFrameworkCore.Database.Command|A data reader for 'LitZhu' on server 'localhost' is being disposed after spending 1ms reading results. 
2024-03-22 10:59:08.1481|DEBUG|Microsoft.EntityFrameworkCore.Database.Connection|Closing connection to database 'LitZhu' on server 'localhost'. 
2024-03-22 10:59:08.1481|DEBUG|Microsoft.EntityFrameworkCore.Database.Connection|Closed connection to database 'LitZhu' on server 'localhost' (0ms). 
2024-03-22 10:59:08.1481|WARN|User.Infrastructure.EmailCodeSender|向邮箱地址：litzhuvich@foxmain.com , 发送验证码：75302 
2024-03-22 10:59:08.1481|INFO|Microsoft.AspNetCore.Mvc.Infrastructure.ControllerActionInvoker|Executed action method LitZhu.WebApi.Controllers.User.AuthController.SendEmailCode (LitZhu.WebApi), returned result Microsoft.AspNetCore.Mvc.OkObjectResult in 53.2664ms. 
2024-03-22 10:59:08.1481|TRACE|Microsoft.AspNetCore.Mvc.Infrastructure.ControllerActionInvoker|Action Filter: Before executing OnActionExecuted on filter Microsoft.AspNetCore.Mvc.Infrastructure.ModelStateInvalidFilter. 
2024-03-22 10:59:08.1481|TRACE|Microsoft.AspNetCore.Mvc.Infrastructure.ControllerActionInvoker|Action Filter: After executing OnActionExecuted on filter Microsoft.AspNetCore.Mvc.Infrastructure.ModelStateInvalidFilter. 
2024-03-22 10:59:08.1602|TRACE|Microsoft.AspNetCore.Mvc.Infrastructure.ControllerActionInvoker|Action Filter: Before executing OnActionExecuted on filter Microsoft.AspNetCore.Mvc.ModelBinding.UnsupportedContentTypeFilter. 
2024-03-22 10:59:08.1602|TRACE|Microsoft.AspNetCore.Mvc.Infrastructure.ControllerActionInvoker|Action Filter: After executing OnActionExecuted on filter Microsoft.AspNetCore.Mvc.ModelBinding.UnsupportedContentTypeFilter. 
2024-03-22 10:59:08.1602|TRACE|Microsoft.AspNetCore.Mvc.Infrastructure.ControllerActionInvoker|Result Filter: Before executing OnResultExecuting on filter Microsoft.AspNetCore.Mvc.Infrastructure.ClientErrorResultFilter. 
2024-03-22 10:59:08.1602|TRACE|Microsoft.AspNetCore.Mvc.Infrastructure.ControllerActionInvoker|Result Filter: After executing OnResultExecuting on filter Microsoft.AspNetCore.Mvc.Infrastructure.ClientErrorResultFilter. 
2024-03-22 10:59:08.1602|TRACE|Microsoft.AspNetCore.Mvc.Infrastructure.ControllerActionInvoker|Before executing action result Microsoft.AspNetCore.Mvc.OkObjectResult. 
2024-03-22 10:59:08.1602|DEBUG|Microsoft.AspNetCore.Mvc.Infrastructure.DefaultOutputFormatterSelector|List of registered output formatters, in the following order: Microsoft.AspNetCore.Mvc.Formatters.HttpNoContentOutputFormatter, Microsoft.AspNetCore.Mvc.Formatters.StringOutputFormatter, Microsoft.AspNetCore.Mvc.Formatters.StreamOutputFormatter, Microsoft.AspNetCore.Mvc.Formatters.NewtonsoftJsonOutputFormatter 
2024-03-22 10:59:08.1602|DEBUG|Microsoft.AspNetCore.Mvc.Infrastructure.DefaultOutputFormatterSelector|No information found on request to perform content negotiation. 
2024-03-22 10:59:08.1602|DEBUG|Microsoft.AspNetCore.Mvc.Infrastructure.DefaultOutputFormatterSelector|Attempting to select an output formatter without using a content type as no explicit content types were specified for the response. 
2024-03-22 10:59:08.1602|DEBUG|Microsoft.AspNetCore.Mvc.Infrastructure.DefaultOutputFormatterSelector|Attempting to select the first formatter in the output formatters list which can write the result. 
2024-03-22 10:59:08.1602|DEBUG|Microsoft.AspNetCore.Mvc.Infrastructure.DefaultOutputFormatterSelector|Selected output formatter 'Microsoft.AspNetCore.Mvc.Formatters.NewtonsoftJsonOutputFormatter' and content type 'application/json' to write the response. 
2024-03-22 10:59:08.1602|INFO|Microsoft.AspNetCore.Mvc.Infrastructure.ObjectResultExecutor|Executing OkObjectResult, writing value of type 'LitZhu.WebApi.R'. 
2024-03-22 10:59:08.1602|TRACE|Microsoft.AspNetCore.Mvc.Infrastructure.ControllerActionInvoker|After executing action result Microsoft.AspNetCore.Mvc.OkObjectResult. 
2024-03-22 10:59:08.1602|TRACE|Microsoft.AspNetCore.Mvc.Infrastructure.ControllerActionInvoker|Result Filter: Before executing OnResultExecuted on filter Microsoft.AspNetCore.Mvc.Infrastructure.ClientErrorResultFilter. 
2024-03-22 10:59:08.1602|TRACE|Microsoft.AspNetCore.Mvc.Infrastructure.ControllerActionInvoker|Result Filter: After executing OnResultExecuted on filter Microsoft.AspNetCore.Mvc.Infrastructure.ClientErrorResultFilter. 
2024-03-22 10:59:08.1602|INFO|Microsoft.AspNetCore.Mvc.Infrastructure.ControllerActionInvoker|Executed action LitZhu.WebApi.Controllers.User.AuthController.SendEmailCode (LitZhu.WebApi) in 60.6148ms 
2024-03-22 10:59:08.1602|INFO|Microsoft.AspNetCore.Routing.EndpointMiddleware|Executed endpoint 'LitZhu.WebApi.Controllers.User.AuthController.SendEmailCode (LitZhu.WebApi)' 
2024-03-22 10:59:08.1602|DEBUG|Microsoft.AspNetCore.Server.Kestrel.Connections|Connection id "0HN2A3B4OMGNB" completed keep alive response. 
2024-03-22 10:59:08.1602|DEBUG|Microsoft.EntityFrameworkCore.Infrastructure|'UserDbContext' disposed. 
2024-03-22 10:59:08.1602|DEBUG|Microsoft.EntityFrameworkCore.Database.Connection|Disposing connection to database 'LitZhu' on server 'localhost'. 
2024-03-22 10:59:08.1602|DEBUG|Microsoft.EntityFrameworkCore.Database.Connection|Disposed connection to database 'LitZhu' on server 'localhost' (0ms). 
2024-03-22 10:59:08.1602|INFO|Microsoft.AspNetCore.Hosting.Diagnostics|Request finished HTTP/1.1 POST https://localhost:7290/api/Auth/SendEmailCode - 200 47 application/json;+charset=utf-8 67.3304ms 
2024-03-22 10:59:08.1602|DEBUG|Microsoft.AspNetCore.Server.Kestrel.Transport.Sockets|Connection id "0HN2A3B4OMGNB" received FIN. 
2024-03-22 10:59:08.1602|DEBUG|Microsoft.AspNetCore.Server.Kestrel.Transport.Sockets|Connection id "0HN2A3B4OMGNB" sending FIN because: "The Socket transport's send loop completed gracefully." 
2024-03-22 10:59:08.1602|DEBUG|Microsoft.AspNetCore.Server.Kestrel.Connections|Connection id "0HN2A3B4OMGNB" disconnecting. 
2024-03-22 10:59:08.1602|DEBUG|Microsoft.AspNetCore.Server.Kestrel.Connections|Connection id "0HN2A3B4OMGNB" stopped. 
2024-03-22 10:59:11.0364|DEBUG|Microsoft.AspNetCore.Server.Kestrel.Connections|Connection id "0HN2A3B4OMGNC" accepted. 
2024-03-22 10:59:11.0364|DEBUG|Microsoft.AspNetCore.Server.Kestrel.Connections|Connection id "0HN2A3B4OMGNC" started. 
2024-03-22 10:59:11.0364|DEBUG|Microsoft.AspNetCore.Server.Kestrel.Https.Internal.HttpsConnectionMiddleware|Connection 0HN2A3B4OMGNC established using the following protocol: Tls13 
2024-03-22 10:59:11.0364|INFO|Microsoft.AspNetCore.Hosting.Diagnostics|Request starting HTTP/1.1 POST https://localhost:7290/api/Auth/SendEmailCode - application/json 38 
2024-03-22 10:59:11.0364|TRACE|Microsoft.AspNetCore.HostFiltering.HostFilteringMiddleware|All hosts are allowed. 
2024-03-22 10:59:11.0364|DEBUG|Microsoft.AspNetCore.Routing.Matching.DfaMatcher|1 candidate(s) found for the request path '/api/Auth/SendEmailCode' 
2024-03-22 10:59:11.0364|DEBUG|Microsoft.AspNetCore.Routing.Matching.DfaMatcher|Endpoint 'LitZhu.WebApi.Controllers.User.AuthController.SendEmailCode (LitZhu.WebApi)' with route pattern 'api/Auth/SendEmailCode' is valid for the request path '/api/Auth/SendEmailCode' 
2024-03-22 10:59:11.0364|DEBUG|Microsoft.AspNetCore.Routing.EndpointRoutingMiddleware|Request matched endpoint 'LitZhu.WebApi.Controllers.User.AuthController.SendEmailCode (LitZhu.WebApi)' 
2024-03-22 10:59:11.0364|TRACE|Microsoft.AspNetCore.Routing.EndpointRoutingMiddleware|The endpoint does not specify the IRequestSizeLimitMetadata. 
2024-03-22 10:59:11.0364|DEBUG|Microsoft.AspNetCore.StaticFiles.StaticFileMiddleware|Static files was skipped as the request already matched an endpoint. 
2024-03-22 10:59:11.0364|DEBUG|Microsoft.AspNetCore.Authentication.JwtBearer.JwtBearerHandler|AuthenticationScheme: Bearer was not authenticated. 
2024-03-22 10:59:11.0364|INFO|Microsoft.AspNetCore.Routing.EndpointMiddleware|Executing endpoint 'LitZhu.WebApi.Controllers.User.AuthController.SendEmailCode (LitZhu.WebApi)' 
2024-03-22 10:59:11.0364|INFO|Microsoft.AspNetCore.Mvc.Infrastructure.ControllerActionInvoker|Route matched with {action = "SendEmailCode", controller = "Auth"}. Executing controller action with signature System.Threading.Tasks.Task`1[Microsoft.AspNetCore.Mvc.ActionResult`1[System.String]] SendEmailCode(LitZhu.WebApi.Controllers.User.SendEmailCodeRequest) on controller LitZhu.WebApi.Controllers.User.AuthController (LitZhu.WebApi). 
2024-03-22 10:59:11.0364|DEBUG|Microsoft.AspNetCore.Mvc.Infrastructure.ControllerActionInvoker|Execution plan of authorization filters (in the following order): None 
2024-03-22 10:59:11.0364|DEBUG|Microsoft.AspNetCore.Mvc.Infrastructure.ControllerActionInvoker|Execution plan of resource filters (in the following order): None 
2024-03-22 10:59:11.0364|DEBUG|Microsoft.AspNetCore.Mvc.Infrastructure.ControllerActionInvoker|Execution plan of action filters (in the following order): Microsoft.AspNetCore.Mvc.ModelBinding.UnsupportedContentTypeFilter (Order: -3000), Microsoft.AspNetCore.Mvc.Infrastructure.ModelStateInvalidFilter (Order: -2000) 
2024-03-22 10:59:11.0364|DEBUG|Microsoft.AspNetCore.Mvc.Infrastructure.ControllerActionInvoker|Execution plan of exception filters (in the following order): None 
2024-03-22 10:59:11.0364|DEBUG|Microsoft.AspNetCore.Mvc.Infrastructure.ControllerActionInvoker|Execution plan of result filters (in the following order): Microsoft.AspNetCore.Mvc.Infrastructure.ClientErrorResultFilter (Order: -2000) 
2024-03-22 10:59:11.0364|DEBUG|Microsoft.AspNetCore.Mvc.Infrastructure.ControllerActionInvoker|Executing controller factory for controller LitZhu.WebApi.Controllers.User.AuthController (LitZhu.WebApi) 
2024-03-22 10:59:11.0364|DEBUG|Microsoft.EntityFrameworkCore.Infrastructure|Entity Framework Core 8.0.1 initialized 'UserDbContext' using provider 'Pomelo.EntityFrameworkCore.MySql:8.0.1' with options: ServerVersion=8.0.23-mysql  
2024-03-22 10:59:11.0364|DEBUG|Microsoft.AspNetCore.Mvc.Infrastructure.ControllerActionInvoker|Executed controller factory for controller LitZhu.WebApi.Controllers.User.AuthController (LitZhu.WebApi) 
2024-03-22 10:59:11.0364|DEBUG|Microsoft.AspNetCore.Mvc.ModelBinding.ParameterBinder|Attempting to bind parameter 'req' of type 'LitZhu.WebApi.Controllers.User.SendEmailCodeRequest' ... 
2024-03-22 10:59:11.0364|DEBUG|Microsoft.AspNetCore.Mvc.ModelBinding.Binders.BodyModelBinder|Attempting to bind parameter 'req' of type 'LitZhu.WebApi.Controllers.User.SendEmailCodeRequest' using the name '' in request data ... 
2024-03-22 10:59:11.0364|DEBUG|Microsoft.AspNetCore.Mvc.ModelBinding.Binders.BodyModelBinder|Rejected input formatter 'Microsoft.AspNetCore.Mvc.Formatters.NewtonsoftJsonPatchInputFormatter' for content type 'application/json'. 
2024-03-22 10:59:11.0364|DEBUG|Microsoft.AspNetCore.Mvc.ModelBinding.Binders.BodyModelBinder|Selected input formatter 'Microsoft.AspNetCore.Mvc.Formatters.NewtonsoftJsonInputFormatter' for content type 'application/json'. 
2024-03-22 10:59:11.0364|DEBUG|Microsoft.AspNetCore.Server.Kestrel|Connection id "0HN2A3B4OMGNC", Request id "0HN2A3B4OMGNC:00000001": started reading request body. 
2024-03-22 10:59:11.0364|DEBUG|Microsoft.AspNetCore.Server.Kestrel|Connection id "0HN2A3B4OMGNC", Request id "0HN2A3B4OMGNC:00000001": done reading request body. 
2024-03-22 10:59:11.0511|DEBUG|Microsoft.AspNetCore.Mvc.ModelBinding.Binders.BodyModelBinder|Done attempting to bind parameter 'req' of type 'LitZhu.WebApi.Controllers.User.SendEmailCodeRequest'. 
2024-03-22 10:59:11.0511|DEBUG|Microsoft.AspNetCore.Mvc.ModelBinding.ParameterBinder|Done attempting to bind parameter 'req' of type 'LitZhu.WebApi.Controllers.User.SendEmailCodeRequest'. 
2024-03-22 10:59:11.0511|DEBUG|Microsoft.AspNetCore.Mvc.ModelBinding.ParameterBinder|Attempting to validate the bound parameter 'req' of type 'LitZhu.WebApi.Controllers.User.SendEmailCodeRequest' ... 
2024-03-22 10:59:11.0511|DEBUG|Microsoft.AspNetCore.Mvc.ModelBinding.ParameterBinder|Done attempting to validate the bound parameter 'req' of type 'LitZhu.WebApi.Controllers.User.SendEmailCodeRequest'. 
2024-03-22 10:59:11.0511|TRACE|Microsoft.AspNetCore.Mvc.Infrastructure.ControllerActionInvoker|Action Filter: Before executing OnActionExecuting on filter Microsoft.AspNetCore.Mvc.ModelBinding.UnsupportedContentTypeFilter. 
2024-03-22 10:59:11.0511|TRACE|Microsoft.AspNetCore.Mvc.Infrastructure.ControllerActionInvoker|Action Filter: After executing OnActionExecuting on filter Microsoft.AspNetCore.Mvc.ModelBinding.UnsupportedContentTypeFilter. 
2024-03-22 10:59:11.0511|TRACE|Microsoft.AspNetCore.Mvc.Infrastructure.ControllerActionInvoker|Action Filter: Before executing OnActionExecuting on filter Microsoft.AspNetCore.Mvc.Infrastructure.ModelStateInvalidFilter. 
2024-03-22 10:59:11.0511|TRACE|Microsoft.AspNetCore.Mvc.Infrastructure.ControllerActionInvoker|Action Filter: After executing OnActionExecuting on filter Microsoft.AspNetCore.Mvc.Infrastructure.ModelStateInvalidFilter. 
2024-03-22 10:59:11.0511|INFO|Microsoft.AspNetCore.Mvc.Infrastructure.ControllerActionInvoker|Executing action method LitZhu.WebApi.Controllers.User.AuthController.SendEmailCode (LitZhu.WebApi) - Validation state: Valid 
2024-03-22 10:59:11.0511|TRACE|Microsoft.AspNetCore.Mvc.Infrastructure.ControllerActionInvoker|Executing action method LitZhu.WebApi.Controllers.User.AuthController.SendEmailCode (LitZhu.WebApi) with arguments (SendEmailCodeRequest { Email = litzhuvich@foxmain.com }) 
2024-03-22 10:59:11.0511|DEBUG|Microsoft.EntityFrameworkCore.Database.Connection|Creating DbConnection. 
2024-03-22 10:59:11.0511|DEBUG|Microsoft.EntityFrameworkCore.Database.Connection|Created DbConnection. (0ms). 
2024-03-22 10:59:11.0511|DEBUG|Microsoft.EntityFrameworkCore.Database.Connection|Opening connection to database 'LitZhu' on server 'localhost'. 
2024-03-22 10:59:11.0511|DEBUG|Microsoft.EntityFrameworkCore.Database.Connection|Opened connection to database 'LitZhu' on server 'localhost'. 
2024-03-22 10:59:11.0511|DEBUG|Microsoft.EntityFrameworkCore.Database.Command|Creating DbCommand for 'ExecuteReader'. 
2024-03-22 10:59:11.0511|DEBUG|Microsoft.EntityFrameworkCore.Database.Command|Created DbCommand for 'ExecuteReader' (0ms). 
2024-03-22 10:59:11.0511|DEBUG|Microsoft.EntityFrameworkCore.Database.Command|Initialized DbCommand for 'ExecuteReader' (1ms). 
2024-03-22 10:59:11.0511|DEBUG|Microsoft.EntityFrameworkCore.Database.Command|Executing DbCommand [Parameters=[@__email_0='?' (Size = 4000)], CommandType='Text', CommandTimeout='30']
SELECT `t`.`Id`, `t`.`Avatar`, `t`.`CreationTime`, `t`.`DeletionTime`, `t`.`Email`, `t`.`Gender`, `t`.`IsDeleted`, `t`.`LastModificationTime`, `t`.`Password`, `t`.`Phone`, `t`.`Username`, `t`.`Id0`, `t`.`AccessFailedCount`, `t`.`CreationTime0`, `t`.`IsLockOut`, `t`.`LockOutEnd`, `t`.`UserId`, `t0`.`UserId`, `t0`.`RoleId`, `t0`.`Id`, `t0`.`CreationTime`, `t0`.`DeletionTime`, `t0`.`IsDeleted`, `t0`.`LastModificationTime`, `t0`.`RoleDesc`, `t0`.`RoleName`
FROM (
    SELECT `u`.`Id`, `u`.`Avatar`, `u`.`CreationTime`, `u`.`DeletionTime`, `u`.`Email`, `u`.`Gender`, `u`.`IsDeleted`, `u`.`LastModificationTime`, `u`.`Password`, `u`.`Phone`, `u`.`Username`, `u0`.`Id` AS `Id0`, `u0`.`AccessFailedCount`, `u0`.`CreationTime` AS `CreationTime0`, `u0`.`IsLockOut`, `u0`.`LockOutEnd`, `u0`.`UserId`
    FROM `Users` AS `u`
    LEFT JOIN `UserAccessFails` AS `u0` ON `u`.`Id` = `u0`.`UserId`
    WHERE NOT (`u`.`IsDeleted`) AND (`u`.`Email` = @__email_0)
    LIMIT 1
) AS `t`
LEFT JOIN (
    SELECT `u1`.`UserId`, `u1`.`RoleId`, `t1`.`Id`, `t1`.`CreationTime`, `t1`.`DeletionTime`, `t1`.`IsDeleted`, `t1`.`LastModificationTime`, `t1`.`RoleDesc`, `t1`.`RoleName`
    FROM `Users_Roles` AS `u1`
    INNER JOIN (
        SELECT `r`.`Id`, `r`.`CreationTime`, `r`.`DeletionTime`, `r`.`IsDeleted`, `r`.`LastModificationTime`, `r`.`RoleDesc`, `r`.`RoleName`
        FROM `Roles` AS `r`
        WHERE NOT (`r`.`IsDeleted`)
    ) AS `t1` ON `u1`.`RoleId` = `t1`.`Id`
) AS `t0` ON `t`.`Id` = `t0`.`UserId`
ORDER BY `t`.`Id`, `t`.`Id0`, `t0`.`UserId`, `t0`.`RoleId` 
2024-03-22 10:59:11.0511|INFO|Microsoft.EntityFrameworkCore.Database.Command|Executed DbCommand (4ms) [Parameters=[@__email_0='?' (Size = 4000)], CommandType='Text', CommandTimeout='30']
SELECT `t`.`Id`, `t`.`Avatar`, `t`.`CreationTime`, `t`.`DeletionTime`, `t`.`Email`, `t`.`Gender`, `t`.`IsDeleted`, `t`.`LastModificationTime`, `t`.`Password`, `t`.`Phone`, `t`.`Username`, `t`.`Id0`, `t`.`AccessFailedCount`, `t`.`CreationTime0`, `t`.`IsLockOut`, `t`.`LockOutEnd`, `t`.`UserId`, `t0`.`UserId`, `t0`.`RoleId`, `t0`.`Id`, `t0`.`CreationTime`, `t0`.`DeletionTime`, `t0`.`IsDeleted`, `t0`.`LastModificationTime`, `t0`.`RoleDesc`, `t0`.`RoleName`
FROM (
    SELECT `u`.`Id`, `u`.`Avatar`, `u`.`CreationTime`, `u`.`DeletionTime`, `u`.`Email`, `u`.`Gender`, `u`.`IsDeleted`, `u`.`LastModificationTime`, `u`.`Password`, `u`.`Phone`, `u`.`Username`, `u0`.`Id` AS `Id0`, `u0`.`AccessFailedCount`, `u0`.`CreationTime` AS `CreationTime0`, `u0`.`IsLockOut`, `u0`.`LockOutEnd`, `u0`.`UserId`
    FROM `Users` AS `u`
    LEFT JOIN `UserAccessFails` AS `u0` ON `u`.`Id` = `u0`.`UserId`
    WHERE NOT (`u`.`IsDeleted`) AND (`u`.`Email` = @__email_0)
    LIMIT 1
) AS `t`
LEFT JOIN (
    SELECT `u1`.`UserId`, `u1`.`RoleId`, `t1`.`Id`, `t1`.`CreationTime`, `t1`.`DeletionTime`, `t1`.`IsDeleted`, `t1`.`LastModificationTime`, `t1`.`RoleDesc`, `t1`.`RoleName`
    FROM `Users_Roles` AS `u1`
    INNER JOIN (
        SELECT `r`.`Id`, `r`.`CreationTime`, `r`.`DeletionTime`, `r`.`IsDeleted`, `r`.`LastModificationTime`, `r`.`RoleDesc`, `r`.`RoleName`
        FROM `Roles` AS `r`
        WHERE NOT (`r`.`IsDeleted`)
    ) AS `t1` ON `u1`.`RoleId` = `t1`.`Id`
) AS `t0` ON `t`.`Id` = `t0`.`UserId`
ORDER BY `t`.`Id`, `t`.`Id0`, `t0`.`UserId`, `t0`.`RoleId` 
2024-03-22 10:59:11.0511|DEBUG|Microsoft.EntityFrameworkCore.ChangeTracking|Context 'UserDbContext' started tracking 'Users' entity. Consider using 'DbContextOptionsBuilder.EnableSensitiveDataLogging' to see key values. 
2024-03-22 10:59:11.0511|DEBUG|Microsoft.EntityFrameworkCore.ChangeTracking|The navigation 'Users.UserAccessFail' was detected as changed. Consider using 'DbContextOptionsBuilder.EnableSensitiveDataLogging' to see key values. 
2024-03-22 10:59:11.0511|DEBUG|Microsoft.EntityFrameworkCore.ChangeTracking|Context 'UserDbContext' started tracking 'UserAccessFail' entity. Consider using 'DbContextOptionsBuilder.EnableSensitiveDataLogging' to see key values. 
2024-03-22 10:59:11.0511|DEBUG|Microsoft.EntityFrameworkCore.Database.Command|Closing data reader to 'LitZhu' on server 'localhost'. 
2024-03-22 10:59:11.0511|DEBUG|Microsoft.EntityFrameworkCore.Database.Command|A data reader for 'LitZhu' on server 'localhost' is being disposed after spending 0ms reading results. 
2024-03-22 10:59:11.0511|DEBUG|Microsoft.EntityFrameworkCore.Database.Connection|Closing connection to database 'LitZhu' on server 'localhost'. 
2024-03-22 10:59:11.0511|DEBUG|Microsoft.EntityFrameworkCore.Database.Connection|Closed connection to database 'LitZhu' on server 'localhost' (0ms). 
2024-03-22 10:59:11.0741|WARN|User.Infrastructure.EmailCodeSender|向邮箱地址：litzhuvich@foxmain.com , 发送验证码：31450 
2024-03-22 10:59:11.0741|INFO|Microsoft.AspNetCore.Mvc.Infrastructure.ControllerActionInvoker|Executed action method LitZhu.WebApi.Controllers.User.AuthController.SendEmailCode (LitZhu.WebApi), returned result Microsoft.AspNetCore.Mvc.OkObjectResult in 22.9256ms. 
2024-03-22 10:59:11.0741|TRACE|Microsoft.AspNetCore.Mvc.Infrastructure.ControllerActionInvoker|Action Filter: Before executing OnActionExecuted on filter Microsoft.AspNetCore.Mvc.Infrastructure.ModelStateInvalidFilter. 
2024-03-22 10:59:11.0741|TRACE|Microsoft.AspNetCore.Mvc.Infrastructure.ControllerActionInvoker|Action Filter: After executing OnActionExecuted on filter Microsoft.AspNetCore.Mvc.Infrastructure.ModelStateInvalidFilter. 
2024-03-22 10:59:11.0741|TRACE|Microsoft.AspNetCore.Mvc.Infrastructure.ControllerActionInvoker|Action Filter: Before executing OnActionExecuted on filter Microsoft.AspNetCore.Mvc.ModelBinding.UnsupportedContentTypeFilter. 
2024-03-22 10:59:11.0741|TRACE|Microsoft.AspNetCore.Mvc.Infrastructure.ControllerActionInvoker|Action Filter: After executing OnActionExecuted on filter Microsoft.AspNetCore.Mvc.ModelBinding.UnsupportedContentTypeFilter. 
2024-03-22 10:59:11.0741|TRACE|Microsoft.AspNetCore.Mvc.Infrastructure.ControllerActionInvoker|Result Filter: Before executing OnResultExecuting on filter Microsoft.AspNetCore.Mvc.Infrastructure.ClientErrorResultFilter. 
2024-03-22 10:59:11.0741|TRACE|Microsoft.AspNetCore.Mvc.Infrastructure.ControllerActionInvoker|Result Filter: After executing OnResultExecuting on filter Microsoft.AspNetCore.Mvc.Infrastructure.ClientErrorResultFilter. 
2024-03-22 10:59:11.0741|TRACE|Microsoft.AspNetCore.Mvc.Infrastructure.ControllerActionInvoker|Before executing action result Microsoft.AspNetCore.Mvc.OkObjectResult. 
2024-03-22 10:59:11.0741|DEBUG|Microsoft.AspNetCore.Mvc.Infrastructure.DefaultOutputFormatterSelector|List of registered output formatters, in the following order: Microsoft.AspNetCore.Mvc.Formatters.HttpNoContentOutputFormatter, Microsoft.AspNetCore.Mvc.Formatters.StringOutputFormatter, Microsoft.AspNetCore.Mvc.Formatters.StreamOutputFormatter, Microsoft.AspNetCore.Mvc.Formatters.NewtonsoftJsonOutputFormatter 
2024-03-22 10:59:11.0741|DEBUG|Microsoft.AspNetCore.Mvc.Infrastructure.DefaultOutputFormatterSelector|No information found on request to perform content negotiation. 
2024-03-22 10:59:11.0741|DEBUG|Microsoft.AspNetCore.Mvc.Infrastructure.DefaultOutputFormatterSelector|Attempting to select an output formatter without using a content type as no explicit content types were specified for the response. 
2024-03-22 10:59:11.0741|DEBUG|Microsoft.AspNetCore.Mvc.Infrastructure.DefaultOutputFormatterSelector|Attempting to select the first formatter in the output formatters list which can write the result. 
2024-03-22 10:59:11.0741|DEBUG|Microsoft.AspNetCore.Mvc.Infrastructure.DefaultOutputFormatterSelector|Selected output formatter 'Microsoft.AspNetCore.Mvc.Formatters.NewtonsoftJsonOutputFormatter' and content type 'application/json' to write the response. 
2024-03-22 10:59:11.0741|INFO|Microsoft.AspNetCore.Mvc.Infrastructure.ObjectResultExecutor|Executing OkObjectResult, writing value of type 'LitZhu.WebApi.R'. 
2024-03-22 10:59:11.0741|TRACE|Microsoft.AspNetCore.Mvc.Infrastructure.ControllerActionInvoker|After executing action result Microsoft.AspNetCore.Mvc.OkObjectResult. 
2024-03-22 10:59:11.0741|TRACE|Microsoft.AspNetCore.Mvc.Infrastructure.ControllerActionInvoker|Result Filter: Before executing OnResultExecuted on filter Microsoft.AspNetCore.Mvc.Infrastructure.ClientErrorResultFilter. 
2024-03-22 10:59:11.0741|TRACE|Microsoft.AspNetCore.Mvc.Infrastructure.ControllerActionInvoker|Result Filter: After executing OnResultExecuted on filter Microsoft.AspNetCore.Mvc.Infrastructure.ClientErrorResultFilter. 
2024-03-22 10:59:11.0741|INFO|Microsoft.AspNetCore.Mvc.Infrastructure.ControllerActionInvoker|Executed action LitZhu.WebApi.Controllers.User.AuthController.SendEmailCode (LitZhu.WebApi) in 27.0074ms 
2024-03-22 10:59:11.0741|INFO|Microsoft.AspNetCore.Routing.EndpointMiddleware|Executed endpoint 'LitZhu.WebApi.Controllers.User.AuthController.SendEmailCode (LitZhu.WebApi)' 
2024-03-22 10:59:11.0741|DEBUG|Microsoft.AspNetCore.Server.Kestrel.Connections|Connection id "0HN2A3B4OMGNC" completed keep alive response. 
2024-03-22 10:59:11.0741|DEBUG|Microsoft.EntityFrameworkCore.Infrastructure|'UserDbContext' disposed. 
2024-03-22 10:59:11.0741|DEBUG|Microsoft.EntityFrameworkCore.Database.Connection|Disposing connection to database 'LitZhu' on server 'localhost'. 
2024-03-22 10:59:11.0741|DEBUG|Microsoft.EntityFrameworkCore.Database.Connection|Disposed connection to database 'LitZhu' on server 'localhost' (0ms). 
2024-03-22 10:59:11.0741|INFO|Microsoft.AspNetCore.Hosting.Diagnostics|Request finished HTTP/1.1 POST https://localhost:7290/api/Auth/SendEmailCode - 200 47 application/json;+charset=utf-8 28.7091ms 
2024-03-22 10:59:11.0741|DEBUG|Microsoft.AspNetCore.Server.Kestrel.Transport.Sockets|Connection id "0HN2A3B4OMGNC" received FIN. 
2024-03-22 10:59:11.0741|DEBUG|Microsoft.AspNetCore.Server.Kestrel.Transport.Sockets|Connection id "0HN2A3B4OMGNC" sending FIN because: "The Socket transport's send loop completed gracefully." 
2024-03-22 10:59:11.0741|DEBUG|Microsoft.AspNetCore.Server.Kestrel.Connections|Connection id "0HN2A3B4OMGNC" disconnecting. 
2024-03-22 10:59:11.0741|DEBUG|Microsoft.AspNetCore.Server.Kestrel.Connections|Connection id "0HN2A3B4OMGNC" stopped. 
2024-03-22 10:59:44.6086|DEBUG|Microsoft.AspNetCore.Mvc.ModelBinding.ModelBinderFactory|Registered model binder providers, in the following order: Microsoft.AspNetCore.Mvc.ModelBinding.Binders.BinderTypeModelBinderProvider, Microsoft.AspNetCore.Mvc.ModelBinding.Binders.ServicesModelBinderProvider, Microsoft.AspNetCore.Mvc.ModelBinding.Binders.BodyModelBinderProvider, Microsoft.AspNetCore.Mvc.ModelBinding.Binders.HeaderModelBinderProvider, Microsoft.AspNetCore.Mvc.ModelBinding.Binders.FloatingPointTypeModelBinderProvider, Microsoft.AspNetCore.Mvc.ModelBinding.Binders.EnumTypeModelBinderProvider, Microsoft.AspNetCore.Mvc.ModelBinding.Binders.DateTimeModelBinderProvider, Microsoft.AspNetCore.Mvc.ModelBinding.Binders.SimpleTypeModelBinderProvider, Microsoft.AspNetCore.Mvc.ModelBinding.Binders.TryParseModelBinderProvider, Microsoft.AspNetCore.Mvc.ModelBinding.Binders.CancellationTokenModelBinderProvider, Microsoft.AspNetCore.Mvc.ModelBinding.Binders.ByteArrayModelBinderProvider, Microsoft.AspNetCore.Mvc.ModelBinding.Binders.FormFileModelBinderProvider, Microsoft.AspNetCore.Mvc.ModelBinding.Binders.FormCollectionModelBinderProvider, Microsoft.AspNetCore.Mvc.ModelBinding.Binders.KeyValuePairModelBinderProvider, Microsoft.AspNetCore.Mvc.ModelBinding.Binders.DictionaryModelBinderProvider, Microsoft.AspNetCore.Mvc.ModelBinding.Binders.ArrayModelBinderProvider, Microsoft.AspNetCore.Mvc.ModelBinding.Binders.CollectionModelBinderProvider, Microsoft.AspNetCore.Mvc.ModelBinding.Binders.ComplexObjectModelBinderProvider 
2024-03-22 10:59:44.7365|DEBUG|Microsoft.Extensions.Hosting.Internal.Host|Hosting starting 
2024-03-22 10:59:44.7775|INFO|Microsoft.AspNetCore.DataProtection.KeyManagement.XmlKeyManager|User profile is available. Using 'C:\Users\25968\AppData\Local\ASP.NET\DataProtection-Keys' as key repository and Windows DPAPI to encrypt keys at rest. 
2024-03-22 10:59:44.7775|DEBUG|Microsoft.AspNetCore.DataProtection.Repositories.FileSystemXmlRepository|Reading data from file 'C:\Users\25968\AppData\Local\ASP.NET\DataProtection-Keys\key-04331095-e001-4e86-a2a5-ac77c623d11c.xml'. 
2024-03-22 10:59:44.7885|DEBUG|Microsoft.AspNetCore.DataProtection.KeyManagement.XmlKeyManager|Found key {04331095-e001-4e86-a2a5-ac77c623d11c}. 
2024-03-22 10:59:44.7885|DEBUG|Microsoft.AspNetCore.DataProtection.KeyManagement.DefaultKeyResolver|Considering key {04331095-e001-4e86-a2a5-ac77c623d11c} with expiration date 2024-04-11 12:24:14Z as default key. 
2024-03-22 10:59:44.7885|DEBUG|Microsoft.AspNetCore.DataProtection.TypeForwardingActivator|Forwarded activator type request from Microsoft.AspNetCore.DataProtection.XmlEncryption.DpapiXmlDecryptor, Microsoft.AspNetCore.DataProtection, Version=8.0.0.0, Culture=neutral, PublicKeyToken=adb9793829ddae60 to Microsoft.AspNetCore.DataProtection.XmlEncryption.DpapiXmlDecryptor, Microsoft.AspNetCore.DataProtection, Culture=neutral, PublicKeyToken=adb9793829ddae60 
2024-03-22 10:59:44.7885|DEBUG|Microsoft.AspNetCore.DataProtection.XmlEncryption.DpapiXmlDecryptor|Decrypting secret element using Windows DPAPI. 
2024-03-22 10:59:44.7885|DEBUG|Microsoft.AspNetCore.DataProtection.TypeForwardingActivator|Forwarded activator type request from Microsoft.AspNetCore.DataProtection.AuthenticatedEncryption.ConfigurationModel.AuthenticatedEncryptorDescriptorDeserializer, Microsoft.AspNetCore.DataProtection, Version=8.0.0.0, Culture=neutral, PublicKeyToken=adb9793829ddae60 to Microsoft.AspNetCore.DataProtection.AuthenticatedEncryption.ConfigurationModel.AuthenticatedEncryptorDescriptorDeserializer, Microsoft.AspNetCore.DataProtection, Culture=neutral, PublicKeyToken=adb9793829ddae60 
2024-03-22 10:59:44.8024|DEBUG|Microsoft.AspNetCore.DataProtection.AuthenticatedEncryption.CngCbcAuthenticatedEncryptorFactory|Opening CNG algorithm 'AES' from provider '(null)' with chaining mode CBC. 
2024-03-22 10:59:44.8024|DEBUG|Microsoft.AspNetCore.DataProtection.AuthenticatedEncryption.CngCbcAuthenticatedEncryptorFactory|Opening CNG algorithm 'SHA256' from provider '(null)' with HMAC. 
2024-03-22 10:59:44.8024|DEBUG|Microsoft.AspNetCore.DataProtection.KeyManagement.KeyRingProvider|Using key {04331095-e001-4e86-a2a5-ac77c623d11c} as the default key. 
2024-03-22 10:59:44.8024|DEBUG|Microsoft.AspNetCore.DataProtection.Internal.DataProtectionHostedService|Key ring with default key {04331095-e001-4e86-a2a5-ac77c623d11c} was loaded during application startup. 
2024-03-22 10:59:45.0789|INFO|Microsoft.Hosting.Lifetime|Now listening on: https://localhost:7290 
2024-03-22 10:59:45.0822|INFO|Microsoft.Hosting.Lifetime|Now listening on: http://localhost:5167 
2024-03-22 10:59:45.0822|DEBUG|Microsoft.AspNetCore.Hosting.Diagnostics|Loaded hosting startup assembly LitZhu.WebApi 
2024-03-22 10:59:45.0822|DEBUG|Microsoft.AspNetCore.Hosting.Diagnostics|Loaded hosting startup assembly Microsoft.AspNetCore.Watch.BrowserRefresh 
2024-03-22 10:59:45.0822|DEBUG|Microsoft.AspNetCore.Hosting.Diagnostics|Loaded hosting startup assembly Microsoft.WebTools.BrowserLink.Net 
2024-03-22 10:59:45.0822|INFO|Microsoft.Hosting.Lifetime|Application started. Press Ctrl+C to shut down. 
2024-03-22 10:59:45.0822|INFO|Microsoft.Hosting.Lifetime|Hosting environment: Development 
2024-03-22 10:59:45.0822|INFO|Microsoft.Hosting.Lifetime|Content root path: D:\Desktop\website\litzhu\LitZhu_backend\LitZhu.WebApi 
2024-03-22 10:59:45.0822|DEBUG|Microsoft.Extensions.Hosting.Internal.Host|Hosting started 
2024-03-22 10:59:45.5290|DEBUG|Microsoft.AspNetCore.Server.Kestrel.Connections|Connection id "0HN2A3GGI74MM" accepted. 
2024-03-22 10:59:45.5290|DEBUG|Microsoft.AspNetCore.Server.Kestrel.Connections|Connection id "0HN2A3GGI74MM" started. 
2024-03-22 10:59:45.5394|DEBUG|Microsoft.AspNetCore.Server.Kestrel.Transport.Sockets|Connection id "0HN2A3GGI74MM" received FIN. 
2024-03-22 10:59:45.5394|DEBUG|Microsoft.AspNetCore.Server.Kestrel.Transport.Sockets|Connection id "0HN2A3GGI74MN" received FIN. 
2024-03-22 10:59:45.5394|DEBUG|Microsoft.AspNetCore.Server.Kestrel.Connections|Connection id "0HN2A3GGI74MN" accepted. 
2024-03-22 10:59:45.5394|DEBUG|Microsoft.AspNetCore.Server.Kestrel.Connections|Connection id "0HN2A3GGI74MN" started. 
2024-03-22 10:59:45.5394|DEBUG|Microsoft.AspNetCore.Server.Kestrel.Https.Internal.HttpsConnectionMiddleware|Failed to authenticate HTTPS connection. System.IO.IOException: Received an unexpected EOF or 0 bytes from the transport stream.
   at System.Net.Security.SslStream.ReceiveHandshakeFrameAsync[TIOAdapter](CancellationToken cancellationToken)
   at System.Net.Security.SslStream.ForceAuthenticationAsync[TIOAdapter](Boolean receiveFirst, Byte[] reAuthenticationData, CancellationToken cancellationToken)
   at System.Net.Security.SslStream.ProcessAuthenticationWithTelemetryAsync(Boolean isAsync, CancellationToken cancellationToken)
   at Microsoft.AspNetCore.Server.Kestrel.Https.Internal.HttpsConnectionMiddleware.OnConnectionAsync(ConnectionContext context)
2024-03-22 10:59:45.5394|DEBUG|Microsoft.AspNetCore.Server.Kestrel.Https.Internal.HttpsConnectionMiddleware|Failed to authenticate HTTPS connection. System.IO.IOException: Received an unexpected EOF or 0 bytes from the transport stream.
   at System.Net.Security.SslStream.ReceiveHandshakeFrameAsync[TIOAdapter](CancellationToken cancellationToken)
   at System.Net.Security.SslStream.ForceAuthenticationAsync[TIOAdapter](Boolean receiveFirst, Byte[] reAuthenticationData, CancellationToken cancellationToken)
   at System.Net.Security.SslStream.ProcessAuthenticationWithTelemetryAsync(Boolean isAsync, CancellationToken cancellationToken)
   at Microsoft.AspNetCore.Server.Kestrel.Https.Internal.HttpsConnectionMiddleware.OnConnectionAsync(ConnectionContext context)
2024-03-22 10:59:45.5869|DEBUG|Microsoft.AspNetCore.Server.Kestrel.Connections|Connection id "0HN2A3GGI74MN" stopped. 
2024-03-22 10:59:45.5869|DEBUG|Microsoft.AspNetCore.Server.Kestrel.Connections|Connection id "0HN2A3GGI74MM" stopped. 
2024-03-22 10:59:45.5869|DEBUG|Microsoft.AspNetCore.Server.Kestrel.Transport.Sockets|Connection id "0HN2A3GGI74MM" sending FIN because: "The Socket transport's send loop completed gracefully." 
2024-03-22 10:59:45.5869|DEBUG|Microsoft.AspNetCore.Server.Kestrel.Transport.Sockets|Connection id "0HN2A3GGI74MN" sending FIN because: "The Socket transport's send loop completed gracefully." 
2024-03-22 10:59:48.4001|DEBUG|Microsoft.AspNetCore.Server.Kestrel.Connections|Connection id "0HN2A3GGI74MO" accepted. 
2024-03-22 10:59:48.4001|DEBUG|Microsoft.AspNetCore.Server.Kestrel.Connections|Connection id "0HN2A3GGI74MO" started. 
2024-03-22 10:59:48.4652|DEBUG|Microsoft.AspNetCore.Server.Kestrel.Https.Internal.HttpsConnectionMiddleware|Connection 0HN2A3GGI74MO established using the following protocol: Tls13 
2024-03-22 10:59:48.4937|INFO|Microsoft.AspNetCore.Hosting.Diagnostics|Request starting HTTP/1.1 POST https://localhost:7290/api/Auth/SendEmailCode - application/json 38 
2024-03-22 10:59:48.4937|DEBUG|Microsoft.AspNetCore.HostFiltering.HostFilteringMiddleware|Wildcard detected, all requests with hosts will be allowed. 
2024-03-22 10:59:48.4937|TRACE|Microsoft.AspNetCore.HostFiltering.HostFilteringMiddleware|All hosts are allowed. 
2024-03-22 10:59:48.5341|DEBUG|Microsoft.AspNetCore.Routing.Matching.DfaMatcher|1 candidate(s) found for the request path '/api/Auth/SendEmailCode' 
2024-03-22 10:59:48.5378|DEBUG|Microsoft.AspNetCore.Routing.Matching.DfaMatcher|Endpoint 'LitZhu.WebApi.Controllers.User.AuthController.SendEmailCode (LitZhu.WebApi)' with route pattern 'api/Auth/SendEmailCode' is valid for the request path '/api/Auth/SendEmailCode' 
2024-03-22 10:59:48.5378|DEBUG|Microsoft.AspNetCore.Routing.EndpointRoutingMiddleware|Request matched endpoint 'LitZhu.WebApi.Controllers.User.AuthController.SendEmailCode (LitZhu.WebApi)' 
2024-03-22 10:59:48.5378|TRACE|Microsoft.AspNetCore.Routing.EndpointRoutingMiddleware|The endpoint does not specify the IRequestSizeLimitMetadata. 
2024-03-22 10:59:48.5561|DEBUG|Microsoft.AspNetCore.StaticFiles.StaticFileMiddleware|Static files was skipped as the request already matched an endpoint. 
2024-03-22 10:59:48.6410|DEBUG|Microsoft.AspNetCore.Authentication.JwtBearer.JwtBearerHandler|AuthenticationScheme: Bearer was not authenticated. 
2024-03-22 10:59:48.6410|INFO|Microsoft.AspNetCore.Routing.EndpointMiddleware|Executing endpoint 'LitZhu.WebApi.Controllers.User.AuthController.SendEmailCode (LitZhu.WebApi)' 
2024-03-22 10:59:48.6691|INFO|Microsoft.AspNetCore.Mvc.Infrastructure.ControllerActionInvoker|Route matched with {action = "SendEmailCode", controller = "Auth"}. Executing controller action with signature System.Threading.Tasks.Task`1[Microsoft.AspNetCore.Mvc.ActionResult`1[System.String]] SendEmailCode(LitZhu.WebApi.Controllers.User.SendEmailCodeRequest) on controller LitZhu.WebApi.Controllers.User.AuthController (LitZhu.WebApi). 
2024-03-22 10:59:48.6691|DEBUG|Microsoft.AspNetCore.Mvc.Infrastructure.ControllerActionInvoker|Execution plan of authorization filters (in the following order): None 
2024-03-22 10:59:48.6691|DEBUG|Microsoft.AspNetCore.Mvc.Infrastructure.ControllerActionInvoker|Execution plan of resource filters (in the following order): None 
2024-03-22 10:59:48.6691|DEBUG|Microsoft.AspNetCore.Mvc.Infrastructure.ControllerActionInvoker|Execution plan of action filters (in the following order): Microsoft.AspNetCore.Mvc.ModelBinding.UnsupportedContentTypeFilter (Order: -3000), Microsoft.AspNetCore.Mvc.Infrastructure.ModelStateInvalidFilter (Order: -2000) 
2024-03-22 10:59:48.6691|DEBUG|Microsoft.AspNetCore.Mvc.Infrastructure.ControllerActionInvoker|Execution plan of exception filters (in the following order): None 
2024-03-22 10:59:48.6691|DEBUG|Microsoft.AspNetCore.Mvc.Infrastructure.ControllerActionInvoker|Execution plan of result filters (in the following order): Microsoft.AspNetCore.Mvc.Infrastructure.ClientErrorResultFilter (Order: -2000) 
2024-03-22 10:59:48.6691|DEBUG|Microsoft.AspNetCore.Mvc.Infrastructure.ControllerActionInvoker|Executing controller factory for controller LitZhu.WebApi.Controllers.User.AuthController (LitZhu.WebApi) 
2024-03-22 10:59:48.9099|DEBUG|Microsoft.EntityFrameworkCore.Infrastructure|An additional 'IServiceProvider' was created for internal use by Entity Framework. An existing service provider was not used due to the following configuration changes: configuration changed for 'Core:ConfigureWarnings', configuration added for 'Pomelo.EntityFrameworkCore.MySql:ServerVersion', configuration added for 'Pomelo.EntityFrameworkCore.MySql:DisableBackslashEscaping', configuration added for 'Pomelo.EntityFrameworkCore.MySql:SetSqlModeOnOpen', configuration added for 'Pomelo.EntityFrameworkCore.MySql:DisableLineBreakToCharSubstition', configuration added for 'Pomelo.EntityFrameworkCore.MySql:DefaultDataTypeMappings', configuration added for 'Pomelo.EntityFrameworkCore.MySql:SchemaBehavior', configuration added for 'Pomelo.EntityFrameworkCore.MySql:SchemaNameTranslator', configuration added for 'Pomelo.EntityFrameworkCore.MySql:EnableIndexOptimizedBooleanColumns', configuration added for 'Pomelo.EntityFrameworkCore.MySql:LimitKeyedOrIndexedStringColumnLength', configuration added for 'Pomelo.EntityFrameworkCore.MySql:EnableStringComparisonTranslations', configuration added for 'Pomelo.EntityFrameworkCore.MySql:EnablePrimitiveCollectionsSupport'. 
2024-03-22 10:59:49.6970|DEBUG|Microsoft.EntityFrameworkCore.Model|The index {'UserId'} was not created on entity type 'UserRoles' as the properties are already covered by the index {'UserId', 'RoleId'}. 
2024-03-22 10:59:49.7908|WARN|Microsoft.EntityFrameworkCore.Model.Validation|Entity 'Users' has a global query filter defined and is the required end of a relationship with the entity 'UserAccessFail'. This may lead to unexpected results when the required entity is filtered out. Either configure the navigation as optional, or define matching query filters for both entities in the navigation. See https://go.microsoft.com/fwlink/?linkid=2131316 for more information. 
2024-03-22 10:59:49.7908|WARN|Microsoft.EntityFrameworkCore.Model.Validation|Entity 'Roles' has a global query filter defined and is the required end of a relationship with the entity 'UserRoles'. This may lead to unexpected results when the required entity is filtered out. Either configure the navigation as optional, or define matching query filters for both entities in the navigation. See https://go.microsoft.com/fwlink/?linkid=2131316 for more information. 
2024-03-22 10:59:50.0229|DEBUG|Microsoft.EntityFrameworkCore.Infrastructure|Entity Framework Core 8.0.1 initialized 'UserDbContext' using provider 'Pomelo.EntityFrameworkCore.MySql:8.0.1' with options: ServerVersion=8.0.23-mysql  
2024-03-22 10:59:50.2977|DEBUG|Microsoft.AspNetCore.Mvc.Infrastructure.ControllerActionInvoker|Executed controller factory for controller LitZhu.WebApi.Controllers.User.AuthController (LitZhu.WebApi) 
2024-03-22 10:59:50.3090|DEBUG|Microsoft.AspNetCore.Mvc.ModelBinding.ParameterBinder|Attempting to bind parameter 'req' of type 'LitZhu.WebApi.Controllers.User.SendEmailCodeRequest' ... 
2024-03-22 10:59:50.3090|DEBUG|Microsoft.AspNetCore.Mvc.ModelBinding.Binders.BodyModelBinder|Attempting to bind parameter 'req' of type 'LitZhu.WebApi.Controllers.User.SendEmailCodeRequest' using the name '' in request data ... 
2024-03-22 10:59:50.3181|DEBUG|Microsoft.AspNetCore.Mvc.ModelBinding.Binders.BodyModelBinder|Rejected input formatter 'Microsoft.AspNetCore.Mvc.Formatters.NewtonsoftJsonPatchInputFormatter' for content type 'application/json'. 
2024-03-22 10:59:50.3181|DEBUG|Microsoft.AspNetCore.Mvc.ModelBinding.Binders.BodyModelBinder|Selected input formatter 'Microsoft.AspNetCore.Mvc.Formatters.NewtonsoftJsonInputFormatter' for content type 'application/json'. 
2024-03-22 10:59:50.3181|DEBUG|Microsoft.AspNetCore.Server.Kestrel|Connection id "0HN2A3GGI74MO", Request id "0HN2A3GGI74MO:00000001": started reading request body. 
2024-03-22 10:59:50.3181|DEBUG|Microsoft.AspNetCore.Server.Kestrel|Connection id "0HN2A3GGI74MO", Request id "0HN2A3GGI74MO:00000001": done reading request body. 
2024-03-22 10:59:50.4713|DEBUG|Microsoft.AspNetCore.Mvc.ModelBinding.Binders.BodyModelBinder|Done attempting to bind parameter 'req' of type 'LitZhu.WebApi.Controllers.User.SendEmailCodeRequest'. 
2024-03-22 10:59:50.4713|DEBUG|Microsoft.AspNetCore.Mvc.ModelBinding.ParameterBinder|Done attempting to bind parameter 'req' of type 'LitZhu.WebApi.Controllers.User.SendEmailCodeRequest'. 
2024-03-22 10:59:50.4713|DEBUG|Microsoft.AspNetCore.Mvc.ModelBinding.ParameterBinder|Attempting to validate the bound parameter 'req' of type 'LitZhu.WebApi.Controllers.User.SendEmailCodeRequest' ... 
2024-03-22 10:59:50.4810|DEBUG|Microsoft.AspNetCore.Mvc.ModelBinding.ParameterBinder|Done attempting to validate the bound parameter 'req' of type 'LitZhu.WebApi.Controllers.User.SendEmailCodeRequest'. 
2024-03-22 10:59:50.4810|TRACE|Microsoft.AspNetCore.Mvc.Infrastructure.ControllerActionInvoker|Action Filter: Before executing OnActionExecuting on filter Microsoft.AspNetCore.Mvc.ModelBinding.UnsupportedContentTypeFilter. 
2024-03-22 10:59:50.4810|TRACE|Microsoft.AspNetCore.Mvc.Infrastructure.ControllerActionInvoker|Action Filter: After executing OnActionExecuting on filter Microsoft.AspNetCore.Mvc.ModelBinding.UnsupportedContentTypeFilter. 
2024-03-22 10:59:50.4810|TRACE|Microsoft.AspNetCore.Mvc.Infrastructure.ControllerActionInvoker|Action Filter: Before executing OnActionExecuting on filter Microsoft.AspNetCore.Mvc.Infrastructure.ModelStateInvalidFilter. 
2024-03-22 10:59:50.4810|TRACE|Microsoft.AspNetCore.Mvc.Infrastructure.ControllerActionInvoker|Action Filter: After executing OnActionExecuting on filter Microsoft.AspNetCore.Mvc.Infrastructure.ModelStateInvalidFilter. 
2024-03-22 10:59:50.4927|INFO|Microsoft.AspNetCore.Mvc.Infrastructure.ControllerActionInvoker|Executing action method LitZhu.WebApi.Controllers.User.AuthController.SendEmailCode (LitZhu.WebApi) - Validation state: Valid 
2024-03-22 10:59:50.4927|TRACE|Microsoft.AspNetCore.Mvc.Infrastructure.ControllerActionInvoker|Executing action method LitZhu.WebApi.Controllers.User.AuthController.SendEmailCode (LitZhu.WebApi) with arguments (SendEmailCodeRequest { Email = litzhuvich@foxmain.com }) 
2024-03-22 10:59:50.6461|DEBUG|Microsoft.EntityFrameworkCore.Query|Compiling query expression: 
'DbSet<Users>()
    .Include(x => x.UserAccessFail)
    .Include(x => x.UserRoles)
    .ThenInclude(ur => ur.Roles)
    .FirstOrDefault(x => x.Email == __email_0)' 
2024-03-22 10:59:50.8145|DEBUG|Microsoft.AspNetCore.Server.Kestrel.Connections|Connection id "0HN2A3GGI74MP" accepted. 
2024-03-22 10:59:50.8145|DEBUG|Microsoft.AspNetCore.Server.Kestrel.Connections|Connection id "0HN2A3GGI74MP" started. 
2024-03-22 10:59:50.8454|DEBUG|Microsoft.EntityFrameworkCore.Query|Including navigation: 'Users.UserAccessFail'. 
2024-03-22 10:59:50.8454|DEBUG|Microsoft.EntityFrameworkCore.Query|Including navigation: 'Users.UserRoles'. 
2024-03-22 10:59:50.8551|DEBUG|Microsoft.EntityFrameworkCore.Query|Including navigation: 'UserRoles.Roles'. 
2024-03-22 10:59:50.8635|DEBUG|Microsoft.AspNetCore.Server.Kestrel.Https.Internal.HttpsConnectionMiddleware|Connection 0HN2A3GGI74MP established using the following protocol: Tls13 
2024-03-22 10:59:50.8977|TRACE|Microsoft.AspNetCore.Server.Kestrel.Http2|Connection id "0HN2A3GGI74MP" sending SETTINGS frame for stream ID 0 with length 24 and flags NONE. 
2024-03-22 10:59:50.8977|TRACE|Microsoft.AspNetCore.Server.Kestrel.Http2|Connection id "0HN2A3GGI74MP" sending WINDOW_UPDATE frame for stream ID 0 with length 4 and flags 0x0. 
2024-03-22 10:59:50.8977|TRACE|Microsoft.AspNetCore.Server.Kestrel.Http2|Connection id "0HN2A3GGI74MP" received SETTINGS frame for stream ID 0 with length 24 and flags NONE. 
2024-03-22 10:59:50.8977|TRACE|Microsoft.AspNetCore.Server.Kestrel.Http2|Connection id "0HN2A3GGI74MP" sending SETTINGS frame for stream ID 0 with length 0 and flags ACK. 
2024-03-22 10:59:50.8977|TRACE|Microsoft.AspNetCore.Server.Kestrel.Http2|Connection id "0HN2A3GGI74MP" received WINDOW_UPDATE frame for stream ID 0 with length 4 and flags 0x0. 
2024-03-22 10:59:50.8977|TRACE|Microsoft.AspNetCore.Server.Kestrel.Http2|Connection id "0HN2A3GGI74MP" received HEADERS frame for stream ID 1 with length 463 and flags END_STREAM, END_HEADERS, PRIORITY. 
2024-03-22 10:59:50.9195|TRACE|Microsoft.AspNetCore.Server.Kestrel.Http2|Connection id "0HN2A3GGI74MP" received SETTINGS frame for stream ID 0 with length 0 and flags ACK. 
2024-03-22 10:59:50.9195|INFO|Microsoft.AspNetCore.Hosting.Diagnostics|Request starting HTTP/2 GET https://localhost:7290/swagger/index.html - - - 
2024-03-22 10:59:51.1780|TRACE|Microsoft.AspNetCore.HostFiltering.HostFilteringMiddleware|All hosts are allowed. 
2024-03-22 10:59:51.1780|DEBUG|Microsoft.AspNetCore.Routing.Matching.DfaMatcher|No candidates found for the request path '/swagger/index.html' 
2024-03-22 10:59:51.1780|DEBUG|Microsoft.AspNetCore.Routing.EndpointRoutingMiddleware|Request did not match any endpoints 
2024-03-22 10:59:51.3271|DEBUG|Microsoft.AspNetCore.Watch.BrowserRefresh.BrowserRefreshMiddleware|Response markup is scheduled to include browser refresh script injection. 
2024-03-22 10:59:51.3335|TRACE|Microsoft.AspNetCore.Server.Kestrel.Http2|Connection id "0HN2A3GGI74MP" sending HEADERS frame for stream ID 1 with length 66 and flags END_HEADERS. 
2024-03-22 10:59:51.3335|TRACE|Microsoft.AspNetCore.Server.Kestrel.Http2|Connection id "0HN2A3GGI74MP" sending DATA frame for stream ID 1 with length 4096 and flags NONE. 
2024-03-22 10:59:51.3589|TRACE|Microsoft.AspNetCore.Server.Kestrel.Http2|Connection id "0HN2A3GGI74MP" sending DATA frame for stream ID 1 with length 992 and flags NONE. 
2024-03-22 10:59:51.3589|TRACE|Microsoft.AspNetCore.Server.Kestrel.Http2|Connection id "0HN2A3GGI74MP" sending DATA frame for stream ID 1 with length 81 and flags NONE. 
2024-03-22 10:59:51.3589|DEBUG|Microsoft.AspNetCore.Watch.BrowserRefresh.BrowserRefreshMiddleware|Response markup was updated to include browser refresh script injection. 
2024-03-22 10:59:51.3647|TRACE|Microsoft.AspNetCore.Server.Kestrel.Http2|Connection id "0HN2A3GGI74MP" sending DATA frame for stream ID 1 with length 0 and flags END_STREAM. 
2024-03-22 10:59:51.3647|INFO|Microsoft.AspNetCore.Hosting.Diagnostics|Request finished HTTP/2 GET https://localhost:7290/swagger/index.html - 200 - text/html;charset=utf-8 446.4447ms 
2024-03-22 10:59:51.4119|DEBUG|Microsoft.EntityFrameworkCore.Query|Generated query execution expression: 
'queryContext => ShapedQueryCompilingExpressionVisitor.SingleOrDefaultAsync<Users>(
    asyncEnumerable: new SingleQueryingEnumerable<Users>(
        (RelationalQueryContext)queryContext, 
        RelationalCommandCache.QueryExpression(
            Client Projections:
                0 -> Dictionary<IProperty, int> { [Property: Users.Id (Guid) Required PK AfterSave:Throw ValueGenerated.OnAdd, 0], [Property: Users.Avatar (string), 1], [Property: Users.CreationTime (DateTime) Required, 2], [Property: Users.DeletionTime (DateTime?), 3], [Property: Users.Email (string), 4], [Property: Users.Gender (Gender) Required, 5], [Property: Users.IsDeleted (bool) Required Index, 6], [Property: Users.LastModificationTime (DateTime?), 7], [Property: Users.Password (string) Required MaxLength(100) ANSI, 8], [Property: Users.Phone (string), 9], [Property: Users.Username (string) Required Index MaxLength(10), 10] }
                1 -> Dictionary<IProperty, int> { [Property: UserAccessFail.Id (Guid) Required PK AfterSave:Throw ValueGenerated.OnAdd, 11], [Property: UserAccessFail.AccessFailedCount (int) Required, 12], [Property: UserAccessFail.CreationTime (DateTime) Required, 13], [Property: UserAccessFail.IsLockOut (bool) Required, 14], [Property: UserAccessFail.LockOutEnd (DateTime?), 15], [Property: UserAccessFail.UserId (Guid) Required FK Index, 16] }
                2 -> 0
                3 -> 11
                4 -> Dictionary<IProperty, int> { [Property: UserRoles.UserId (Guid) Required PK FK AfterSave:Throw, 17], [Property: UserRoles.RoleId (Guid) Required PK FK Index AfterSave:Throw, 18] }
                5 -> Dictionary<IProperty, int> { [Property: Roles.Id (Guid) Required PK AfterSave:Throw ValueGenerated.OnAdd, 19], [Property: Roles.CreationTime (DateTime) Required, 20], [Property: Roles.DeletionTime (DateTime?), 21], [Property: Roles.IsDeleted (bool) Required Index, 22], [Property: Roles.LastModificationTime (DateTime?), 23], [Property: Roles.RoleDesc (string) Required, 24], [Property: Roles.RoleName (string) Required MaxLength(10), 25] }
                6 -> 17
                7 -> 18
                8 -> 19
            SELECT t.Id, t.Avatar, t.CreationTime, t.DeletionTime, t.Email, t.Gender, t.IsDeleted, t.LastModificationTime, t.Password, t.Phone, t.Username, t.Id0, t.AccessFailedCount, t.CreationTime0, t.IsLockOut, t.LockOutEnd, t.UserId, t0.UserId, t0.RoleId, t0.Id, t0.CreationTime, t0.DeletionTime, t0.IsDeleted, t0.LastModificationTime, t0.RoleDesc, t0.RoleName
            FROM 
            (
                SELECT TOP(1) u.Id, u.Avatar, u.CreationTime, u.DeletionTime, u.Email, u.Gender, u.IsDeleted, u.LastModificationTime, u.Password, u.Phone, u.Username, u0.Id AS Id0, u0.AccessFailedCount, u0.CreationTime AS CreationTime0, u0.IsLockOut, u0.LockOutEnd, u0.UserId
                FROM Users AS u
                LEFT JOIN UserAccessFails AS u0 ON u.Id == u0.UserId
                WHERE (u.IsDeleted == FALSE) && (u.Email == @__email_0)
            ) AS t
            LEFT JOIN 
            (
                SELECT u1.UserId, u1.RoleId, t1.Id, t1.CreationTime, t1.DeletionTime, t1.IsDeleted, t1.LastModificationTime, t1.RoleDesc, t1.RoleName
                FROM Users_Roles AS u1
                INNER JOIN 
                (
                    SELECT r.Id, r.CreationTime, r.DeletionTime, r.IsDeleted, r.LastModificationTime, r.RoleDesc, r.RoleName
                    FROM Roles AS r
                    WHERE r.IsDeleted == FALSE
                ) AS t1 ON u1.RoleId == t1.Id
            ) AS t0 ON t.Id == t0.UserId
            ORDER BY t.Id ASC, t.Id0 ASC, t0.UserId ASC, t0.RoleId ASC), 
        null, 
        Func<QueryContext, DbDataReader, ResultContext, SingleQueryResultCoordinator, Users>, 
        User.Infrastructure.UserDbContext, 
        False, 
        False, 
        True
    ), 
    cancellationToken: queryContext.CancellationToken)' 
2024-03-22 10:59:51.4761|DEBUG|Microsoft.EntityFrameworkCore.Database.Connection|Creating DbConnection. 
2024-03-22 10:59:51.4918|DEBUG|Microsoft.EntityFrameworkCore.Database.Connection|Created DbConnection. (12ms). 
2024-03-22 10:59:51.4918|DEBUG|Microsoft.EntityFrameworkCore.Database.Connection|Opening connection to database 'LitZhu' on server 'localhost'. 
2024-03-22 10:59:51.4918|TRACE|Microsoft.AspNetCore.Server.Kestrel.Http2|Connection id "0HN2A3GGI74MP" received HEADERS frame for stream ID 3 with length 109 and flags END_STREAM, END_HEADERS, PRIORITY. 
2024-03-22 10:59:51.4918|TRACE|Microsoft.AspNetCore.Server.Kestrel.Http2|Connection id "0HN2A3GGI74MP" received HEADERS frame for stream ID 5 with length 57 and flags END_STREAM, END_HEADERS, PRIORITY. 
2024-03-22 10:59:51.4918|INFO|Microsoft.AspNetCore.Hosting.Diagnostics|Request starting HTTP/2 GET https://localhost:7290/_framework/aspnetcore-browser-refresh.js - - - 
2024-03-22 10:59:51.5051|INFO|Microsoft.AspNetCore.Hosting.Diagnostics|Request starting HTTP/2 GET https://localhost:7290/_vs/browserLink - - - 
2024-03-22 10:59:51.5051|TRACE|Microsoft.AspNetCore.Server.Kestrel.Http2|Connection id "0HN2A3GGI74MP" sending HEADERS frame for stream ID 3 with length 60 and flags END_HEADERS. 
2024-03-22 10:59:51.5051|TRACE|Microsoft.AspNetCore.Server.Kestrel.Http2|Connection id "0HN2A3GGI74MP" sending DATA frame for stream ID 3 with length 13761 and flags NONE. 
2024-03-22 10:59:51.5203|TRACE|Microsoft.AspNetCore.Server.Kestrel.Http2|Connection id "0HN2A3GGI74MP" sending DATA frame for stream ID 3 with length 0 and flags END_STREAM. 
2024-03-22 10:59:51.5203|INFO|Microsoft.AspNetCore.Hosting.Diagnostics|Request finished HTTP/2 GET https://localhost:7290/_framework/aspnetcore-browser-refresh.js - 200 13761 application/javascript;+charset=utf-8 15.8441ms 
2024-03-22 10:59:51.5615|TRACE|Microsoft.AspNetCore.Server.Kestrel.Http2|Connection id "0HN2A3GGI74MP" sending HEADERS frame for stream ID 5 with length 149 and flags END_HEADERS. 
2024-03-22 10:59:51.5615|TRACE|Microsoft.AspNetCore.Server.Kestrel.Http2|Connection id "0HN2A3GGI74MP" sending DATA frame for stream ID 5 with length 9986 and flags NONE. 
2024-03-22 10:59:51.5677|TRACE|Microsoft.AspNetCore.Server.Kestrel.Http2|Connection id "0HN2A3GGI74MP" sending DATA frame for stream ID 5 with length 10240 and flags NONE. 
2024-03-22 10:59:51.5677|TRACE|Microsoft.AspNetCore.Server.Kestrel.Http2|Connection id "0HN2A3GGI74MP" sending DATA frame for stream ID 5 with length 10240 and flags NONE. 
2024-03-22 10:59:51.5677|TRACE|Microsoft.AspNetCore.Server.Kestrel.Http2|Connection id "0HN2A3GGI74MP" sending DATA frame for stream ID 5 with length 10240 and flags NONE. 
2024-03-22 10:59:51.5677|TRACE|Microsoft.AspNetCore.Server.Kestrel.Http2|Connection id "0HN2A3GGI74MP" sending DATA frame for stream ID 5 with length 10240 and flags NONE. 
2024-03-22 10:59:51.5677|TRACE|Microsoft.AspNetCore.Server.Kestrel.Http2|Connection id "0HN2A3GGI74MP" sending DATA frame for stream ID 5 with length 10240 and flags NONE. 
2024-03-22 10:59:51.5677|TRACE|Microsoft.AspNetCore.Server.Kestrel.Http2|Connection id "0HN2A3GGI74MP" sending DATA frame for stream ID 5 with length 10240 and flags NONE. 
2024-03-22 10:59:51.5827|TRACE|Microsoft.AspNetCore.Server.Kestrel.Http2|Connection id "0HN2A3GGI74MP" sending DATA frame for stream ID 5 with length 10240 and flags NONE. 
2024-03-22 10:59:51.5827|TRACE|Microsoft.AspNetCore.Server.Kestrel.Http2|Connection id "0HN2A3GGI74MP" sending DATA frame for stream ID 5 with length 10240 and flags NONE. 
2024-03-22 10:59:51.5827|TRACE|Microsoft.AspNetCore.Server.Kestrel.Http2|Connection id "0HN2A3GGI74MP" sending DATA frame for stream ID 5 with length 10240 and flags NONE. 
2024-03-22 10:59:51.5827|TRACE|Microsoft.AspNetCore.Server.Kestrel.Http2|Connection id "0HN2A3GGI74MP" sending DATA frame for stream ID 5 with length 10240 and flags NONE. 
2024-03-22 10:59:51.5827|TRACE|Microsoft.AspNetCore.Server.Kestrel.Http2|Connection id "0HN2A3GGI74MP" sending DATA frame for stream ID 5 with length 10240 and flags NONE. 
2024-03-22 10:59:51.5827|TRACE|Microsoft.AspNetCore.Server.Kestrel.Http2|Connection id "0HN2A3GGI74MP" sending DATA frame for stream ID 5 with length 10240 and flags NONE. 
2024-03-22 10:59:51.5827|TRACE|Microsoft.AspNetCore.Server.Kestrel.Http2|Connection id "0HN2A3GGI74MP" sending DATA frame for stream ID 5 with length 10240 and flags NONE. 
2024-03-22 10:59:51.5827|TRACE|Microsoft.AspNetCore.Server.Kestrel.Http2|Connection id "0HN2A3GGI74MP" sending DATA frame for stream ID 5 with length 10240 and flags NONE. 
2024-03-22 10:59:51.5827|TRACE|Microsoft.AspNetCore.Server.Kestrel.Http2|Connection id "0HN2A3GGI74MP" sending DATA frame for stream ID 5 with length 160 and flags NONE. 
2024-03-22 10:59:51.5827|TRACE|Microsoft.AspNetCore.Server.Kestrel.Http2|Connection id "0HN2A3GGI74MP" sending DATA frame for stream ID 5 with length 0 and flags END_STREAM. 
2024-03-22 10:59:51.5827|INFO|Microsoft.AspNetCore.Hosting.Diagnostics|Request finished HTTP/2 GET https://localhost:7290/_vs/browserLink - 200 - text/javascript;+charset=UTF-8 91.3579ms 
2024-03-22 10:59:51.7310|DEBUG|Microsoft.EntityFrameworkCore.Database.Connection|Opened connection to database 'LitZhu' on server 'localhost'. 
2024-03-22 10:59:51.7399|DEBUG|Microsoft.EntityFrameworkCore.Database.Command|Creating DbCommand for 'ExecuteReader'. 
2024-03-22 10:59:51.7399|DEBUG|Microsoft.EntityFrameworkCore.Database.Command|Created DbCommand for 'ExecuteReader' (4ms). 
2024-03-22 10:59:51.7735|DEBUG|Microsoft.EntityFrameworkCore.Database.Command|Initialized DbCommand for 'ExecuteReader' (34ms). 
2024-03-22 10:59:51.7735|DEBUG|Microsoft.EntityFrameworkCore.Database.Command|Executing DbCommand [Parameters=[@__email_0='?' (Size = 4000)], CommandType='Text', CommandTimeout='30']
SELECT `t`.`Id`, `t`.`Avatar`, `t`.`CreationTime`, `t`.`DeletionTime`, `t`.`Email`, `t`.`Gender`, `t`.`IsDeleted`, `t`.`LastModificationTime`, `t`.`Password`, `t`.`Phone`, `t`.`Username`, `t`.`Id0`, `t`.`AccessFailedCount`, `t`.`CreationTime0`, `t`.`IsLockOut`, `t`.`LockOutEnd`, `t`.`UserId`, `t0`.`UserId`, `t0`.`RoleId`, `t0`.`Id`, `t0`.`CreationTime`, `t0`.`DeletionTime`, `t0`.`IsDeleted`, `t0`.`LastModificationTime`, `t0`.`RoleDesc`, `t0`.`RoleName`
FROM (
    SELECT `u`.`Id`, `u`.`Avatar`, `u`.`CreationTime`, `u`.`DeletionTime`, `u`.`Email`, `u`.`Gender`, `u`.`IsDeleted`, `u`.`LastModificationTime`, `u`.`Password`, `u`.`Phone`, `u`.`Username`, `u0`.`Id` AS `Id0`, `u0`.`AccessFailedCount`, `u0`.`CreationTime` AS `CreationTime0`, `u0`.`IsLockOut`, `u0`.`LockOutEnd`, `u0`.`UserId`
    FROM `Users` AS `u`
    LEFT JOIN `UserAccessFails` AS `u0` ON `u`.`Id` = `u0`.`UserId`
    WHERE NOT (`u`.`IsDeleted`) AND (`u`.`Email` = @__email_0)
    LIMIT 1
) AS `t`
LEFT JOIN (
    SELECT `u1`.`UserId`, `u1`.`RoleId`, `t1`.`Id`, `t1`.`CreationTime`, `t1`.`DeletionTime`, `t1`.`IsDeleted`, `t1`.`LastModificationTime`, `t1`.`RoleDesc`, `t1`.`RoleName`
    FROM `Users_Roles` AS `u1`
    INNER JOIN (
        SELECT `r`.`Id`, `r`.`CreationTime`, `r`.`DeletionTime`, `r`.`IsDeleted`, `r`.`LastModificationTime`, `r`.`RoleDesc`, `r`.`RoleName`
        FROM `Roles` AS `r`
        WHERE NOT (`r`.`IsDeleted`)
    ) AS `t1` ON `u1`.`RoleId` = `t1`.`Id`
) AS `t0` ON `t`.`Id` = `t0`.`UserId`
ORDER BY `t`.`Id`, `t`.`Id0`, `t0`.`UserId`, `t0`.`RoleId` 
2024-03-22 10:59:51.8446|INFO|Microsoft.EntityFrameworkCore.Database.Command|Executed DbCommand (60ms) [Parameters=[@__email_0='?' (Size = 4000)], CommandType='Text', CommandTimeout='30']
SELECT `t`.`Id`, `t`.`Avatar`, `t`.`CreationTime`, `t`.`DeletionTime`, `t`.`Email`, `t`.`Gender`, `t`.`IsDeleted`, `t`.`LastModificationTime`, `t`.`Password`, `t`.`Phone`, `t`.`Username`, `t`.`Id0`, `t`.`AccessFailedCount`, `t`.`CreationTime0`, `t`.`IsLockOut`, `t`.`LockOutEnd`, `t`.`UserId`, `t0`.`UserId`, `t0`.`RoleId`, `t0`.`Id`, `t0`.`CreationTime`, `t0`.`DeletionTime`, `t0`.`IsDeleted`, `t0`.`LastModificationTime`, `t0`.`RoleDesc`, `t0`.`RoleName`
FROM (
    SELECT `u`.`Id`, `u`.`Avatar`, `u`.`CreationTime`, `u`.`DeletionTime`, `u`.`Email`, `u`.`Gender`, `u`.`IsDeleted`, `u`.`LastModificationTime`, `u`.`Password`, `u`.`Phone`, `u`.`Username`, `u0`.`Id` AS `Id0`, `u0`.`AccessFailedCount`, `u0`.`CreationTime` AS `CreationTime0`, `u0`.`IsLockOut`, `u0`.`LockOutEnd`, `u0`.`UserId`
    FROM `Users` AS `u`
    LEFT JOIN `UserAccessFails` AS `u0` ON `u`.`Id` = `u0`.`UserId`
    WHERE NOT (`u`.`IsDeleted`) AND (`u`.`Email` = @__email_0)
    LIMIT 1
) AS `t`
LEFT JOIN (
    SELECT `u1`.`UserId`, `u1`.`RoleId`, `t1`.`Id`, `t1`.`CreationTime`, `t1`.`DeletionTime`, `t1`.`IsDeleted`, `t1`.`LastModificationTime`, `t1`.`RoleDesc`, `t1`.`RoleName`
    FROM `Users_Roles` AS `u1`
    INNER JOIN (
        SELECT `r`.`Id`, `r`.`CreationTime`, `r`.`DeletionTime`, `r`.`IsDeleted`, `r`.`LastModificationTime`, `r`.`RoleDesc`, `r`.`RoleName`
        FROM `Roles` AS `r`
        WHERE NOT (`r`.`IsDeleted`)
    ) AS `t1` ON `u1`.`RoleId` = `t1`.`Id`
) AS `t0` ON `t`.`Id` = `t0`.`UserId`
ORDER BY `t`.`Id`, `t`.`Id0`, `t0`.`UserId`, `t0`.`RoleId` 
2024-03-22 10:59:51.9361|DEBUG|Microsoft.EntityFrameworkCore.ChangeTracking|Context 'UserDbContext' started tracking 'Users' entity. Consider using 'DbContextOptionsBuilder.EnableSensitiveDataLogging' to see key values. 
2024-03-22 10:59:52.0303|TRACE|Microsoft.AspNetCore.Server.Kestrel.Http2|Connection id "0HN2A3GGI74MP" received HEADERS frame for stream ID 7 with length 66 and flags END_STREAM, END_HEADERS, PRIORITY. 
2024-03-22 10:59:52.0303|INFO|Microsoft.AspNetCore.Hosting.Diagnostics|Request starting HTTP/2 GET https://localhost:7290/swagger/v1/swagger.json - - - 
2024-03-22 10:59:52.0303|TRACE|Microsoft.AspNetCore.HostFiltering.HostFilteringMiddleware|All hosts are allowed. 
2024-03-22 10:59:52.0303|DEBUG|Microsoft.AspNetCore.Routing.Matching.DfaMatcher|No candidates found for the request path '/swagger/v1/swagger.json' 
2024-03-22 10:59:52.0303|DEBUG|Microsoft.AspNetCore.Routing.EndpointRoutingMiddleware|Request did not match any endpoints 
2024-03-22 10:59:52.0512|DEBUG|Microsoft.EntityFrameworkCore.ChangeTracking|The navigation 'Users.UserAccessFail' was detected as changed. Consider using 'DbContextOptionsBuilder.EnableSensitiveDataLogging' to see key values. 
2024-03-22 10:59:52.0512|DEBUG|Microsoft.EntityFrameworkCore.ChangeTracking|Context 'UserDbContext' started tracking 'UserAccessFail' entity. Consider using 'DbContextOptionsBuilder.EnableSensitiveDataLogging' to see key values. 
2024-03-22 10:59:52.1521|DEBUG|Microsoft.EntityFrameworkCore.Database.Command|Closing data reader to 'LitZhu' on server 'localhost'. 
2024-03-22 10:59:52.1972|DEBUG|Microsoft.EntityFrameworkCore.Database.Command|A data reader for 'LitZhu' on server 'localhost' is being disposed after spending 328ms reading results. 
2024-03-22 10:59:52.2114|DEBUG|Microsoft.EntityFrameworkCore.Database.Connection|Closing connection to database 'LitZhu' on server 'localhost'. 
2024-03-22 10:59:52.2114|DEBUG|Microsoft.EntityFrameworkCore.Database.Connection|Closed connection to database 'LitZhu' on server 'localhost' (8ms). 
2024-03-22 10:59:52.2432|WARN|User.Infrastructure.EmailCodeSender|向邮箱地址：litzhuvich@foxmain.com , 发送验证码：31933 
2024-03-22 10:59:52.2432|INFO|Microsoft.AspNetCore.Mvc.Infrastructure.ControllerActionInvoker|Executed action method LitZhu.WebApi.Controllers.User.AuthController.SendEmailCode (LitZhu.WebApi), returned result Microsoft.AspNetCore.Mvc.OkObjectResult in 1753.0682ms. 
2024-03-22 10:59:52.2545|TRACE|Microsoft.AspNetCore.Mvc.Infrastructure.ControllerActionInvoker|Action Filter: Before executing OnActionExecuted on filter Microsoft.AspNetCore.Mvc.Infrastructure.ModelStateInvalidFilter. 
2024-03-22 10:59:52.2545|TRACE|Microsoft.AspNetCore.Mvc.Infrastructure.ControllerActionInvoker|Action Filter: After executing OnActionExecuted on filter Microsoft.AspNetCore.Mvc.Infrastructure.ModelStateInvalidFilter. 
2024-03-22 10:59:52.2545|TRACE|Microsoft.AspNetCore.Mvc.Infrastructure.ControllerActionInvoker|Action Filter: Before executing OnActionExecuted on filter Microsoft.AspNetCore.Mvc.ModelBinding.UnsupportedContentTypeFilter. 
2024-03-22 10:59:52.2545|TRACE|Microsoft.AspNetCore.Mvc.Infrastructure.ControllerActionInvoker|Action Filter: After executing OnActionExecuted on filter Microsoft.AspNetCore.Mvc.ModelBinding.UnsupportedContentTypeFilter. 
2024-03-22 10:59:52.2545|TRACE|Microsoft.AspNetCore.Mvc.Infrastructure.ControllerActionInvoker|Result Filter: Before executing OnResultExecuting on filter Microsoft.AspNetCore.Mvc.Infrastructure.ClientErrorResultFilter. 
2024-03-22 10:59:52.2545|TRACE|Microsoft.AspNetCore.Mvc.Infrastructure.ControllerActionInvoker|Result Filter: After executing OnResultExecuting on filter Microsoft.AspNetCore.Mvc.Infrastructure.ClientErrorResultFilter. 
2024-03-22 10:59:52.2545|TRACE|Microsoft.AspNetCore.Mvc.Infrastructure.ControllerActionInvoker|Before executing action result Microsoft.AspNetCore.Mvc.OkObjectResult. 
2024-03-22 10:59:52.2545|DEBUG|Microsoft.AspNetCore.Mvc.Infrastructure.DefaultOutputFormatterSelector|List of registered output formatters, in the following order: Microsoft.AspNetCore.Mvc.Formatters.HttpNoContentOutputFormatter, Microsoft.AspNetCore.Mvc.Formatters.StringOutputFormatter, Microsoft.AspNetCore.Mvc.Formatters.StreamOutputFormatter, Microsoft.AspNetCore.Mvc.Formatters.NewtonsoftJsonOutputFormatter 
2024-03-22 10:59:52.2545|DEBUG|Microsoft.AspNetCore.Mvc.Infrastructure.DefaultOutputFormatterSelector|No information found on request to perform content negotiation. 
2024-03-22 10:59:52.2545|DEBUG|Microsoft.AspNetCore.Mvc.Infrastructure.DefaultOutputFormatterSelector|Attempting to select an output formatter without using a content type as no explicit content types were specified for the response. 
2024-03-22 10:59:52.2545|DEBUG|Microsoft.AspNetCore.Mvc.Infrastructure.DefaultOutputFormatterSelector|Attempting to select the first formatter in the output formatters list which can write the result. 
2024-03-22 10:59:52.2545|DEBUG|Microsoft.AspNetCore.Mvc.Infrastructure.DefaultOutputFormatterSelector|Selected output formatter 'Microsoft.AspNetCore.Mvc.Formatters.NewtonsoftJsonOutputFormatter' and content type 'application/json' to write the response. 
2024-03-22 10:59:52.2545|INFO|Microsoft.AspNetCore.Mvc.Infrastructure.ObjectResultExecutor|Executing OkObjectResult, writing value of type 'LitZhu.WebApi.R'. 
2024-03-22 10:59:52.3173|TRACE|Microsoft.AspNetCore.Mvc.Infrastructure.ControllerActionInvoker|After executing action result Microsoft.AspNetCore.Mvc.OkObjectResult. 
2024-03-22 10:59:52.3173|TRACE|Microsoft.AspNetCore.Mvc.Infrastructure.ControllerActionInvoker|Result Filter: Before executing OnResultExecuted on filter Microsoft.AspNetCore.Mvc.Infrastructure.ClientErrorResultFilter. 
2024-03-22 10:59:52.3173|TRACE|Microsoft.AspNetCore.Mvc.Infrastructure.ControllerActionInvoker|Result Filter: After executing OnResultExecuted on filter Microsoft.AspNetCore.Mvc.Infrastructure.ClientErrorResultFilter. 
2024-03-22 10:59:52.3173|DEBUG|Microsoft.AspNetCore.Server.Kestrel.Transport.Sockets|Connection id "0HN2A3GGI74MO" received FIN. 
2024-03-22 10:59:52.3173|DEBUG|Microsoft.AspNetCore.Server.Kestrel.Transport.Sockets|Connection id "0HN2A3GGI74MO" sending FIN because: "The Socket transport's send loop completed gracefully." 
2024-03-22 10:59:52.3173|DEBUG|Microsoft.AspNetCore.Server.Kestrel.Connections|Connection id "0HN2A3GGI74MO" disconnecting. 
2024-03-22 10:59:52.3173|INFO|Microsoft.AspNetCore.Mvc.Infrastructure.ControllerActionInvoker|Executed action LitZhu.WebApi.Controllers.User.AuthController.SendEmailCode (LitZhu.WebApi) in 3648.0187ms 
2024-03-22 10:59:52.3173|INFO|Microsoft.AspNetCore.Routing.EndpointMiddleware|Executed endpoint 'LitZhu.WebApi.Controllers.User.AuthController.SendEmailCode (LitZhu.WebApi)' 
2024-03-22 10:59:52.3322|DEBUG|Microsoft.EntityFrameworkCore.Infrastructure|'UserDbContext' disposed. 
2024-03-22 10:59:52.3322|DEBUG|Microsoft.EntityFrameworkCore.Database.Connection|Disposing connection to database 'LitZhu' on server 'localhost'. 
2024-03-22 10:59:52.3322|DEBUG|Microsoft.EntityFrameworkCore.Database.Connection|Disposed connection to database 'LitZhu' on server 'localhost' (2ms). 
2024-03-22 10:59:52.3322|INFO|Microsoft.AspNetCore.Hosting.Diagnostics|Request finished HTTP/1.1 POST https://localhost:7290/api/Auth/SendEmailCode - 200 47 application/json;+charset=utf-8 3855.2576ms 
2024-03-22 10:59:52.3322|DEBUG|Microsoft.AspNetCore.Server.Kestrel.Connections|Connection id "0HN2A3GGI74MO" stopped. 
2024-03-22 10:59:52.4924|TRACE|Microsoft.AspNetCore.Server.Kestrel.Http2|Connection id "0HN2A3GGI74MP" sending HEADERS frame for stream ID 7 with length 35 and flags END_HEADERS. 
2024-03-22 10:59:52.4924|TRACE|Microsoft.AspNetCore.Server.Kestrel.Http2|Connection id "0HN2A3GGI74MP" sending DATA frame for stream ID 7 with length 16384 and flags NONE. 
2024-03-22 10:59:52.4924|TRACE|Microsoft.AspNetCore.Server.Kestrel.Http2|Connection id "0HN2A3GGI74MP" sending DATA frame for stream ID 7 with length 16384 and flags NONE. 
2024-03-22 10:59:52.4924|TRACE|Microsoft.AspNetCore.Server.Kestrel.Http2|Connection id "0HN2A3GGI74MP" sending DATA frame for stream ID 7 with length 16384 and flags NONE. 
2024-03-22 10:59:52.4924|TRACE|Microsoft.AspNetCore.Server.Kestrel.Http2|Connection id "0HN2A3GGI74MP" sending DATA frame for stream ID 7 with length 9384 and flags NONE. 
2024-03-22 10:59:52.4924|TRACE|Microsoft.AspNetCore.Server.Kestrel.Http2|Connection id "0HN2A3GGI74MP" sending DATA frame for stream ID 7 with length 0 and flags END_STREAM. 
2024-03-22 10:59:52.4924|INFO|Microsoft.AspNetCore.Hosting.Diagnostics|Request finished HTTP/2 GET https://localhost:7290/swagger/v1/swagger.json - 200 - application/json;charset=utf-8 465.8219ms 
2024-03-22 10:59:53.7973|DEBUG|Microsoft.AspNetCore.Server.Kestrel.Transport.Sockets|Connection id "0HN2A3GGI74MP" received FIN. 
2024-03-22 10:59:53.7973|DEBUG|Microsoft.AspNetCore.Server.Kestrel.Http2|Connection id "0HN2A3GGI74MP" is closed. The last processed stream ID was 7. 
2024-03-22 10:59:53.7973|DEBUG|Microsoft.AspNetCore.Server.Kestrel.Transport.Sockets|Connection id "0HN2A3GGI74MP" sending FIN because: "The Socket transport's send loop completed gracefully." 
2024-03-22 10:59:53.7973|DEBUG|Microsoft.AspNetCore.Server.Kestrel.Http2|The connection queue processing loop for 0HN2A3GGI74MP completed. 
2024-03-22 10:59:53.8018|DEBUG|Microsoft.AspNetCore.Server.Kestrel.Connections|Connection id "0HN2A3GGI74MP" stopped. 
2024-03-22 11:01:16.6861|DEBUG|Microsoft.AspNetCore.Mvc.ModelBinding.ModelBinderFactory|Registered model binder providers, in the following order: Microsoft.AspNetCore.Mvc.ModelBinding.Binders.BinderTypeModelBinderProvider, Microsoft.AspNetCore.Mvc.ModelBinding.Binders.ServicesModelBinderProvider, Microsoft.AspNetCore.Mvc.ModelBinding.Binders.BodyModelBinderProvider, Microsoft.AspNetCore.Mvc.ModelBinding.Binders.HeaderModelBinderProvider, Microsoft.AspNetCore.Mvc.ModelBinding.Binders.FloatingPointTypeModelBinderProvider, Microsoft.AspNetCore.Mvc.ModelBinding.Binders.EnumTypeModelBinderProvider, Microsoft.AspNetCore.Mvc.ModelBinding.Binders.DateTimeModelBinderProvider, Microsoft.AspNetCore.Mvc.ModelBinding.Binders.SimpleTypeModelBinderProvider, Microsoft.AspNetCore.Mvc.ModelBinding.Binders.TryParseModelBinderProvider, Microsoft.AspNetCore.Mvc.ModelBinding.Binders.CancellationTokenModelBinderProvider, Microsoft.AspNetCore.Mvc.ModelBinding.Binders.ByteArrayModelBinderProvider, Microsoft.AspNetCore.Mvc.ModelBinding.Binders.FormFileModelBinderProvider, Microsoft.AspNetCore.Mvc.ModelBinding.Binders.FormCollectionModelBinderProvider, Microsoft.AspNetCore.Mvc.ModelBinding.Binders.KeyValuePairModelBinderProvider, Microsoft.AspNetCore.Mvc.ModelBinding.Binders.DictionaryModelBinderProvider, Microsoft.AspNetCore.Mvc.ModelBinding.Binders.ArrayModelBinderProvider, Microsoft.AspNetCore.Mvc.ModelBinding.Binders.CollectionModelBinderProvider, Microsoft.AspNetCore.Mvc.ModelBinding.Binders.ComplexObjectModelBinderProvider 
2024-03-22 11:01:16.8224|DEBUG|Microsoft.Extensions.Hosting.Internal.Host|Hosting starting 
2024-03-22 11:01:16.8608|INFO|Microsoft.AspNetCore.DataProtection.KeyManagement.XmlKeyManager|User profile is available. Using 'C:\Users\25968\AppData\Local\ASP.NET\DataProtection-Keys' as key repository and Windows DPAPI to encrypt keys at rest. 
2024-03-22 11:01:16.8703|DEBUG|Microsoft.AspNetCore.DataProtection.Repositories.FileSystemXmlRepository|Reading data from file 'C:\Users\25968\AppData\Local\ASP.NET\DataProtection-Keys\key-04331095-e001-4e86-a2a5-ac77c623d11c.xml'. 
2024-03-22 11:01:16.8703|DEBUG|Microsoft.AspNetCore.DataProtection.KeyManagement.XmlKeyManager|Found key {04331095-e001-4e86-a2a5-ac77c623d11c}. 
2024-03-22 11:01:16.8905|DEBUG|Microsoft.AspNetCore.DataProtection.KeyManagement.DefaultKeyResolver|Considering key {04331095-e001-4e86-a2a5-ac77c623d11c} with expiration date 2024-04-11 12:24:14Z as default key. 
2024-03-22 11:01:16.8905|DEBUG|Microsoft.AspNetCore.DataProtection.TypeForwardingActivator|Forwarded activator type request from Microsoft.AspNetCore.DataProtection.XmlEncryption.DpapiXmlDecryptor, Microsoft.AspNetCore.DataProtection, Version=8.0.0.0, Culture=neutral, PublicKeyToken=adb9793829ddae60 to Microsoft.AspNetCore.DataProtection.XmlEncryption.DpapiXmlDecryptor, Microsoft.AspNetCore.DataProtection, Culture=neutral, PublicKeyToken=adb9793829ddae60 
2024-03-22 11:01:16.8951|DEBUG|Microsoft.AspNetCore.DataProtection.XmlEncryption.DpapiXmlDecryptor|Decrypting secret element using Windows DPAPI. 
2024-03-22 11:01:16.8951|DEBUG|Microsoft.AspNetCore.DataProtection.TypeForwardingActivator|Forwarded activator type request from Microsoft.AspNetCore.DataProtection.AuthenticatedEncryption.ConfigurationModel.AuthenticatedEncryptorDescriptorDeserializer, Microsoft.AspNetCore.DataProtection, Version=8.0.0.0, Culture=neutral, PublicKeyToken=adb9793829ddae60 to Microsoft.AspNetCore.DataProtection.AuthenticatedEncryption.ConfigurationModel.AuthenticatedEncryptorDescriptorDeserializer, Microsoft.AspNetCore.DataProtection, Culture=neutral, PublicKeyToken=adb9793829ddae60 
2024-03-22 11:01:16.8951|DEBUG|Microsoft.AspNetCore.DataProtection.AuthenticatedEncryption.CngCbcAuthenticatedEncryptorFactory|Opening CNG algorithm 'AES' from provider '(null)' with chaining mode CBC. 
2024-03-22 11:01:16.8951|DEBUG|Microsoft.AspNetCore.DataProtection.AuthenticatedEncryption.CngCbcAuthenticatedEncryptorFactory|Opening CNG algorithm 'SHA256' from provider '(null)' with HMAC. 
2024-03-22 11:01:16.8951|DEBUG|Microsoft.AspNetCore.DataProtection.KeyManagement.KeyRingProvider|Using key {04331095-e001-4e86-a2a5-ac77c623d11c} as the default key. 
2024-03-22 11:01:16.8951|DEBUG|Microsoft.AspNetCore.DataProtection.Internal.DataProtectionHostedService|Key ring with default key {04331095-e001-4e86-a2a5-ac77c623d11c} was loaded during application startup. 
2024-03-22 11:01:17.1897|DEBUG|Microsoft.AspNetCore.Server.Kestrel.Connections|Connection id "0HN2A3HBSBO9V" accepted. 
2024-03-22 11:01:17.1897|DEBUG|Microsoft.AspNetCore.Server.Kestrel.Connections|Connection id "0HN2A3HBSBO9V" started. 
2024-03-22 11:01:17.1968|INFO|Microsoft.Hosting.Lifetime|Now listening on: https://localhost:7290 
2024-03-22 11:01:17.1968|INFO|Microsoft.Hosting.Lifetime|Now listening on: http://localhost:5167 
2024-03-22 11:01:17.1968|DEBUG|Microsoft.AspNetCore.Hosting.Diagnostics|Loaded hosting startup assembly LitZhu.WebApi 
2024-03-22 11:01:17.1968|DEBUG|Microsoft.AspNetCore.Hosting.Diagnostics|Loaded hosting startup assembly Microsoft.AspNetCore.Watch.BrowserRefresh 
2024-03-22 11:01:17.1968|DEBUG|Microsoft.AspNetCore.Hosting.Diagnostics|Loaded hosting startup assembly Microsoft.WebTools.BrowserLink.Net 
2024-03-22 11:01:17.2069|INFO|Microsoft.Hosting.Lifetime|Application started. Press Ctrl+C to shut down. 
2024-03-22 11:01:17.2069|INFO|Microsoft.Hosting.Lifetime|Hosting environment: Development 
2024-03-22 11:01:17.2069|INFO|Microsoft.Hosting.Lifetime|Content root path: D:\Desktop\website\litzhu\LitZhu_backend\LitZhu.WebApi 
2024-03-22 11:01:17.2069|DEBUG|Microsoft.Extensions.Hosting.Internal.Host|Hosting started 
2024-03-22 11:01:17.2502|DEBUG|Microsoft.AspNetCore.Server.Kestrel.Https.Internal.HttpsConnectionMiddleware|Connection 0HN2A3HBSBO9V established using the following protocol: Tls13 
2024-03-22 11:01:17.2694|INFO|Microsoft.AspNetCore.Hosting.Diagnostics|Request starting HTTP/1.1 POST https://localhost:7290/api/Auth/SendEmailCode - application/json 38 
2024-03-22 11:01:17.2743|DEBUG|Microsoft.AspNetCore.HostFiltering.HostFilteringMiddleware|Wildcard detected, all requests with hosts will be allowed. 
2024-03-22 11:01:17.2743|TRACE|Microsoft.AspNetCore.HostFiltering.HostFilteringMiddleware|All hosts are allowed. 
2024-03-22 11:01:17.3002|DEBUG|Microsoft.AspNetCore.Routing.Matching.DfaMatcher|1 candidate(s) found for the request path '/api/Auth/SendEmailCode' 
2024-03-22 11:01:17.3023|DEBUG|Microsoft.AspNetCore.Routing.Matching.DfaMatcher|Endpoint 'LitZhu.WebApi.Controllers.User.AuthController.SendEmailCode (LitZhu.WebApi)' with route pattern 'api/Auth/SendEmailCode' is valid for the request path '/api/Auth/SendEmailCode' 
2024-03-22 11:01:17.3023|DEBUG|Microsoft.AspNetCore.Routing.EndpointRoutingMiddleware|Request matched endpoint 'LitZhu.WebApi.Controllers.User.AuthController.SendEmailCode (LitZhu.WebApi)' 
2024-03-22 11:01:17.3023|TRACE|Microsoft.AspNetCore.Routing.EndpointRoutingMiddleware|The endpoint does not specify the IRequestSizeLimitMetadata. 
2024-03-22 11:01:17.3023|DEBUG|Microsoft.AspNetCore.StaticFiles.StaticFileMiddleware|Static files was skipped as the request already matched an endpoint. 
2024-03-22 11:01:17.3727|DEBUG|Microsoft.AspNetCore.Authentication.JwtBearer.JwtBearerHandler|AuthenticationScheme: Bearer was not authenticated. 
2024-03-22 11:01:17.3727|INFO|Microsoft.AspNetCore.Routing.EndpointMiddleware|Executing endpoint 'LitZhu.WebApi.Controllers.User.AuthController.SendEmailCode (LitZhu.WebApi)' 
2024-03-22 11:01:17.3888|DEBUG|Microsoft.AspNetCore.Server.Kestrel.Connections|Connection id "0HN2A3HBSBOA0" accepted. 
2024-03-22 11:01:17.3888|DEBUG|Microsoft.AspNetCore.Server.Kestrel.Connections|Connection id "0HN2A3HBSBOA0" started. 
2024-03-22 11:01:17.3948|INFO|Microsoft.AspNetCore.Mvc.Infrastructure.ControllerActionInvoker|Route matched with {action = "SendEmailCode", controller = "Auth"}. Executing controller action with signature System.Threading.Tasks.Task`1[Microsoft.AspNetCore.Mvc.ActionResult`1[System.String]] SendEmailCode(LitZhu.WebApi.Controllers.User.SendEmailCodeRequest) on controller LitZhu.WebApi.Controllers.User.AuthController (LitZhu.WebApi). 
2024-03-22 11:01:17.3948|DEBUG|Microsoft.AspNetCore.Mvc.Infrastructure.ControllerActionInvoker|Execution plan of authorization filters (in the following order): None 
2024-03-22 11:01:17.3948|DEBUG|Microsoft.AspNetCore.Mvc.Infrastructure.ControllerActionInvoker|Execution plan of resource filters (in the following order): None 
2024-03-22 11:01:17.3948|DEBUG|Microsoft.AspNetCore.Mvc.Infrastructure.ControllerActionInvoker|Execution plan of action filters (in the following order): Microsoft.AspNetCore.Mvc.ModelBinding.UnsupportedContentTypeFilter (Order: -3000), Microsoft.AspNetCore.Mvc.Infrastructure.ModelStateInvalidFilter (Order: -2000) 
2024-03-22 11:01:17.3948|DEBUG|Microsoft.AspNetCore.Mvc.Infrastructure.ControllerActionInvoker|Execution plan of exception filters (in the following order): None 
2024-03-22 11:01:17.3948|DEBUG|Microsoft.AspNetCore.Mvc.Infrastructure.ControllerActionInvoker|Execution plan of result filters (in the following order): Microsoft.AspNetCore.Mvc.Infrastructure.ClientErrorResultFilter (Order: -2000) 
2024-03-22 11:01:17.3948|DEBUG|Microsoft.AspNetCore.Mvc.Infrastructure.ControllerActionInvoker|Executing controller factory for controller LitZhu.WebApi.Controllers.User.AuthController (LitZhu.WebApi) 
2024-03-22 11:01:17.3948|DEBUG|Microsoft.AspNetCore.Server.Kestrel.Connections|Connection id "0HN2A3HBSBOA1" accepted. 
2024-03-22 11:01:17.3948|DEBUG|Microsoft.AspNetCore.Server.Kestrel.Connections|Connection id "0HN2A3HBSBOA1" started. 
2024-03-22 11:01:17.4390|DEBUG|Microsoft.AspNetCore.Server.Kestrel.Transport.Sockets|Connection id "0HN2A3HBSBOA1" received FIN. 
2024-03-22 11:01:17.4390|DEBUG|Microsoft.AspNetCore.Server.Kestrel.Transport.Sockets|Connection id "0HN2A3HBSBOA0" received FIN. 
2024-03-22 11:01:17.4533|DEBUG|Microsoft.AspNetCore.Server.Kestrel.Https.Internal.HttpsConnectionMiddleware|Failed to authenticate HTTPS connection. System.IO.IOException: Received an unexpected EOF or 0 bytes from the transport stream.
   at System.Net.Security.SslStream.ReceiveHandshakeFrameAsync[TIOAdapter](CancellationToken cancellationToken)
   at System.Net.Security.SslStream.ForceAuthenticationAsync[TIOAdapter](Boolean receiveFirst, Byte[] reAuthenticationData, CancellationToken cancellationToken)
   at System.Net.Security.SslStream.ProcessAuthenticationWithTelemetryAsync(Boolean isAsync, CancellationToken cancellationToken)
   at Microsoft.AspNetCore.Server.Kestrel.Https.Internal.HttpsConnectionMiddleware.OnConnectionAsync(ConnectionContext context)
2024-03-22 11:01:17.4533|DEBUG|Microsoft.AspNetCore.Server.Kestrel.Https.Internal.HttpsConnectionMiddleware|Failed to authenticate HTTPS connection. System.IO.IOException: Received an unexpected EOF or 0 bytes from the transport stream.
   at System.Net.Security.SslStream.ReceiveHandshakeFrameAsync[TIOAdapter](CancellationToken cancellationToken)
   at System.Net.Security.SslStream.ForceAuthenticationAsync[TIOAdapter](Boolean receiveFirst, Byte[] reAuthenticationData, CancellationToken cancellationToken)
   at System.Net.Security.SslStream.ProcessAuthenticationWithTelemetryAsync(Boolean isAsync, CancellationToken cancellationToken)
   at Microsoft.AspNetCore.Server.Kestrel.Https.Internal.HttpsConnectionMiddleware.OnConnectionAsync(ConnectionContext context)
2024-03-22 11:01:17.4895|DEBUG|Microsoft.AspNetCore.Server.Kestrel.Connections|Connection id "0HN2A3HBSBOA1" stopped. 
2024-03-22 11:01:17.4895|DEBUG|Microsoft.AspNetCore.Server.Kestrel.Connections|Connection id "0HN2A3HBSBOA0" stopped. 
2024-03-22 11:01:17.4895|DEBUG|Microsoft.AspNetCore.Server.Kestrel.Transport.Sockets|Connection id "0HN2A3HBSBOA1" sending FIN because: "The Socket transport's send loop completed gracefully." 
2024-03-22 11:01:17.4895|DEBUG|Microsoft.AspNetCore.Server.Kestrel.Transport.Sockets|Connection id "0HN2A3HBSBOA0" sending FIN because: "The Socket transport's send loop completed gracefully." 
2024-03-22 11:01:17.6591|DEBUG|Microsoft.EntityFrameworkCore.Infrastructure|An additional 'IServiceProvider' was created for internal use by Entity Framework. An existing service provider was not used due to the following configuration changes: configuration changed for 'Core:ConfigureWarnings', configuration added for 'Pomelo.EntityFrameworkCore.MySql:ServerVersion', configuration added for 'Pomelo.EntityFrameworkCore.MySql:DisableBackslashEscaping', configuration added for 'Pomelo.EntityFrameworkCore.MySql:SetSqlModeOnOpen', configuration added for 'Pomelo.EntityFrameworkCore.MySql:DisableLineBreakToCharSubstition', configuration added for 'Pomelo.EntityFrameworkCore.MySql:DefaultDataTypeMappings', configuration added for 'Pomelo.EntityFrameworkCore.MySql:SchemaBehavior', configuration added for 'Pomelo.EntityFrameworkCore.MySql:SchemaNameTranslator', configuration added for 'Pomelo.EntityFrameworkCore.MySql:EnableIndexOptimizedBooleanColumns', configuration added for 'Pomelo.EntityFrameworkCore.MySql:LimitKeyedOrIndexedStringColumnLength', configuration added for 'Pomelo.EntityFrameworkCore.MySql:EnableStringComparisonTranslations', configuration added for 'Pomelo.EntityFrameworkCore.MySql:EnablePrimitiveCollectionsSupport'. 
2024-03-22 11:01:17.9891|DEBUG|Microsoft.EntityFrameworkCore.Model|The index {'UserId'} was not created on entity type 'UserRoles' as the properties are already covered by the index {'UserId', 'RoleId'}. 
2024-03-22 11:01:18.0608|WARN|Microsoft.EntityFrameworkCore.Model.Validation|Entity 'Users' has a global query filter defined and is the required end of a relationship with the entity 'UserAccessFail'. This may lead to unexpected results when the required entity is filtered out. Either configure the navigation as optional, or define matching query filters for both entities in the navigation. See https://go.microsoft.com/fwlink/?linkid=2131316 for more information. 
2024-03-22 11:01:18.0608|WARN|Microsoft.EntityFrameworkCore.Model.Validation|Entity 'Roles' has a global query filter defined and is the required end of a relationship with the entity 'UserRoles'. This may lead to unexpected results when the required entity is filtered out. Either configure the navigation as optional, or define matching query filters for both entities in the navigation. See https://go.microsoft.com/fwlink/?linkid=2131316 for more information. 
2024-03-22 11:01:18.2370|DEBUG|Microsoft.EntityFrameworkCore.Infrastructure|Entity Framework Core 8.0.1 initialized 'UserDbContext' using provider 'Pomelo.EntityFrameworkCore.MySql:8.0.1' with options: ServerVersion=8.0.23-mysql  
2024-03-22 11:01:18.3942|DEBUG|Microsoft.AspNetCore.Mvc.Infrastructure.ControllerActionInvoker|Executed controller factory for controller LitZhu.WebApi.Controllers.User.AuthController (LitZhu.WebApi) 
2024-03-22 11:01:18.3973|DEBUG|Microsoft.AspNetCore.Mvc.ModelBinding.ParameterBinder|Attempting to bind parameter 'req' of type 'LitZhu.WebApi.Controllers.User.SendEmailCodeRequest' ... 
2024-03-22 11:01:18.3973|DEBUG|Microsoft.AspNetCore.Mvc.ModelBinding.Binders.BodyModelBinder|Attempting to bind parameter 'req' of type 'LitZhu.WebApi.Controllers.User.SendEmailCodeRequest' using the name '' in request data ... 
2024-03-22 11:01:18.3973|DEBUG|Microsoft.AspNetCore.Mvc.ModelBinding.Binders.BodyModelBinder|Rejected input formatter 'Microsoft.AspNetCore.Mvc.Formatters.NewtonsoftJsonPatchInputFormatter' for content type 'application/json'. 
2024-03-22 11:01:18.3973|DEBUG|Microsoft.AspNetCore.Mvc.ModelBinding.Binders.BodyModelBinder|Selected input formatter 'Microsoft.AspNetCore.Mvc.Formatters.NewtonsoftJsonInputFormatter' for content type 'application/json'. 
2024-03-22 11:01:18.3973|DEBUG|Microsoft.AspNetCore.Server.Kestrel|Connection id "0HN2A3HBSBO9V", Request id "0HN2A3HBSBO9V:00000001": started reading request body. 
2024-03-22 11:01:18.3973|DEBUG|Microsoft.AspNetCore.Server.Kestrel|Connection id "0HN2A3HBSBO9V", Request id "0HN2A3HBSBO9V:00000001": done reading request body. 
2024-03-22 11:01:18.4800|DEBUG|Microsoft.AspNetCore.Mvc.ModelBinding.Binders.BodyModelBinder|Done attempting to bind parameter 'req' of type 'LitZhu.WebApi.Controllers.User.SendEmailCodeRequest'. 
2024-03-22 11:01:18.4800|DEBUG|Microsoft.AspNetCore.Mvc.ModelBinding.ParameterBinder|Done attempting to bind parameter 'req' of type 'LitZhu.WebApi.Controllers.User.SendEmailCodeRequest'. 
2024-03-22 11:01:18.4800|DEBUG|Microsoft.AspNetCore.Mvc.ModelBinding.ParameterBinder|Attempting to validate the bound parameter 'req' of type 'LitZhu.WebApi.Controllers.User.SendEmailCodeRequest' ... 
2024-03-22 11:01:18.4800|DEBUG|Microsoft.AspNetCore.Mvc.ModelBinding.ParameterBinder|Done attempting to validate the bound parameter 'req' of type 'LitZhu.WebApi.Controllers.User.SendEmailCodeRequest'. 
2024-03-22 11:01:18.4800|TRACE|Microsoft.AspNetCore.Mvc.Infrastructure.ControllerActionInvoker|Action Filter: Before executing OnActionExecuting on filter Microsoft.AspNetCore.Mvc.ModelBinding.UnsupportedContentTypeFilter. 
2024-03-22 11:01:18.4800|TRACE|Microsoft.AspNetCore.Mvc.Infrastructure.ControllerActionInvoker|Action Filter: After executing OnActionExecuting on filter Microsoft.AspNetCore.Mvc.ModelBinding.UnsupportedContentTypeFilter. 
2024-03-22 11:01:18.4800|TRACE|Microsoft.AspNetCore.Mvc.Infrastructure.ControllerActionInvoker|Action Filter: Before executing OnActionExecuting on filter Microsoft.AspNetCore.Mvc.Infrastructure.ModelStateInvalidFilter. 
2024-03-22 11:01:18.4800|TRACE|Microsoft.AspNetCore.Mvc.Infrastructure.ControllerActionInvoker|Action Filter: After executing OnActionExecuting on filter Microsoft.AspNetCore.Mvc.Infrastructure.ModelStateInvalidFilter. 
2024-03-22 11:01:18.4920|INFO|Microsoft.AspNetCore.Mvc.Infrastructure.ControllerActionInvoker|Executing action method LitZhu.WebApi.Controllers.User.AuthController.SendEmailCode (LitZhu.WebApi) - Validation state: Valid 
2024-03-22 11:01:18.4920|TRACE|Microsoft.AspNetCore.Mvc.Infrastructure.ControllerActionInvoker|Executing action method LitZhu.WebApi.Controllers.User.AuthController.SendEmailCode (LitZhu.WebApi) with arguments (SendEmailCodeRequest { Email = litzhuvich@foxmain.com }) 
2024-03-22 11:01:18.5398|DEBUG|Microsoft.EntityFrameworkCore.Query|Compiling query expression: 
'DbSet<Users>()
    .Include(x => x.UserAccessFail)
    .Include(x => x.UserRoles)
    .ThenInclude(ur => ur.Roles)
    .FirstOrDefault(x => x.Email == __email_0)' 
2024-03-22 11:01:18.5957|DEBUG|Microsoft.EntityFrameworkCore.Query|Including navigation: 'Users.UserAccessFail'. 
2024-03-22 11:01:18.5957|DEBUG|Microsoft.EntityFrameworkCore.Query|Including navigation: 'Users.UserRoles'. 
2024-03-22 11:01:18.6028|DEBUG|Microsoft.EntityFrameworkCore.Query|Including navigation: 'UserRoles.Roles'. 
2024-03-22 11:01:18.7890|DEBUG|Microsoft.EntityFrameworkCore.Query|Generated query execution expression: 
'queryContext => ShapedQueryCompilingExpressionVisitor.SingleOrDefaultAsync<Users>(
    asyncEnumerable: new SingleQueryingEnumerable<Users>(
        (RelationalQueryContext)queryContext, 
        RelationalCommandCache.QueryExpression(
            Client Projections:
                0 -> Dictionary<IProperty, int> { [Property: Users.Id (Guid) Required PK AfterSave:Throw ValueGenerated.OnAdd, 0], [Property: Users.Avatar (string), 1], [Property: Users.CreationTime (DateTime) Required, 2], [Property: Users.DeletionTime (DateTime?), 3], [Property: Users.Email (string), 4], [Property: Users.Gender (Gender) Required, 5], [Property: Users.IsDeleted (bool) Required Index, 6], [Property: Users.LastModificationTime (DateTime?), 7], [Property: Users.Password (string) Required MaxLength(100) ANSI, 8], [Property: Users.Phone (string), 9], [Property: Users.Username (string) Required Index MaxLength(10), 10] }
                1 -> Dictionary<IProperty, int> { [Property: UserAccessFail.Id (Guid) Required PK AfterSave:Throw ValueGenerated.OnAdd, 11], [Property: UserAccessFail.AccessFailedCount (int) Required, 12], [Property: UserAccessFail.CreationTime (DateTime) Required, 13], [Property: UserAccessFail.IsLockOut (bool) Required, 14], [Property: UserAccessFail.LockOutEnd (DateTime?), 15], [Property: UserAccessFail.UserId (Guid) Required FK Index, 16] }
                2 -> 0
                3 -> 11
                4 -> Dictionary<IProperty, int> { [Property: UserRoles.UserId (Guid) Required PK FK AfterSave:Throw, 17], [Property: UserRoles.RoleId (Guid) Required PK FK Index AfterSave:Throw, 18] }
                5 -> Dictionary<IProperty, int> { [Property: Roles.Id (Guid) Required PK AfterSave:Throw ValueGenerated.OnAdd, 19], [Property: Roles.CreationTime (DateTime) Required, 20], [Property: Roles.DeletionTime (DateTime?), 21], [Property: Roles.IsDeleted (bool) Required Index, 22], [Property: Roles.LastModificationTime (DateTime?), 23], [Property: Roles.RoleDesc (string) Required, 24], [Property: Roles.RoleName (string) Required MaxLength(10), 25] }
                6 -> 17
                7 -> 18
                8 -> 19
            SELECT t.Id, t.Avatar, t.CreationTime, t.DeletionTime, t.Email, t.Gender, t.IsDeleted, t.LastModificationTime, t.Password, t.Phone, t.Username, t.Id0, t.AccessFailedCount, t.CreationTime0, t.IsLockOut, t.LockOutEnd, t.UserId, t0.UserId, t0.RoleId, t0.Id, t0.CreationTime, t0.DeletionTime, t0.IsDeleted, t0.LastModificationTime, t0.RoleDesc, t0.RoleName
            FROM 
            (
                SELECT TOP(1) u.Id, u.Avatar, u.CreationTime, u.DeletionTime, u.Email, u.Gender, u.IsDeleted, u.LastModificationTime, u.Password, u.Phone, u.Username, u0.Id AS Id0, u0.AccessFailedCount, u0.CreationTime AS CreationTime0, u0.IsLockOut, u0.LockOutEnd, u0.UserId
                FROM Users AS u
                LEFT JOIN UserAccessFails AS u0 ON u.Id == u0.UserId
                WHERE (u.IsDeleted == FALSE) && (u.Email == @__email_0)
            ) AS t
            LEFT JOIN 
            (
                SELECT u1.UserId, u1.RoleId, t1.Id, t1.CreationTime, t1.DeletionTime, t1.IsDeleted, t1.LastModificationTime, t1.RoleDesc, t1.RoleName
                FROM Users_Roles AS u1
                INNER JOIN 
                (
                    SELECT r.Id, r.CreationTime, r.DeletionTime, r.IsDeleted, r.LastModificationTime, r.RoleDesc, r.RoleName
                    FROM Roles AS r
                    WHERE r.IsDeleted == FALSE
                ) AS t1 ON u1.RoleId == t1.Id
            ) AS t0 ON t.Id == t0.UserId
            ORDER BY t.Id ASC, t.Id0 ASC, t0.UserId ASC, t0.RoleId ASC), 
        null, 
        Func<QueryContext, DbDataReader, ResultContext, SingleQueryResultCoordinator, Users>, 
        User.Infrastructure.UserDbContext, 
        False, 
        False, 
        True
    ), 
    cancellationToken: queryContext.CancellationToken)' 
2024-03-22 11:01:18.8240|DEBUG|Microsoft.EntityFrameworkCore.Database.Connection|Creating DbConnection. 
2024-03-22 11:01:18.8240|DEBUG|Microsoft.EntityFrameworkCore.Database.Connection|Created DbConnection. (3ms). 
2024-03-22 11:01:18.8338|DEBUG|Microsoft.EntityFrameworkCore.Database.Connection|Opening connection to database 'LitZhu' on server 'localhost'. 
2024-03-22 11:01:18.9795|DEBUG|Microsoft.EntityFrameworkCore.Database.Connection|Opened connection to database 'LitZhu' on server 'localhost'. 
2024-03-22 11:01:18.9795|DEBUG|Microsoft.EntityFrameworkCore.Database.Command|Creating DbCommand for 'ExecuteReader'. 
2024-03-22 11:01:18.9885|DEBUG|Microsoft.EntityFrameworkCore.Database.Command|Created DbCommand for 'ExecuteReader' (2ms). 
2024-03-22 11:01:18.9885|DEBUG|Microsoft.EntityFrameworkCore.Database.Command|Initialized DbCommand for 'ExecuteReader' (18ms). 
2024-03-22 11:01:19.0062|DEBUG|Microsoft.EntityFrameworkCore.Database.Command|Executing DbCommand [Parameters=[@__email_0='?' (Size = 4000)], CommandType='Text', CommandTimeout='30']
SELECT `t`.`Id`, `t`.`Avatar`, `t`.`CreationTime`, `t`.`DeletionTime`, `t`.`Email`, `t`.`Gender`, `t`.`IsDeleted`, `t`.`LastModificationTime`, `t`.`Password`, `t`.`Phone`, `t`.`Username`, `t`.`Id0`, `t`.`AccessFailedCount`, `t`.`CreationTime0`, `t`.`IsLockOut`, `t`.`LockOutEnd`, `t`.`UserId`, `t0`.`UserId`, `t0`.`RoleId`, `t0`.`Id`, `t0`.`CreationTime`, `t0`.`DeletionTime`, `t0`.`IsDeleted`, `t0`.`LastModificationTime`, `t0`.`RoleDesc`, `t0`.`RoleName`
FROM (
    SELECT `u`.`Id`, `u`.`Avatar`, `u`.`CreationTime`, `u`.`DeletionTime`, `u`.`Email`, `u`.`Gender`, `u`.`IsDeleted`, `u`.`LastModificationTime`, `u`.`Password`, `u`.`Phone`, `u`.`Username`, `u0`.`Id` AS `Id0`, `u0`.`AccessFailedCount`, `u0`.`CreationTime` AS `CreationTime0`, `u0`.`IsLockOut`, `u0`.`LockOutEnd`, `u0`.`UserId`
    FROM `Users` AS `u`
    LEFT JOIN `UserAccessFails` AS `u0` ON `u`.`Id` = `u0`.`UserId`
    WHERE NOT (`u`.`IsDeleted`) AND (`u`.`Email` = @__email_0)
    LIMIT 1
) AS `t`
LEFT JOIN (
    SELECT `u1`.`UserId`, `u1`.`RoleId`, `t1`.`Id`, `t1`.`CreationTime`, `t1`.`DeletionTime`, `t1`.`IsDeleted`, `t1`.`LastModificationTime`, `t1`.`RoleDesc`, `t1`.`RoleName`
    FROM `Users_Roles` AS `u1`
    INNER JOIN (
        SELECT `r`.`Id`, `r`.`CreationTime`, `r`.`DeletionTime`, `r`.`IsDeleted`, `r`.`LastModificationTime`, `r`.`RoleDesc`, `r`.`RoleName`
        FROM `Roles` AS `r`
        WHERE NOT (`r`.`IsDeleted`)
    ) AS `t1` ON `u1`.`RoleId` = `t1`.`Id`
) AS `t0` ON `t`.`Id` = `t0`.`UserId`
ORDER BY `t`.`Id`, `t`.`Id0`, `t0`.`UserId`, `t0`.`RoleId` 
2024-03-22 11:01:19.0434|INFO|Microsoft.EntityFrameworkCore.Database.Command|Executed DbCommand (38ms) [Parameters=[@__email_0='?' (Size = 4000)], CommandType='Text', CommandTimeout='30']
SELECT `t`.`Id`, `t`.`Avatar`, `t`.`CreationTime`, `t`.`DeletionTime`, `t`.`Email`, `t`.`Gender`, `t`.`IsDeleted`, `t`.`LastModificationTime`, `t`.`Password`, `t`.`Phone`, `t`.`Username`, `t`.`Id0`, `t`.`AccessFailedCount`, `t`.`CreationTime0`, `t`.`IsLockOut`, `t`.`LockOutEnd`, `t`.`UserId`, `t0`.`UserId`, `t0`.`RoleId`, `t0`.`Id`, `t0`.`CreationTime`, `t0`.`DeletionTime`, `t0`.`IsDeleted`, `t0`.`LastModificationTime`, `t0`.`RoleDesc`, `t0`.`RoleName`
FROM (
    SELECT `u`.`Id`, `u`.`Avatar`, `u`.`CreationTime`, `u`.`DeletionTime`, `u`.`Email`, `u`.`Gender`, `u`.`IsDeleted`, `u`.`LastModificationTime`, `u`.`Password`, `u`.`Phone`, `u`.`Username`, `u0`.`Id` AS `Id0`, `u0`.`AccessFailedCount`, `u0`.`CreationTime` AS `CreationTime0`, `u0`.`IsLockOut`, `u0`.`LockOutEnd`, `u0`.`UserId`
    FROM `Users` AS `u`
    LEFT JOIN `UserAccessFails` AS `u0` ON `u`.`Id` = `u0`.`UserId`
    WHERE NOT (`u`.`IsDeleted`) AND (`u`.`Email` = @__email_0)
    LIMIT 1
) AS `t`
LEFT JOIN (
    SELECT `u1`.`UserId`, `u1`.`RoleId`, `t1`.`Id`, `t1`.`CreationTime`, `t1`.`DeletionTime`, `t1`.`IsDeleted`, `t1`.`LastModificationTime`, `t1`.`RoleDesc`, `t1`.`RoleName`
    FROM `Users_Roles` AS `u1`
    INNER JOIN (
        SELECT `r`.`Id`, `r`.`CreationTime`, `r`.`DeletionTime`, `r`.`IsDeleted`, `r`.`LastModificationTime`, `r`.`RoleDesc`, `r`.`RoleName`
        FROM `Roles` AS `r`
        WHERE NOT (`r`.`IsDeleted`)
    ) AS `t1` ON `u1`.`RoleId` = `t1`.`Id`
) AS `t0` ON `t`.`Id` = `t0`.`UserId`
ORDER BY `t`.`Id`, `t`.`Id0`, `t0`.`UserId`, `t0`.`RoleId` 
2024-03-22 11:01:19.0787|DEBUG|Microsoft.EntityFrameworkCore.ChangeTracking|Context 'UserDbContext' started tracking 'Users' entity. Consider using 'DbContextOptionsBuilder.EnableSensitiveDataLogging' to see key values. 
2024-03-22 11:01:19.1265|DEBUG|Microsoft.EntityFrameworkCore.ChangeTracking|The navigation 'Users.UserAccessFail' was detected as changed. Consider using 'DbContextOptionsBuilder.EnableSensitiveDataLogging' to see key values. 
2024-03-22 11:01:19.1265|DEBUG|Microsoft.EntityFrameworkCore.ChangeTracking|Context 'UserDbContext' started tracking 'UserAccessFail' entity. Consider using 'DbContextOptionsBuilder.EnableSensitiveDataLogging' to see key values. 
2024-03-22 11:01:19.1451|DEBUG|Microsoft.EntityFrameworkCore.Database.Command|Closing data reader to 'LitZhu' on server 'localhost'. 
2024-03-22 11:01:19.1451|DEBUG|Microsoft.EntityFrameworkCore.Database.Command|A data reader for 'LitZhu' on server 'localhost' is being disposed after spending 105ms reading results. 
2024-03-22 11:01:19.1451|DEBUG|Microsoft.EntityFrameworkCore.Database.Connection|Closing connection to database 'LitZhu' on server 'localhost'. 
2024-03-22 11:01:19.1451|DEBUG|Microsoft.EntityFrameworkCore.Database.Connection|Closed connection to database 'LitZhu' on server 'localhost' (2ms). 
2024-03-22 11:01:19.1675|WARN|User.Infrastructure.EmailCodeSender|向邮箱地址：litzhuvich@foxmain.com , 发送验证码：99116 
2024-03-22 11:01:19.1675|INFO|Microsoft.AspNetCore.Mvc.Infrastructure.ControllerActionInvoker|Executed action method LitZhu.WebApi.Controllers.User.AuthController.SendEmailCode (LitZhu.WebApi), returned result Microsoft.AspNetCore.Mvc.OkObjectResult in 676.929ms. 
2024-03-22 11:01:19.1675|TRACE|Microsoft.AspNetCore.Mvc.Infrastructure.ControllerActionInvoker|Action Filter: Before executing OnActionExecuted on filter Microsoft.AspNetCore.Mvc.Infrastructure.ModelStateInvalidFilter. 
2024-03-22 11:01:19.1675|TRACE|Microsoft.AspNetCore.Mvc.Infrastructure.ControllerActionInvoker|Action Filter: After executing OnActionExecuted on filter Microsoft.AspNetCore.Mvc.Infrastructure.ModelStateInvalidFilter. 
2024-03-22 11:01:19.1675|TRACE|Microsoft.AspNetCore.Mvc.Infrastructure.ControllerActionInvoker|Action Filter: Before executing OnActionExecuted on filter Microsoft.AspNetCore.Mvc.ModelBinding.UnsupportedContentTypeFilter. 
2024-03-22 11:01:19.1675|TRACE|Microsoft.AspNetCore.Mvc.Infrastructure.ControllerActionInvoker|Action Filter: After executing OnActionExecuted on filter Microsoft.AspNetCore.Mvc.ModelBinding.UnsupportedContentTypeFilter. 
2024-03-22 11:01:19.1675|TRACE|Microsoft.AspNetCore.Mvc.Infrastructure.ControllerActionInvoker|Result Filter: Before executing OnResultExecuting on filter Microsoft.AspNetCore.Mvc.Infrastructure.ClientErrorResultFilter. 
2024-03-22 11:01:19.1675|TRACE|Microsoft.AspNetCore.Mvc.Infrastructure.ControllerActionInvoker|Result Filter: After executing OnResultExecuting on filter Microsoft.AspNetCore.Mvc.Infrastructure.ClientErrorResultFilter. 
2024-03-22 11:01:19.1675|TRACE|Microsoft.AspNetCore.Mvc.Infrastructure.ControllerActionInvoker|Before executing action result Microsoft.AspNetCore.Mvc.OkObjectResult. 
2024-03-22 11:01:19.1675|DEBUG|Microsoft.AspNetCore.Mvc.Infrastructure.DefaultOutputFormatterSelector|List of registered output formatters, in the following order: Microsoft.AspNetCore.Mvc.Formatters.HttpNoContentOutputFormatter, Microsoft.AspNetCore.Mvc.Formatters.StringOutputFormatter, Microsoft.AspNetCore.Mvc.Formatters.StreamOutputFormatter, Microsoft.AspNetCore.Mvc.Formatters.NewtonsoftJsonOutputFormatter 
2024-03-22 11:01:19.1769|DEBUG|Microsoft.AspNetCore.Mvc.Infrastructure.DefaultOutputFormatterSelector|No information found on request to perform content negotiation. 
2024-03-22 11:01:19.1769|DEBUG|Microsoft.AspNetCore.Mvc.Infrastructure.DefaultOutputFormatterSelector|Attempting to select an output formatter without using a content type as no explicit content types were specified for the response. 
2024-03-22 11:01:19.1769|DEBUG|Microsoft.AspNetCore.Mvc.Infrastructure.DefaultOutputFormatterSelector|Attempting to select the first formatter in the output formatters list which can write the result. 
2024-03-22 11:01:19.1769|DEBUG|Microsoft.AspNetCore.Mvc.Infrastructure.DefaultOutputFormatterSelector|Selected output formatter 'Microsoft.AspNetCore.Mvc.Formatters.NewtonsoftJsonOutputFormatter' and content type 'application/json' to write the response. 
2024-03-22 11:01:19.1769|INFO|Microsoft.AspNetCore.Mvc.Infrastructure.ObjectResultExecutor|Executing OkObjectResult, writing value of type 'LitZhu.WebApi.R'. 
2024-03-22 11:01:19.2048|TRACE|Microsoft.AspNetCore.Mvc.Infrastructure.ControllerActionInvoker|After executing action result Microsoft.AspNetCore.Mvc.OkObjectResult. 
2024-03-22 11:01:19.2048|TRACE|Microsoft.AspNetCore.Mvc.Infrastructure.ControllerActionInvoker|Result Filter: Before executing OnResultExecuted on filter Microsoft.AspNetCore.Mvc.Infrastructure.ClientErrorResultFilter. 
2024-03-22 11:01:19.2048|TRACE|Microsoft.AspNetCore.Mvc.Infrastructure.ControllerActionInvoker|Result Filter: After executing OnResultExecuted on filter Microsoft.AspNetCore.Mvc.Infrastructure.ClientErrorResultFilter. 
2024-03-22 11:01:19.2048|DEBUG|Microsoft.AspNetCore.Server.Kestrel.Transport.Sockets|Connection id "0HN2A3HBSBO9V" received FIN. 
2024-03-22 11:01:19.2048|DEBUG|Microsoft.AspNetCore.Server.Kestrel.Transport.Sockets|Connection id "0HN2A3HBSBO9V" sending FIN because: "The Socket transport's send loop completed gracefully." 
2024-03-22 11:01:19.2048|DEBUG|Microsoft.AspNetCore.Server.Kestrel.Connections|Connection id "0HN2A3HBSBO9V" disconnecting. 
2024-03-22 11:01:19.2086|INFO|Microsoft.AspNetCore.Mvc.Infrastructure.ControllerActionInvoker|Executed action LitZhu.WebApi.Controllers.User.AuthController.SendEmailCode (LitZhu.WebApi) in 1809.1854ms 
2024-03-22 11:01:19.2086|INFO|Microsoft.AspNetCore.Routing.EndpointMiddleware|Executed endpoint 'LitZhu.WebApi.Controllers.User.AuthController.SendEmailCode (LitZhu.WebApi)' 
2024-03-22 11:01:19.2086|DEBUG|Microsoft.EntityFrameworkCore.Infrastructure|'UserDbContext' disposed. 
2024-03-22 11:01:19.2086|DEBUG|Microsoft.EntityFrameworkCore.Database.Connection|Disposing connection to database 'LitZhu' on server 'localhost'. 
2024-03-22 11:01:19.2086|DEBUG|Microsoft.EntityFrameworkCore.Database.Connection|Disposed connection to database 'LitZhu' on server 'localhost' (1ms). 
2024-03-22 11:01:19.2086|INFO|Microsoft.AspNetCore.Hosting.Diagnostics|Request finished HTTP/1.1 POST https://localhost:7290/api/Auth/SendEmailCode - 200 47 application/json;+charset=utf-8 1953.6436ms 
2024-03-22 11:01:19.2086|DEBUG|Microsoft.AspNetCore.Server.Kestrel.Connections|Connection id "0HN2A3HBSBO9V" stopped. 
2024-03-22 11:01:20.8708|DEBUG|Microsoft.AspNetCore.Server.Kestrel.Connections|Connection id "0HN2A3HBSBOA2" accepted. 
2024-03-22 11:01:20.8708|DEBUG|Microsoft.AspNetCore.Server.Kestrel.Connections|Connection id "0HN2A3HBSBOA2" started. 
2024-03-22 11:01:20.8708|DEBUG|Microsoft.AspNetCore.Server.Kestrel.Https.Internal.HttpsConnectionMiddleware|Connection 0HN2A3HBSBOA2 established using the following protocol: Tls13 
2024-03-22 11:01:20.8708|INFO|Microsoft.AspNetCore.Hosting.Diagnostics|Request starting HTTP/1.1 POST https://localhost:7290/api/Auth/SendEmailCode - application/json 38 
2024-03-22 11:01:20.8790|TRACE|Microsoft.AspNetCore.HostFiltering.HostFilteringMiddleware|All hosts are allowed. 
2024-03-22 11:01:20.8790|DEBUG|Microsoft.AspNetCore.Routing.Matching.DfaMatcher|1 candidate(s) found for the request path '/api/Auth/SendEmailCode' 
2024-03-22 11:01:20.8790|DEBUG|Microsoft.AspNetCore.Routing.Matching.DfaMatcher|Endpoint 'LitZhu.WebApi.Controllers.User.AuthController.SendEmailCode (LitZhu.WebApi)' with route pattern 'api/Auth/SendEmailCode' is valid for the request path '/api/Auth/SendEmailCode' 
2024-03-22 11:01:20.8790|DEBUG|Microsoft.AspNetCore.Routing.EndpointRoutingMiddleware|Request matched endpoint 'LitZhu.WebApi.Controllers.User.AuthController.SendEmailCode (LitZhu.WebApi)' 
2024-03-22 11:01:20.8790|TRACE|Microsoft.AspNetCore.Routing.EndpointRoutingMiddleware|The endpoint does not specify the IRequestSizeLimitMetadata. 
2024-03-22 11:01:20.8790|DEBUG|Microsoft.AspNetCore.StaticFiles.StaticFileMiddleware|Static files was skipped as the request already matched an endpoint. 
2024-03-22 11:01:20.8790|DEBUG|Microsoft.AspNetCore.Authentication.JwtBearer.JwtBearerHandler|AuthenticationScheme: Bearer was not authenticated. 
2024-03-22 11:01:20.8790|INFO|Microsoft.AspNetCore.Routing.EndpointMiddleware|Executing endpoint 'LitZhu.WebApi.Controllers.User.AuthController.SendEmailCode (LitZhu.WebApi)' 
2024-03-22 11:01:20.8790|INFO|Microsoft.AspNetCore.Mvc.Infrastructure.ControllerActionInvoker|Route matched with {action = "SendEmailCode", controller = "Auth"}. Executing controller action with signature System.Threading.Tasks.Task`1[Microsoft.AspNetCore.Mvc.ActionResult`1[System.String]] SendEmailCode(LitZhu.WebApi.Controllers.User.SendEmailCodeRequest) on controller LitZhu.WebApi.Controllers.User.AuthController (LitZhu.WebApi). 
2024-03-22 11:01:20.8790|DEBUG|Microsoft.AspNetCore.Mvc.Infrastructure.ControllerActionInvoker|Execution plan of authorization filters (in the following order): None 
2024-03-22 11:01:20.8790|DEBUG|Microsoft.AspNetCore.Mvc.Infrastructure.ControllerActionInvoker|Execution plan of resource filters (in the following order): None 
2024-03-22 11:01:20.8790|DEBUG|Microsoft.AspNetCore.Mvc.Infrastructure.ControllerActionInvoker|Execution plan of action filters (in the following order): Microsoft.AspNetCore.Mvc.ModelBinding.UnsupportedContentTypeFilter (Order: -3000), Microsoft.AspNetCore.Mvc.Infrastructure.ModelStateInvalidFilter (Order: -2000) 
2024-03-22 11:01:20.8790|DEBUG|Microsoft.AspNetCore.Mvc.Infrastructure.ControllerActionInvoker|Execution plan of exception filters (in the following order): None 
2024-03-22 11:01:20.8790|DEBUG|Microsoft.AspNetCore.Mvc.Infrastructure.ControllerActionInvoker|Execution plan of result filters (in the following order): Microsoft.AspNetCore.Mvc.Infrastructure.ClientErrorResultFilter (Order: -2000) 
2024-03-22 11:01:20.8790|DEBUG|Microsoft.AspNetCore.Mvc.Infrastructure.ControllerActionInvoker|Executing controller factory for controller LitZhu.WebApi.Controllers.User.AuthController (LitZhu.WebApi) 
2024-03-22 11:01:20.9270|DEBUG|Microsoft.EntityFrameworkCore.Infrastructure|Entity Framework Core 8.0.1 initialized 'UserDbContext' using provider 'Pomelo.EntityFrameworkCore.MySql:8.0.1' with options: ServerVersion=8.0.23-mysql  
2024-03-22 11:01:20.9270|DEBUG|Microsoft.AspNetCore.Mvc.Infrastructure.ControllerActionInvoker|Executed controller factory for controller LitZhu.WebApi.Controllers.User.AuthController (LitZhu.WebApi) 
2024-03-22 11:01:20.9270|DEBUG|Microsoft.AspNetCore.Mvc.ModelBinding.ParameterBinder|Attempting to bind parameter 'req' of type 'LitZhu.WebApi.Controllers.User.SendEmailCodeRequest' ... 
2024-03-22 11:01:20.9270|DEBUG|Microsoft.AspNetCore.Mvc.ModelBinding.Binders.BodyModelBinder|Attempting to bind parameter 'req' of type 'LitZhu.WebApi.Controllers.User.SendEmailCodeRequest' using the name '' in request data ... 
2024-03-22 11:01:20.9270|DEBUG|Microsoft.AspNetCore.Mvc.ModelBinding.Binders.BodyModelBinder|Rejected input formatter 'Microsoft.AspNetCore.Mvc.Formatters.NewtonsoftJsonPatchInputFormatter' for content type 'application/json'. 
2024-03-22 11:01:20.9270|DEBUG|Microsoft.AspNetCore.Mvc.ModelBinding.Binders.BodyModelBinder|Selected input formatter 'Microsoft.AspNetCore.Mvc.Formatters.NewtonsoftJsonInputFormatter' for content type 'application/json'. 
2024-03-22 11:01:20.9270|DEBUG|Microsoft.AspNetCore.Server.Kestrel|Connection id "0HN2A3HBSBOA2", Request id "0HN2A3HBSBOA2:00000001": started reading request body. 
2024-03-22 11:01:20.9270|DEBUG|Microsoft.AspNetCore.Server.Kestrel|Connection id "0HN2A3HBSBOA2", Request id "0HN2A3HBSBOA2:00000001": done reading request body. 
2024-03-22 11:01:20.9270|DEBUG|Microsoft.AspNetCore.Mvc.ModelBinding.Binders.BodyModelBinder|Done attempting to bind parameter 'req' of type 'LitZhu.WebApi.Controllers.User.SendEmailCodeRequest'. 
2024-03-22 11:01:20.9270|DEBUG|Microsoft.AspNetCore.Mvc.ModelBinding.ParameterBinder|Done attempting to bind parameter 'req' of type 'LitZhu.WebApi.Controllers.User.SendEmailCodeRequest'. 
2024-03-22 11:01:20.9270|DEBUG|Microsoft.AspNetCore.Mvc.ModelBinding.ParameterBinder|Attempting to validate the bound parameter 'req' of type 'LitZhu.WebApi.Controllers.User.SendEmailCodeRequest' ... 
2024-03-22 11:01:20.9270|DEBUG|Microsoft.AspNetCore.Mvc.ModelBinding.ParameterBinder|Done attempting to validate the bound parameter 'req' of type 'LitZhu.WebApi.Controllers.User.SendEmailCodeRequest'. 
2024-03-22 11:01:20.9270|TRACE|Microsoft.AspNetCore.Mvc.Infrastructure.ControllerActionInvoker|Action Filter: Before executing OnActionExecuting on filter Microsoft.AspNetCore.Mvc.ModelBinding.UnsupportedContentTypeFilter. 
2024-03-22 11:01:20.9270|TRACE|Microsoft.AspNetCore.Mvc.Infrastructure.ControllerActionInvoker|Action Filter: After executing OnActionExecuting on filter Microsoft.AspNetCore.Mvc.ModelBinding.UnsupportedContentTypeFilter. 
2024-03-22 11:01:20.9270|TRACE|Microsoft.AspNetCore.Mvc.Infrastructure.ControllerActionInvoker|Action Filter: Before executing OnActionExecuting on filter Microsoft.AspNetCore.Mvc.Infrastructure.ModelStateInvalidFilter. 
2024-03-22 11:01:20.9270|TRACE|Microsoft.AspNetCore.Mvc.Infrastructure.ControllerActionInvoker|Action Filter: After executing OnActionExecuting on filter Microsoft.AspNetCore.Mvc.Infrastructure.ModelStateInvalidFilter. 
2024-03-22 11:01:20.9270|INFO|Microsoft.AspNetCore.Mvc.Infrastructure.ControllerActionInvoker|Executing action method LitZhu.WebApi.Controllers.User.AuthController.SendEmailCode (LitZhu.WebApi) - Validation state: Valid 
2024-03-22 11:01:20.9270|TRACE|Microsoft.AspNetCore.Mvc.Infrastructure.ControllerActionInvoker|Executing action method LitZhu.WebApi.Controllers.User.AuthController.SendEmailCode (LitZhu.WebApi) with arguments (SendEmailCodeRequest { Email = litzhuvich@foxmain.com }) 
2024-03-22 11:01:20.9270|DEBUG|Microsoft.EntityFrameworkCore.Database.Connection|Creating DbConnection. 
2024-03-22 11:01:20.9270|DEBUG|Microsoft.EntityFrameworkCore.Database.Connection|Created DbConnection. (0ms). 
2024-03-22 11:01:20.9270|DEBUG|Microsoft.EntityFrameworkCore.Database.Connection|Opening connection to database 'LitZhu' on server 'localhost'. 
2024-03-22 11:01:20.9559|DEBUG|Microsoft.EntityFrameworkCore.Database.Connection|Opened connection to database 'LitZhu' on server 'localhost'. 
2024-03-22 11:01:20.9559|DEBUG|Microsoft.EntityFrameworkCore.Database.Command|Creating DbCommand for 'ExecuteReader'. 
2024-03-22 11:01:20.9559|DEBUG|Microsoft.EntityFrameworkCore.Database.Command|Created DbCommand for 'ExecuteReader' (0ms). 
2024-03-22 11:01:20.9559|DEBUG|Microsoft.EntityFrameworkCore.Database.Command|Initialized DbCommand for 'ExecuteReader' (0ms). 
2024-03-22 11:01:20.9559|DEBUG|Microsoft.EntityFrameworkCore.Database.Command|Executing DbCommand [Parameters=[@__email_0='?' (Size = 4000)], CommandType='Text', CommandTimeout='30']
SELECT `t`.`Id`, `t`.`Avatar`, `t`.`CreationTime`, `t`.`DeletionTime`, `t`.`Email`, `t`.`Gender`, `t`.`IsDeleted`, `t`.`LastModificationTime`, `t`.`Password`, `t`.`Phone`, `t`.`Username`, `t`.`Id0`, `t`.`AccessFailedCount`, `t`.`CreationTime0`, `t`.`IsLockOut`, `t`.`LockOutEnd`, `t`.`UserId`, `t0`.`UserId`, `t0`.`RoleId`, `t0`.`Id`, `t0`.`CreationTime`, `t0`.`DeletionTime`, `t0`.`IsDeleted`, `t0`.`LastModificationTime`, `t0`.`RoleDesc`, `t0`.`RoleName`
FROM (
    SELECT `u`.`Id`, `u`.`Avatar`, `u`.`CreationTime`, `u`.`DeletionTime`, `u`.`Email`, `u`.`Gender`, `u`.`IsDeleted`, `u`.`LastModificationTime`, `u`.`Password`, `u`.`Phone`, `u`.`Username`, `u0`.`Id` AS `Id0`, `u0`.`AccessFailedCount`, `u0`.`CreationTime` AS `CreationTime0`, `u0`.`IsLockOut`, `u0`.`LockOutEnd`, `u0`.`UserId`
    FROM `Users` AS `u`
    LEFT JOIN `UserAccessFails` AS `u0` ON `u`.`Id` = `u0`.`UserId`
    WHERE NOT (`u`.`IsDeleted`) AND (`u`.`Email` = @__email_0)
    LIMIT 1
) AS `t`
LEFT JOIN (
    SELECT `u1`.`UserId`, `u1`.`RoleId`, `t1`.`Id`, `t1`.`CreationTime`, `t1`.`DeletionTime`, `t1`.`IsDeleted`, `t1`.`LastModificationTime`, `t1`.`RoleDesc`, `t1`.`RoleName`
    FROM `Users_Roles` AS `u1`
    INNER JOIN (
        SELECT `r`.`Id`, `r`.`CreationTime`, `r`.`DeletionTime`, `r`.`IsDeleted`, `r`.`LastModificationTime`, `r`.`RoleDesc`, `r`.`RoleName`
        FROM `Roles` AS `r`
        WHERE NOT (`r`.`IsDeleted`)
    ) AS `t1` ON `u1`.`RoleId` = `t1`.`Id`
) AS `t0` ON `t`.`Id` = `t0`.`UserId`
ORDER BY `t`.`Id`, `t`.`Id0`, `t0`.`UserId`, `t0`.`RoleId` 
2024-03-22 11:01:20.9720|INFO|Microsoft.EntityFrameworkCore.Database.Command|Executed DbCommand (15ms) [Parameters=[@__email_0='?' (Size = 4000)], CommandType='Text', CommandTimeout='30']
SELECT `t`.`Id`, `t`.`Avatar`, `t`.`CreationTime`, `t`.`DeletionTime`, `t`.`Email`, `t`.`Gender`, `t`.`IsDeleted`, `t`.`LastModificationTime`, `t`.`Password`, `t`.`Phone`, `t`.`Username`, `t`.`Id0`, `t`.`AccessFailedCount`, `t`.`CreationTime0`, `t`.`IsLockOut`, `t`.`LockOutEnd`, `t`.`UserId`, `t0`.`UserId`, `t0`.`RoleId`, `t0`.`Id`, `t0`.`CreationTime`, `t0`.`DeletionTime`, `t0`.`IsDeleted`, `t0`.`LastModificationTime`, `t0`.`RoleDesc`, `t0`.`RoleName`
FROM (
    SELECT `u`.`Id`, `u`.`Avatar`, `u`.`CreationTime`, `u`.`DeletionTime`, `u`.`Email`, `u`.`Gender`, `u`.`IsDeleted`, `u`.`LastModificationTime`, `u`.`Password`, `u`.`Phone`, `u`.`Username`, `u0`.`Id` AS `Id0`, `u0`.`AccessFailedCount`, `u0`.`CreationTime` AS `CreationTime0`, `u0`.`IsLockOut`, `u0`.`LockOutEnd`, `u0`.`UserId`
    FROM `Users` AS `u`
    LEFT JOIN `UserAccessFails` AS `u0` ON `u`.`Id` = `u0`.`UserId`
    WHERE NOT (`u`.`IsDeleted`) AND (`u`.`Email` = @__email_0)
    LIMIT 1
) AS `t`
LEFT JOIN (
    SELECT `u1`.`UserId`, `u1`.`RoleId`, `t1`.`Id`, `t1`.`CreationTime`, `t1`.`DeletionTime`, `t1`.`IsDeleted`, `t1`.`LastModificationTime`, `t1`.`RoleDesc`, `t1`.`RoleName`
    FROM `Users_Roles` AS `u1`
    INNER JOIN (
        SELECT `r`.`Id`, `r`.`CreationTime`, `r`.`DeletionTime`, `r`.`IsDeleted`, `r`.`LastModificationTime`, `r`.`RoleDesc`, `r`.`RoleName`
        FROM `Roles` AS `r`
        WHERE NOT (`r`.`IsDeleted`)
    ) AS `t1` ON `u1`.`RoleId` = `t1`.`Id`
) AS `t0` ON `t`.`Id` = `t0`.`UserId`
ORDER BY `t`.`Id`, `t`.`Id0`, `t0`.`UserId`, `t0`.`RoleId` 
2024-03-22 11:01:20.9732|DEBUG|Microsoft.EntityFrameworkCore.ChangeTracking|Context 'UserDbContext' started tracking 'Users' entity. Consider using 'DbContextOptionsBuilder.EnableSensitiveDataLogging' to see key values. 
2024-03-22 11:01:20.9732|DEBUG|Microsoft.EntityFrameworkCore.ChangeTracking|The navigation 'Users.UserAccessFail' was detected as changed. Consider using 'DbContextOptionsBuilder.EnableSensitiveDataLogging' to see key values. 
2024-03-22 11:01:20.9732|DEBUG|Microsoft.EntityFrameworkCore.ChangeTracking|Context 'UserDbContext' started tracking 'UserAccessFail' entity. Consider using 'DbContextOptionsBuilder.EnableSensitiveDataLogging' to see key values. 
2024-03-22 11:01:20.9732|DEBUG|Microsoft.EntityFrameworkCore.Database.Command|Closing data reader to 'LitZhu' on server 'localhost'. 
2024-03-22 11:01:20.9732|DEBUG|Microsoft.EntityFrameworkCore.Database.Command|A data reader for 'LitZhu' on server 'localhost' is being disposed after spending 1ms reading results. 
2024-03-22 11:01:20.9732|DEBUG|Microsoft.EntityFrameworkCore.Database.Connection|Closing connection to database 'LitZhu' on server 'localhost'. 
2024-03-22 11:01:20.9732|DEBUG|Microsoft.EntityFrameworkCore.Database.Connection|Closed connection to database 'LitZhu' on server 'localhost' (0ms). 
2024-03-22 11:01:20.9732|WARN|User.Infrastructure.EmailCodeSender|向邮箱地址：litzhuvich@foxmain.com , 发送验证码：86552 
2024-03-22 11:01:20.9732|INFO|Microsoft.AspNetCore.Mvc.Infrastructure.ControllerActionInvoker|Executed action method LitZhu.WebApi.Controllers.User.AuthController.SendEmailCode (LitZhu.WebApi), returned result Microsoft.AspNetCore.Mvc.OkObjectResult in 57.3552ms. 
2024-03-22 11:01:20.9884|TRACE|Microsoft.AspNetCore.Mvc.Infrastructure.ControllerActionInvoker|Action Filter: Before executing OnActionExecuted on filter Microsoft.AspNetCore.Mvc.Infrastructure.ModelStateInvalidFilter. 
2024-03-22 11:01:20.9884|TRACE|Microsoft.AspNetCore.Mvc.Infrastructure.ControllerActionInvoker|Action Filter: After executing OnActionExecuted on filter Microsoft.AspNetCore.Mvc.Infrastructure.ModelStateInvalidFilter. 
2024-03-22 11:01:20.9884|TRACE|Microsoft.AspNetCore.Mvc.Infrastructure.ControllerActionInvoker|Action Filter: Before executing OnActionExecuted on filter Microsoft.AspNetCore.Mvc.ModelBinding.UnsupportedContentTypeFilter. 
2024-03-22 11:01:20.9884|TRACE|Microsoft.AspNetCore.Mvc.Infrastructure.ControllerActionInvoker|Action Filter: After executing OnActionExecuted on filter Microsoft.AspNetCore.Mvc.ModelBinding.UnsupportedContentTypeFilter. 
2024-03-22 11:01:20.9884|TRACE|Microsoft.AspNetCore.Mvc.Infrastructure.ControllerActionInvoker|Result Filter: Before executing OnResultExecuting on filter Microsoft.AspNetCore.Mvc.Infrastructure.ClientErrorResultFilter. 
2024-03-22 11:01:20.9884|TRACE|Microsoft.AspNetCore.Mvc.Infrastructure.ControllerActionInvoker|Result Filter: After executing OnResultExecuting on filter Microsoft.AspNetCore.Mvc.Infrastructure.ClientErrorResultFilter. 
2024-03-22 11:01:20.9884|TRACE|Microsoft.AspNetCore.Mvc.Infrastructure.ControllerActionInvoker|Before executing action result Microsoft.AspNetCore.Mvc.OkObjectResult. 
2024-03-22 11:01:20.9884|DEBUG|Microsoft.AspNetCore.Mvc.Infrastructure.DefaultOutputFormatterSelector|List of registered output formatters, in the following order: Microsoft.AspNetCore.Mvc.Formatters.HttpNoContentOutputFormatter, Microsoft.AspNetCore.Mvc.Formatters.StringOutputFormatter, Microsoft.AspNetCore.Mvc.Formatters.StreamOutputFormatter, Microsoft.AspNetCore.Mvc.Formatters.NewtonsoftJsonOutputFormatter 
2024-03-22 11:01:20.9884|DEBUG|Microsoft.AspNetCore.Mvc.Infrastructure.DefaultOutputFormatterSelector|No information found on request to perform content negotiation. 
2024-03-22 11:01:20.9884|DEBUG|Microsoft.AspNetCore.Mvc.Infrastructure.DefaultOutputFormatterSelector|Attempting to select an output formatter without using a content type as no explicit content types were specified for the response. 
2024-03-22 11:01:20.9884|DEBUG|Microsoft.AspNetCore.Mvc.Infrastructure.DefaultOutputFormatterSelector|Attempting to select the first formatter in the output formatters list which can write the result. 
2024-03-22 11:01:20.9884|DEBUG|Microsoft.AspNetCore.Mvc.Infrastructure.DefaultOutputFormatterSelector|Selected output formatter 'Microsoft.AspNetCore.Mvc.Formatters.NewtonsoftJsonOutputFormatter' and content type 'application/json' to write the response. 
2024-03-22 11:01:20.9884|INFO|Microsoft.AspNetCore.Mvc.Infrastructure.ObjectResultExecutor|Executing OkObjectResult, writing value of type 'LitZhu.WebApi.R'. 
2024-03-22 11:01:20.9884|TRACE|Microsoft.AspNetCore.Mvc.Infrastructure.ControllerActionInvoker|After executing action result Microsoft.AspNetCore.Mvc.OkObjectResult. 
2024-03-22 11:01:20.9884|TRACE|Microsoft.AspNetCore.Mvc.Infrastructure.ControllerActionInvoker|Result Filter: Before executing OnResultExecuted on filter Microsoft.AspNetCore.Mvc.Infrastructure.ClientErrorResultFilter. 
2024-03-22 11:01:20.9884|TRACE|Microsoft.AspNetCore.Mvc.Infrastructure.ControllerActionInvoker|Result Filter: After executing OnResultExecuted on filter Microsoft.AspNetCore.Mvc.Infrastructure.ClientErrorResultFilter. 
2024-03-22 11:01:20.9884|INFO|Microsoft.AspNetCore.Mvc.Infrastructure.ControllerActionInvoker|Executed action LitZhu.WebApi.Controllers.User.AuthController.SendEmailCode (LitZhu.WebApi) in 109.4657ms 
2024-03-22 11:01:20.9884|INFO|Microsoft.AspNetCore.Routing.EndpointMiddleware|Executed endpoint 'LitZhu.WebApi.Controllers.User.AuthController.SendEmailCode (LitZhu.WebApi)' 
2024-03-22 11:01:20.9884|DEBUG|Microsoft.AspNetCore.Server.Kestrel.Connections|Connection id "0HN2A3HBSBOA2" completed keep alive response. 
2024-03-22 11:01:20.9884|DEBUG|Microsoft.EntityFrameworkCore.Infrastructure|'UserDbContext' disposed. 
2024-03-22 11:01:20.9884|DEBUG|Microsoft.EntityFrameworkCore.Database.Connection|Disposing connection to database 'LitZhu' on server 'localhost'. 
2024-03-22 11:01:20.9884|DEBUG|Microsoft.AspNetCore.Server.Kestrel.Transport.Sockets|Connection id "0HN2A3HBSBOA2" received FIN. 
2024-03-22 11:01:20.9884|DEBUG|Microsoft.EntityFrameworkCore.Database.Connection|Disposed connection to database 'LitZhu' on server 'localhost' (0ms). 
2024-03-22 11:01:20.9884|DEBUG|Microsoft.AspNetCore.Server.Kestrel.Transport.Sockets|Connection id "0HN2A3HBSBOA2" sending FIN because: "The Socket transport's send loop completed gracefully." 
2024-03-22 11:01:20.9884|INFO|Microsoft.AspNetCore.Hosting.Diagnostics|Request finished HTTP/1.1 POST https://localhost:7290/api/Auth/SendEmailCode - 200 47 application/json;+charset=utf-8 123.6091ms 
2024-03-22 11:01:20.9884|DEBUG|Microsoft.AspNetCore.Server.Kestrel.Connections|Connection id "0HN2A3HBSBOA2" disconnecting. 
2024-03-22 11:01:21.0043|DEBUG|Microsoft.AspNetCore.Server.Kestrel.Connections|Connection id "0HN2A3HBSBOA2" stopped. 
2024-03-22 11:01:21.5540|DEBUG|Microsoft.AspNetCore.Server.Kestrel.Connections|Connection id "0HN2A3HBSBOA3" accepted. 
2024-03-22 11:01:21.5540|DEBUG|Microsoft.AspNetCore.Server.Kestrel.Connections|Connection id "0HN2A3HBSBOA3" started. 
2024-03-22 11:01:21.5953|DEBUG|Microsoft.AspNetCore.Server.Kestrel.Https.Internal.HttpsConnectionMiddleware|Connection 0HN2A3HBSBOA3 established using the following protocol: Tls13 
2024-03-22 11:01:21.6290|TRACE|Microsoft.AspNetCore.Server.Kestrel.Http2|Connection id "0HN2A3HBSBOA3" sending SETTINGS frame for stream ID 0 with length 24 and flags NONE. 
2024-03-22 11:01:21.6308|TRACE|Microsoft.AspNetCore.Server.Kestrel.Http2|Connection id "0HN2A3HBSBOA3" sending WINDOW_UPDATE frame for stream ID 0 with length 4 and flags 0x0. 
2024-03-22 11:01:21.6308|TRACE|Microsoft.AspNetCore.Server.Kestrel.Http2|Connection id "0HN2A3HBSBOA3" received SETTINGS frame for stream ID 0 with length 24 and flags NONE. 
2024-03-22 11:01:21.6308|TRACE|Microsoft.AspNetCore.Server.Kestrel.Http2|Connection id "0HN2A3HBSBOA3" sending SETTINGS frame for stream ID 0 with length 0 and flags ACK. 
2024-03-22 11:01:21.6308|TRACE|Microsoft.AspNetCore.Server.Kestrel.Http2|Connection id "0HN2A3HBSBOA3" received WINDOW_UPDATE frame for stream ID 0 with length 4 and flags 0x0. 
2024-03-22 11:01:21.6308|TRACE|Microsoft.AspNetCore.Server.Kestrel.Http2|Connection id "0HN2A3HBSBOA3" received HEADERS frame for stream ID 1 with length 463 and flags END_STREAM, END_HEADERS, PRIORITY. 
2024-03-22 11:01:21.6454|TRACE|Microsoft.AspNetCore.Server.Kestrel.Http2|Connection id "0HN2A3HBSBOA3" received SETTINGS frame for stream ID 0 with length 0 and flags ACK. 
2024-03-22 11:01:21.6454|INFO|Microsoft.AspNetCore.Hosting.Diagnostics|Request starting HTTP/2 GET https://localhost:7290/swagger/index.html - - - 
2024-03-22 11:01:21.8108|TRACE|Microsoft.AspNetCore.HostFiltering.HostFilteringMiddleware|All hosts are allowed. 
2024-03-22 11:01:21.8108|DEBUG|Microsoft.AspNetCore.Routing.Matching.DfaMatcher|No candidates found for the request path '/swagger/index.html' 
2024-03-22 11:01:21.8108|DEBUG|Microsoft.AspNetCore.Routing.EndpointRoutingMiddleware|Request did not match any endpoints 
2024-03-22 11:01:21.9190|DEBUG|Microsoft.AspNetCore.Watch.BrowserRefresh.BrowserRefreshMiddleware|Response markup is scheduled to include browser refresh script injection. 
2024-03-22 11:01:21.9256|TRACE|Microsoft.AspNetCore.Server.Kestrel.Http2|Connection id "0HN2A3HBSBOA3" sending HEADERS frame for stream ID 1 with length 66 and flags END_HEADERS. 
2024-03-22 11:01:21.9256|TRACE|Microsoft.AspNetCore.Server.Kestrel.Http2|Connection id "0HN2A3HBSBOA3" sending DATA frame for stream ID 1 with length 4096 and flags NONE. 
2024-03-22 11:01:21.9469|TRACE|Microsoft.AspNetCore.Server.Kestrel.Http2|Connection id "0HN2A3HBSBOA3" sending DATA frame for stream ID 1 with length 992 and flags NONE. 
2024-03-22 11:01:21.9469|TRACE|Microsoft.AspNetCore.Server.Kestrel.Http2|Connection id "0HN2A3HBSBOA3" sending DATA frame for stream ID 1 with length 81 and flags NONE. 
2024-03-22 11:01:21.9469|DEBUG|Microsoft.AspNetCore.Watch.BrowserRefresh.BrowserRefreshMiddleware|Response markup was updated to include browser refresh script injection. 
2024-03-22 11:01:21.9469|INFO|Microsoft.AspNetCore.Hosting.Diagnostics|Request finished HTTP/2 GET https://localhost:7290/swagger/index.html - 200 - text/html;charset=utf-8 304.6939ms 
2024-03-22 11:01:21.9469|TRACE|Microsoft.AspNetCore.Server.Kestrel.Http2|Connection id "0HN2A3HBSBOA3" sending DATA frame for stream ID 1 with length 0 and flags END_STREAM. 
2024-03-22 11:01:22.0503|TRACE|Microsoft.AspNetCore.Server.Kestrel.Http2|Connection id "0HN2A3HBSBOA3" received HEADERS frame for stream ID 3 with length 109 and flags END_STREAM, END_HEADERS, PRIORITY. 
2024-03-22 11:01:22.0512|TRACE|Microsoft.AspNetCore.Server.Kestrel.Http2|Connection id "0HN2A3HBSBOA3" received HEADERS frame for stream ID 5 with length 57 and flags END_STREAM, END_HEADERS, PRIORITY. 
2024-03-22 11:01:22.0512|INFO|Microsoft.AspNetCore.Hosting.Diagnostics|Request starting HTTP/2 GET https://localhost:7290/_framework/aspnetcore-browser-refresh.js - - - 
2024-03-22 11:01:22.0512|INFO|Microsoft.AspNetCore.Hosting.Diagnostics|Request starting HTTP/2 GET https://localhost:7290/_vs/browserLink - - - 
2024-03-22 11:01:22.0512|TRACE|Microsoft.AspNetCore.Server.Kestrel.Http2|Connection id "0HN2A3HBSBOA3" sending HEADERS frame for stream ID 3 with length 60 and flags END_HEADERS. 
2024-03-22 11:01:22.0512|TRACE|Microsoft.AspNetCore.Server.Kestrel.Http2|Connection id "0HN2A3HBSBOA3" sending DATA frame for stream ID 3 with length 13761 and flags NONE. 
2024-03-22 11:01:22.0512|INFO|Microsoft.AspNetCore.Hosting.Diagnostics|Request finished HTTP/2 GET https://localhost:7290/_framework/aspnetcore-browser-refresh.js - 200 13761 application/javascript;+charset=utf-8 7.4304ms 
2024-03-22 11:01:22.0512|TRACE|Microsoft.AspNetCore.Server.Kestrel.Http2|Connection id "0HN2A3HBSBOA3" sending DATA frame for stream ID 3 with length 0 and flags END_STREAM. 
2024-03-22 11:01:22.0845|TRACE|Microsoft.AspNetCore.Server.Kestrel.Http2|Connection id "0HN2A3HBSBOA3" sending HEADERS frame for stream ID 5 with length 119 and flags END_HEADERS. 
2024-03-22 11:01:22.0845|TRACE|Microsoft.AspNetCore.Server.Kestrel.Http2|Connection id "0HN2A3HBSBOA3" sending DATA frame for stream ID 5 with length 9986 and flags NONE. 
2024-03-22 11:01:22.0845|TRACE|Microsoft.AspNetCore.Server.Kestrel.Http2|Connection id "0HN2A3HBSBOA3" sending DATA frame for stream ID 5 with length 10240 and flags NONE. 
2024-03-22 11:01:22.0845|TRACE|Microsoft.AspNetCore.Server.Kestrel.Http2|Connection id "0HN2A3HBSBOA3" sending DATA frame for stream ID 5 with length 10240 and flags NONE. 
2024-03-22 11:01:22.0845|TRACE|Microsoft.AspNetCore.Server.Kestrel.Http2|Connection id "0HN2A3HBSBOA3" sending DATA frame for stream ID 5 with length 10240 and flags NONE. 
2024-03-22 11:01:22.0845|TRACE|Microsoft.AspNetCore.Server.Kestrel.Http2|Connection id "0HN2A3HBSBOA3" sending DATA frame for stream ID 5 with length 10240 and flags NONE. 
2024-03-22 11:01:22.0845|TRACE|Microsoft.AspNetCore.Server.Kestrel.Http2|Connection id "0HN2A3HBSBOA3" sending DATA frame for stream ID 5 with length 10240 and flags NONE. 
2024-03-22 11:01:22.0845|TRACE|Microsoft.AspNetCore.Server.Kestrel.Http2|Connection id "0HN2A3HBSBOA3" sending DATA frame for stream ID 5 with length 10240 and flags NONE. 
2024-03-22 11:01:22.0845|TRACE|Microsoft.AspNetCore.Server.Kestrel.Http2|Connection id "0HN2A3HBSBOA3" sending DATA frame for stream ID 5 with length 10240 and flags NONE. 
2024-03-22 11:01:22.0845|TRACE|Microsoft.AspNetCore.Server.Kestrel.Http2|Connection id "0HN2A3HBSBOA3" sending DATA frame for stream ID 5 with length 10240 and flags NONE. 
2024-03-22 11:01:22.0845|TRACE|Microsoft.AspNetCore.Server.Kestrel.Http2|Connection id "0HN2A3HBSBOA3" sending DATA frame for stream ID 5 with length 10240 and flags NONE. 
2024-03-22 11:01:22.0989|TRACE|Microsoft.AspNetCore.Server.Kestrel.Http2|Connection id "0HN2A3HBSBOA3" sending DATA frame for stream ID 5 with length 10240 and flags NONE. 
2024-03-22 11:01:22.0989|TRACE|Microsoft.AspNetCore.Server.Kestrel.Http2|Connection id "0HN2A3HBSBOA3" sending DATA frame for stream ID 5 with length 10240 and flags NONE. 
2024-03-22 11:01:22.0989|TRACE|Microsoft.AspNetCore.Server.Kestrel.Http2|Connection id "0HN2A3HBSBOA3" sending DATA frame for stream ID 5 with length 10240 and flags NONE. 
2024-03-22 11:01:22.0989|TRACE|Microsoft.AspNetCore.Server.Kestrel.Http2|Connection id "0HN2A3HBSBOA3" sending DATA frame for stream ID 5 with length 10240 and flags NONE. 
2024-03-22 11:01:22.0989|TRACE|Microsoft.AspNetCore.Server.Kestrel.Http2|Connection id "0HN2A3HBSBOA3" sending DATA frame for stream ID 5 with length 10240 and flags NONE. 
2024-03-22 11:01:22.0989|TRACE|Microsoft.AspNetCore.Server.Kestrel.Http2|Connection id "0HN2A3HBSBOA3" sending DATA frame for stream ID 5 with length 160 and flags NONE. 
2024-03-22 11:01:22.0989|TRACE|Microsoft.AspNetCore.Server.Kestrel.Http2|Connection id "0HN2A3HBSBOA3" sending DATA frame for stream ID 5 with length 0 and flags END_STREAM. 
2024-03-22 11:01:22.0989|INFO|Microsoft.AspNetCore.Hosting.Diagnostics|Request finished HTTP/2 GET https://localhost:7290/_vs/browserLink - 200 - text/javascript;+charset=UTF-8 55.6372ms 
2024-03-22 11:01:22.4425|TRACE|Microsoft.AspNetCore.Server.Kestrel.Http2|Connection id "0HN2A3HBSBOA3" received HEADERS frame for stream ID 7 with length 66 and flags END_STREAM, END_HEADERS, PRIORITY. 
2024-03-22 11:01:22.4425|INFO|Microsoft.AspNetCore.Hosting.Diagnostics|Request starting HTTP/2 GET https://localhost:7290/swagger/v1/swagger.json - - - 
2024-03-22 11:01:22.4425|TRACE|Microsoft.AspNetCore.HostFiltering.HostFilteringMiddleware|All hosts are allowed. 
2024-03-22 11:01:22.4425|DEBUG|Microsoft.AspNetCore.Routing.Matching.DfaMatcher|No candidates found for the request path '/swagger/v1/swagger.json' 
2024-03-22 11:01:22.4425|DEBUG|Microsoft.AspNetCore.Routing.EndpointRoutingMiddleware|Request did not match any endpoints 
2024-03-22 11:01:22.8035|TRACE|Microsoft.AspNetCore.Server.Kestrel.Http2|Connection id "0HN2A3HBSBOA3" sending HEADERS frame for stream ID 7 with length 65 and flags END_HEADERS. 
2024-03-22 11:01:22.8035|TRACE|Microsoft.AspNetCore.Server.Kestrel.Http2|Connection id "0HN2A3HBSBOA3" sending DATA frame for stream ID 7 with length 16384 and flags NONE. 
2024-03-22 11:01:22.8035|TRACE|Microsoft.AspNetCore.Server.Kestrel.Http2|Connection id "0HN2A3HBSBOA3" sending DATA frame for stream ID 7 with length 16384 and flags NONE. 
2024-03-22 11:01:22.8035|TRACE|Microsoft.AspNetCore.Server.Kestrel.Http2|Connection id "0HN2A3HBSBOA3" sending DATA frame for stream ID 7 with length 16384 and flags NONE. 
2024-03-22 11:01:22.8035|TRACE|Microsoft.AspNetCore.Server.Kestrel.Http2|Connection id "0HN2A3HBSBOA3" sending DATA frame for stream ID 7 with length 9384 and flags NONE. 
2024-03-22 11:01:22.8035|TRACE|Microsoft.AspNetCore.Server.Kestrel.Http2|Connection id "0HN2A3HBSBOA3" sending DATA frame for stream ID 7 with length 0 and flags END_STREAM. 
2024-03-22 11:01:22.8035|INFO|Microsoft.AspNetCore.Hosting.Diagnostics|Request finished HTTP/2 GET https://localhost:7290/swagger/v1/swagger.json - 200 - application/json;charset=utf-8 364.9460ms 
2024-03-22 11:01:24.0957|DEBUG|Microsoft.AspNetCore.Server.Kestrel.Transport.Sockets|Connection id "0HN2A3HBSBOA3" received FIN. 
2024-03-22 11:01:24.0957|DEBUG|Microsoft.AspNetCore.Server.Kestrel.Http2|Connection id "0HN2A3HBSBOA3" is closed. The last processed stream ID was 7. 
2024-03-22 11:01:24.0957|DEBUG|Microsoft.AspNetCore.Server.Kestrel.Transport.Sockets|Connection id "0HN2A3HBSBOA3" sending FIN because: "The Socket transport's send loop completed gracefully." 
2024-03-22 11:01:24.0996|DEBUG|Microsoft.AspNetCore.Server.Kestrel.Http2|The connection queue processing loop for 0HN2A3HBSBOA3 completed. 
2024-03-22 11:01:24.0996|DEBUG|Microsoft.AspNetCore.Server.Kestrel.Connections|Connection id "0HN2A3HBSBOA3" stopped. 
2024-03-22 11:01:51.9108|DEBUG|Microsoft.AspNetCore.Mvc.ModelBinding.ModelBinderFactory|Registered model binder providers, in the following order: Microsoft.AspNetCore.Mvc.ModelBinding.Binders.BinderTypeModelBinderProvider, Microsoft.AspNetCore.Mvc.ModelBinding.Binders.ServicesModelBinderProvider, Microsoft.AspNetCore.Mvc.ModelBinding.Binders.BodyModelBinderProvider, Microsoft.AspNetCore.Mvc.ModelBinding.Binders.HeaderModelBinderProvider, Microsoft.AspNetCore.Mvc.ModelBinding.Binders.FloatingPointTypeModelBinderProvider, Microsoft.AspNetCore.Mvc.ModelBinding.Binders.EnumTypeModelBinderProvider, Microsoft.AspNetCore.Mvc.ModelBinding.Binders.DateTimeModelBinderProvider, Microsoft.AspNetCore.Mvc.ModelBinding.Binders.SimpleTypeModelBinderProvider, Microsoft.AspNetCore.Mvc.ModelBinding.Binders.TryParseModelBinderProvider, Microsoft.AspNetCore.Mvc.ModelBinding.Binders.CancellationTokenModelBinderProvider, Microsoft.AspNetCore.Mvc.ModelBinding.Binders.ByteArrayModelBinderProvider, Microsoft.AspNetCore.Mvc.ModelBinding.Binders.FormFileModelBinderProvider, Microsoft.AspNetCore.Mvc.ModelBinding.Binders.FormCollectionModelBinderProvider, Microsoft.AspNetCore.Mvc.ModelBinding.Binders.KeyValuePairModelBinderProvider, Microsoft.AspNetCore.Mvc.ModelBinding.Binders.DictionaryModelBinderProvider, Microsoft.AspNetCore.Mvc.ModelBinding.Binders.ArrayModelBinderProvider, Microsoft.AspNetCore.Mvc.ModelBinding.Binders.CollectionModelBinderProvider, Microsoft.AspNetCore.Mvc.ModelBinding.Binders.ComplexObjectModelBinderProvider 
2024-03-22 11:01:52.0695|DEBUG|Microsoft.Extensions.Hosting.Internal.Host|Hosting starting 
2024-03-22 11:01:52.1221|INFO|Microsoft.AspNetCore.DataProtection.KeyManagement.XmlKeyManager|User profile is available. Using 'C:\Users\25968\AppData\Local\ASP.NET\DataProtection-Keys' as key repository and Windows DPAPI to encrypt keys at rest. 
2024-03-22 11:01:52.1315|DEBUG|Microsoft.AspNetCore.DataProtection.Repositories.FileSystemXmlRepository|Reading data from file 'C:\Users\25968\AppData\Local\ASP.NET\DataProtection-Keys\key-04331095-e001-4e86-a2a5-ac77c623d11c.xml'. 
2024-03-22 11:01:52.1315|DEBUG|Microsoft.AspNetCore.DataProtection.KeyManagement.XmlKeyManager|Found key {04331095-e001-4e86-a2a5-ac77c623d11c}. 
2024-03-22 11:01:52.1592|DEBUG|Microsoft.AspNetCore.DataProtection.KeyManagement.DefaultKeyResolver|Considering key {04331095-e001-4e86-a2a5-ac77c623d11c} with expiration date 2024-04-11 12:24:14Z as default key. 
2024-03-22 11:01:52.1630|DEBUG|Microsoft.AspNetCore.DataProtection.TypeForwardingActivator|Forwarded activator type request from Microsoft.AspNetCore.DataProtection.XmlEncryption.DpapiXmlDecryptor, Microsoft.AspNetCore.DataProtection, Version=8.0.0.0, Culture=neutral, PublicKeyToken=adb9793829ddae60 to Microsoft.AspNetCore.DataProtection.XmlEncryption.DpapiXmlDecryptor, Microsoft.AspNetCore.DataProtection, Culture=neutral, PublicKeyToken=adb9793829ddae60 
2024-03-22 11:01:52.1630|DEBUG|Microsoft.AspNetCore.DataProtection.XmlEncryption.DpapiXmlDecryptor|Decrypting secret element using Windows DPAPI. 
2024-03-22 11:01:52.1630|DEBUG|Microsoft.AspNetCore.DataProtection.TypeForwardingActivator|Forwarded activator type request from Microsoft.AspNetCore.DataProtection.AuthenticatedEncryption.ConfigurationModel.AuthenticatedEncryptorDescriptorDeserializer, Microsoft.AspNetCore.DataProtection, Version=8.0.0.0, Culture=neutral, PublicKeyToken=adb9793829ddae60 to Microsoft.AspNetCore.DataProtection.AuthenticatedEncryption.ConfigurationModel.AuthenticatedEncryptorDescriptorDeserializer, Microsoft.AspNetCore.DataProtection, Culture=neutral, PublicKeyToken=adb9793829ddae60 
2024-03-22 11:01:52.1630|DEBUG|Microsoft.AspNetCore.DataProtection.AuthenticatedEncryption.CngCbcAuthenticatedEncryptorFactory|Opening CNG algorithm 'AES' from provider '(null)' with chaining mode CBC. 
2024-03-22 11:01:52.1630|DEBUG|Microsoft.AspNetCore.DataProtection.AuthenticatedEncryption.CngCbcAuthenticatedEncryptorFactory|Opening CNG algorithm 'SHA256' from provider '(null)' with HMAC. 
2024-03-22 11:01:52.1630|DEBUG|Microsoft.AspNetCore.DataProtection.KeyManagement.KeyRingProvider|Using key {04331095-e001-4e86-a2a5-ac77c623d11c} as the default key. 
2024-03-22 11:01:52.1630|DEBUG|Microsoft.AspNetCore.DataProtection.Internal.DataProtectionHostedService|Key ring with default key {04331095-e001-4e86-a2a5-ac77c623d11c} was loaded during application startup. 
2024-03-22 11:01:52.4800|INFO|Microsoft.Hosting.Lifetime|Now listening on: https://localhost:7290 
2024-03-22 11:01:52.4800|INFO|Microsoft.Hosting.Lifetime|Now listening on: http://localhost:5167 
2024-03-22 11:01:52.4800|DEBUG|Microsoft.AspNetCore.Hosting.Diagnostics|Loaded hosting startup assembly LitZhu.WebApi 
2024-03-22 11:01:52.4800|DEBUG|Microsoft.AspNetCore.Hosting.Diagnostics|Loaded hosting startup assembly Microsoft.AspNetCore.Watch.BrowserRefresh 
2024-03-22 11:01:52.4800|DEBUG|Microsoft.AspNetCore.Hosting.Diagnostics|Loaded hosting startup assembly Microsoft.WebTools.BrowserLink.Net 
2024-03-22 11:01:52.4800|INFO|Microsoft.Hosting.Lifetime|Application started. Press Ctrl+C to shut down. 
2024-03-22 11:01:52.4800|INFO|Microsoft.Hosting.Lifetime|Hosting environment: Development 
2024-03-22 11:01:52.4800|INFO|Microsoft.Hosting.Lifetime|Content root path: D:\Desktop\website\litzhu\LitZhu_backend\LitZhu.WebApi 
2024-03-22 11:01:52.4800|DEBUG|Microsoft.Extensions.Hosting.Internal.Host|Hosting started 
2024-03-22 11:01:52.7528|DEBUG|Microsoft.AspNetCore.Server.Kestrel.Transport.Sockets|Connection id "0HN2A3HMFGQ4F" received FIN. 
2024-03-22 11:01:52.7578|DEBUG|Microsoft.AspNetCore.Server.Kestrel.Connections|Connection id "0HN2A3HMFGQ4F" accepted. 
2024-03-22 11:01:52.7578|DEBUG|Microsoft.AspNetCore.Server.Kestrel.Connections|Connection id "0HN2A3HMFGQ4F" started. 
2024-03-22 11:01:52.7792|DEBUG|Microsoft.AspNetCore.Server.Kestrel.Https.Internal.HttpsConnectionMiddleware|Failed to authenticate HTTPS connection. System.IO.IOException: Received an unexpected EOF or 0 bytes from the transport stream.
   at System.Net.Security.SslStream.ReceiveHandshakeFrameAsync[TIOAdapter](CancellationToken cancellationToken)
   at System.Net.Security.SslStream.ForceAuthenticationAsync[TIOAdapter](Boolean receiveFirst, Byte[] reAuthenticationData, CancellationToken cancellationToken)
   at System.Net.Security.SslStream.ProcessAuthenticationWithTelemetryAsync(Boolean isAsync, CancellationToken cancellationToken)
   at Microsoft.AspNetCore.Server.Kestrel.Https.Internal.HttpsConnectionMiddleware.OnConnectionAsync(ConnectionContext context)
2024-03-22 11:01:52.8173|DEBUG|Microsoft.AspNetCore.Server.Kestrel.Connections|Connection id "0HN2A3HMFGQ4F" stopped. 
2024-03-22 11:01:52.8173|DEBUG|Microsoft.AspNetCore.Server.Kestrel.Transport.Sockets|Connection id "0HN2A3HMFGQ4F" sending FIN because: "The Socket transport's send loop completed gracefully." 
2024-03-22 11:01:53.1681|DEBUG|Microsoft.AspNetCore.Server.Kestrel.Connections|Connection id "0HN2A3HMFGQ4G" accepted. 
2024-03-22 11:01:53.1681|DEBUG|Microsoft.AspNetCore.Server.Kestrel.Connections|Connection id "0HN2A3HMFGQ4G" started. 
2024-03-22 11:01:53.2403|DEBUG|Microsoft.AspNetCore.Server.Kestrel.Https.Internal.HttpsConnectionMiddleware|Connection 0HN2A3HMFGQ4G established using the following protocol: Tls13 
2024-03-22 11:01:53.2554|INFO|Microsoft.AspNetCore.Hosting.Diagnostics|Request starting HTTP/1.1 POST https://localhost:7290/api/Auth/SendEmailCode - application/json 38 
2024-03-22 11:01:53.2554|DEBUG|Microsoft.AspNetCore.HostFiltering.HostFilteringMiddleware|Wildcard detected, all requests with hosts will be allowed. 
2024-03-22 11:01:53.2554|TRACE|Microsoft.AspNetCore.HostFiltering.HostFilteringMiddleware|All hosts are allowed. 
2024-03-22 11:01:53.2846|DEBUG|Microsoft.AspNetCore.Routing.Matching.DfaMatcher|1 candidate(s) found for the request path '/api/Auth/SendEmailCode' 
2024-03-22 11:01:53.2873|DEBUG|Microsoft.AspNetCore.Routing.Matching.DfaMatcher|Endpoint 'LitZhu.WebApi.Controllers.User.AuthController.SendEmailCode (LitZhu.WebApi)' with route pattern 'api/Auth/SendEmailCode' is valid for the request path '/api/Auth/SendEmailCode' 
2024-03-22 11:01:53.2873|DEBUG|Microsoft.AspNetCore.Routing.EndpointRoutingMiddleware|Request matched endpoint 'LitZhu.WebApi.Controllers.User.AuthController.SendEmailCode (LitZhu.WebApi)' 
2024-03-22 11:01:53.2873|TRACE|Microsoft.AspNetCore.Routing.EndpointRoutingMiddleware|The endpoint does not specify the IRequestSizeLimitMetadata. 
2024-03-22 11:01:53.3043|DEBUG|Microsoft.AspNetCore.StaticFiles.StaticFileMiddleware|Static files was skipped as the request already matched an endpoint. 
2024-03-22 11:01:53.3612|DEBUG|Microsoft.AspNetCore.Authentication.JwtBearer.JwtBearerHandler|AuthenticationScheme: Bearer was not authenticated. 
2024-03-22 11:01:53.3612|INFO|Microsoft.AspNetCore.Routing.EndpointMiddleware|Executing endpoint 'LitZhu.WebApi.Controllers.User.AuthController.SendEmailCode (LitZhu.WebApi)' 
2024-03-22 11:01:53.3771|INFO|Microsoft.AspNetCore.Mvc.Infrastructure.ControllerActionInvoker|Route matched with {action = "SendEmailCode", controller = "Auth"}. Executing controller action with signature System.Threading.Tasks.Task`1[Microsoft.AspNetCore.Mvc.ActionResult`1[System.String]] SendEmailCode(LitZhu.WebApi.Controllers.User.SendEmailCodeRequest) on controller LitZhu.WebApi.Controllers.User.AuthController (LitZhu.WebApi). 
2024-03-22 11:01:53.3771|DEBUG|Microsoft.AspNetCore.Mvc.Infrastructure.ControllerActionInvoker|Execution plan of authorization filters (in the following order): None 
2024-03-22 11:01:53.3771|DEBUG|Microsoft.AspNetCore.Mvc.Infrastructure.ControllerActionInvoker|Execution plan of resource filters (in the following order): None 
2024-03-22 11:01:53.3771|DEBUG|Microsoft.AspNetCore.Mvc.Infrastructure.ControllerActionInvoker|Execution plan of action filters (in the following order): Microsoft.AspNetCore.Mvc.ModelBinding.UnsupportedContentTypeFilter (Order: -3000), Microsoft.AspNetCore.Mvc.Infrastructure.ModelStateInvalidFilter (Order: -2000) 
2024-03-22 11:01:53.3771|DEBUG|Microsoft.AspNetCore.Mvc.Infrastructure.ControllerActionInvoker|Execution plan of exception filters (in the following order): None 
2024-03-22 11:01:53.3771|DEBUG|Microsoft.AspNetCore.Mvc.Infrastructure.ControllerActionInvoker|Execution plan of result filters (in the following order): Microsoft.AspNetCore.Mvc.Infrastructure.ClientErrorResultFilter (Order: -2000) 
2024-03-22 11:01:53.3793|DEBUG|Microsoft.AspNetCore.Mvc.Infrastructure.ControllerActionInvoker|Executing controller factory for controller LitZhu.WebApi.Controllers.User.AuthController (LitZhu.WebApi) 
2024-03-22 11:01:53.5136|DEBUG|Microsoft.EntityFrameworkCore.Infrastructure|An additional 'IServiceProvider' was created for internal use by Entity Framework. An existing service provider was not used due to the following configuration changes: configuration changed for 'Core:ConfigureWarnings', configuration added for 'Pomelo.EntityFrameworkCore.MySql:ServerVersion', configuration added for 'Pomelo.EntityFrameworkCore.MySql:DisableBackslashEscaping', configuration added for 'Pomelo.EntityFrameworkCore.MySql:SetSqlModeOnOpen', configuration added for 'Pomelo.EntityFrameworkCore.MySql:DisableLineBreakToCharSubstition', configuration added for 'Pomelo.EntityFrameworkCore.MySql:DefaultDataTypeMappings', configuration added for 'Pomelo.EntityFrameworkCore.MySql:SchemaBehavior', configuration added for 'Pomelo.EntityFrameworkCore.MySql:SchemaNameTranslator', configuration added for 'Pomelo.EntityFrameworkCore.MySql:EnableIndexOptimizedBooleanColumns', configuration added for 'Pomelo.EntityFrameworkCore.MySql:LimitKeyedOrIndexedStringColumnLength', configuration added for 'Pomelo.EntityFrameworkCore.MySql:EnableStringComparisonTranslations', configuration added for 'Pomelo.EntityFrameworkCore.MySql:EnablePrimitiveCollectionsSupport'. 
2024-03-22 11:01:53.9064|DEBUG|Microsoft.EntityFrameworkCore.Model|The index {'UserId'} was not created on entity type 'UserRoles' as the properties are already covered by the index {'UserId', 'RoleId'}. 
2024-03-22 11:01:53.9878|WARN|Microsoft.EntityFrameworkCore.Model.Validation|Entity 'Users' has a global query filter defined and is the required end of a relationship with the entity 'UserAccessFail'. This may lead to unexpected results when the required entity is filtered out. Either configure the navigation as optional, or define matching query filters for both entities in the navigation. See https://go.microsoft.com/fwlink/?linkid=2131316 for more information. 
2024-03-22 11:01:53.9924|WARN|Microsoft.EntityFrameworkCore.Model.Validation|Entity 'Roles' has a global query filter defined and is the required end of a relationship with the entity 'UserRoles'. This may lead to unexpected results when the required entity is filtered out. Either configure the navigation as optional, or define matching query filters for both entities in the navigation. See https://go.microsoft.com/fwlink/?linkid=2131316 for more information. 
2024-03-22 11:01:54.1956|DEBUG|Microsoft.EntityFrameworkCore.Infrastructure|Entity Framework Core 8.0.1 initialized 'UserDbContext' using provider 'Pomelo.EntityFrameworkCore.MySql:8.0.1' with options: ServerVersion=8.0.23-mysql  
2024-03-22 11:01:54.3466|DEBUG|Microsoft.AspNetCore.Mvc.Infrastructure.ControllerActionInvoker|Executed controller factory for controller LitZhu.WebApi.Controllers.User.AuthController (LitZhu.WebApi) 
2024-03-22 11:01:54.3492|DEBUG|Microsoft.AspNetCore.Mvc.ModelBinding.ParameterBinder|Attempting to bind parameter 'req' of type 'LitZhu.WebApi.Controllers.User.SendEmailCodeRequest' ... 
2024-03-22 11:01:54.3492|DEBUG|Microsoft.AspNetCore.Mvc.ModelBinding.Binders.BodyModelBinder|Attempting to bind parameter 'req' of type 'LitZhu.WebApi.Controllers.User.SendEmailCodeRequest' using the name '' in request data ... 
2024-03-22 11:01:54.3492|DEBUG|Microsoft.AspNetCore.Mvc.ModelBinding.Binders.BodyModelBinder|Rejected input formatter 'Microsoft.AspNetCore.Mvc.Formatters.NewtonsoftJsonPatchInputFormatter' for content type 'application/json'. 
2024-03-22 11:01:54.3492|DEBUG|Microsoft.AspNetCore.Mvc.ModelBinding.Binders.BodyModelBinder|Selected input formatter 'Microsoft.AspNetCore.Mvc.Formatters.NewtonsoftJsonInputFormatter' for content type 'application/json'. 
2024-03-22 11:01:54.3492|DEBUG|Microsoft.AspNetCore.Server.Kestrel|Connection id "0HN2A3HMFGQ4G", Request id "0HN2A3HMFGQ4G:00000001": started reading request body. 
2024-03-22 11:01:54.3492|DEBUG|Microsoft.AspNetCore.Server.Kestrel|Connection id "0HN2A3HMFGQ4G", Request id "0HN2A3HMFGQ4G:00000001": done reading request body. 
2024-03-22 11:01:54.4321|DEBUG|Microsoft.AspNetCore.Mvc.ModelBinding.Binders.BodyModelBinder|Done attempting to bind parameter 'req' of type 'LitZhu.WebApi.Controllers.User.SendEmailCodeRequest'. 
2024-03-22 11:01:54.4321|DEBUG|Microsoft.AspNetCore.Mvc.ModelBinding.ParameterBinder|Done attempting to bind parameter 'req' of type 'LitZhu.WebApi.Controllers.User.SendEmailCodeRequest'. 
2024-03-22 11:01:54.4321|DEBUG|Microsoft.AspNetCore.Mvc.ModelBinding.ParameterBinder|Attempting to validate the bound parameter 'req' of type 'LitZhu.WebApi.Controllers.User.SendEmailCodeRequest' ... 
2024-03-22 11:01:54.4321|DEBUG|Microsoft.AspNetCore.Mvc.ModelBinding.ParameterBinder|Done attempting to validate the bound parameter 'req' of type 'LitZhu.WebApi.Controllers.User.SendEmailCodeRequest'. 
2024-03-22 11:01:54.4321|TRACE|Microsoft.AspNetCore.Mvc.Infrastructure.ControllerActionInvoker|Action Filter: Before executing OnActionExecuting on filter Microsoft.AspNetCore.Mvc.ModelBinding.UnsupportedContentTypeFilter. 
2024-03-22 11:01:54.4321|TRACE|Microsoft.AspNetCore.Mvc.Infrastructure.ControllerActionInvoker|Action Filter: After executing OnActionExecuting on filter Microsoft.AspNetCore.Mvc.ModelBinding.UnsupportedContentTypeFilter. 
2024-03-22 11:01:54.4321|TRACE|Microsoft.AspNetCore.Mvc.Infrastructure.ControllerActionInvoker|Action Filter: Before executing OnActionExecuting on filter Microsoft.AspNetCore.Mvc.Infrastructure.ModelStateInvalidFilter. 
2024-03-22 11:01:54.4321|TRACE|Microsoft.AspNetCore.Mvc.Infrastructure.ControllerActionInvoker|Action Filter: After executing OnActionExecuting on filter Microsoft.AspNetCore.Mvc.Infrastructure.ModelStateInvalidFilter. 
2024-03-22 11:01:54.4437|INFO|Microsoft.AspNetCore.Mvc.Infrastructure.ControllerActionInvoker|Executing action method LitZhu.WebApi.Controllers.User.AuthController.SendEmailCode (LitZhu.WebApi) - Validation state: Valid 
2024-03-22 11:01:54.4437|TRACE|Microsoft.AspNetCore.Mvc.Infrastructure.ControllerActionInvoker|Executing action method LitZhu.WebApi.Controllers.User.AuthController.SendEmailCode (LitZhu.WebApi) with arguments (SendEmailCodeRequest { Email = litzhuvich@foxmain.com }) 
2024-03-22 11:01:54.4871|DEBUG|Microsoft.EntityFrameworkCore.Query|Compiling query expression: 
'DbSet<Users>()
    .Include(x => x.UserAccessFail)
    .Include(x => x.UserRoles)
    .ThenInclude(ur => ur.Roles)
    .FirstOrDefault(x => x.Email == __email_0)' 
2024-03-22 11:01:54.5447|DEBUG|Microsoft.EntityFrameworkCore.Query|Including navigation: 'Users.UserAccessFail'. 
2024-03-22 11:01:54.5447|DEBUG|Microsoft.EntityFrameworkCore.Query|Including navigation: 'Users.UserRoles'. 
2024-03-22 11:01:54.5447|DEBUG|Microsoft.EntityFrameworkCore.Query|Including navigation: 'UserRoles.Roles'. 
2024-03-22 11:01:54.7454|DEBUG|Microsoft.EntityFrameworkCore.Query|Generated query execution expression: 
'queryContext => ShapedQueryCompilingExpressionVisitor.SingleOrDefaultAsync<Users>(
    asyncEnumerable: new SingleQueryingEnumerable<Users>(
        (RelationalQueryContext)queryContext, 
        RelationalCommandCache.QueryExpression(
            Client Projections:
                0 -> Dictionary<IProperty, int> { [Property: Users.Id (Guid) Required PK AfterSave:Throw ValueGenerated.OnAdd, 0], [Property: Users.Avatar (string), 1], [Property: Users.CreationTime (DateTime) Required, 2], [Property: Users.DeletionTime (DateTime?), 3], [Property: Users.Email (string), 4], [Property: Users.Gender (Gender) Required, 5], [Property: Users.IsDeleted (bool) Required Index, 6], [Property: Users.LastModificationTime (DateTime?), 7], [Property: Users.Password (string) Required MaxLength(100) ANSI, 8], [Property: Users.Phone (string), 9], [Property: Users.Username (string) Required Index MaxLength(10), 10] }
                1 -> Dictionary<IProperty, int> { [Property: UserAccessFail.Id (Guid) Required PK AfterSave:Throw ValueGenerated.OnAdd, 11], [Property: UserAccessFail.AccessFailedCount (int) Required, 12], [Property: UserAccessFail.CreationTime (DateTime) Required, 13], [Property: UserAccessFail.IsLockOut (bool) Required, 14], [Property: UserAccessFail.LockOutEnd (DateTime?), 15], [Property: UserAccessFail.UserId (Guid) Required FK Index, 16] }
                2 -> 0
                3 -> 11
                4 -> Dictionary<IProperty, int> { [Property: UserRoles.UserId (Guid) Required PK FK AfterSave:Throw, 17], [Property: UserRoles.RoleId (Guid) Required PK FK Index AfterSave:Throw, 18] }
                5 -> Dictionary<IProperty, int> { [Property: Roles.Id (Guid) Required PK AfterSave:Throw ValueGenerated.OnAdd, 19], [Property: Roles.CreationTime (DateTime) Required, 20], [Property: Roles.DeletionTime (DateTime?), 21], [Property: Roles.IsDeleted (bool) Required Index, 22], [Property: Roles.LastModificationTime (DateTime?), 23], [Property: Roles.RoleDesc (string) Required, 24], [Property: Roles.RoleName (string) Required MaxLength(10), 25] }
                6 -> 17
                7 -> 18
                8 -> 19
            SELECT t.Id, t.Avatar, t.CreationTime, t.DeletionTime, t.Email, t.Gender, t.IsDeleted, t.LastModificationTime, t.Password, t.Phone, t.Username, t.Id0, t.AccessFailedCount, t.CreationTime0, t.IsLockOut, t.LockOutEnd, t.UserId, t0.UserId, t0.RoleId, t0.Id, t0.CreationTime, t0.DeletionTime, t0.IsDeleted, t0.LastModificationTime, t0.RoleDesc, t0.RoleName
            FROM 
            (
                SELECT TOP(1) u.Id, u.Avatar, u.CreationTime, u.DeletionTime, u.Email, u.Gender, u.IsDeleted, u.LastModificationTime, u.Password, u.Phone, u.Username, u0.Id AS Id0, u0.AccessFailedCount, u0.CreationTime AS CreationTime0, u0.IsLockOut, u0.LockOutEnd, u0.UserId
                FROM Users AS u
                LEFT JOIN UserAccessFails AS u0 ON u.Id == u0.UserId
                WHERE (u.IsDeleted == FALSE) && (u.Email == @__email_0)
            ) AS t
            LEFT JOIN 
            (
                SELECT u1.UserId, u1.RoleId, t1.Id, t1.CreationTime, t1.DeletionTime, t1.IsDeleted, t1.LastModificationTime, t1.RoleDesc, t1.RoleName
                FROM Users_Roles AS u1
                INNER JOIN 
                (
                    SELECT r.Id, r.CreationTime, r.DeletionTime, r.IsDeleted, r.LastModificationTime, r.RoleDesc, r.RoleName
                    FROM Roles AS r
                    WHERE r.IsDeleted == FALSE
                ) AS t1 ON u1.RoleId == t1.Id
            ) AS t0 ON t.Id == t0.UserId
            ORDER BY t.Id ASC, t.Id0 ASC, t0.UserId ASC, t0.RoleId ASC), 
        null, 
        Func<QueryContext, DbDataReader, ResultContext, SingleQueryResultCoordinator, Users>, 
        User.Infrastructure.UserDbContext, 
        False, 
        False, 
        True
    ), 
    cancellationToken: queryContext.CancellationToken)' 
2024-03-22 11:01:54.7866|DEBUG|Microsoft.EntityFrameworkCore.Database.Connection|Creating DbConnection. 
2024-03-22 11:01:54.7866|DEBUG|Microsoft.EntityFrameworkCore.Database.Connection|Created DbConnection. (7ms). 
2024-03-22 11:01:54.7866|DEBUG|Microsoft.EntityFrameworkCore.Database.Connection|Opening connection to database 'LitZhu' on server 'localhost'. 
2024-03-22 11:01:54.9357|DEBUG|Microsoft.EntityFrameworkCore.Database.Connection|Opened connection to database 'LitZhu' on server 'localhost'. 
2024-03-22 11:01:54.9357|DEBUG|Microsoft.EntityFrameworkCore.Database.Command|Creating DbCommand for 'ExecuteReader'. 
2024-03-22 11:01:54.9357|DEBUG|Microsoft.EntityFrameworkCore.Database.Command|Created DbCommand for 'ExecuteReader' (1ms). 
2024-03-22 11:01:54.9520|DEBUG|Microsoft.EntityFrameworkCore.Database.Command|Initialized DbCommand for 'ExecuteReader' (13ms). 
2024-03-22 11:01:54.9520|DEBUG|Microsoft.EntityFrameworkCore.Database.Command|Executing DbCommand [Parameters=[@__email_0='?' (Size = 4000)], CommandType='Text', CommandTimeout='30']
SELECT `t`.`Id`, `t`.`Avatar`, `t`.`CreationTime`, `t`.`DeletionTime`, `t`.`Email`, `t`.`Gender`, `t`.`IsDeleted`, `t`.`LastModificationTime`, `t`.`Password`, `t`.`Phone`, `t`.`Username`, `t`.`Id0`, `t`.`AccessFailedCount`, `t`.`CreationTime0`, `t`.`IsLockOut`, `t`.`LockOutEnd`, `t`.`UserId`, `t0`.`UserId`, `t0`.`RoleId`, `t0`.`Id`, `t0`.`CreationTime`, `t0`.`DeletionTime`, `t0`.`IsDeleted`, `t0`.`LastModificationTime`, `t0`.`RoleDesc`, `t0`.`RoleName`
FROM (
    SELECT `u`.`Id`, `u`.`Avatar`, `u`.`CreationTime`, `u`.`DeletionTime`, `u`.`Email`, `u`.`Gender`, `u`.`IsDeleted`, `u`.`LastModificationTime`, `u`.`Password`, `u`.`Phone`, `u`.`Username`, `u0`.`Id` AS `Id0`, `u0`.`AccessFailedCount`, `u0`.`CreationTime` AS `CreationTime0`, `u0`.`IsLockOut`, `u0`.`LockOutEnd`, `u0`.`UserId`
    FROM `Users` AS `u`
    LEFT JOIN `UserAccessFails` AS `u0` ON `u`.`Id` = `u0`.`UserId`
    WHERE NOT (`u`.`IsDeleted`) AND (`u`.`Email` = @__email_0)
    LIMIT 1
) AS `t`
LEFT JOIN (
    SELECT `u1`.`UserId`, `u1`.`RoleId`, `t1`.`Id`, `t1`.`CreationTime`, `t1`.`DeletionTime`, `t1`.`IsDeleted`, `t1`.`LastModificationTime`, `t1`.`RoleDesc`, `t1`.`RoleName`
    FROM `Users_Roles` AS `u1`
    INNER JOIN (
        SELECT `r`.`Id`, `r`.`CreationTime`, `r`.`DeletionTime`, `r`.`IsDeleted`, `r`.`LastModificationTime`, `r`.`RoleDesc`, `r`.`RoleName`
        FROM `Roles` AS `r`
        WHERE NOT (`r`.`IsDeleted`)
    ) AS `t1` ON `u1`.`RoleId` = `t1`.`Id`
) AS `t0` ON `t`.`Id` = `t0`.`UserId`
ORDER BY `t`.`Id`, `t`.`Id0`, `t0`.`UserId`, `t0`.`RoleId` 
2024-03-22 11:01:54.9930|INFO|Microsoft.EntityFrameworkCore.Database.Command|Executed DbCommand (36ms) [Parameters=[@__email_0='?' (Size = 4000)], CommandType='Text', CommandTimeout='30']
SELECT `t`.`Id`, `t`.`Avatar`, `t`.`CreationTime`, `t`.`DeletionTime`, `t`.`Email`, `t`.`Gender`, `t`.`IsDeleted`, `t`.`LastModificationTime`, `t`.`Password`, `t`.`Phone`, `t`.`Username`, `t`.`Id0`, `t`.`AccessFailedCount`, `t`.`CreationTime0`, `t`.`IsLockOut`, `t`.`LockOutEnd`, `t`.`UserId`, `t0`.`UserId`, `t0`.`RoleId`, `t0`.`Id`, `t0`.`CreationTime`, `t0`.`DeletionTime`, `t0`.`IsDeleted`, `t0`.`LastModificationTime`, `t0`.`RoleDesc`, `t0`.`RoleName`
FROM (
    SELECT `u`.`Id`, `u`.`Avatar`, `u`.`CreationTime`, `u`.`DeletionTime`, `u`.`Email`, `u`.`Gender`, `u`.`IsDeleted`, `u`.`LastModificationTime`, `u`.`Password`, `u`.`Phone`, `u`.`Username`, `u0`.`Id` AS `Id0`, `u0`.`AccessFailedCount`, `u0`.`CreationTime` AS `CreationTime0`, `u0`.`IsLockOut`, `u0`.`LockOutEnd`, `u0`.`UserId`
    FROM `Users` AS `u`
    LEFT JOIN `UserAccessFails` AS `u0` ON `u`.`Id` = `u0`.`UserId`
    WHERE NOT (`u`.`IsDeleted`) AND (`u`.`Email` = @__email_0)
    LIMIT 1
) AS `t`
LEFT JOIN (
    SELECT `u1`.`UserId`, `u1`.`RoleId`, `t1`.`Id`, `t1`.`CreationTime`, `t1`.`DeletionTime`, `t1`.`IsDeleted`, `t1`.`LastModificationTime`, `t1`.`RoleDesc`, `t1`.`RoleName`
    FROM `Users_Roles` AS `u1`
    INNER JOIN (
        SELECT `r`.`Id`, `r`.`CreationTime`, `r`.`DeletionTime`, `r`.`IsDeleted`, `r`.`LastModificationTime`, `r`.`RoleDesc`, `r`.`RoleName`
        FROM `Roles` AS `r`
        WHERE NOT (`r`.`IsDeleted`)
    ) AS `t1` ON `u1`.`RoleId` = `t1`.`Id`
) AS `t0` ON `t`.`Id` = `t0`.`UserId`
ORDER BY `t`.`Id`, `t`.`Id0`, `t0`.`UserId`, `t0`.`RoleId` 
2024-03-22 11:01:55.0280|DEBUG|Microsoft.EntityFrameworkCore.ChangeTracking|Context 'UserDbContext' started tracking 'Users' entity. Consider using 'DbContextOptionsBuilder.EnableSensitiveDataLogging' to see key values. 
2024-03-22 11:01:55.0779|DEBUG|Microsoft.EntityFrameworkCore.ChangeTracking|The navigation 'Users.UserAccessFail' was detected as changed. Consider using 'DbContextOptionsBuilder.EnableSensitiveDataLogging' to see key values. 
2024-03-22 11:01:55.0779|DEBUG|Microsoft.EntityFrameworkCore.ChangeTracking|Context 'UserDbContext' started tracking 'UserAccessFail' entity. Consider using 'DbContextOptionsBuilder.EnableSensitiveDataLogging' to see key values. 
2024-03-22 11:01:55.0948|DEBUG|Microsoft.EntityFrameworkCore.Database.Command|Closing data reader to 'LitZhu' on server 'localhost'. 
2024-03-22 11:01:55.1041|DEBUG|Microsoft.EntityFrameworkCore.Database.Command|A data reader for 'LitZhu' on server 'localhost' is being disposed after spending 105ms reading results. 
2024-03-22 11:01:55.1041|DEBUG|Microsoft.EntityFrameworkCore.Database.Connection|Closing connection to database 'LitZhu' on server 'localhost'. 
2024-03-22 11:01:55.1041|DEBUG|Microsoft.EntityFrameworkCore.Database.Connection|Closed connection to database 'LitZhu' on server 'localhost' (3ms). 
2024-03-22 11:01:55.1321|WARN|User.Infrastructure.EmailCodeSender|向邮箱地址：litzhuvich@foxmain.com , 发送验证码：42578 
2024-03-22 11:01:55.1321|INFO|Microsoft.AspNetCore.Mvc.Infrastructure.ControllerActionInvoker|Executed action method LitZhu.WebApi.Controllers.User.AuthController.SendEmailCode (LitZhu.WebApi), returned result Microsoft.AspNetCore.Mvc.OkObjectResult in 691.3794ms. 
2024-03-22 11:01:55.1321|TRACE|Microsoft.AspNetCore.Mvc.Infrastructure.ControllerActionInvoker|Action Filter: Before executing OnActionExecuted on filter Microsoft.AspNetCore.Mvc.Infrastructure.ModelStateInvalidFilter. 
2024-03-22 11:01:55.1321|TRACE|Microsoft.AspNetCore.Mvc.Infrastructure.ControllerActionInvoker|Action Filter: After executing OnActionExecuted on filter Microsoft.AspNetCore.Mvc.Infrastructure.ModelStateInvalidFilter. 
2024-03-22 11:01:55.1321|TRACE|Microsoft.AspNetCore.Mvc.Infrastructure.ControllerActionInvoker|Action Filter: Before executing OnActionExecuted on filter Microsoft.AspNetCore.Mvc.ModelBinding.UnsupportedContentTypeFilter. 
2024-03-22 11:01:55.1321|TRACE|Microsoft.AspNetCore.Mvc.Infrastructure.ControllerActionInvoker|Action Filter: After executing OnActionExecuted on filter Microsoft.AspNetCore.Mvc.ModelBinding.UnsupportedContentTypeFilter. 
2024-03-22 11:01:55.1321|TRACE|Microsoft.AspNetCore.Mvc.Infrastructure.ControllerActionInvoker|Result Filter: Before executing OnResultExecuting on filter Microsoft.AspNetCore.Mvc.Infrastructure.ClientErrorResultFilter. 
2024-03-22 11:01:55.1321|TRACE|Microsoft.AspNetCore.Mvc.Infrastructure.ControllerActionInvoker|Result Filter: After executing OnResultExecuting on filter Microsoft.AspNetCore.Mvc.Infrastructure.ClientErrorResultFilter. 
2024-03-22 11:01:55.1321|TRACE|Microsoft.AspNetCore.Mvc.Infrastructure.ControllerActionInvoker|Before executing action result Microsoft.AspNetCore.Mvc.OkObjectResult. 
2024-03-22 11:01:55.1458|DEBUG|Microsoft.AspNetCore.Mvc.Infrastructure.DefaultOutputFormatterSelector|List of registered output formatters, in the following order: Microsoft.AspNetCore.Mvc.Formatters.HttpNoContentOutputFormatter, Microsoft.AspNetCore.Mvc.Formatters.StringOutputFormatter, Microsoft.AspNetCore.Mvc.Formatters.StreamOutputFormatter, Microsoft.AspNetCore.Mvc.Formatters.NewtonsoftJsonOutputFormatter 
2024-03-22 11:01:55.1458|DEBUG|Microsoft.AspNetCore.Mvc.Infrastructure.DefaultOutputFormatterSelector|No information found on request to perform content negotiation. 
2024-03-22 11:01:55.1458|DEBUG|Microsoft.AspNetCore.Mvc.Infrastructure.DefaultOutputFormatterSelector|Attempting to select an output formatter without using a content type as no explicit content types were specified for the response. 
2024-03-22 11:01:55.1458|DEBUG|Microsoft.AspNetCore.Mvc.Infrastructure.DefaultOutputFormatterSelector|Attempting to select the first formatter in the output formatters list which can write the result. 
2024-03-22 11:01:55.1458|DEBUG|Microsoft.AspNetCore.Mvc.Infrastructure.DefaultOutputFormatterSelector|Selected output formatter 'Microsoft.AspNetCore.Mvc.Formatters.NewtonsoftJsonOutputFormatter' and content type 'application/json' to write the response. 
2024-03-22 11:01:55.1458|INFO|Microsoft.AspNetCore.Mvc.Infrastructure.ObjectResultExecutor|Executing OkObjectResult, writing value of type 'LitZhu.WebApi.R'. 
2024-03-22 11:01:55.1727|TRACE|Microsoft.AspNetCore.Mvc.Infrastructure.ControllerActionInvoker|After executing action result Microsoft.AspNetCore.Mvc.OkObjectResult. 
2024-03-22 11:01:55.1727|TRACE|Microsoft.AspNetCore.Mvc.Infrastructure.ControllerActionInvoker|Result Filter: Before executing OnResultExecuted on filter Microsoft.AspNetCore.Mvc.Infrastructure.ClientErrorResultFilter. 
2024-03-22 11:01:55.1727|TRACE|Microsoft.AspNetCore.Mvc.Infrastructure.ControllerActionInvoker|Result Filter: After executing OnResultExecuted on filter Microsoft.AspNetCore.Mvc.Infrastructure.ClientErrorResultFilter. 
2024-03-22 11:01:55.1727|DEBUG|Microsoft.AspNetCore.Server.Kestrel.Transport.Sockets|Connection id "0HN2A3HMFGQ4G" received FIN. 
2024-03-22 11:01:55.1727|DEBUG|Microsoft.AspNetCore.Server.Kestrel.Transport.Sockets|Connection id "0HN2A3HMFGQ4G" sending FIN because: "The Socket transport's send loop completed gracefully." 
2024-03-22 11:01:55.1727|DEBUG|Microsoft.AspNetCore.Server.Kestrel.Connections|Connection id "0HN2A3HMFGQ4G" disconnecting. 
2024-03-22 11:01:55.1776|INFO|Microsoft.AspNetCore.Mvc.Infrastructure.ControllerActionInvoker|Executed action LitZhu.WebApi.Controllers.User.AuthController.SendEmailCode (LitZhu.WebApi) in 1795.0751ms 
2024-03-22 11:01:55.1776|INFO|Microsoft.AspNetCore.Routing.EndpointMiddleware|Executed endpoint 'LitZhu.WebApi.Controllers.User.AuthController.SendEmailCode (LitZhu.WebApi)' 
2024-03-22 11:01:55.1776|DEBUG|Microsoft.EntityFrameworkCore.Infrastructure|'UserDbContext' disposed. 
2024-03-22 11:01:55.1776|DEBUG|Microsoft.EntityFrameworkCore.Database.Connection|Disposing connection to database 'LitZhu' on server 'localhost'. 
2024-03-22 11:01:55.1776|DEBUG|Microsoft.EntityFrameworkCore.Database.Connection|Disposed connection to database 'LitZhu' on server 'localhost' (2ms). 
2024-03-22 11:01:55.1776|INFO|Microsoft.AspNetCore.Hosting.Diagnostics|Request finished HTTP/1.1 POST https://localhost:7290/api/Auth/SendEmailCode - 200 47 application/json;+charset=utf-8 1939.4743ms 
2024-03-22 11:01:55.1959|DEBUG|Microsoft.AspNetCore.Server.Kestrel.Connections|Connection id "0HN2A3HMFGQ4G" stopped. 
2024-03-22 11:01:56.5123|DEBUG|Microsoft.AspNetCore.Server.Kestrel.Connections|Connection id "0HN2A3HMFGQ4H" accepted. 
2024-03-22 11:01:56.5123|DEBUG|Microsoft.AspNetCore.Server.Kestrel.Connections|Connection id "0HN2A3HMFGQ4H" started. 
2024-03-22 11:01:56.5577|DEBUG|Microsoft.AspNetCore.Server.Kestrel.Https.Internal.HttpsConnectionMiddleware|Connection 0HN2A3HMFGQ4H established using the following protocol: Tls13 
2024-03-22 11:01:56.5898|TRACE|Microsoft.AspNetCore.Server.Kestrel.Http2|Connection id "0HN2A3HMFGQ4H" sending SETTINGS frame for stream ID 0 with length 24 and flags NONE. 
2024-03-22 11:01:56.5898|TRACE|Microsoft.AspNetCore.Server.Kestrel.Http2|Connection id "0HN2A3HMFGQ4H" sending WINDOW_UPDATE frame for stream ID 0 with length 4 and flags 0x0. 
2024-03-22 11:01:56.5898|TRACE|Microsoft.AspNetCore.Server.Kestrel.Http2|Connection id "0HN2A3HMFGQ4H" received SETTINGS frame for stream ID 0 with length 24 and flags NONE. 
2024-03-22 11:01:56.5898|TRACE|Microsoft.AspNetCore.Server.Kestrel.Http2|Connection id "0HN2A3HMFGQ4H" sending SETTINGS frame for stream ID 0 with length 0 and flags ACK. 
2024-03-22 11:01:56.5898|TRACE|Microsoft.AspNetCore.Server.Kestrel.Http2|Connection id "0HN2A3HMFGQ4H" received WINDOW_UPDATE frame for stream ID 0 with length 4 and flags 0x0. 
2024-03-22 11:01:56.5898|TRACE|Microsoft.AspNetCore.Server.Kestrel.Http2|Connection id "0HN2A3HMFGQ4H" received HEADERS frame for stream ID 1 with length 463 and flags END_STREAM, END_HEADERS, PRIORITY. 
2024-03-22 11:01:56.6068|INFO|Microsoft.AspNetCore.Hosting.Diagnostics|Request starting HTTP/2 GET https://localhost:7290/swagger/index.html - - - 
2024-03-22 11:01:56.6068|TRACE|Microsoft.AspNetCore.Server.Kestrel.Http2|Connection id "0HN2A3HMFGQ4H" received SETTINGS frame for stream ID 0 with length 0 and flags ACK. 
2024-03-22 11:01:56.7357|TRACE|Microsoft.AspNetCore.HostFiltering.HostFilteringMiddleware|All hosts are allowed. 
2024-03-22 11:01:56.7357|DEBUG|Microsoft.AspNetCore.Routing.Matching.DfaMatcher|No candidates found for the request path '/swagger/index.html' 
2024-03-22 11:01:56.7357|DEBUG|Microsoft.AspNetCore.Routing.EndpointRoutingMiddleware|Request did not match any endpoints 
2024-03-22 11:01:56.8490|DEBUG|Microsoft.AspNetCore.Watch.BrowserRefresh.BrowserRefreshMiddleware|Response markup is scheduled to include browser refresh script injection. 
2024-03-22 11:01:56.8549|TRACE|Microsoft.AspNetCore.Server.Kestrel.Http2|Connection id "0HN2A3HMFGQ4H" sending HEADERS frame for stream ID 1 with length 66 and flags END_HEADERS. 
2024-03-22 11:01:56.8690|TRACE|Microsoft.AspNetCore.Server.Kestrel.Http2|Connection id "0HN2A3HMFGQ4H" sending DATA frame for stream ID 1 with length 4096 and flags NONE. 
2024-03-22 11:01:56.8690|TRACE|Microsoft.AspNetCore.Server.Kestrel.Http2|Connection id "0HN2A3HMFGQ4H" sending DATA frame for stream ID 1 with length 992 and flags NONE. 
2024-03-22 11:01:56.8690|TRACE|Microsoft.AspNetCore.Server.Kestrel.Http2|Connection id "0HN2A3HMFGQ4H" sending DATA frame for stream ID 1 with length 81 and flags NONE. 
2024-03-22 11:01:56.8690|DEBUG|Microsoft.AspNetCore.Watch.BrowserRefresh.BrowserRefreshMiddleware|Response markup was updated to include browser refresh script injection. 
2024-03-22 11:01:56.8690|TRACE|Microsoft.AspNetCore.Server.Kestrel.Http2|Connection id "0HN2A3HMFGQ4H" sending DATA frame for stream ID 1 with length 0 and flags END_STREAM. 
2024-03-22 11:01:56.8690|INFO|Microsoft.AspNetCore.Hosting.Diagnostics|Request finished HTTP/2 GET https://localhost:7290/swagger/index.html - 200 - text/html;charset=utf-8 274.7669ms 
2024-03-22 11:01:57.0106|TRACE|Microsoft.AspNetCore.Server.Kestrel.Http2|Connection id "0HN2A3HMFGQ4H" received HEADERS frame for stream ID 3 with length 115 and flags END_STREAM, END_HEADERS, PRIORITY. 
2024-03-22 11:01:57.0106|TRACE|Microsoft.AspNetCore.Server.Kestrel.Http2|Connection id "0HN2A3HMFGQ4H" received HEADERS frame for stream ID 5 with length 51 and flags END_STREAM, END_HEADERS, PRIORITY. 
2024-03-22 11:01:57.0106|INFO|Microsoft.AspNetCore.Hosting.Diagnostics|Request starting HTTP/2 GET https://localhost:7290/_vs/browserLink - - - 
2024-03-22 11:01:57.0106|INFO|Microsoft.AspNetCore.Hosting.Diagnostics|Request starting HTTP/2 GET https://localhost:7290/_framework/aspnetcore-browser-refresh.js - - - 
2024-03-22 11:01:57.0106|TRACE|Microsoft.AspNetCore.Server.Kestrel.Http2|Connection id "0HN2A3HMFGQ4H" sending HEADERS frame for stream ID 5 with length 60 and flags END_HEADERS. 
2024-03-22 11:01:57.0106|TRACE|Microsoft.AspNetCore.Server.Kestrel.Http2|Connection id "0HN2A3HMFGQ4H" sending DATA frame for stream ID 5 with length 13761 and flags NONE. 
2024-03-22 11:01:57.0235|INFO|Microsoft.AspNetCore.Hosting.Diagnostics|Request finished HTTP/2 GET https://localhost:7290/_framework/aspnetcore-browser-refresh.js - 200 13761 application/javascript;+charset=utf-8 10.6957ms 
2024-03-22 11:01:57.0235|TRACE|Microsoft.AspNetCore.Server.Kestrel.Http2|Connection id "0HN2A3HMFGQ4H" sending DATA frame for stream ID 5 with length 0 and flags END_STREAM. 
2024-03-22 11:01:57.0625|TRACE|Microsoft.AspNetCore.Server.Kestrel.Http2|Connection id "0HN2A3HMFGQ4H" sending HEADERS frame for stream ID 3 with length 119 and flags END_HEADERS. 
2024-03-22 11:01:57.0625|TRACE|Microsoft.AspNetCore.Server.Kestrel.Http2|Connection id "0HN2A3HMFGQ4H" sending DATA frame for stream ID 3 with length 9986 and flags NONE. 
2024-03-22 11:01:57.0625|TRACE|Microsoft.AspNetCore.Server.Kestrel.Http2|Connection id "0HN2A3HMFGQ4H" sending DATA frame for stream ID 3 with length 10240 and flags NONE. 
2024-03-22 11:01:57.0625|TRACE|Microsoft.AspNetCore.Server.Kestrel.Http2|Connection id "0HN2A3HMFGQ4H" sending DATA frame for stream ID 3 with length 10240 and flags NONE. 
2024-03-22 11:01:57.0703|TRACE|Microsoft.AspNetCore.Server.Kestrel.Http2|Connection id "0HN2A3HMFGQ4H" sending DATA frame for stream ID 3 with length 10240 and flags NONE. 
2024-03-22 11:01:57.0703|TRACE|Microsoft.AspNetCore.Server.Kestrel.Http2|Connection id "0HN2A3HMFGQ4H" sending DATA frame for stream ID 3 with length 10240 and flags NONE. 
2024-03-22 11:01:57.0703|TRACE|Microsoft.AspNetCore.Server.Kestrel.Http2|Connection id "0HN2A3HMFGQ4H" sending DATA frame for stream ID 3 with length 10240 and flags NONE. 
2024-03-22 11:01:57.0703|TRACE|Microsoft.AspNetCore.Server.Kestrel.Http2|Connection id "0HN2A3HMFGQ4H" sending DATA frame for stream ID 3 with length 10240 and flags NONE. 
2024-03-22 11:01:57.0703|TRACE|Microsoft.AspNetCore.Server.Kestrel.Http2|Connection id "0HN2A3HMFGQ4H" sending DATA frame for stream ID 3 with length 10240 and flags NONE. 
2024-03-22 11:01:57.0703|TRACE|Microsoft.AspNetCore.Server.Kestrel.Http2|Connection id "0HN2A3HMFGQ4H" sending DATA frame for stream ID 3 with length 10240 and flags NONE. 
2024-03-22 11:01:57.0703|TRACE|Microsoft.AspNetCore.Server.Kestrel.Http2|Connection id "0HN2A3HMFGQ4H" sending DATA frame for stream ID 3 with length 10240 and flags NONE. 
2024-03-22 11:01:57.0703|TRACE|Microsoft.AspNetCore.Server.Kestrel.Http2|Connection id "0HN2A3HMFGQ4H" sending DATA frame for stream ID 3 with length 10240 and flags NONE. 
2024-03-22 11:01:57.0703|TRACE|Microsoft.AspNetCore.Server.Kestrel.Http2|Connection id "0HN2A3HMFGQ4H" sending DATA frame for stream ID 3 with length 10240 and flags NONE. 
2024-03-22 11:01:57.0703|TRACE|Microsoft.AspNetCore.Server.Kestrel.Http2|Connection id "0HN2A3HMFGQ4H" sending DATA frame for stream ID 3 with length 10240 and flags NONE. 
2024-03-22 11:01:57.0703|TRACE|Microsoft.AspNetCore.Server.Kestrel.Http2|Connection id "0HN2A3HMFGQ4H" sending DATA frame for stream ID 3 with length 10240 and flags NONE. 
2024-03-22 11:01:57.0703|TRACE|Microsoft.AspNetCore.Server.Kestrel.Http2|Connection id "0HN2A3HMFGQ4H" sending DATA frame for stream ID 3 with length 10240 and flags NONE. 
2024-03-22 11:01:57.0703|TRACE|Microsoft.AspNetCore.Server.Kestrel.Http2|Connection id "0HN2A3HMFGQ4H" sending DATA frame for stream ID 3 with length 160 and flags NONE. 
2024-03-22 11:01:57.0703|TRACE|Microsoft.AspNetCore.Server.Kestrel.Http2|Connection id "0HN2A3HMFGQ4H" sending DATA frame for stream ID 3 with length 0 and flags END_STREAM. 
2024-03-22 11:01:57.0703|INFO|Microsoft.AspNetCore.Hosting.Diagnostics|Request finished HTTP/2 GET https://localhost:7290/_vs/browserLink - 200 - text/javascript;+charset=UTF-8 72.2963ms 
2024-03-22 11:01:57.3647|TRACE|Microsoft.AspNetCore.Server.Kestrel.Http2|Connection id "0HN2A3HMFGQ4H" received HEADERS frame for stream ID 7 with length 66 and flags END_STREAM, END_HEADERS, PRIORITY. 
2024-03-22 11:01:57.3647|INFO|Microsoft.AspNetCore.Hosting.Diagnostics|Request starting HTTP/2 GET https://localhost:7290/swagger/v1/swagger.json - - - 
2024-03-22 11:01:57.3659|TRACE|Microsoft.AspNetCore.HostFiltering.HostFilteringMiddleware|All hosts are allowed. 
2024-03-22 11:01:57.3659|DEBUG|Microsoft.AspNetCore.Routing.Matching.DfaMatcher|No candidates found for the request path '/swagger/v1/swagger.json' 
2024-03-22 11:01:57.3659|DEBUG|Microsoft.AspNetCore.Routing.EndpointRoutingMiddleware|Request did not match any endpoints 
2024-03-22 11:01:57.7851|TRACE|Microsoft.AspNetCore.Server.Kestrel.Http2|Connection id "0HN2A3HMFGQ4H" sending HEADERS frame for stream ID 7 with length 65 and flags END_HEADERS. 
2024-03-22 11:01:57.7851|TRACE|Microsoft.AspNetCore.Server.Kestrel.Http2|Connection id "0HN2A3HMFGQ4H" sending DATA frame for stream ID 7 with length 16384 and flags NONE. 
2024-03-22 11:01:57.7851|TRACE|Microsoft.AspNetCore.Server.Kestrel.Http2|Connection id "0HN2A3HMFGQ4H" sending DATA frame for stream ID 7 with length 16384 and flags NONE. 
2024-03-22 11:01:57.7851|TRACE|Microsoft.AspNetCore.Server.Kestrel.Http2|Connection id "0HN2A3HMFGQ4H" sending DATA frame for stream ID 7 with length 16384 and flags NONE. 
2024-03-22 11:01:57.7851|TRACE|Microsoft.AspNetCore.Server.Kestrel.Http2|Connection id "0HN2A3HMFGQ4H" sending DATA frame for stream ID 7 with length 9384 and flags NONE. 
2024-03-22 11:01:57.7885|TRACE|Microsoft.AspNetCore.Server.Kestrel.Http2|Connection id "0HN2A3HMFGQ4H" sending DATA frame for stream ID 7 with length 0 and flags END_STREAM. 
2024-03-22 11:01:57.7885|INFO|Microsoft.AspNetCore.Hosting.Diagnostics|Request finished HTTP/2 GET https://localhost:7290/swagger/v1/swagger.json - 200 - application/json;charset=utf-8 423.4476ms 
2024-03-22 11:01:58.9173|DEBUG|Microsoft.AspNetCore.Server.Kestrel.Transport.Sockets|Connection id "0HN2A3HMFGQ4H" received FIN. 
2024-03-22 11:01:58.9173|DEBUG|Microsoft.AspNetCore.Server.Kestrel.Http2|Connection id "0HN2A3HMFGQ4H" is closed. The last processed stream ID was 7. 
2024-03-22 11:01:58.9173|DEBUG|Microsoft.AspNetCore.Server.Kestrel.Transport.Sockets|Connection id "0HN2A3HMFGQ4H" sending FIN because: "The Socket transport's send loop completed gracefully." 
2024-03-22 11:01:58.9173|DEBUG|Microsoft.AspNetCore.Server.Kestrel.Http2|The connection queue processing loop for 0HN2A3HMFGQ4H completed. 
2024-03-22 11:01:58.9173|DEBUG|Microsoft.AspNetCore.Server.Kestrel.Connections|Connection id "0HN2A3HMFGQ4H" stopped. 
2024-03-22 11:02:24.1806|DEBUG|Microsoft.AspNetCore.Mvc.ModelBinding.ModelBinderFactory|Registered model binder providers, in the following order: Microsoft.AspNetCore.Mvc.ModelBinding.Binders.BinderTypeModelBinderProvider, Microsoft.AspNetCore.Mvc.ModelBinding.Binders.ServicesModelBinderProvider, Microsoft.AspNetCore.Mvc.ModelBinding.Binders.BodyModelBinderProvider, Microsoft.AspNetCore.Mvc.ModelBinding.Binders.HeaderModelBinderProvider, Microsoft.AspNetCore.Mvc.ModelBinding.Binders.FloatingPointTypeModelBinderProvider, Microsoft.AspNetCore.Mvc.ModelBinding.Binders.EnumTypeModelBinderProvider, Microsoft.AspNetCore.Mvc.ModelBinding.Binders.DateTimeModelBinderProvider, Microsoft.AspNetCore.Mvc.ModelBinding.Binders.SimpleTypeModelBinderProvider, Microsoft.AspNetCore.Mvc.ModelBinding.Binders.TryParseModelBinderProvider, Microsoft.AspNetCore.Mvc.ModelBinding.Binders.CancellationTokenModelBinderProvider, Microsoft.AspNetCore.Mvc.ModelBinding.Binders.ByteArrayModelBinderProvider, Microsoft.AspNetCore.Mvc.ModelBinding.Binders.FormFileModelBinderProvider, Microsoft.AspNetCore.Mvc.ModelBinding.Binders.FormCollectionModelBinderProvider, Microsoft.AspNetCore.Mvc.ModelBinding.Binders.KeyValuePairModelBinderProvider, Microsoft.AspNetCore.Mvc.ModelBinding.Binders.DictionaryModelBinderProvider, Microsoft.AspNetCore.Mvc.ModelBinding.Binders.ArrayModelBinderProvider, Microsoft.AspNetCore.Mvc.ModelBinding.Binders.CollectionModelBinderProvider, Microsoft.AspNetCore.Mvc.ModelBinding.Binders.ComplexObjectModelBinderProvider 
2024-03-22 11:02:24.3213|DEBUG|Microsoft.Extensions.Hosting.Internal.Host|Hosting starting 
2024-03-22 11:02:24.3670|INFO|Microsoft.AspNetCore.DataProtection.KeyManagement.XmlKeyManager|User profile is available. Using 'C:\Users\25968\AppData\Local\ASP.NET\DataProtection-Keys' as key repository and Windows DPAPI to encrypt keys at rest. 
2024-03-22 11:02:24.3670|DEBUG|Microsoft.AspNetCore.DataProtection.Repositories.FileSystemXmlRepository|Reading data from file 'C:\Users\25968\AppData\Local\ASP.NET\DataProtection-Keys\key-04331095-e001-4e86-a2a5-ac77c623d11c.xml'. 
2024-03-22 11:02:24.3857|DEBUG|Microsoft.AspNetCore.DataProtection.KeyManagement.XmlKeyManager|Found key {04331095-e001-4e86-a2a5-ac77c623d11c}. 
2024-03-22 11:02:24.3986|DEBUG|Microsoft.AspNetCore.DataProtection.KeyManagement.DefaultKeyResolver|Considering key {04331095-e001-4e86-a2a5-ac77c623d11c} with expiration date 2024-04-11 12:24:14Z as default key. 
2024-03-22 11:02:24.3986|DEBUG|Microsoft.AspNetCore.DataProtection.TypeForwardingActivator|Forwarded activator type request from Microsoft.AspNetCore.DataProtection.XmlEncryption.DpapiXmlDecryptor, Microsoft.AspNetCore.DataProtection, Version=8.0.0.0, Culture=neutral, PublicKeyToken=adb9793829ddae60 to Microsoft.AspNetCore.DataProtection.XmlEncryption.DpapiXmlDecryptor, Microsoft.AspNetCore.DataProtection, Culture=neutral, PublicKeyToken=adb9793829ddae60 
2024-03-22 11:02:24.3986|DEBUG|Microsoft.AspNetCore.DataProtection.XmlEncryption.DpapiXmlDecryptor|Decrypting secret element using Windows DPAPI. 
2024-03-22 11:02:24.3986|DEBUG|Microsoft.AspNetCore.DataProtection.TypeForwardingActivator|Forwarded activator type request from Microsoft.AspNetCore.DataProtection.AuthenticatedEncryption.ConfigurationModel.AuthenticatedEncryptorDescriptorDeserializer, Microsoft.AspNetCore.DataProtection, Version=8.0.0.0, Culture=neutral, PublicKeyToken=adb9793829ddae60 to Microsoft.AspNetCore.DataProtection.AuthenticatedEncryption.ConfigurationModel.AuthenticatedEncryptorDescriptorDeserializer, Microsoft.AspNetCore.DataProtection, Culture=neutral, PublicKeyToken=adb9793829ddae60 
2024-03-22 11:02:24.3986|DEBUG|Microsoft.AspNetCore.DataProtection.AuthenticatedEncryption.CngCbcAuthenticatedEncryptorFactory|Opening CNG algorithm 'AES' from provider '(null)' with chaining mode CBC. 
2024-03-22 11:02:24.3986|DEBUG|Microsoft.AspNetCore.DataProtection.AuthenticatedEncryption.CngCbcAuthenticatedEncryptorFactory|Opening CNG algorithm 'SHA256' from provider '(null)' with HMAC. 
2024-03-22 11:02:24.3986|DEBUG|Microsoft.AspNetCore.DataProtection.KeyManagement.KeyRingProvider|Using key {04331095-e001-4e86-a2a5-ac77c623d11c} as the default key. 
2024-03-22 11:02:24.3986|DEBUG|Microsoft.AspNetCore.DataProtection.Internal.DataProtectionHostedService|Key ring with default key {04331095-e001-4e86-a2a5-ac77c623d11c} was loaded during application startup. 
2024-03-22 11:02:24.7109|DEBUG|Microsoft.AspNetCore.Server.Kestrel.Connections|Connection id "0HN2A3I009HRJ" accepted. 
2024-03-22 11:02:24.7109|DEBUG|Microsoft.AspNetCore.Server.Kestrel.Connections|Connection id "0HN2A3I009HRJ" started. 
2024-03-22 11:02:24.7109|INFO|Microsoft.Hosting.Lifetime|Now listening on: https://localhost:7290 
2024-03-22 11:02:24.7109|INFO|Microsoft.Hosting.Lifetime|Now listening on: http://localhost:5167 
2024-03-22 11:02:24.7109|DEBUG|Microsoft.AspNetCore.Hosting.Diagnostics|Loaded hosting startup assembly LitZhu.WebApi 
2024-03-22 11:02:24.7109|DEBUG|Microsoft.AspNetCore.Hosting.Diagnostics|Loaded hosting startup assembly Microsoft.AspNetCore.Watch.BrowserRefresh 
2024-03-22 11:02:24.7109|DEBUG|Microsoft.AspNetCore.Hosting.Diagnostics|Loaded hosting startup assembly Microsoft.WebTools.BrowserLink.Net 
2024-03-22 11:02:24.7109|INFO|Microsoft.Hosting.Lifetime|Application started. Press Ctrl+C to shut down. 
2024-03-22 11:02:24.7109|INFO|Microsoft.Hosting.Lifetime|Hosting environment: Development 
2024-03-22 11:02:24.7109|INFO|Microsoft.Hosting.Lifetime|Content root path: D:\Desktop\website\litzhu\LitZhu_backend\LitZhu.WebApi 
2024-03-22 11:02:24.7109|DEBUG|Microsoft.Extensions.Hosting.Internal.Host|Hosting started 
2024-03-22 11:02:24.7313|DEBUG|Microsoft.AspNetCore.Server.Kestrel.Transport.Sockets|Connection id "0HN2A3I009HRJ" received FIN. 
2024-03-22 11:02:24.7313|DEBUG|Microsoft.AspNetCore.Server.Kestrel.Https.Internal.HttpsConnectionMiddleware|Failed to authenticate HTTPS connection. System.IO.IOException: Received an unexpected EOF or 0 bytes from the transport stream.
   at System.Net.Security.SslStream.ReceiveHandshakeFrameAsync[TIOAdapter](CancellationToken cancellationToken)
   at System.Net.Security.SslStream.ForceAuthenticationAsync[TIOAdapter](Boolean receiveFirst, Byte[] reAuthenticationData, CancellationToken cancellationToken)
   at System.Net.Security.SslStream.ProcessAuthenticationWithTelemetryAsync(Boolean isAsync, CancellationToken cancellationToken)
   at Microsoft.AspNetCore.Server.Kestrel.Https.Internal.HttpsConnectionMiddleware.OnConnectionAsync(ConnectionContext context)
2024-03-22 11:02:24.7840|DEBUG|Microsoft.AspNetCore.Server.Kestrel.Connections|Connection id "0HN2A3I009HRJ" stopped. 
2024-03-22 11:02:24.7840|DEBUG|Microsoft.AspNetCore.Server.Kestrel.Transport.Sockets|Connection id "0HN2A3I009HRJ" sending FIN because: "The Socket transport's send loop completed gracefully." 
2024-03-22 11:02:25.4826|DEBUG|Microsoft.AspNetCore.Server.Kestrel.Connections|Connection id "0HN2A3I009HRK" accepted. 
2024-03-22 11:02:25.4826|DEBUG|Microsoft.AspNetCore.Server.Kestrel.Connections|Connection id "0HN2A3I009HRK" started. 
2024-03-22 11:02:25.5779|DEBUG|Microsoft.AspNetCore.Server.Kestrel.Https.Internal.HttpsConnectionMiddleware|Connection 0HN2A3I009HRK established using the following protocol: Tls13 
2024-03-22 11:02:25.6288|INFO|Microsoft.AspNetCore.Hosting.Diagnostics|Request starting HTTP/1.1 POST https://localhost:7290/api/Auth/SendEmailCode - application/json 38 
2024-03-22 11:02:25.6379|DEBUG|Microsoft.AspNetCore.HostFiltering.HostFilteringMiddleware|Wildcard detected, all requests with hosts will be allowed. 
2024-03-22 11:02:25.6379|TRACE|Microsoft.AspNetCore.HostFiltering.HostFilteringMiddleware|All hosts are allowed. 
2024-03-22 11:02:25.6824|DEBUG|Microsoft.AspNetCore.Routing.Matching.DfaMatcher|1 candidate(s) found for the request path '/api/Auth/SendEmailCode' 
2024-03-22 11:02:25.6824|DEBUG|Microsoft.AspNetCore.Routing.Matching.DfaMatcher|Endpoint 'LitZhu.WebApi.Controllers.User.AuthController.SendEmailCode (LitZhu.WebApi)' with route pattern 'api/Auth/SendEmailCode' is valid for the request path '/api/Auth/SendEmailCode' 
2024-03-22 11:02:25.6824|DEBUG|Microsoft.AspNetCore.Routing.EndpointRoutingMiddleware|Request matched endpoint 'LitZhu.WebApi.Controllers.User.AuthController.SendEmailCode (LitZhu.WebApi)' 
2024-03-22 11:02:25.6824|TRACE|Microsoft.AspNetCore.Routing.EndpointRoutingMiddleware|The endpoint does not specify the IRequestSizeLimitMetadata. 
2024-03-22 11:02:25.7227|DEBUG|Microsoft.AspNetCore.StaticFiles.StaticFileMiddleware|Static files was skipped as the request already matched an endpoint. 
2024-03-22 11:02:25.7261|DEBUG|Microsoft.AspNetCore.Server.Kestrel.Connections|Connection id "0HN2A3I009HRL" accepted. 
2024-03-22 11:02:25.7261|DEBUG|Microsoft.AspNetCore.Server.Kestrel.Connections|Connection id "0HN2A3I009HRL" started. 
2024-03-22 11:02:25.7765|DEBUG|Microsoft.AspNetCore.Server.Kestrel.Https.Internal.HttpsConnectionMiddleware|Connection 0HN2A3I009HRL established using the following protocol: Tls13 
2024-03-22 11:02:25.8286|TRACE|Microsoft.AspNetCore.Server.Kestrel.Http2|Connection id "0HN2A3I009HRL" sending SETTINGS frame for stream ID 0 with length 24 and flags NONE. 
2024-03-22 11:02:25.8398|TRACE|Microsoft.AspNetCore.Server.Kestrel.Http2|Connection id "0HN2A3I009HRL" sending WINDOW_UPDATE frame for stream ID 0 with length 4 and flags 0x0. 
2024-03-22 11:02:25.8398|TRACE|Microsoft.AspNetCore.Server.Kestrel.Http2|Connection id "0HN2A3I009HRL" received SETTINGS frame for stream ID 0 with length 24 and flags NONE. 
2024-03-22 11:02:25.8398|TRACE|Microsoft.AspNetCore.Server.Kestrel.Http2|Connection id "0HN2A3I009HRL" sending SETTINGS frame for stream ID 0 with length 0 and flags ACK. 
2024-03-22 11:02:25.8398|TRACE|Microsoft.AspNetCore.Server.Kestrel.Http2|Connection id "0HN2A3I009HRL" received WINDOW_UPDATE frame for stream ID 0 with length 4 and flags 0x0. 
2024-03-22 11:02:25.8398|TRACE|Microsoft.AspNetCore.Server.Kestrel.Http2|Connection id "0HN2A3I009HRL" received HEADERS frame for stream ID 1 with length 463 and flags END_STREAM, END_HEADERS, PRIORITY. 
2024-03-22 11:02:25.8576|DEBUG|Microsoft.AspNetCore.Authentication.JwtBearer.JwtBearerHandler|AuthenticationScheme: Bearer was not authenticated. 
2024-03-22 11:02:25.8576|TRACE|Microsoft.AspNetCore.Server.Kestrel.Http2|Connection id "0HN2A3I009HRL" received SETTINGS frame for stream ID 0 with length 0 and flags ACK. 
2024-03-22 11:02:25.8576|INFO|Microsoft.AspNetCore.Hosting.Diagnostics|Request starting HTTP/2 GET https://localhost:7290/swagger/index.html - - - 
2024-03-22 11:02:25.8576|INFO|Microsoft.AspNetCore.Routing.EndpointMiddleware|Executing endpoint 'LitZhu.WebApi.Controllers.User.AuthController.SendEmailCode (LitZhu.WebApi)' 
2024-03-22 11:02:25.9156|INFO|Microsoft.AspNetCore.Mvc.Infrastructure.ControllerActionInvoker|Route matched with {action = "SendEmailCode", controller = "Auth"}. Executing controller action with signature System.Threading.Tasks.Task`1[Microsoft.AspNetCore.Mvc.ActionResult`1[System.String]] SendEmailCode(LitZhu.WebApi.Controllers.User.SendEmailCodeRequest) on controller LitZhu.WebApi.Controllers.User.AuthController (LitZhu.WebApi). 
2024-03-22 11:02:25.9156|DEBUG|Microsoft.AspNetCore.Mvc.Infrastructure.ControllerActionInvoker|Execution plan of authorization filters (in the following order): None 
2024-03-22 11:02:25.9156|DEBUG|Microsoft.AspNetCore.Mvc.Infrastructure.ControllerActionInvoker|Execution plan of resource filters (in the following order): None 
2024-03-22 11:02:25.9156|DEBUG|Microsoft.AspNetCore.Mvc.Infrastructure.ControllerActionInvoker|Execution plan of action filters (in the following order): Microsoft.AspNetCore.Mvc.ModelBinding.UnsupportedContentTypeFilter (Order: -3000), Microsoft.AspNetCore.Mvc.Infrastructure.ModelStateInvalidFilter (Order: -2000) 
2024-03-22 11:02:25.9156|DEBUG|Microsoft.AspNetCore.Mvc.Infrastructure.ControllerActionInvoker|Execution plan of exception filters (in the following order): None 
2024-03-22 11:02:25.9156|DEBUG|Microsoft.AspNetCore.Mvc.Infrastructure.ControllerActionInvoker|Execution plan of result filters (in the following order): Microsoft.AspNetCore.Mvc.Infrastructure.ClientErrorResultFilter (Order: -2000) 
2024-03-22 11:02:25.9156|DEBUG|Microsoft.AspNetCore.Mvc.Infrastructure.ControllerActionInvoker|Executing controller factory for controller LitZhu.WebApi.Controllers.User.AuthController (LitZhu.WebApi) 
2024-03-22 11:02:26.0535|TRACE|Microsoft.AspNetCore.HostFiltering.HostFilteringMiddleware|All hosts are allowed. 
2024-03-22 11:02:26.0541|DEBUG|Microsoft.AspNetCore.Routing.Matching.DfaMatcher|No candidates found for the request path '/swagger/index.html' 
2024-03-22 11:02:26.0541|DEBUG|Microsoft.AspNetCore.Routing.EndpointRoutingMiddleware|Request did not match any endpoints 
2024-03-22 11:02:26.1870|DEBUG|Microsoft.AspNetCore.Watch.BrowserRefresh.BrowserRefreshMiddleware|Response markup is scheduled to include browser refresh script injection. 
2024-03-22 11:02:26.1870|TRACE|Microsoft.AspNetCore.Server.Kestrel.Http2|Connection id "0HN2A3I009HRL" sending HEADERS frame for stream ID 1 with length 66 and flags END_HEADERS. 
2024-03-22 11:02:26.1996|TRACE|Microsoft.AspNetCore.Server.Kestrel.Http2|Connection id "0HN2A3I009HRL" sending DATA frame for stream ID 1 with length 4096 and flags NONE. 
2024-03-22 11:02:26.1996|TRACE|Microsoft.AspNetCore.Server.Kestrel.Http2|Connection id "0HN2A3I009HRL" sending DATA frame for stream ID 1 with length 992 and flags NONE. 
2024-03-22 11:02:26.1996|TRACE|Microsoft.AspNetCore.Server.Kestrel.Http2|Connection id "0HN2A3I009HRL" sending DATA frame for stream ID 1 with length 81 and flags NONE. 
2024-03-22 11:02:26.1996|DEBUG|Microsoft.EntityFrameworkCore.Infrastructure|An additional 'IServiceProvider' was created for internal use by Entity Framework. An existing service provider was not used due to the following configuration changes: configuration changed for 'Core:ConfigureWarnings', configuration added for 'Pomelo.EntityFrameworkCore.MySql:ServerVersion', configuration added for 'Pomelo.EntityFrameworkCore.MySql:DisableBackslashEscaping', configuration added for 'Pomelo.EntityFrameworkCore.MySql:SetSqlModeOnOpen', configuration added for 'Pomelo.EntityFrameworkCore.MySql:DisableLineBreakToCharSubstition', configuration added for 'Pomelo.EntityFrameworkCore.MySql:DefaultDataTypeMappings', configuration added for 'Pomelo.EntityFrameworkCore.MySql:SchemaBehavior', configuration added for 'Pomelo.EntityFrameworkCore.MySql:SchemaNameTranslator', configuration added for 'Pomelo.EntityFrameworkCore.MySql:EnableIndexOptimizedBooleanColumns', configuration added for 'Pomelo.EntityFrameworkCore.MySql:LimitKeyedOrIndexedStringColumnLength', configuration added for 'Pomelo.EntityFrameworkCore.MySql:EnableStringComparisonTranslations', configuration added for 'Pomelo.EntityFrameworkCore.MySql:EnablePrimitiveCollectionsSupport'. 
2024-03-22 11:02:26.1996|DEBUG|Microsoft.AspNetCore.Watch.BrowserRefresh.BrowserRefreshMiddleware|Response markup was updated to include browser refresh script injection. 
2024-03-22 11:02:26.2095|TRACE|Microsoft.AspNetCore.Server.Kestrel.Http2|Connection id "0HN2A3I009HRL" sending DATA frame for stream ID 1 with length 0 and flags END_STREAM. 
2024-03-22 11:02:26.2095|INFO|Microsoft.AspNetCore.Hosting.Diagnostics|Request finished HTTP/2 GET https://localhost:7290/swagger/index.html - 200 - text/html;charset=utf-8 350.7405ms 
2024-03-22 11:02:26.3494|TRACE|Microsoft.AspNetCore.Server.Kestrel.Http2|Connection id "0HN2A3I009HRL" received HEADERS frame for stream ID 3 with length 109 and flags END_STREAM, END_HEADERS, PRIORITY. 
2024-03-22 11:02:26.3519|INFO|Microsoft.AspNetCore.Hosting.Diagnostics|Request starting HTTP/2 GET https://localhost:7290/_framework/aspnetcore-browser-refresh.js - - - 
2024-03-22 11:02:26.3519|TRACE|Microsoft.AspNetCore.Server.Kestrel.Http2|Connection id "0HN2A3I009HRL" sending HEADERS frame for stream ID 3 with length 60 and flags END_HEADERS. 
2024-03-22 11:02:26.3519|TRACE|Microsoft.AspNetCore.Server.Kestrel.Http2|Connection id "0HN2A3I009HRL" sending DATA frame for stream ID 3 with length 13761 and flags NONE. 
2024-03-22 11:02:26.3519|INFO|Microsoft.AspNetCore.Hosting.Diagnostics|Request finished HTTP/2 GET https://localhost:7290/_framework/aspnetcore-browser-refresh.js - 200 13761 application/javascript;+charset=utf-8 6.9379ms 
2024-03-22 11:02:26.3519|TRACE|Microsoft.AspNetCore.Server.Kestrel.Http2|Connection id "0HN2A3I009HRL" sending DATA frame for stream ID 3 with length 0 and flags END_STREAM. 
2024-03-22 11:02:26.3681|TRACE|Microsoft.AspNetCore.Server.Kestrel.Http2|Connection id "0HN2A3I009HRL" received HEADERS frame for stream ID 5 with length 57 and flags END_STREAM, END_HEADERS, PRIORITY. 
2024-03-22 11:02:26.3681|INFO|Microsoft.AspNetCore.Hosting.Diagnostics|Request starting HTTP/2 GET https://localhost:7290/_vs/browserLink - - - 
2024-03-22 11:02:26.4118|TRACE|Microsoft.AspNetCore.Server.Kestrel.Http2|Connection id "0HN2A3I009HRL" sending HEADERS frame for stream ID 5 with length 149 and flags END_HEADERS. 
2024-03-22 11:02:26.4118|TRACE|Microsoft.AspNetCore.Server.Kestrel.Http2|Connection id "0HN2A3I009HRL" sending DATA frame for stream ID 5 with length 9986 and flags NONE. 
2024-03-22 11:02:26.4165|TRACE|Microsoft.AspNetCore.Server.Kestrel.Http2|Connection id "0HN2A3I009HRL" sending DATA frame for stream ID 5 with length 10240 and flags NONE. 
2024-03-22 11:02:26.4165|TRACE|Microsoft.AspNetCore.Server.Kestrel.Http2|Connection id "0HN2A3I009HRL" sending DATA frame for stream ID 5 with length 10240 and flags NONE. 
2024-03-22 11:02:26.4165|TRACE|Microsoft.AspNetCore.Server.Kestrel.Http2|Connection id "0HN2A3I009HRL" sending DATA frame for stream ID 5 with length 10240 and flags NONE. 
2024-03-22 11:02:26.4165|TRACE|Microsoft.AspNetCore.Server.Kestrel.Http2|Connection id "0HN2A3I009HRL" sending DATA frame for stream ID 5 with length 10240 and flags NONE. 
2024-03-22 11:02:26.4165|TRACE|Microsoft.AspNetCore.Server.Kestrel.Http2|Connection id "0HN2A3I009HRL" sending DATA frame for stream ID 5 with length 10240 and flags NONE. 
2024-03-22 11:02:26.4165|TRACE|Microsoft.AspNetCore.Server.Kestrel.Http2|Connection id "0HN2A3I009HRL" sending DATA frame for stream ID 5 with length 10240 and flags NONE. 
2024-03-22 11:02:26.4165|TRACE|Microsoft.AspNetCore.Server.Kestrel.Http2|Connection id "0HN2A3I009HRL" sending DATA frame for stream ID 5 with length 10240 and flags NONE. 
2024-03-22 11:02:26.4165|TRACE|Microsoft.AspNetCore.Server.Kestrel.Http2|Connection id "0HN2A3I009HRL" sending DATA frame for stream ID 5 with length 10240 and flags NONE. 
2024-03-22 11:02:26.4165|TRACE|Microsoft.AspNetCore.Server.Kestrel.Http2|Connection id "0HN2A3I009HRL" sending DATA frame for stream ID 5 with length 10240 and flags NONE. 
2024-03-22 11:02:26.4260|TRACE|Microsoft.AspNetCore.Server.Kestrel.Http2|Connection id "0HN2A3I009HRL" sending DATA frame for stream ID 5 with length 10240 and flags NONE. 
2024-03-22 11:02:26.4260|TRACE|Microsoft.AspNetCore.Server.Kestrel.Http2|Connection id "0HN2A3I009HRL" sending DATA frame for stream ID 5 with length 10240 and flags NONE. 
2024-03-22 11:02:26.4260|TRACE|Microsoft.AspNetCore.Server.Kestrel.Http2|Connection id "0HN2A3I009HRL" sending DATA frame for stream ID 5 with length 10240 and flags NONE. 
2024-03-22 11:02:26.4260|TRACE|Microsoft.AspNetCore.Server.Kestrel.Http2|Connection id "0HN2A3I009HRL" sending DATA frame for stream ID 5 with length 10240 and flags NONE. 
2024-03-22 11:02:26.4260|TRACE|Microsoft.AspNetCore.Server.Kestrel.Http2|Connection id "0HN2A3I009HRL" sending DATA frame for stream ID 5 with length 10240 and flags NONE. 
2024-03-22 11:02:26.4260|TRACE|Microsoft.AspNetCore.Server.Kestrel.Http2|Connection id "0HN2A3I009HRL" sending DATA frame for stream ID 5 with length 160 and flags NONE. 
2024-03-22 11:02:26.4260|TRACE|Microsoft.AspNetCore.Server.Kestrel.Http2|Connection id "0HN2A3I009HRL" sending DATA frame for stream ID 5 with length 0 and flags END_STREAM. 
2024-03-22 11:02:26.4260|INFO|Microsoft.AspNetCore.Hosting.Diagnostics|Request finished HTTP/2 GET https://localhost:7290/_vs/browserLink - 200 - text/javascript;+charset=UTF-8 62.6321ms 
2024-03-22 11:02:26.6954|TRACE|Microsoft.AspNetCore.Server.Kestrel.Http2|Connection id "0HN2A3I009HRL" received HEADERS frame for stream ID 7 with length 66 and flags END_STREAM, END_HEADERS, PRIORITY. 
2024-03-22 11:02:26.6954|INFO|Microsoft.AspNetCore.Hosting.Diagnostics|Request starting HTTP/2 GET https://localhost:7290/swagger/v1/swagger.json - - - 
2024-03-22 11:02:26.6954|TRACE|Microsoft.AspNetCore.HostFiltering.HostFilteringMiddleware|All hosts are allowed. 
2024-03-22 11:02:26.6954|DEBUG|Microsoft.AspNetCore.Routing.Matching.DfaMatcher|No candidates found for the request path '/swagger/v1/swagger.json' 
2024-03-22 11:02:26.6954|DEBUG|Microsoft.AspNetCore.Routing.EndpointRoutingMiddleware|Request did not match any endpoints 
2024-03-22 11:02:26.7598|DEBUG|Microsoft.EntityFrameworkCore.Model|The index {'UserId'} was not created on entity type 'UserRoles' as the properties are already covered by the index {'UserId', 'RoleId'}. 
2024-03-22 11:02:26.8885|WARN|Microsoft.EntityFrameworkCore.Model.Validation|Entity 'Users' has a global query filter defined and is the required end of a relationship with the entity 'UserAccessFail'. This may lead to unexpected results when the required entity is filtered out. Either configure the navigation as optional, or define matching query filters for both entities in the navigation. See https://go.microsoft.com/fwlink/?linkid=2131316 for more information. 
2024-03-22 11:02:26.8962|WARN|Microsoft.EntityFrameworkCore.Model.Validation|Entity 'Roles' has a global query filter defined and is the required end of a relationship with the entity 'UserRoles'. This may lead to unexpected results when the required entity is filtered out. Either configure the navigation as optional, or define matching query filters for both entities in the navigation. See https://go.microsoft.com/fwlink/?linkid=2131316 for more information. 
2024-03-22 11:02:27.0402|TRACE|Microsoft.AspNetCore.Server.Kestrel.Http2|Connection id "0HN2A3I009HRL" sending HEADERS frame for stream ID 7 with length 35 and flags END_HEADERS. 
2024-03-22 11:02:27.0402|TRACE|Microsoft.AspNetCore.Server.Kestrel.Http2|Connection id "0HN2A3I009HRL" sending DATA frame for stream ID 7 with length 16384 and flags NONE. 
2024-03-22 11:02:27.0402|TRACE|Microsoft.AspNetCore.Server.Kestrel.Http2|Connection id "0HN2A3I009HRL" sending DATA frame for stream ID 7 with length 16384 and flags NONE. 
2024-03-22 11:02:27.0402|TRACE|Microsoft.AspNetCore.Server.Kestrel.Http2|Connection id "0HN2A3I009HRL" sending DATA frame for stream ID 7 with length 16384 and flags NONE. 
2024-03-22 11:02:27.0402|TRACE|Microsoft.AspNetCore.Server.Kestrel.Http2|Connection id "0HN2A3I009HRL" sending DATA frame for stream ID 7 with length 9384 and flags NONE. 
2024-03-22 11:02:27.0402|TRACE|Microsoft.AspNetCore.Server.Kestrel.Http2|Connection id "0HN2A3I009HRL" sending DATA frame for stream ID 7 with length 0 and flags END_STREAM. 
2024-03-22 11:02:27.0402|INFO|Microsoft.AspNetCore.Hosting.Diagnostics|Request finished HTTP/2 GET https://localhost:7290/swagger/v1/swagger.json - 200 - application/json;charset=utf-8 349.5024ms 
2024-03-22 11:02:27.1173|DEBUG|Microsoft.EntityFrameworkCore.Infrastructure|Entity Framework Core 8.0.1 initialized 'UserDbContext' using provider 'Pomelo.EntityFrameworkCore.MySql:8.0.1' with options: ServerVersion=8.0.23-mysql  
2024-03-22 11:02:27.3272|DEBUG|Microsoft.AspNetCore.Mvc.Infrastructure.ControllerActionInvoker|Executed controller factory for controller LitZhu.WebApi.Controllers.User.AuthController (LitZhu.WebApi) 
2024-03-22 11:02:27.3334|DEBUG|Microsoft.AspNetCore.Mvc.ModelBinding.ParameterBinder|Attempting to bind parameter 'req' of type 'LitZhu.WebApi.Controllers.User.SendEmailCodeRequest' ... 
2024-03-22 11:02:27.3334|DEBUG|Microsoft.AspNetCore.Mvc.ModelBinding.Binders.BodyModelBinder|Attempting to bind parameter 'req' of type 'LitZhu.WebApi.Controllers.User.SendEmailCodeRequest' using the name '' in request data ... 
2024-03-22 11:02:27.3334|DEBUG|Microsoft.AspNetCore.Mvc.ModelBinding.Binders.BodyModelBinder|Rejected input formatter 'Microsoft.AspNetCore.Mvc.Formatters.NewtonsoftJsonPatchInputFormatter' for content type 'application/json'. 
2024-03-22 11:02:27.3334|DEBUG|Microsoft.AspNetCore.Mvc.ModelBinding.Binders.BodyModelBinder|Selected input formatter 'Microsoft.AspNetCore.Mvc.Formatters.NewtonsoftJsonInputFormatter' for content type 'application/json'. 
2024-03-22 11:02:27.3334|DEBUG|Microsoft.AspNetCore.Server.Kestrel|Connection id "0HN2A3I009HRK", Request id "0HN2A3I009HRK:00000001": started reading request body. 
2024-03-22 11:02:27.3334|DEBUG|Microsoft.AspNetCore.Server.Kestrel|Connection id "0HN2A3I009HRK", Request id "0HN2A3I009HRK:00000001": done reading request body. 
2024-03-22 11:02:27.4259|DEBUG|Microsoft.AspNetCore.Mvc.ModelBinding.Binders.BodyModelBinder|Done attempting to bind parameter 'req' of type 'LitZhu.WebApi.Controllers.User.SendEmailCodeRequest'. 
2024-03-22 11:02:27.4259|DEBUG|Microsoft.AspNetCore.Mvc.ModelBinding.ParameterBinder|Done attempting to bind parameter 'req' of type 'LitZhu.WebApi.Controllers.User.SendEmailCodeRequest'. 
2024-03-22 11:02:27.4259|DEBUG|Microsoft.AspNetCore.Mvc.ModelBinding.ParameterBinder|Attempting to validate the bound parameter 'req' of type 'LitZhu.WebApi.Controllers.User.SendEmailCodeRequest' ... 
2024-03-22 11:02:27.4259|DEBUG|Microsoft.AspNetCore.Mvc.ModelBinding.ParameterBinder|Done attempting to validate the bound parameter 'req' of type 'LitZhu.WebApi.Controllers.User.SendEmailCodeRequest'. 
2024-03-22 11:02:27.4259|TRACE|Microsoft.AspNetCore.Mvc.Infrastructure.ControllerActionInvoker|Action Filter: Before executing OnActionExecuting on filter Microsoft.AspNetCore.Mvc.ModelBinding.UnsupportedContentTypeFilter. 
2024-03-22 11:02:27.4259|TRACE|Microsoft.AspNetCore.Mvc.Infrastructure.ControllerActionInvoker|Action Filter: After executing OnActionExecuting on filter Microsoft.AspNetCore.Mvc.ModelBinding.UnsupportedContentTypeFilter. 
2024-03-22 11:02:27.4259|TRACE|Microsoft.AspNetCore.Mvc.Infrastructure.ControllerActionInvoker|Action Filter: Before executing OnActionExecuting on filter Microsoft.AspNetCore.Mvc.Infrastructure.ModelStateInvalidFilter. 
2024-03-22 11:02:27.4259|TRACE|Microsoft.AspNetCore.Mvc.Infrastructure.ControllerActionInvoker|Action Filter: After executing OnActionExecuting on filter Microsoft.AspNetCore.Mvc.Infrastructure.ModelStateInvalidFilter. 
2024-03-22 11:02:27.4422|INFO|Microsoft.AspNetCore.Mvc.Infrastructure.ControllerActionInvoker|Executing action method LitZhu.WebApi.Controllers.User.AuthController.SendEmailCode (LitZhu.WebApi) - Validation state: Valid 
2024-03-22 11:02:27.4422|TRACE|Microsoft.AspNetCore.Mvc.Infrastructure.ControllerActionInvoker|Executing action method LitZhu.WebApi.Controllers.User.AuthController.SendEmailCode (LitZhu.WebApi) with arguments (SendEmailCodeRequest { Email = litzhuvich@foxmain.com }) 
2024-03-22 11:02:27.5105|DEBUG|Microsoft.EntityFrameworkCore.Query|Compiling query expression: 
'DbSet<Users>()
    .Include(x => x.UserAccessFail)
    .Include(x => x.UserRoles)
    .ThenInclude(ur => ur.Roles)
    .FirstOrDefault(x => x.Email == __email_0)' 
2024-03-22 11:02:27.5688|DEBUG|Microsoft.EntityFrameworkCore.Query|Including navigation: 'Users.UserAccessFail'. 
2024-03-22 11:02:27.5688|DEBUG|Microsoft.EntityFrameworkCore.Query|Including navigation: 'Users.UserRoles'. 
2024-03-22 11:02:27.5688|DEBUG|Microsoft.EntityFrameworkCore.Query|Including navigation: 'UserRoles.Roles'. 
2024-03-22 11:02:27.7989|DEBUG|Microsoft.EntityFrameworkCore.Query|Generated query execution expression: 
'queryContext => ShapedQueryCompilingExpressionVisitor.SingleOrDefaultAsync<Users>(
    asyncEnumerable: new SingleQueryingEnumerable<Users>(
        (RelationalQueryContext)queryContext, 
        RelationalCommandCache.QueryExpression(
            Client Projections:
                0 -> Dictionary<IProperty, int> { [Property: Users.Id (Guid) Required PK AfterSave:Throw ValueGenerated.OnAdd, 0], [Property: Users.Avatar (string), 1], [Property: Users.CreationTime (DateTime) Required, 2], [Property: Users.DeletionTime (DateTime?), 3], [Property: Users.Email (string), 4], [Property: Users.Gender (Gender) Required, 5], [Property: Users.IsDeleted (bool) Required Index, 6], [Property: Users.LastModificationTime (DateTime?), 7], [Property: Users.Password (string) Required MaxLength(100) ANSI, 8], [Property: Users.Phone (string), 9], [Property: Users.Username (string) Required Index MaxLength(10), 10] }
                1 -> Dictionary<IProperty, int> { [Property: UserAccessFail.Id (Guid) Required PK AfterSave:Throw ValueGenerated.OnAdd, 11], [Property: UserAccessFail.AccessFailedCount (int) Required, 12], [Property: UserAccessFail.CreationTime (DateTime) Required, 13], [Property: UserAccessFail.IsLockOut (bool) Required, 14], [Property: UserAccessFail.LockOutEnd (DateTime?), 15], [Property: UserAccessFail.UserId (Guid) Required FK Index, 16] }
                2 -> 0
                3 -> 11
                4 -> Dictionary<IProperty, int> { [Property: UserRoles.UserId (Guid) Required PK FK AfterSave:Throw, 17], [Property: UserRoles.RoleId (Guid) Required PK FK Index AfterSave:Throw, 18] }
                5 -> Dictionary<IProperty, int> { [Property: Roles.Id (Guid) Required PK AfterSave:Throw ValueGenerated.OnAdd, 19], [Property: Roles.CreationTime (DateTime) Required, 20], [Property: Roles.DeletionTime (DateTime?), 21], [Property: Roles.IsDeleted (bool) Required Index, 22], [Property: Roles.LastModificationTime (DateTime?), 23], [Property: Roles.RoleDesc (string) Required, 24], [Property: Roles.RoleName (string) Required MaxLength(10), 25] }
                6 -> 17
                7 -> 18
                8 -> 19
            SELECT t.Id, t.Avatar, t.CreationTime, t.DeletionTime, t.Email, t.Gender, t.IsDeleted, t.LastModificationTime, t.Password, t.Phone, t.Username, t.Id0, t.AccessFailedCount, t.CreationTime0, t.IsLockOut, t.LockOutEnd, t.UserId, t0.UserId, t0.RoleId, t0.Id, t0.CreationTime, t0.DeletionTime, t0.IsDeleted, t0.LastModificationTime, t0.RoleDesc, t0.RoleName
            FROM 
            (
                SELECT TOP(1) u.Id, u.Avatar, u.CreationTime, u.DeletionTime, u.Email, u.Gender, u.IsDeleted, u.LastModificationTime, u.Password, u.Phone, u.Username, u0.Id AS Id0, u0.AccessFailedCount, u0.CreationTime AS CreationTime0, u0.IsLockOut, u0.LockOutEnd, u0.UserId
                FROM Users AS u
                LEFT JOIN UserAccessFails AS u0 ON u.Id == u0.UserId
                WHERE (u.IsDeleted == FALSE) && (u.Email == @__email_0)
            ) AS t
            LEFT JOIN 
            (
                SELECT u1.UserId, u1.RoleId, t1.Id, t1.CreationTime, t1.DeletionTime, t1.IsDeleted, t1.LastModificationTime, t1.RoleDesc, t1.RoleName
                FROM Users_Roles AS u1
                INNER JOIN 
                (
                    SELECT r.Id, r.CreationTime, r.DeletionTime, r.IsDeleted, r.LastModificationTime, r.RoleDesc, r.RoleName
                    FROM Roles AS r
                    WHERE r.IsDeleted == FALSE
                ) AS t1 ON u1.RoleId == t1.Id
            ) AS t0 ON t.Id == t0.UserId
            ORDER BY t.Id ASC, t.Id0 ASC, t0.UserId ASC, t0.RoleId ASC), 
        null, 
        Func<QueryContext, DbDataReader, ResultContext, SingleQueryResultCoordinator, Users>, 
        User.Infrastructure.UserDbContext, 
        False, 
        False, 
        True
    ), 
    cancellationToken: queryContext.CancellationToken)' 
2024-03-22 11:02:27.8050|DEBUG|Microsoft.AspNetCore.Server.Kestrel.Transport.Sockets|Connection id "0HN2A3I009HRL" received FIN. 
2024-03-22 11:02:27.8050|DEBUG|Microsoft.AspNetCore.Server.Kestrel.Http2|The connection queue processing loop for 0HN2A3I009HRL completed. 
2024-03-22 11:02:27.8050|DEBUG|Microsoft.AspNetCore.Server.Kestrel.Http2|Connection id "0HN2A3I009HRL" is closed. The last processed stream ID was 7. 
2024-03-22 11:02:27.8050|DEBUG|Microsoft.AspNetCore.Server.Kestrel.Transport.Sockets|Connection id "0HN2A3I009HRL" sending FIN because: "The Socket transport's send loop completed gracefully." 
2024-03-22 11:02:27.8177|DEBUG|Microsoft.AspNetCore.Server.Kestrel.Connections|Connection id "0HN2A3I009HRL" stopped. 
2024-03-22 11:02:27.8563|DEBUG|Microsoft.EntityFrameworkCore.Database.Connection|Creating DbConnection. 
2024-03-22 11:02:27.8563|DEBUG|Microsoft.EntityFrameworkCore.Database.Connection|Created DbConnection. (3ms). 
2024-03-22 11:02:27.8724|DEBUG|Microsoft.EntityFrameworkCore.Database.Connection|Opening connection to database 'LitZhu' on server 'localhost'. 
2024-03-22 11:02:27.9831|DEBUG|Microsoft.EntityFrameworkCore.Database.Connection|Opened connection to database 'LitZhu' on server 'localhost'. 
2024-03-22 11:02:27.9831|DEBUG|Microsoft.EntityFrameworkCore.Database.Command|Creating DbCommand for 'ExecuteReader'. 
2024-03-22 11:02:27.9831|DEBUG|Microsoft.EntityFrameworkCore.Database.Command|Created DbCommand for 'ExecuteReader' (1ms). 
2024-03-22 11:02:28.0006|DEBUG|Microsoft.EntityFrameworkCore.Database.Command|Initialized DbCommand for 'ExecuteReader' (14ms). 
2024-03-22 11:02:28.0054|DEBUG|Microsoft.EntityFrameworkCore.Database.Command|Executing DbCommand [Parameters=[@__email_0='?' (Size = 4000)], CommandType='Text', CommandTimeout='30']
SELECT `t`.`Id`, `t`.`Avatar`, `t`.`CreationTime`, `t`.`DeletionTime`, `t`.`Email`, `t`.`Gender`, `t`.`IsDeleted`, `t`.`LastModificationTime`, `t`.`Password`, `t`.`Phone`, `t`.`Username`, `t`.`Id0`, `t`.`AccessFailedCount`, `t`.`CreationTime0`, `t`.`IsLockOut`, `t`.`LockOutEnd`, `t`.`UserId`, `t0`.`UserId`, `t0`.`RoleId`, `t0`.`Id`, `t0`.`CreationTime`, `t0`.`DeletionTime`, `t0`.`IsDeleted`, `t0`.`LastModificationTime`, `t0`.`RoleDesc`, `t0`.`RoleName`
FROM (
    SELECT `u`.`Id`, `u`.`Avatar`, `u`.`CreationTime`, `u`.`DeletionTime`, `u`.`Email`, `u`.`Gender`, `u`.`IsDeleted`, `u`.`LastModificationTime`, `u`.`Password`, `u`.`Phone`, `u`.`Username`, `u0`.`Id` AS `Id0`, `u0`.`AccessFailedCount`, `u0`.`CreationTime` AS `CreationTime0`, `u0`.`IsLockOut`, `u0`.`LockOutEnd`, `u0`.`UserId`
    FROM `Users` AS `u`
    LEFT JOIN `UserAccessFails` AS `u0` ON `u`.`Id` = `u0`.`UserId`
    WHERE NOT (`u`.`IsDeleted`) AND (`u`.`Email` = @__email_0)
    LIMIT 1
) AS `t`
LEFT JOIN (
    SELECT `u1`.`UserId`, `u1`.`RoleId`, `t1`.`Id`, `t1`.`CreationTime`, `t1`.`DeletionTime`, `t1`.`IsDeleted`, `t1`.`LastModificationTime`, `t1`.`RoleDesc`, `t1`.`RoleName`
    FROM `Users_Roles` AS `u1`
    INNER JOIN (
        SELECT `r`.`Id`, `r`.`CreationTime`, `r`.`DeletionTime`, `r`.`IsDeleted`, `r`.`LastModificationTime`, `r`.`RoleDesc`, `r`.`RoleName`
        FROM `Roles` AS `r`
        WHERE NOT (`r`.`IsDeleted`)
    ) AS `t1` ON `u1`.`RoleId` = `t1`.`Id`
) AS `t0` ON `t`.`Id` = `t0`.`UserId`
ORDER BY `t`.`Id`, `t`.`Id0`, `t0`.`UserId`, `t0`.`RoleId` 
2024-03-22 11:02:28.0471|INFO|Microsoft.EntityFrameworkCore.Database.Command|Executed DbCommand (40ms) [Parameters=[@__email_0='?' (Size = 4000)], CommandType='Text', CommandTimeout='30']
SELECT `t`.`Id`, `t`.`Avatar`, `t`.`CreationTime`, `t`.`DeletionTime`, `t`.`Email`, `t`.`Gender`, `t`.`IsDeleted`, `t`.`LastModificationTime`, `t`.`Password`, `t`.`Phone`, `t`.`Username`, `t`.`Id0`, `t`.`AccessFailedCount`, `t`.`CreationTime0`, `t`.`IsLockOut`, `t`.`LockOutEnd`, `t`.`UserId`, `t0`.`UserId`, `t0`.`RoleId`, `t0`.`Id`, `t0`.`CreationTime`, `t0`.`DeletionTime`, `t0`.`IsDeleted`, `t0`.`LastModificationTime`, `t0`.`RoleDesc`, `t0`.`RoleName`
FROM (
    SELECT `u`.`Id`, `u`.`Avatar`, `u`.`CreationTime`, `u`.`DeletionTime`, `u`.`Email`, `u`.`Gender`, `u`.`IsDeleted`, `u`.`LastModificationTime`, `u`.`Password`, `u`.`Phone`, `u`.`Username`, `u0`.`Id` AS `Id0`, `u0`.`AccessFailedCount`, `u0`.`CreationTime` AS `CreationTime0`, `u0`.`IsLockOut`, `u0`.`LockOutEnd`, `u0`.`UserId`
    FROM `Users` AS `u`
    LEFT JOIN `UserAccessFails` AS `u0` ON `u`.`Id` = `u0`.`UserId`
    WHERE NOT (`u`.`IsDeleted`) AND (`u`.`Email` = @__email_0)
    LIMIT 1
) AS `t`
LEFT JOIN (
    SELECT `u1`.`UserId`, `u1`.`RoleId`, `t1`.`Id`, `t1`.`CreationTime`, `t1`.`DeletionTime`, `t1`.`IsDeleted`, `t1`.`LastModificationTime`, `t1`.`RoleDesc`, `t1`.`RoleName`
    FROM `Users_Roles` AS `u1`
    INNER JOIN (
        SELECT `r`.`Id`, `r`.`CreationTime`, `r`.`DeletionTime`, `r`.`IsDeleted`, `r`.`LastModificationTime`, `r`.`RoleDesc`, `r`.`RoleName`
        FROM `Roles` AS `r`
        WHERE NOT (`r`.`IsDeleted`)
    ) AS `t1` ON `u1`.`RoleId` = `t1`.`Id`
) AS `t0` ON `t`.`Id` = `t0`.`UserId`
ORDER BY `t`.`Id`, `t`.`Id0`, `t0`.`UserId`, `t0`.`RoleId` 
2024-03-22 11:02:28.0905|DEBUG|Microsoft.EntityFrameworkCore.ChangeTracking|Context 'UserDbContext' started tracking 'Users' entity. Consider using 'DbContextOptionsBuilder.EnableSensitiveDataLogging' to see key values. 
2024-03-22 11:02:28.1402|DEBUG|Microsoft.EntityFrameworkCore.ChangeTracking|The navigation 'Users.UserAccessFail' was detected as changed. Consider using 'DbContextOptionsBuilder.EnableSensitiveDataLogging' to see key values. 
2024-03-22 11:02:28.1402|DEBUG|Microsoft.EntityFrameworkCore.ChangeTracking|Context 'UserDbContext' started tracking 'UserAccessFail' entity. Consider using 'DbContextOptionsBuilder.EnableSensitiveDataLogging' to see key values. 
2024-03-22 11:02:28.1661|DEBUG|Microsoft.EntityFrameworkCore.Database.Command|Closing data reader to 'LitZhu' on server 'localhost'. 
2024-03-22 11:02:28.1661|DEBUG|Microsoft.EntityFrameworkCore.Database.Command|A data reader for 'LitZhu' on server 'localhost' is being disposed after spending 124ms reading results. 
2024-03-22 11:02:28.1778|DEBUG|Microsoft.EntityFrameworkCore.Database.Connection|Closing connection to database 'LitZhu' on server 'localhost'. 
2024-03-22 11:02:28.1778|DEBUG|Microsoft.EntityFrameworkCore.Database.Connection|Closed connection to database 'LitZhu' on server 'localhost' (3ms). 
2024-03-22 11:02:28.2062|WARN|User.Infrastructure.EmailCodeSender|向邮箱地址：litzhuvich@foxmain.com , 发送验证码：93626 
2024-03-22 11:02:28.2133|INFO|Microsoft.AspNetCore.Mvc.Infrastructure.ControllerActionInvoker|Executed action method LitZhu.WebApi.Controllers.User.AuthController.SendEmailCode (LitZhu.WebApi), returned result Microsoft.AspNetCore.Mvc.OkObjectResult in 765.815ms. 
2024-03-22 11:02:28.2133|TRACE|Microsoft.AspNetCore.Mvc.Infrastructure.ControllerActionInvoker|Action Filter: Before executing OnActionExecuted on filter Microsoft.AspNetCore.Mvc.Infrastructure.ModelStateInvalidFilter. 
2024-03-22 11:02:28.2133|TRACE|Microsoft.AspNetCore.Mvc.Infrastructure.ControllerActionInvoker|Action Filter: After executing OnActionExecuted on filter Microsoft.AspNetCore.Mvc.Infrastructure.ModelStateInvalidFilter. 
2024-03-22 11:02:28.2133|TRACE|Microsoft.AspNetCore.Mvc.Infrastructure.ControllerActionInvoker|Action Filter: Before executing OnActionExecuted on filter Microsoft.AspNetCore.Mvc.ModelBinding.UnsupportedContentTypeFilter. 
2024-03-22 11:02:28.2133|TRACE|Microsoft.AspNetCore.Mvc.Infrastructure.ControllerActionInvoker|Action Filter: After executing OnActionExecuted on filter Microsoft.AspNetCore.Mvc.ModelBinding.UnsupportedContentTypeFilter. 
2024-03-22 11:02:28.2133|TRACE|Microsoft.AspNetCore.Mvc.Infrastructure.ControllerActionInvoker|Result Filter: Before executing OnResultExecuting on filter Microsoft.AspNetCore.Mvc.Infrastructure.ClientErrorResultFilter. 
2024-03-22 11:02:28.2133|TRACE|Microsoft.AspNetCore.Mvc.Infrastructure.ControllerActionInvoker|Result Filter: After executing OnResultExecuting on filter Microsoft.AspNetCore.Mvc.Infrastructure.ClientErrorResultFilter. 
2024-03-22 11:02:28.2133|TRACE|Microsoft.AspNetCore.Mvc.Infrastructure.ControllerActionInvoker|Before executing action result Microsoft.AspNetCore.Mvc.OkObjectResult. 
2024-03-22 11:02:28.2133|DEBUG|Microsoft.AspNetCore.Mvc.Infrastructure.DefaultOutputFormatterSelector|List of registered output formatters, in the following order: Microsoft.AspNetCore.Mvc.Formatters.HttpNoContentOutputFormatter, Microsoft.AspNetCore.Mvc.Formatters.StringOutputFormatter, Microsoft.AspNetCore.Mvc.Formatters.StreamOutputFormatter, Microsoft.AspNetCore.Mvc.Formatters.NewtonsoftJsonOutputFormatter 
2024-03-22 11:02:28.2133|DEBUG|Microsoft.AspNetCore.Mvc.Infrastructure.DefaultOutputFormatterSelector|No information found on request to perform content negotiation. 
2024-03-22 11:02:28.2133|DEBUG|Microsoft.AspNetCore.Mvc.Infrastructure.DefaultOutputFormatterSelector|Attempting to select an output formatter without using a content type as no explicit content types were specified for the response. 
2024-03-22 11:02:28.2133|DEBUG|Microsoft.AspNetCore.Mvc.Infrastructure.DefaultOutputFormatterSelector|Attempting to select the first formatter in the output formatters list which can write the result. 
2024-03-22 11:02:28.2133|DEBUG|Microsoft.AspNetCore.Mvc.Infrastructure.DefaultOutputFormatterSelector|Selected output formatter 'Microsoft.AspNetCore.Mvc.Formatters.NewtonsoftJsonOutputFormatter' and content type 'application/json' to write the response. 
2024-03-22 11:02:28.2133|INFO|Microsoft.AspNetCore.Mvc.Infrastructure.ObjectResultExecutor|Executing OkObjectResult, writing value of type 'LitZhu.WebApi.R'. 
2024-03-22 11:02:28.2563|TRACE|Microsoft.AspNetCore.Mvc.Infrastructure.ControllerActionInvoker|After executing action result Microsoft.AspNetCore.Mvc.OkObjectResult. 
2024-03-22 11:02:28.2563|TRACE|Microsoft.AspNetCore.Mvc.Infrastructure.ControllerActionInvoker|Result Filter: Before executing OnResultExecuted on filter Microsoft.AspNetCore.Mvc.Infrastructure.ClientErrorResultFilter. 
2024-03-22 11:02:28.2563|TRACE|Microsoft.AspNetCore.Mvc.Infrastructure.ControllerActionInvoker|Result Filter: After executing OnResultExecuted on filter Microsoft.AspNetCore.Mvc.Infrastructure.ClientErrorResultFilter. 
2024-03-22 11:02:28.2563|DEBUG|Microsoft.AspNetCore.Server.Kestrel.Transport.Sockets|Connection id "0HN2A3I009HRK" received FIN. 
2024-03-22 11:02:28.2563|DEBUG|Microsoft.AspNetCore.Server.Kestrel.Transport.Sockets|Connection id "0HN2A3I009HRK" sending FIN because: "The Socket transport's send loop completed gracefully." 
2024-03-22 11:02:28.2563|DEBUG|Microsoft.AspNetCore.Server.Kestrel.Connections|Connection id "0HN2A3I009HRK" disconnecting. 
2024-03-22 11:02:28.2563|INFO|Microsoft.AspNetCore.Mvc.Infrastructure.ControllerActionInvoker|Executed action LitZhu.WebApi.Controllers.User.AuthController.SendEmailCode (LitZhu.WebApi) in 2337.3289ms 
2024-03-22 11:02:28.2563|INFO|Microsoft.AspNetCore.Routing.EndpointMiddleware|Executed endpoint 'LitZhu.WebApi.Controllers.User.AuthController.SendEmailCode (LitZhu.WebApi)' 
2024-03-22 11:02:28.2563|DEBUG|Microsoft.EntityFrameworkCore.Infrastructure|'UserDbContext' disposed. 
2024-03-22 11:02:28.2563|DEBUG|Microsoft.EntityFrameworkCore.Database.Connection|Disposing connection to database 'LitZhu' on server 'localhost'. 
2024-03-22 11:02:28.2563|DEBUG|Microsoft.EntityFrameworkCore.Database.Connection|Disposed connection to database 'LitZhu' on server 'localhost' (1ms). 
2024-03-22 11:02:28.2563|INFO|Microsoft.AspNetCore.Hosting.Diagnostics|Request finished HTTP/1.1 POST https://localhost:7290/api/Auth/SendEmailCode - 200 47 application/json;+charset=utf-8 2653.8539ms 
2024-03-22 11:02:28.2707|DEBUG|Microsoft.AspNetCore.Server.Kestrel.Connections|Connection id "0HN2A3I009HRK" stopped. 
2024-03-22 11:02:43.4268|DEBUG|Microsoft.AspNetCore.Mvc.ModelBinding.ModelBinderFactory|Registered model binder providers, in the following order: Microsoft.AspNetCore.Mvc.ModelBinding.Binders.BinderTypeModelBinderProvider, Microsoft.AspNetCore.Mvc.ModelBinding.Binders.ServicesModelBinderProvider, Microsoft.AspNetCore.Mvc.ModelBinding.Binders.BodyModelBinderProvider, Microsoft.AspNetCore.Mvc.ModelBinding.Binders.HeaderModelBinderProvider, Microsoft.AspNetCore.Mvc.ModelBinding.Binders.FloatingPointTypeModelBinderProvider, Microsoft.AspNetCore.Mvc.ModelBinding.Binders.EnumTypeModelBinderProvider, Microsoft.AspNetCore.Mvc.ModelBinding.Binders.DateTimeModelBinderProvider, Microsoft.AspNetCore.Mvc.ModelBinding.Binders.SimpleTypeModelBinderProvider, Microsoft.AspNetCore.Mvc.ModelBinding.Binders.TryParseModelBinderProvider, Microsoft.AspNetCore.Mvc.ModelBinding.Binders.CancellationTokenModelBinderProvider, Microsoft.AspNetCore.Mvc.ModelBinding.Binders.ByteArrayModelBinderProvider, Microsoft.AspNetCore.Mvc.ModelBinding.Binders.FormFileModelBinderProvider, Microsoft.AspNetCore.Mvc.ModelBinding.Binders.FormCollectionModelBinderProvider, Microsoft.AspNetCore.Mvc.ModelBinding.Binders.KeyValuePairModelBinderProvider, Microsoft.AspNetCore.Mvc.ModelBinding.Binders.DictionaryModelBinderProvider, Microsoft.AspNetCore.Mvc.ModelBinding.Binders.ArrayModelBinderProvider, Microsoft.AspNetCore.Mvc.ModelBinding.Binders.CollectionModelBinderProvider, Microsoft.AspNetCore.Mvc.ModelBinding.Binders.ComplexObjectModelBinderProvider 
2024-03-22 11:02:43.6077|DEBUG|Microsoft.Extensions.Hosting.Internal.Host|Hosting starting 
2024-03-22 11:02:43.6487|INFO|Microsoft.AspNetCore.DataProtection.KeyManagement.XmlKeyManager|User profile is available. Using 'C:\Users\25968\AppData\Local\ASP.NET\DataProtection-Keys' as key repository and Windows DPAPI to encrypt keys at rest. 
2024-03-22 11:02:43.6487|DEBUG|Microsoft.AspNetCore.DataProtection.Repositories.FileSystemXmlRepository|Reading data from file 'C:\Users\25968\AppData\Local\ASP.NET\DataProtection-Keys\key-04331095-e001-4e86-a2a5-ac77c623d11c.xml'. 
2024-03-22 11:02:43.6646|DEBUG|Microsoft.AspNetCore.DataProtection.KeyManagement.XmlKeyManager|Found key {04331095-e001-4e86-a2a5-ac77c623d11c}. 
2024-03-22 11:02:43.6794|DEBUG|Microsoft.AspNetCore.DataProtection.KeyManagement.DefaultKeyResolver|Considering key {04331095-e001-4e86-a2a5-ac77c623d11c} with expiration date 2024-04-11 12:24:14Z as default key. 
2024-03-22 11:02:43.6794|DEBUG|Microsoft.AspNetCore.DataProtection.TypeForwardingActivator|Forwarded activator type request from Microsoft.AspNetCore.DataProtection.XmlEncryption.DpapiXmlDecryptor, Microsoft.AspNetCore.DataProtection, Version=8.0.0.0, Culture=neutral, PublicKeyToken=adb9793829ddae60 to Microsoft.AspNetCore.DataProtection.XmlEncryption.DpapiXmlDecryptor, Microsoft.AspNetCore.DataProtection, Culture=neutral, PublicKeyToken=adb9793829ddae60 
2024-03-22 11:02:43.6794|DEBUG|Microsoft.AspNetCore.DataProtection.XmlEncryption.DpapiXmlDecryptor|Decrypting secret element using Windows DPAPI. 
2024-03-22 11:02:43.6794|DEBUG|Microsoft.AspNetCore.DataProtection.TypeForwardingActivator|Forwarded activator type request from Microsoft.AspNetCore.DataProtection.AuthenticatedEncryption.ConfigurationModel.AuthenticatedEncryptorDescriptorDeserializer, Microsoft.AspNetCore.DataProtection, Version=8.0.0.0, Culture=neutral, PublicKeyToken=adb9793829ddae60 to Microsoft.AspNetCore.DataProtection.AuthenticatedEncryption.ConfigurationModel.AuthenticatedEncryptorDescriptorDeserializer, Microsoft.AspNetCore.DataProtection, Culture=neutral, PublicKeyToken=adb9793829ddae60 
2024-03-22 11:02:43.6794|DEBUG|Microsoft.AspNetCore.DataProtection.AuthenticatedEncryption.CngCbcAuthenticatedEncryptorFactory|Opening CNG algorithm 'AES' from provider '(null)' with chaining mode CBC. 
2024-03-22 11:02:43.6794|DEBUG|Microsoft.AspNetCore.DataProtection.AuthenticatedEncryption.CngCbcAuthenticatedEncryptorFactory|Opening CNG algorithm 'SHA256' from provider '(null)' with HMAC. 
2024-03-22 11:02:43.6794|DEBUG|Microsoft.AspNetCore.DataProtection.KeyManagement.KeyRingProvider|Using key {04331095-e001-4e86-a2a5-ac77c623d11c} as the default key. 
2024-03-22 11:02:43.6947|DEBUG|Microsoft.AspNetCore.DataProtection.Internal.DataProtectionHostedService|Key ring with default key {04331095-e001-4e86-a2a5-ac77c623d11c} was loaded during application startup. 
2024-03-22 11:02:43.9727|INFO|Microsoft.Hosting.Lifetime|Now listening on: https://localhost:7290 
2024-03-22 11:02:43.9727|INFO|Microsoft.Hosting.Lifetime|Now listening on: http://localhost:5167 
2024-03-22 11:02:43.9727|DEBUG|Microsoft.AspNetCore.Hosting.Diagnostics|Loaded hosting startup assembly LitZhu.WebApi 
2024-03-22 11:02:43.9727|DEBUG|Microsoft.AspNetCore.Hosting.Diagnostics|Loaded hosting startup assembly Microsoft.AspNetCore.Watch.BrowserRefresh 
2024-03-22 11:02:43.9727|DEBUG|Microsoft.AspNetCore.Hosting.Diagnostics|Loaded hosting startup assembly Microsoft.WebTools.BrowserLink.Net 
2024-03-22 11:02:43.9727|INFO|Microsoft.Hosting.Lifetime|Application started. Press Ctrl+C to shut down. 
2024-03-22 11:02:43.9727|INFO|Microsoft.Hosting.Lifetime|Hosting environment: Development 
2024-03-22 11:02:43.9727|INFO|Microsoft.Hosting.Lifetime|Content root path: D:\Desktop\website\litzhu\LitZhu_backend\LitZhu.WebApi 
2024-03-22 11:02:43.9727|DEBUG|Microsoft.Extensions.Hosting.Internal.Host|Hosting started 
2024-03-22 11:02:44.0255|DEBUG|Microsoft.AspNetCore.Server.Kestrel.Connections|Connection id "0HN2A3I5OFSPT" accepted. 
2024-03-22 11:02:44.0255|DEBUG|Microsoft.AspNetCore.Server.Kestrel.Connections|Connection id "0HN2A3I5OFSPT" started. 
2024-03-22 11:02:44.0501|DEBUG|Microsoft.AspNetCore.Server.Kestrel.Transport.Sockets|Connection id "0HN2A3I5OFSPT" received FIN. 
2024-03-22 11:02:44.0617|DEBUG|Microsoft.AspNetCore.Server.Kestrel.Https.Internal.HttpsConnectionMiddleware|Failed to authenticate HTTPS connection. System.IO.IOException: Received an unexpected EOF or 0 bytes from the transport stream.
   at System.Net.Security.SslStream.ReceiveHandshakeFrameAsync[TIOAdapter](CancellationToken cancellationToken)
   at System.Net.Security.SslStream.ForceAuthenticationAsync[TIOAdapter](Boolean receiveFirst, Byte[] reAuthenticationData, CancellationToken cancellationToken)
   at System.Net.Security.SslStream.ProcessAuthenticationWithTelemetryAsync(Boolean isAsync, CancellationToken cancellationToken)
   at Microsoft.AspNetCore.Server.Kestrel.Https.Internal.HttpsConnectionMiddleware.OnConnectionAsync(ConnectionContext context)
2024-03-22 11:02:44.0773|DEBUG|Microsoft.AspNetCore.Server.Kestrel.Connections|Connection id "0HN2A3I5OFSPU" accepted. 
2024-03-22 11:02:44.1070|DEBUG|Microsoft.AspNetCore.Server.Kestrel.Connections|Connection id "0HN2A3I5OFSPU" started. 
2024-03-22 11:02:44.1070|DEBUG|Microsoft.AspNetCore.Server.Kestrel.Connections|Connection id "0HN2A3I5OFSPT" stopped. 
2024-03-22 11:02:44.1148|DEBUG|Microsoft.AspNetCore.Server.Kestrel.Transport.Sockets|Connection id "0HN2A3I5OFSPT" sending FIN because: "The Socket transport's send loop completed gracefully." 
2024-03-22 11:02:44.1504|DEBUG|Microsoft.AspNetCore.Server.Kestrel.Https.Internal.HttpsConnectionMiddleware|Connection 0HN2A3I5OFSPU established using the following protocol: Tls13 
2024-03-22 11:02:44.1794|INFO|Microsoft.AspNetCore.Hosting.Diagnostics|Request starting HTTP/1.1 POST https://localhost:7290/api/Auth/SendEmailCode - application/json 38 
2024-03-22 11:02:44.1794|DEBUG|Microsoft.AspNetCore.HostFiltering.HostFilteringMiddleware|Wildcard detected, all requests with hosts will be allowed. 
2024-03-22 11:02:44.1794|TRACE|Microsoft.AspNetCore.HostFiltering.HostFilteringMiddleware|All hosts are allowed. 
2024-03-22 11:02:44.2119|DEBUG|Microsoft.AspNetCore.Routing.Matching.DfaMatcher|1 candidate(s) found for the request path '/api/Auth/SendEmailCode' 
2024-03-22 11:02:44.2119|DEBUG|Microsoft.AspNetCore.Routing.Matching.DfaMatcher|Endpoint 'LitZhu.WebApi.Controllers.User.AuthController.SendEmailCode (LitZhu.WebApi)' with route pattern 'api/Auth/SendEmailCode' is valid for the request path '/api/Auth/SendEmailCode' 
2024-03-22 11:02:44.2119|DEBUG|Microsoft.AspNetCore.Routing.EndpointRoutingMiddleware|Request matched endpoint 'LitZhu.WebApi.Controllers.User.AuthController.SendEmailCode (LitZhu.WebApi)' 
2024-03-22 11:02:44.2119|TRACE|Microsoft.AspNetCore.Routing.EndpointRoutingMiddleware|The endpoint does not specify the IRequestSizeLimitMetadata. 
2024-03-22 11:02:44.2270|DEBUG|Microsoft.AspNetCore.StaticFiles.StaticFileMiddleware|Static files was skipped as the request already matched an endpoint. 
2024-03-22 11:02:44.2840|DEBUG|Microsoft.AspNetCore.Authentication.JwtBearer.JwtBearerHandler|AuthenticationScheme: Bearer was not authenticated. 
2024-03-22 11:02:44.2840|INFO|Microsoft.AspNetCore.Routing.EndpointMiddleware|Executing endpoint 'LitZhu.WebApi.Controllers.User.AuthController.SendEmailCode (LitZhu.WebApi)' 
2024-03-22 11:02:44.3006|INFO|Microsoft.AspNetCore.Mvc.Infrastructure.ControllerActionInvoker|Route matched with {action = "SendEmailCode", controller = "Auth"}. Executing controller action with signature System.Threading.Tasks.Task`1[Microsoft.AspNetCore.Mvc.ActionResult`1[System.String]] SendEmailCode(LitZhu.WebApi.Controllers.User.SendEmailCodeRequest) on controller LitZhu.WebApi.Controllers.User.AuthController (LitZhu.WebApi). 
2024-03-22 11:02:44.3006|DEBUG|Microsoft.AspNetCore.Mvc.Infrastructure.ControllerActionInvoker|Execution plan of authorization filters (in the following order): None 
2024-03-22 11:02:44.3006|DEBUG|Microsoft.AspNetCore.Mvc.Infrastructure.ControllerActionInvoker|Execution plan of resource filters (in the following order): None 
2024-03-22 11:02:44.3006|DEBUG|Microsoft.AspNetCore.Mvc.Infrastructure.ControllerActionInvoker|Execution plan of action filters (in the following order): Microsoft.AspNetCore.Mvc.ModelBinding.UnsupportedContentTypeFilter (Order: -3000), Microsoft.AspNetCore.Mvc.Infrastructure.ModelStateInvalidFilter (Order: -2000) 
2024-03-22 11:02:44.3006|DEBUG|Microsoft.AspNetCore.Mvc.Infrastructure.ControllerActionInvoker|Execution plan of exception filters (in the following order): None 
2024-03-22 11:02:44.3006|DEBUG|Microsoft.AspNetCore.Mvc.Infrastructure.ControllerActionInvoker|Execution plan of result filters (in the following order): Microsoft.AspNetCore.Mvc.Infrastructure.ClientErrorResultFilter (Order: -2000) 
2024-03-22 11:02:44.3034|DEBUG|Microsoft.AspNetCore.Mvc.Infrastructure.ControllerActionInvoker|Executing controller factory for controller LitZhu.WebApi.Controllers.User.AuthController (LitZhu.WebApi) 
2024-03-22 11:02:44.4606|DEBUG|Microsoft.EntityFrameworkCore.Infrastructure|An additional 'IServiceProvider' was created for internal use by Entity Framework. An existing service provider was not used due to the following configuration changes: configuration changed for 'Core:ConfigureWarnings', configuration added for 'Pomelo.EntityFrameworkCore.MySql:ServerVersion', configuration added for 'Pomelo.EntityFrameworkCore.MySql:DisableBackslashEscaping', configuration added for 'Pomelo.EntityFrameworkCore.MySql:SetSqlModeOnOpen', configuration added for 'Pomelo.EntityFrameworkCore.MySql:DisableLineBreakToCharSubstition', configuration added for 'Pomelo.EntityFrameworkCore.MySql:DefaultDataTypeMappings', configuration added for 'Pomelo.EntityFrameworkCore.MySql:SchemaBehavior', configuration added for 'Pomelo.EntityFrameworkCore.MySql:SchemaNameTranslator', configuration added for 'Pomelo.EntityFrameworkCore.MySql:EnableIndexOptimizedBooleanColumns', configuration added for 'Pomelo.EntityFrameworkCore.MySql:LimitKeyedOrIndexedStringColumnLength', configuration added for 'Pomelo.EntityFrameworkCore.MySql:EnableStringComparisonTranslations', configuration added for 'Pomelo.EntityFrameworkCore.MySql:EnablePrimitiveCollectionsSupport'. 
2024-03-22 11:02:44.9347|DEBUG|Microsoft.AspNetCore.Server.Kestrel.Connections|Connection id "0HN2A3I5OFSPV" accepted. 
2024-03-22 11:02:44.9347|DEBUG|Microsoft.AspNetCore.Server.Kestrel.Connections|Connection id "0HN2A3I5OFSPV" started. 
2024-03-22 11:02:44.9875|DEBUG|Microsoft.AspNetCore.Server.Kestrel.Https.Internal.HttpsConnectionMiddleware|Connection 0HN2A3I5OFSPV established using the following protocol: Tls13 
2024-03-22 11:02:45.0117|TRACE|Microsoft.AspNetCore.Server.Kestrel.Http2|Connection id "0HN2A3I5OFSPV" sending SETTINGS frame for stream ID 0 with length 24 and flags NONE. 
2024-03-22 11:02:45.0117|TRACE|Microsoft.AspNetCore.Server.Kestrel.Http2|Connection id "0HN2A3I5OFSPV" sending WINDOW_UPDATE frame for stream ID 0 with length 4 and flags 0x0. 
2024-03-22 11:02:45.0117|TRACE|Microsoft.AspNetCore.Server.Kestrel.Http2|Connection id "0HN2A3I5OFSPV" received SETTINGS frame for stream ID 0 with length 24 and flags NONE. 
2024-03-22 11:02:45.0117|TRACE|Microsoft.AspNetCore.Server.Kestrel.Http2|Connection id "0HN2A3I5OFSPV" sending SETTINGS frame for stream ID 0 with length 0 and flags ACK. 
2024-03-22 11:02:45.0117|TRACE|Microsoft.AspNetCore.Server.Kestrel.Http2|Connection id "0HN2A3I5OFSPV" received WINDOW_UPDATE frame for stream ID 0 with length 4 and flags 0x0. 
2024-03-22 11:02:45.0117|TRACE|Microsoft.AspNetCore.Server.Kestrel.Http2|Connection id "0HN2A3I5OFSPV" received HEADERS frame for stream ID 1 with length 463 and flags END_STREAM, END_HEADERS, PRIORITY. 
2024-03-22 11:02:45.0308|TRACE|Microsoft.AspNetCore.Server.Kestrel.Http2|Connection id "0HN2A3I5OFSPV" received SETTINGS frame for stream ID 0 with length 0 and flags ACK. 
2024-03-22 11:02:45.0308|INFO|Microsoft.AspNetCore.Hosting.Diagnostics|Request starting HTTP/2 GET https://localhost:7290/swagger/index.html - - - 
2024-03-22 11:02:45.2266|DEBUG|Microsoft.EntityFrameworkCore.Model|The index {'UserId'} was not created on entity type 'UserRoles' as the properties are already covered by the index {'UserId', 'RoleId'}. 
2024-03-22 11:02:45.2266|TRACE|Microsoft.AspNetCore.HostFiltering.HostFilteringMiddleware|All hosts are allowed. 
2024-03-22 11:02:45.2266|DEBUG|Microsoft.AspNetCore.Routing.Matching.DfaMatcher|No candidates found for the request path '/swagger/index.html' 
2024-03-22 11:02:45.2266|DEBUG|Microsoft.AspNetCore.Routing.EndpointRoutingMiddleware|Request did not match any endpoints 
2024-03-22 11:02:45.3519|DEBUG|Microsoft.AspNetCore.Watch.BrowserRefresh.BrowserRefreshMiddleware|Response markup is scheduled to include browser refresh script injection. 
2024-03-22 11:02:45.3519|TRACE|Microsoft.AspNetCore.Server.Kestrel.Http2|Connection id "0HN2A3I5OFSPV" sending HEADERS frame for stream ID 1 with length 66 and flags END_HEADERS. 
2024-03-22 11:02:45.3519|TRACE|Microsoft.AspNetCore.Server.Kestrel.Http2|Connection id "0HN2A3I5OFSPV" sending DATA frame for stream ID 1 with length 4096 and flags NONE. 
2024-03-22 11:02:45.3711|TRACE|Microsoft.AspNetCore.Server.Kestrel.Http2|Connection id "0HN2A3I5OFSPV" sending DATA frame for stream ID 1 with length 992 and flags NONE. 
2024-03-22 11:02:45.3711|TRACE|Microsoft.AspNetCore.Server.Kestrel.Http2|Connection id "0HN2A3I5OFSPV" sending DATA frame for stream ID 1 with length 81 and flags NONE. 
2024-03-22 11:02:45.3796|DEBUG|Microsoft.AspNetCore.Watch.BrowserRefresh.BrowserRefreshMiddleware|Response markup was updated to include browser refresh script injection. 
2024-03-22 11:02:45.3711|WARN|Microsoft.EntityFrameworkCore.Model.Validation|Entity 'Users' has a global query filter defined and is the required end of a relationship with the entity 'UserAccessFail'. This may lead to unexpected results when the required entity is filtered out. Either configure the navigation as optional, or define matching query filters for both entities in the navigation. See https://go.microsoft.com/fwlink/?linkid=2131316 for more information. 
2024-03-22 11:02:45.3796|TRACE|Microsoft.AspNetCore.Server.Kestrel.Http2|Connection id "0HN2A3I5OFSPV" sending DATA frame for stream ID 1 with length 0 and flags END_STREAM. 
2024-03-22 11:02:45.3796|WARN|Microsoft.EntityFrameworkCore.Model.Validation|Entity 'Roles' has a global query filter defined and is the required end of a relationship with the entity 'UserRoles'. This may lead to unexpected results when the required entity is filtered out. Either configure the navigation as optional, or define matching query filters for both entities in the navigation. See https://go.microsoft.com/fwlink/?linkid=2131316 for more information. 
2024-03-22 11:02:45.3796|INFO|Microsoft.AspNetCore.Hosting.Diagnostics|Request finished HTTP/2 GET https://localhost:7290/swagger/index.html - 200 - text/html;charset=utf-8 351.9155ms 
2024-03-22 11:02:45.4105|TRACE|Microsoft.AspNetCore.Server.Kestrel.Http2|Connection id "0HN2A3I5OFSPV" received HEADERS frame for stream ID 3 with length 109 and flags END_STREAM, END_HEADERS, PRIORITY. 
2024-03-22 11:02:45.4135|INFO|Microsoft.AspNetCore.Hosting.Diagnostics|Request starting HTTP/2 GET https://localhost:7290/_framework/aspnetcore-browser-refresh.js - - - 
2024-03-22 11:02:45.4135|TRACE|Microsoft.AspNetCore.Server.Kestrel.Http2|Connection id "0HN2A3I5OFSPV" sending HEADERS frame for stream ID 3 with length 60 and flags END_HEADERS. 
2024-03-22 11:02:45.4135|TRACE|Microsoft.AspNetCore.Server.Kestrel.Http2|Connection id "0HN2A3I5OFSPV" sending DATA frame for stream ID 3 with length 13761 and flags NONE. 
2024-03-22 11:02:45.4135|INFO|Microsoft.AspNetCore.Hosting.Diagnostics|Request finished HTTP/2 GET https://localhost:7290/_framework/aspnetcore-browser-refresh.js - 200 13761 application/javascript;+charset=utf-8 12.0626ms 
2024-03-22 11:02:45.4135|TRACE|Microsoft.AspNetCore.Server.Kestrel.Http2|Connection id "0HN2A3I5OFSPV" sending DATA frame for stream ID 3 with length 0 and flags END_STREAM. 
2024-03-22 11:02:45.5198|TRACE|Microsoft.AspNetCore.Server.Kestrel.Http2|Connection id "0HN2A3I5OFSPV" received HEADERS frame for stream ID 5 with length 57 and flags END_STREAM, END_HEADERS, PRIORITY. 
2024-03-22 11:02:45.5198|INFO|Microsoft.AspNetCore.Hosting.Diagnostics|Request starting HTTP/2 GET https://localhost:7290/_vs/browserLink - - - 
2024-03-22 11:02:45.5648|TRACE|Microsoft.AspNetCore.Server.Kestrel.Http2|Connection id "0HN2A3I5OFSPV" sending HEADERS frame for stream ID 5 with length 149 and flags END_HEADERS. 
2024-03-22 11:02:45.5648|TRACE|Microsoft.AspNetCore.Server.Kestrel.Http2|Connection id "0HN2A3I5OFSPV" sending DATA frame for stream ID 5 with length 9986 and flags NONE. 
2024-03-22 11:02:45.5710|TRACE|Microsoft.AspNetCore.Server.Kestrel.Http2|Connection id "0HN2A3I5OFSPV" sending DATA frame for stream ID 5 with length 10240 and flags NONE. 
2024-03-22 11:02:45.5710|TRACE|Microsoft.AspNetCore.Server.Kestrel.Http2|Connection id "0HN2A3I5OFSPV" sending DATA frame for stream ID 5 with length 10240 and flags NONE. 
2024-03-22 11:02:45.5710|TRACE|Microsoft.AspNetCore.Server.Kestrel.Http2|Connection id "0HN2A3I5OFSPV" sending DATA frame for stream ID 5 with length 10240 and flags NONE. 
2024-03-22 11:02:45.5710|TRACE|Microsoft.AspNetCore.Server.Kestrel.Http2|Connection id "0HN2A3I5OFSPV" sending DATA frame for stream ID 5 with length 10240 and flags NONE. 
2024-03-22 11:02:45.5710|TRACE|Microsoft.AspNetCore.Server.Kestrel.Http2|Connection id "0HN2A3I5OFSPV" sending DATA frame for stream ID 5 with length 10240 and flags NONE. 
2024-03-22 11:02:45.5710|TRACE|Microsoft.AspNetCore.Server.Kestrel.Http2|Connection id "0HN2A3I5OFSPV" sending DATA frame for stream ID 5 with length 10240 and flags NONE. 
2024-03-22 11:02:45.5710|TRACE|Microsoft.AspNetCore.Server.Kestrel.Http2|Connection id "0HN2A3I5OFSPV" sending DATA frame for stream ID 5 with length 10240 and flags NONE. 
2024-03-22 11:02:45.5710|TRACE|Microsoft.AspNetCore.Server.Kestrel.Http2|Connection id "0HN2A3I5OFSPV" sending DATA frame for stream ID 5 with length 10240 and flags NONE. 
2024-03-22 11:02:45.5710|TRACE|Microsoft.AspNetCore.Server.Kestrel.Http2|Connection id "0HN2A3I5OFSPV" sending DATA frame for stream ID 5 with length 10240 and flags NONE. 
2024-03-22 11:02:45.5710|TRACE|Microsoft.AspNetCore.Server.Kestrel.Http2|Connection id "0HN2A3I5OFSPV" sending DATA frame for stream ID 5 with length 10240 and flags NONE. 
2024-03-22 11:02:45.5710|TRACE|Microsoft.AspNetCore.Server.Kestrel.Http2|Connection id "0HN2A3I5OFSPV" sending DATA frame for stream ID 5 with length 10240 and flags NONE. 
2024-03-22 11:02:45.5710|TRACE|Microsoft.AspNetCore.Server.Kestrel.Http2|Connection id "0HN2A3I5OFSPV" sending DATA frame for stream ID 5 with length 10240 and flags NONE. 
2024-03-22 11:02:45.5855|TRACE|Microsoft.AspNetCore.Server.Kestrel.Http2|Connection id "0HN2A3I5OFSPV" sending DATA frame for stream ID 5 with length 10240 and flags NONE. 
2024-03-22 11:02:45.5855|TRACE|Microsoft.AspNetCore.Server.Kestrel.Http2|Connection id "0HN2A3I5OFSPV" sending DATA frame for stream ID 5 with length 10240 and flags NONE. 
2024-03-22 11:02:45.5855|TRACE|Microsoft.AspNetCore.Server.Kestrel.Http2|Connection id "0HN2A3I5OFSPV" sending DATA frame for stream ID 5 with length 160 and flags NONE. 
2024-03-22 11:02:45.5855|INFO|Microsoft.AspNetCore.Hosting.Diagnostics|Request finished HTTP/2 GET https://localhost:7290/_vs/browserLink - 200 - text/javascript;+charset=UTF-8 68.6940ms 
2024-03-22 11:02:45.5855|TRACE|Microsoft.AspNetCore.Server.Kestrel.Http2|Connection id "0HN2A3I5OFSPV" sending DATA frame for stream ID 5 with length 0 and flags END_STREAM. 
2024-03-22 11:02:45.6974|DEBUG|Microsoft.EntityFrameworkCore.Infrastructure|Entity Framework Core 8.0.1 initialized 'UserDbContext' using provider 'Pomelo.EntityFrameworkCore.MySql:8.0.1' with options: ServerVersion=8.0.23-mysql  
2024-03-22 11:02:45.8520|TRACE|Microsoft.AspNetCore.Server.Kestrel.Http2|Connection id "0HN2A3I5OFSPV" received HEADERS frame for stream ID 7 with length 66 and flags END_STREAM, END_HEADERS, PRIORITY. 
2024-03-22 11:02:45.8520|INFO|Microsoft.AspNetCore.Hosting.Diagnostics|Request starting HTTP/2 GET https://localhost:7290/swagger/v1/swagger.json - - - 
2024-03-22 11:02:45.8520|TRACE|Microsoft.AspNetCore.HostFiltering.HostFilteringMiddleware|All hosts are allowed. 
2024-03-22 11:02:45.8520|DEBUG|Microsoft.AspNetCore.Routing.Matching.DfaMatcher|No candidates found for the request path '/swagger/v1/swagger.json' 
2024-03-22 11:02:45.8520|DEBUG|Microsoft.AspNetCore.Routing.EndpointRoutingMiddleware|Request did not match any endpoints 
2024-03-22 11:02:45.9599|DEBUG|Microsoft.AspNetCore.Mvc.Infrastructure.ControllerActionInvoker|Executed controller factory for controller LitZhu.WebApi.Controllers.User.AuthController (LitZhu.WebApi) 
2024-03-22 11:02:45.9599|DEBUG|Microsoft.AspNetCore.Mvc.ModelBinding.ParameterBinder|Attempting to bind parameter 'req' of type 'LitZhu.WebApi.Controllers.User.SendEmailCodeRequest' ... 
2024-03-22 11:02:45.9758|DEBUG|Microsoft.AspNetCore.Mvc.ModelBinding.Binders.BodyModelBinder|Attempting to bind parameter 'req' of type 'LitZhu.WebApi.Controllers.User.SendEmailCodeRequest' using the name '' in request data ... 
2024-03-22 11:02:45.9758|DEBUG|Microsoft.AspNetCore.Mvc.ModelBinding.Binders.BodyModelBinder|Rejected input formatter 'Microsoft.AspNetCore.Mvc.Formatters.NewtonsoftJsonPatchInputFormatter' for content type 'application/json'. 
2024-03-22 11:02:45.9758|DEBUG|Microsoft.AspNetCore.Mvc.ModelBinding.Binders.BodyModelBinder|Selected input formatter 'Microsoft.AspNetCore.Mvc.Formatters.NewtonsoftJsonInputFormatter' for content type 'application/json'. 
2024-03-22 11:02:45.9758|DEBUG|Microsoft.AspNetCore.Server.Kestrel|Connection id "0HN2A3I5OFSPU", Request id "0HN2A3I5OFSPU:00000001": started reading request body. 
2024-03-22 11:02:45.9758|DEBUG|Microsoft.AspNetCore.Server.Kestrel|Connection id "0HN2A3I5OFSPU", Request id "0HN2A3I5OFSPU:00000001": done reading request body. 
2024-03-22 11:02:46.1243|DEBUG|Microsoft.AspNetCore.Mvc.ModelBinding.Binders.BodyModelBinder|Done attempting to bind parameter 'req' of type 'LitZhu.WebApi.Controllers.User.SendEmailCodeRequest'. 
2024-03-22 11:02:46.1243|DEBUG|Microsoft.AspNetCore.Mvc.ModelBinding.ParameterBinder|Done attempting to bind parameter 'req' of type 'LitZhu.WebApi.Controllers.User.SendEmailCodeRequest'. 
2024-03-22 11:02:46.1243|DEBUG|Microsoft.AspNetCore.Mvc.ModelBinding.ParameterBinder|Attempting to validate the bound parameter 'req' of type 'LitZhu.WebApi.Controllers.User.SendEmailCodeRequest' ... 
2024-03-22 11:02:46.1363|DEBUG|Microsoft.AspNetCore.Mvc.ModelBinding.ParameterBinder|Done attempting to validate the bound parameter 'req' of type 'LitZhu.WebApi.Controllers.User.SendEmailCodeRequest'. 
2024-03-22 11:02:46.1363|TRACE|Microsoft.AspNetCore.Mvc.Infrastructure.ControllerActionInvoker|Action Filter: Before executing OnActionExecuting on filter Microsoft.AspNetCore.Mvc.ModelBinding.UnsupportedContentTypeFilter. 
2024-03-22 11:02:46.1363|TRACE|Microsoft.AspNetCore.Mvc.Infrastructure.ControllerActionInvoker|Action Filter: After executing OnActionExecuting on filter Microsoft.AspNetCore.Mvc.ModelBinding.UnsupportedContentTypeFilter. 
2024-03-22 11:02:46.1363|TRACE|Microsoft.AspNetCore.Mvc.Infrastructure.ControllerActionInvoker|Action Filter: Before executing OnActionExecuting on filter Microsoft.AspNetCore.Mvc.Infrastructure.ModelStateInvalidFilter. 
2024-03-22 11:02:46.1363|TRACE|Microsoft.AspNetCore.Mvc.Infrastructure.ControllerActionInvoker|Action Filter: After executing OnActionExecuting on filter Microsoft.AspNetCore.Mvc.Infrastructure.ModelStateInvalidFilter. 
2024-03-22 11:02:46.1492|INFO|Microsoft.AspNetCore.Mvc.Infrastructure.ControllerActionInvoker|Executing action method LitZhu.WebApi.Controllers.User.AuthController.SendEmailCode (LitZhu.WebApi) - Validation state: Valid 
2024-03-22 11:02:46.1492|TRACE|Microsoft.AspNetCore.Mvc.Infrastructure.ControllerActionInvoker|Executing action method LitZhu.WebApi.Controllers.User.AuthController.SendEmailCode (LitZhu.WebApi) with arguments (SendEmailCodeRequest { Email = litzhuvich@foxmain.com }) 
2024-03-22 11:02:46.2205|DEBUG|Microsoft.EntityFrameworkCore.Query|Compiling query expression: 
'DbSet<Users>()
    .Include(x => x.UserAccessFail)
    .Include(x => x.UserRoles)
    .ThenInclude(ur => ur.Roles)
    .FirstOrDefault(x => x.Email == __email_0)' 
2024-03-22 11:02:46.2583|TRACE|Microsoft.AspNetCore.Server.Kestrel.Http2|Connection id "0HN2A3I5OFSPV" sending HEADERS frame for stream ID 7 with length 35 and flags END_HEADERS. 
2024-03-22 11:02:46.2583|TRACE|Microsoft.AspNetCore.Server.Kestrel.Http2|Connection id "0HN2A3I5OFSPV" sending DATA frame for stream ID 7 with length 16384 and flags NONE. 
2024-03-22 11:02:46.2583|TRACE|Microsoft.AspNetCore.Server.Kestrel.Http2|Connection id "0HN2A3I5OFSPV" sending DATA frame for stream ID 7 with length 16384 and flags NONE. 
2024-03-22 11:02:46.2583|TRACE|Microsoft.AspNetCore.Server.Kestrel.Http2|Connection id "0HN2A3I5OFSPV" sending DATA frame for stream ID 7 with length 16384 and flags NONE. 
2024-03-22 11:02:46.2583|TRACE|Microsoft.AspNetCore.Server.Kestrel.Http2|Connection id "0HN2A3I5OFSPV" sending DATA frame for stream ID 7 with length 9384 and flags NONE. 
2024-03-22 11:02:46.2583|TRACE|Microsoft.AspNetCore.Server.Kestrel.Http2|Connection id "0HN2A3I5OFSPV" sending DATA frame for stream ID 7 with length 0 and flags END_STREAM. 
2024-03-22 11:02:46.2583|INFO|Microsoft.AspNetCore.Hosting.Diagnostics|Request finished HTTP/2 GET https://localhost:7290/swagger/v1/swagger.json - 200 - application/json;charset=utf-8 410.0705ms 
2024-03-22 11:02:46.3533|DEBUG|Microsoft.EntityFrameworkCore.Query|Including navigation: 'Users.UserAccessFail'. 
2024-03-22 11:02:46.3533|DEBUG|Microsoft.EntityFrameworkCore.Query|Including navigation: 'Users.UserRoles'. 
2024-03-22 11:02:46.3533|DEBUG|Microsoft.EntityFrameworkCore.Query|Including navigation: 'UserRoles.Roles'. 
2024-03-22 11:02:46.7736|DEBUG|Microsoft.EntityFrameworkCore.Query|Generated query execution expression: 
'queryContext => ShapedQueryCompilingExpressionVisitor.SingleOrDefaultAsync<Users>(
    asyncEnumerable: new SingleQueryingEnumerable<Users>(
        (RelationalQueryContext)queryContext, 
        RelationalCommandCache.QueryExpression(
            Client Projections:
                0 -> Dictionary<IProperty, int> { [Property: Users.Id (Guid) Required PK AfterSave:Throw ValueGenerated.OnAdd, 0], [Property: Users.Avatar (string), 1], [Property: Users.CreationTime (DateTime) Required, 2], [Property: Users.DeletionTime (DateTime?), 3], [Property: Users.Email (string), 4], [Property: Users.Gender (Gender) Required, 5], [Property: Users.IsDeleted (bool) Required Index, 6], [Property: Users.LastModificationTime (DateTime?), 7], [Property: Users.Password (string) Required MaxLength(100) ANSI, 8], [Property: Users.Phone (string), 9], [Property: Users.Username (string) Required Index MaxLength(10), 10] }
                1 -> Dictionary<IProperty, int> { [Property: UserAccessFail.Id (Guid) Required PK AfterSave:Throw ValueGenerated.OnAdd, 11], [Property: UserAccessFail.AccessFailedCount (int) Required, 12], [Property: UserAccessFail.CreationTime (DateTime) Required, 13], [Property: UserAccessFail.IsLockOut (bool) Required, 14], [Property: UserAccessFail.LockOutEnd (DateTime?), 15], [Property: UserAccessFail.UserId (Guid) Required FK Index, 16] }
                2 -> 0
                3 -> 11
                4 -> Dictionary<IProperty, int> { [Property: UserRoles.UserId (Guid) Required PK FK AfterSave:Throw, 17], [Property: UserRoles.RoleId (Guid) Required PK FK Index AfterSave:Throw, 18] }
                5 -> Dictionary<IProperty, int> { [Property: Roles.Id (Guid) Required PK AfterSave:Throw ValueGenerated.OnAdd, 19], [Property: Roles.CreationTime (DateTime) Required, 20], [Property: Roles.DeletionTime (DateTime?), 21], [Property: Roles.IsDeleted (bool) Required Index, 22], [Property: Roles.LastModificationTime (DateTime?), 23], [Property: Roles.RoleDesc (string) Required, 24], [Property: Roles.RoleName (string) Required MaxLength(10), 25] }
                6 -> 17
                7 -> 18
                8 -> 19
            SELECT t.Id, t.Avatar, t.CreationTime, t.DeletionTime, t.Email, t.Gender, t.IsDeleted, t.LastModificationTime, t.Password, t.Phone, t.Username, t.Id0, t.AccessFailedCount, t.CreationTime0, t.IsLockOut, t.LockOutEnd, t.UserId, t0.UserId, t0.RoleId, t0.Id, t0.CreationTime, t0.DeletionTime, t0.IsDeleted, t0.LastModificationTime, t0.RoleDesc, t0.RoleName
            FROM 
            (
                SELECT TOP(1) u.Id, u.Avatar, u.CreationTime, u.DeletionTime, u.Email, u.Gender, u.IsDeleted, u.LastModificationTime, u.Password, u.Phone, u.Username, u0.Id AS Id0, u0.AccessFailedCount, u0.CreationTime AS CreationTime0, u0.IsLockOut, u0.LockOutEnd, u0.UserId
                FROM Users AS u
                LEFT JOIN UserAccessFails AS u0 ON u.Id == u0.UserId
                WHERE (u.IsDeleted == FALSE) && (u.Email == @__email_0)
            ) AS t
            LEFT JOIN 
            (
                SELECT u1.UserId, u1.RoleId, t1.Id, t1.CreationTime, t1.DeletionTime, t1.IsDeleted, t1.LastModificationTime, t1.RoleDesc, t1.RoleName
                FROM Users_Roles AS u1
                INNER JOIN 
                (
                    SELECT r.Id, r.CreationTime, r.DeletionTime, r.IsDeleted, r.LastModificationTime, r.RoleDesc, r.RoleName
                    FROM Roles AS r
                    WHERE r.IsDeleted == FALSE
                ) AS t1 ON u1.RoleId == t1.Id
            ) AS t0 ON t.Id == t0.UserId
            ORDER BY t.Id ASC, t.Id0 ASC, t0.UserId ASC, t0.RoleId ASC), 
        null, 
        Func<QueryContext, DbDataReader, ResultContext, SingleQueryResultCoordinator, Users>, 
        User.Infrastructure.UserDbContext, 
        False, 
        False, 
        True
    ), 
    cancellationToken: queryContext.CancellationToken)' 
2024-03-22 11:02:46.8374|DEBUG|Microsoft.EntityFrameworkCore.Database.Connection|Creating DbConnection. 
2024-03-22 11:02:46.8374|DEBUG|Microsoft.EntityFrameworkCore.Database.Connection|Created DbConnection. (6ms). 
2024-03-22 11:02:46.8535|DEBUG|Microsoft.EntityFrameworkCore.Database.Connection|Opening connection to database 'LitZhu' on server 'localhost'. 
2024-03-22 11:02:47.0295|DEBUG|Microsoft.EntityFrameworkCore.Database.Connection|Opened connection to database 'LitZhu' on server 'localhost'. 
2024-03-22 11:02:47.0295|DEBUG|Microsoft.EntityFrameworkCore.Database.Command|Creating DbCommand for 'ExecuteReader'. 
2024-03-22 11:02:47.0411|DEBUG|Microsoft.EntityFrameworkCore.Database.Command|Created DbCommand for 'ExecuteReader' (2ms). 
2024-03-22 11:02:47.0619|DEBUG|Microsoft.EntityFrameworkCore.Database.Command|Initialized DbCommand for 'ExecuteReader' (27ms). 
2024-03-22 11:02:47.0717|DEBUG|Microsoft.EntityFrameworkCore.Database.Command|Executing DbCommand [Parameters=[@__email_0='?' (Size = 4000)], CommandType='Text', CommandTimeout='30']
SELECT `t`.`Id`, `t`.`Avatar`, `t`.`CreationTime`, `t`.`DeletionTime`, `t`.`Email`, `t`.`Gender`, `t`.`IsDeleted`, `t`.`LastModificationTime`, `t`.`Password`, `t`.`Phone`, `t`.`Username`, `t`.`Id0`, `t`.`AccessFailedCount`, `t`.`CreationTime0`, `t`.`IsLockOut`, `t`.`LockOutEnd`, `t`.`UserId`, `t0`.`UserId`, `t0`.`RoleId`, `t0`.`Id`, `t0`.`CreationTime`, `t0`.`DeletionTime`, `t0`.`IsDeleted`, `t0`.`LastModificationTime`, `t0`.`RoleDesc`, `t0`.`RoleName`
FROM (
    SELECT `u`.`Id`, `u`.`Avatar`, `u`.`CreationTime`, `u`.`DeletionTime`, `u`.`Email`, `u`.`Gender`, `u`.`IsDeleted`, `u`.`LastModificationTime`, `u`.`Password`, `u`.`Phone`, `u`.`Username`, `u0`.`Id` AS `Id0`, `u0`.`AccessFailedCount`, `u0`.`CreationTime` AS `CreationTime0`, `u0`.`IsLockOut`, `u0`.`LockOutEnd`, `u0`.`UserId`
    FROM `Users` AS `u`
    LEFT JOIN `UserAccessFails` AS `u0` ON `u`.`Id` = `u0`.`UserId`
    WHERE NOT (`u`.`IsDeleted`) AND (`u`.`Email` = @__email_0)
    LIMIT 1
) AS `t`
LEFT JOIN (
    SELECT `u1`.`UserId`, `u1`.`RoleId`, `t1`.`Id`, `t1`.`CreationTime`, `t1`.`DeletionTime`, `t1`.`IsDeleted`, `t1`.`LastModificationTime`, `t1`.`RoleDesc`, `t1`.`RoleName`
    FROM `Users_Roles` AS `u1`
    INNER JOIN (
        SELECT `r`.`Id`, `r`.`CreationTime`, `r`.`DeletionTime`, `r`.`IsDeleted`, `r`.`LastModificationTime`, `r`.`RoleDesc`, `r`.`RoleName`
        FROM `Roles` AS `r`
        WHERE NOT (`r`.`IsDeleted`)
    ) AS `t1` ON `u1`.`RoleId` = `t1`.`Id`
) AS `t0` ON `t`.`Id` = `t0`.`UserId`
ORDER BY `t`.`Id`, `t`.`Id0`, `t0`.`UserId`, `t0`.`RoleId` 
2024-03-22 11:02:47.1586|INFO|Microsoft.EntityFrameworkCore.Database.Command|Executed DbCommand (85ms) [Parameters=[@__email_0='?' (Size = 4000)], CommandType='Text', CommandTimeout='30']
SELECT `t`.`Id`, `t`.`Avatar`, `t`.`CreationTime`, `t`.`DeletionTime`, `t`.`Email`, `t`.`Gender`, `t`.`IsDeleted`, `t`.`LastModificationTime`, `t`.`Password`, `t`.`Phone`, `t`.`Username`, `t`.`Id0`, `t`.`AccessFailedCount`, `t`.`CreationTime0`, `t`.`IsLockOut`, `t`.`LockOutEnd`, `t`.`UserId`, `t0`.`UserId`, `t0`.`RoleId`, `t0`.`Id`, `t0`.`CreationTime`, `t0`.`DeletionTime`, `t0`.`IsDeleted`, `t0`.`LastModificationTime`, `t0`.`RoleDesc`, `t0`.`RoleName`
FROM (
    SELECT `u`.`Id`, `u`.`Avatar`, `u`.`CreationTime`, `u`.`DeletionTime`, `u`.`Email`, `u`.`Gender`, `u`.`IsDeleted`, `u`.`LastModificationTime`, `u`.`Password`, `u`.`Phone`, `u`.`Username`, `u0`.`Id` AS `Id0`, `u0`.`AccessFailedCount`, `u0`.`CreationTime` AS `CreationTime0`, `u0`.`IsLockOut`, `u0`.`LockOutEnd`, `u0`.`UserId`
    FROM `Users` AS `u`
    LEFT JOIN `UserAccessFails` AS `u0` ON `u`.`Id` = `u0`.`UserId`
    WHERE NOT (`u`.`IsDeleted`) AND (`u`.`Email` = @__email_0)
    LIMIT 1
) AS `t`
LEFT JOIN (
    SELECT `u1`.`UserId`, `u1`.`RoleId`, `t1`.`Id`, `t1`.`CreationTime`, `t1`.`DeletionTime`, `t1`.`IsDeleted`, `t1`.`LastModificationTime`, `t1`.`RoleDesc`, `t1`.`RoleName`
    FROM `Users_Roles` AS `u1`
    INNER JOIN (
        SELECT `r`.`Id`, `r`.`CreationTime`, `r`.`DeletionTime`, `r`.`IsDeleted`, `r`.`LastModificationTime`, `r`.`RoleDesc`, `r`.`RoleName`
        FROM `Roles` AS `r`
        WHERE NOT (`r`.`IsDeleted`)
    ) AS `t1` ON `u1`.`RoleId` = `t1`.`Id`
) AS `t0` ON `t`.`Id` = `t0`.`UserId`
ORDER BY `t`.`Id`, `t`.`Id0`, `t0`.`UserId`, `t0`.`RoleId` 
2024-03-22 11:02:47.2359|DEBUG|Microsoft.EntityFrameworkCore.ChangeTracking|Context 'UserDbContext' started tracking 'Users' entity. Consider using 'DbContextOptionsBuilder.EnableSensitiveDataLogging' to see key values. 
2024-03-22 11:02:47.3066|DEBUG|Microsoft.EntityFrameworkCore.ChangeTracking|The navigation 'Users.UserAccessFail' was detected as changed. Consider using 'DbContextOptionsBuilder.EnableSensitiveDataLogging' to see key values. 
2024-03-22 11:02:47.3066|DEBUG|Microsoft.EntityFrameworkCore.ChangeTracking|Context 'UserDbContext' started tracking 'UserAccessFail' entity. Consider using 'DbContextOptionsBuilder.EnableSensitiveDataLogging' to see key values. 
2024-03-22 11:02:47.3322|DEBUG|Microsoft.EntityFrameworkCore.Database.Command|Closing data reader to 'LitZhu' on server 'localhost'. 
2024-03-22 11:02:47.3416|DEBUG|Microsoft.EntityFrameworkCore.Database.Command|A data reader for 'LitZhu' on server 'localhost' is being disposed after spending 178ms reading results. 
2024-03-22 11:02:47.3416|DEBUG|Microsoft.EntityFrameworkCore.Database.Connection|Closing connection to database 'LitZhu' on server 'localhost'. 
2024-03-22 11:02:47.3416|DEBUG|Microsoft.EntityFrameworkCore.Database.Connection|Closed connection to database 'LitZhu' on server 'localhost' (3ms). 
2024-03-22 11:02:47.3635|WARN|User.Infrastructure.EmailCodeSender|向邮箱地址：litzhuvich@foxmain.com , 发送验证码：43443 
2024-03-22 11:02:47.3712|INFO|Microsoft.AspNetCore.Mvc.Infrastructure.ControllerActionInvoker|Executed action method LitZhu.WebApi.Controllers.User.AuthController.SendEmailCode (LitZhu.WebApi), returned result Microsoft.AspNetCore.Mvc.OkObjectResult in 1215.9168ms. 
2024-03-22 11:02:47.3712|TRACE|Microsoft.AspNetCore.Mvc.Infrastructure.ControllerActionInvoker|Action Filter: Before executing OnActionExecuted on filter Microsoft.AspNetCore.Mvc.Infrastructure.ModelStateInvalidFilter. 
2024-03-22 11:02:47.3712|TRACE|Microsoft.AspNetCore.Mvc.Infrastructure.ControllerActionInvoker|Action Filter: After executing OnActionExecuted on filter Microsoft.AspNetCore.Mvc.Infrastructure.ModelStateInvalidFilter. 
2024-03-22 11:02:47.3712|TRACE|Microsoft.AspNetCore.Mvc.Infrastructure.ControllerActionInvoker|Action Filter: Before executing OnActionExecuted on filter Microsoft.AspNetCore.Mvc.ModelBinding.UnsupportedContentTypeFilter. 
2024-03-22 11:02:47.3712|TRACE|Microsoft.AspNetCore.Mvc.Infrastructure.ControllerActionInvoker|Action Filter: After executing OnActionExecuted on filter Microsoft.AspNetCore.Mvc.ModelBinding.UnsupportedContentTypeFilter. 
2024-03-22 11:02:47.3712|TRACE|Microsoft.AspNetCore.Mvc.Infrastructure.ControllerActionInvoker|Result Filter: Before executing OnResultExecuting on filter Microsoft.AspNetCore.Mvc.Infrastructure.ClientErrorResultFilter. 
2024-03-22 11:02:47.3712|TRACE|Microsoft.AspNetCore.Mvc.Infrastructure.ControllerActionInvoker|Result Filter: After executing OnResultExecuting on filter Microsoft.AspNetCore.Mvc.Infrastructure.ClientErrorResultFilter. 
2024-03-22 11:02:47.3712|TRACE|Microsoft.AspNetCore.Mvc.Infrastructure.ControllerActionInvoker|Before executing action result Microsoft.AspNetCore.Mvc.OkObjectResult. 
2024-03-22 11:02:47.3712|DEBUG|Microsoft.AspNetCore.Mvc.Infrastructure.DefaultOutputFormatterSelector|List of registered output formatters, in the following order: Microsoft.AspNetCore.Mvc.Formatters.HttpNoContentOutputFormatter, Microsoft.AspNetCore.Mvc.Formatters.StringOutputFormatter, Microsoft.AspNetCore.Mvc.Formatters.StreamOutputFormatter, Microsoft.AspNetCore.Mvc.Formatters.NewtonsoftJsonOutputFormatter 
2024-03-22 11:02:47.3712|DEBUG|Microsoft.AspNetCore.Mvc.Infrastructure.DefaultOutputFormatterSelector|No information found on request to perform content negotiation. 
2024-03-22 11:02:47.3712|DEBUG|Microsoft.AspNetCore.Mvc.Infrastructure.DefaultOutputFormatterSelector|Attempting to select an output formatter without using a content type as no explicit content types were specified for the response. 
2024-03-22 11:02:47.3712|DEBUG|Microsoft.AspNetCore.Mvc.Infrastructure.DefaultOutputFormatterSelector|Attempting to select the first formatter in the output formatters list which can write the result. 
2024-03-22 11:02:47.3712|DEBUG|Microsoft.AspNetCore.Mvc.Infrastructure.DefaultOutputFormatterSelector|Selected output formatter 'Microsoft.AspNetCore.Mvc.Formatters.NewtonsoftJsonOutputFormatter' and content type 'application/json' to write the response. 
2024-03-22 11:02:47.3712|INFO|Microsoft.AspNetCore.Mvc.Infrastructure.ObjectResultExecutor|Executing OkObjectResult, writing value of type 'LitZhu.WebApi.R'. 
2024-03-22 11:02:47.4157|TRACE|Microsoft.AspNetCore.Mvc.Infrastructure.ControllerActionInvoker|After executing action result Microsoft.AspNetCore.Mvc.OkObjectResult. 
2024-03-22 11:02:47.4157|TRACE|Microsoft.AspNetCore.Mvc.Infrastructure.ControllerActionInvoker|Result Filter: Before executing OnResultExecuted on filter Microsoft.AspNetCore.Mvc.Infrastructure.ClientErrorResultFilter. 
2024-03-22 11:02:47.4157|TRACE|Microsoft.AspNetCore.Mvc.Infrastructure.ControllerActionInvoker|Result Filter: After executing OnResultExecuted on filter Microsoft.AspNetCore.Mvc.Infrastructure.ClientErrorResultFilter. 
2024-03-22 11:02:47.4157|DEBUG|Microsoft.AspNetCore.Server.Kestrel.Transport.Sockets|Connection id "0HN2A3I5OFSPU" received FIN. 
2024-03-22 11:02:47.4157|DEBUG|Microsoft.AspNetCore.Server.Kestrel.Transport.Sockets|Connection id "0HN2A3I5OFSPU" sending FIN because: "The Socket transport's send loop completed gracefully." 
2024-03-22 11:02:47.4157|DEBUG|Microsoft.AspNetCore.Server.Kestrel.Connections|Connection id "0HN2A3I5OFSPU" disconnecting. 
2024-03-22 11:02:47.4157|INFO|Microsoft.AspNetCore.Mvc.Infrastructure.ControllerActionInvoker|Executed action LitZhu.WebApi.Controllers.User.AuthController.SendEmailCode (LitZhu.WebApi) in 3114.7153ms 
2024-03-22 11:02:47.4157|INFO|Microsoft.AspNetCore.Routing.EndpointMiddleware|Executed endpoint 'LitZhu.WebApi.Controllers.User.AuthController.SendEmailCode (LitZhu.WebApi)' 
2024-03-22 11:02:47.4157|DEBUG|Microsoft.EntityFrameworkCore.Infrastructure|'UserDbContext' disposed. 
2024-03-22 11:02:47.4315|DEBUG|Microsoft.EntityFrameworkCore.Database.Connection|Disposing connection to database 'LitZhu' on server 'localhost'. 
2024-03-22 11:02:47.4315|DEBUG|Microsoft.EntityFrameworkCore.Database.Connection|Disposed connection to database 'LitZhu' on server 'localhost' (2ms). 
2024-03-22 11:02:47.4315|INFO|Microsoft.AspNetCore.Hosting.Diagnostics|Request finished HTTP/1.1 POST https://localhost:7290/api/Auth/SendEmailCode - 200 47 application/json;+charset=utf-8 3262.0472ms 
2024-03-22 11:02:47.4315|DEBUG|Microsoft.AspNetCore.Server.Kestrel.Connections|Connection id "0HN2A3I5OFSPU" stopped. 
2024-03-22 11:02:47.6066|DEBUG|Microsoft.AspNetCore.Server.Kestrel.Transport.Sockets|Connection id "0HN2A3I5OFSPV" received FIN. 
2024-03-22 11:02:47.6066|DEBUG|Microsoft.AspNetCore.Server.Kestrel.Http2|Connection id "0HN2A3I5OFSPV" is closed. The last processed stream ID was 7. 
2024-03-22 11:02:47.6066|DEBUG|Microsoft.AspNetCore.Server.Kestrel.Transport.Sockets|Connection id "0HN2A3I5OFSPV" sending FIN because: "The Socket transport's send loop completed gracefully." 
2024-03-22 11:02:47.6066|DEBUG|Microsoft.AspNetCore.Server.Kestrel.Http2|The connection queue processing loop for 0HN2A3I5OFSPV completed. 
2024-03-22 11:02:47.6066|DEBUG|Microsoft.AspNetCore.Server.Kestrel.Connections|Connection id "0HN2A3I5OFSPV" stopped. 
2024-03-22 11:03:03.0890|DEBUG|Microsoft.AspNetCore.Mvc.ModelBinding.ModelBinderFactory|Registered model binder providers, in the following order: Microsoft.AspNetCore.Mvc.ModelBinding.Binders.BinderTypeModelBinderProvider, Microsoft.AspNetCore.Mvc.ModelBinding.Binders.ServicesModelBinderProvider, Microsoft.AspNetCore.Mvc.ModelBinding.Binders.BodyModelBinderProvider, Microsoft.AspNetCore.Mvc.ModelBinding.Binders.HeaderModelBinderProvider, Microsoft.AspNetCore.Mvc.ModelBinding.Binders.FloatingPointTypeModelBinderProvider, Microsoft.AspNetCore.Mvc.ModelBinding.Binders.EnumTypeModelBinderProvider, Microsoft.AspNetCore.Mvc.ModelBinding.Binders.DateTimeModelBinderProvider, Microsoft.AspNetCore.Mvc.ModelBinding.Binders.SimpleTypeModelBinderProvider, Microsoft.AspNetCore.Mvc.ModelBinding.Binders.TryParseModelBinderProvider, Microsoft.AspNetCore.Mvc.ModelBinding.Binders.CancellationTokenModelBinderProvider, Microsoft.AspNetCore.Mvc.ModelBinding.Binders.ByteArrayModelBinderProvider, Microsoft.AspNetCore.Mvc.ModelBinding.Binders.FormFileModelBinderProvider, Microsoft.AspNetCore.Mvc.ModelBinding.Binders.FormCollectionModelBinderProvider, Microsoft.AspNetCore.Mvc.ModelBinding.Binders.KeyValuePairModelBinderProvider, Microsoft.AspNetCore.Mvc.ModelBinding.Binders.DictionaryModelBinderProvider, Microsoft.AspNetCore.Mvc.ModelBinding.Binders.ArrayModelBinderProvider, Microsoft.AspNetCore.Mvc.ModelBinding.Binders.CollectionModelBinderProvider, Microsoft.AspNetCore.Mvc.ModelBinding.Binders.ComplexObjectModelBinderProvider 
2024-03-22 11:03:03.1901|DEBUG|Microsoft.Extensions.Hosting.Internal.Host|Hosting starting 
2024-03-22 11:03:03.2288|INFO|Microsoft.AspNetCore.DataProtection.KeyManagement.XmlKeyManager|User profile is available. Using 'C:\Users\25968\AppData\Local\ASP.NET\DataProtection-Keys' as key repository and Windows DPAPI to encrypt keys at rest. 
2024-03-22 11:03:03.2288|DEBUG|Microsoft.AspNetCore.DataProtection.Repositories.FileSystemXmlRepository|Reading data from file 'C:\Users\25968\AppData\Local\ASP.NET\DataProtection-Keys\key-04331095-e001-4e86-a2a5-ac77c623d11c.xml'. 
2024-03-22 11:03:03.2441|DEBUG|Microsoft.AspNetCore.DataProtection.KeyManagement.XmlKeyManager|Found key {04331095-e001-4e86-a2a5-ac77c623d11c}. 
2024-03-22 11:03:03.2561|DEBUG|Microsoft.AspNetCore.DataProtection.KeyManagement.DefaultKeyResolver|Considering key {04331095-e001-4e86-a2a5-ac77c623d11c} with expiration date 2024-04-11 12:24:14Z as default key. 
2024-03-22 11:03:03.2561|DEBUG|Microsoft.AspNetCore.DataProtection.TypeForwardingActivator|Forwarded activator type request from Microsoft.AspNetCore.DataProtection.XmlEncryption.DpapiXmlDecryptor, Microsoft.AspNetCore.DataProtection, Version=8.0.0.0, Culture=neutral, PublicKeyToken=adb9793829ddae60 to Microsoft.AspNetCore.DataProtection.XmlEncryption.DpapiXmlDecryptor, Microsoft.AspNetCore.DataProtection, Culture=neutral, PublicKeyToken=adb9793829ddae60 
2024-03-22 11:03:03.2561|DEBUG|Microsoft.AspNetCore.DataProtection.XmlEncryption.DpapiXmlDecryptor|Decrypting secret element using Windows DPAPI. 
2024-03-22 11:03:03.2561|DEBUG|Microsoft.AspNetCore.DataProtection.TypeForwardingActivator|Forwarded activator type request from Microsoft.AspNetCore.DataProtection.AuthenticatedEncryption.ConfigurationModel.AuthenticatedEncryptorDescriptorDeserializer, Microsoft.AspNetCore.DataProtection, Version=8.0.0.0, Culture=neutral, PublicKeyToken=adb9793829ddae60 to Microsoft.AspNetCore.DataProtection.AuthenticatedEncryption.ConfigurationModel.AuthenticatedEncryptorDescriptorDeserializer, Microsoft.AspNetCore.DataProtection, Culture=neutral, PublicKeyToken=adb9793829ddae60 
2024-03-22 11:03:03.2561|DEBUG|Microsoft.AspNetCore.DataProtection.AuthenticatedEncryption.CngCbcAuthenticatedEncryptorFactory|Opening CNG algorithm 'AES' from provider '(null)' with chaining mode CBC. 
2024-03-22 11:03:03.2561|DEBUG|Microsoft.AspNetCore.DataProtection.AuthenticatedEncryption.CngCbcAuthenticatedEncryptorFactory|Opening CNG algorithm 'SHA256' from provider '(null)' with HMAC. 
2024-03-22 11:03:03.2561|DEBUG|Microsoft.AspNetCore.DataProtection.KeyManagement.KeyRingProvider|Using key {04331095-e001-4e86-a2a5-ac77c623d11c} as the default key. 
2024-03-22 11:03:03.2561|DEBUG|Microsoft.AspNetCore.DataProtection.Internal.DataProtectionHostedService|Key ring with default key {04331095-e001-4e86-a2a5-ac77c623d11c} was loaded during application startup. 
2024-03-22 11:03:03.5148|INFO|Microsoft.Hosting.Lifetime|Now listening on: https://localhost:7290 
2024-03-22 11:03:03.5148|INFO|Microsoft.Hosting.Lifetime|Now listening on: http://localhost:5167 
2024-03-22 11:03:03.5148|DEBUG|Microsoft.AspNetCore.Hosting.Diagnostics|Loaded hosting startup assembly LitZhu.WebApi 
2024-03-22 11:03:03.5148|DEBUG|Microsoft.AspNetCore.Hosting.Diagnostics|Loaded hosting startup assembly Microsoft.AspNetCore.Watch.BrowserRefresh 
2024-03-22 11:03:03.5148|DEBUG|Microsoft.AspNetCore.Hosting.Diagnostics|Loaded hosting startup assembly Microsoft.WebTools.BrowserLink.Net 
2024-03-22 11:03:03.5148|INFO|Microsoft.Hosting.Lifetime|Application started. Press Ctrl+C to shut down. 
2024-03-22 11:03:03.5148|INFO|Microsoft.Hosting.Lifetime|Hosting environment: Development 
2024-03-22 11:03:03.5148|INFO|Microsoft.Hosting.Lifetime|Content root path: D:\Desktop\website\litzhu\LitZhu_backend\LitZhu.WebApi 
2024-03-22 11:03:03.5148|DEBUG|Microsoft.Extensions.Hosting.Internal.Host|Hosting started 
2024-03-22 11:03:03.6487|DEBUG|Microsoft.AspNetCore.Server.Kestrel.Transport.Sockets|Connection id "0HN2A3IBJKGNK" received FIN. 
2024-03-22 11:03:03.6487|DEBUG|Microsoft.AspNetCore.Server.Kestrel.Connections|Connection id "0HN2A3IBJKGNK" accepted. 
2024-03-22 11:03:03.6487|DEBUG|Microsoft.AspNetCore.Server.Kestrel.Connections|Connection id "0HN2A3IBJKGNK" started. 
2024-03-22 11:03:03.6689|DEBUG|Microsoft.AspNetCore.Server.Kestrel.Https.Internal.HttpsConnectionMiddleware|Failed to authenticate HTTPS connection. System.IO.IOException: Received an unexpected EOF or 0 bytes from the transport stream.
   at System.Net.Security.SslStream.ReceiveHandshakeFrameAsync[TIOAdapter](CancellationToken cancellationToken)
   at System.Net.Security.SslStream.ForceAuthenticationAsync[TIOAdapter](Boolean receiveFirst, Byte[] reAuthenticationData, CancellationToken cancellationToken)
   at System.Net.Security.SslStream.ProcessAuthenticationWithTelemetryAsync(Boolean isAsync, CancellationToken cancellationToken)
   at Microsoft.AspNetCore.Server.Kestrel.Https.Internal.HttpsConnectionMiddleware.OnConnectionAsync(ConnectionContext context)
2024-03-22 11:03:03.7040|DEBUG|Microsoft.AspNetCore.Server.Kestrel.Connections|Connection id "0HN2A3IBJKGNK" stopped. 
2024-03-22 11:03:03.7040|DEBUG|Microsoft.AspNetCore.Server.Kestrel.Transport.Sockets|Connection id "0HN2A3IBJKGNK" sending FIN because: "The Socket transport's send loop completed gracefully." 
2024-03-22 11:03:07.2491|DEBUG|Microsoft.AspNetCore.Server.Kestrel.Connections|Connection id "0HN2A3IBJKGNL" accepted. 
2024-03-22 11:03:07.2491|DEBUG|Microsoft.AspNetCore.Server.Kestrel.Connections|Connection id "0HN2A3IBJKGNL" started. 
2024-03-22 11:03:07.3255|DEBUG|Microsoft.AspNetCore.Server.Kestrel.Https.Internal.HttpsConnectionMiddleware|Connection 0HN2A3IBJKGNL established using the following protocol: Tls13 
2024-03-22 11:03:07.3530|INFO|Microsoft.AspNetCore.Hosting.Diagnostics|Request starting HTTP/1.1 POST https://localhost:7290/api/Auth/SendEmailCode - application/json 38 
2024-03-22 11:03:07.3530|DEBUG|Microsoft.AspNetCore.HostFiltering.HostFilteringMiddleware|Wildcard detected, all requests with hosts will be allowed. 
2024-03-22 11:03:07.3530|TRACE|Microsoft.AspNetCore.HostFiltering.HostFilteringMiddleware|All hosts are allowed. 
2024-03-22 11:03:07.3950|DEBUG|Microsoft.AspNetCore.Routing.Matching.DfaMatcher|1 candidate(s) found for the request path '/api/Auth/SendEmailCode' 
2024-03-22 11:03:07.3950|DEBUG|Microsoft.AspNetCore.Routing.Matching.DfaMatcher|Endpoint 'LitZhu.WebApi.Controllers.User.AuthController.SendEmailCode (LitZhu.WebApi)' with route pattern 'api/Auth/SendEmailCode' is valid for the request path '/api/Auth/SendEmailCode' 
2024-03-22 11:03:07.3950|DEBUG|Microsoft.AspNetCore.Routing.EndpointRoutingMiddleware|Request matched endpoint 'LitZhu.WebApi.Controllers.User.AuthController.SendEmailCode (LitZhu.WebApi)' 
2024-03-22 11:03:07.3950|TRACE|Microsoft.AspNetCore.Routing.EndpointRoutingMiddleware|The endpoint does not specify the IRequestSizeLimitMetadata. 
2024-03-22 11:03:07.4125|DEBUG|Microsoft.AspNetCore.StaticFiles.StaticFileMiddleware|Static files was skipped as the request already matched an endpoint. 
2024-03-22 11:03:07.5040|DEBUG|Microsoft.AspNetCore.Authentication.JwtBearer.JwtBearerHandler|AuthenticationScheme: Bearer was not authenticated. 
2024-03-22 11:03:07.5040|INFO|Microsoft.AspNetCore.Routing.EndpointMiddleware|Executing endpoint 'LitZhu.WebApi.Controllers.User.AuthController.SendEmailCode (LitZhu.WebApi)' 
2024-03-22 11:03:07.5437|INFO|Microsoft.AspNetCore.Mvc.Infrastructure.ControllerActionInvoker|Route matched with {action = "SendEmailCode", controller = "Auth"}. Executing controller action with signature System.Threading.Tasks.Task`1[Microsoft.AspNetCore.Mvc.ActionResult`1[System.String]] SendEmailCode(LitZhu.WebApi.Controllers.User.SendEmailCodeRequest) on controller LitZhu.WebApi.Controllers.User.AuthController (LitZhu.WebApi). 
2024-03-22 11:03:07.5437|DEBUG|Microsoft.AspNetCore.Mvc.Infrastructure.ControllerActionInvoker|Execution plan of authorization filters (in the following order): None 
2024-03-22 11:03:07.5437|DEBUG|Microsoft.AspNetCore.Mvc.Infrastructure.ControllerActionInvoker|Execution plan of resource filters (in the following order): None 
2024-03-22 11:03:07.5437|DEBUG|Microsoft.AspNetCore.Mvc.Infrastructure.ControllerActionInvoker|Execution plan of action filters (in the following order): Microsoft.AspNetCore.Mvc.ModelBinding.UnsupportedContentTypeFilter (Order: -3000), Microsoft.AspNetCore.Mvc.Infrastructure.ModelStateInvalidFilter (Order: -2000) 
2024-03-22 11:03:07.5437|DEBUG|Microsoft.AspNetCore.Mvc.Infrastructure.ControllerActionInvoker|Execution plan of exception filters (in the following order): None 
2024-03-22 11:03:07.5437|DEBUG|Microsoft.AspNetCore.Mvc.Infrastructure.ControllerActionInvoker|Execution plan of result filters (in the following order): Microsoft.AspNetCore.Mvc.Infrastructure.ClientErrorResultFilter (Order: -2000) 
2024-03-22 11:03:07.5437|DEBUG|Microsoft.AspNetCore.Mvc.Infrastructure.ControllerActionInvoker|Executing controller factory for controller LitZhu.WebApi.Controllers.User.AuthController (LitZhu.WebApi) 
2024-03-22 11:03:07.8437|DEBUG|Microsoft.EntityFrameworkCore.Infrastructure|An additional 'IServiceProvider' was created for internal use by Entity Framework. An existing service provider was not used due to the following configuration changes: configuration changed for 'Core:ConfigureWarnings', configuration added for 'Pomelo.EntityFrameworkCore.MySql:ServerVersion', configuration added for 'Pomelo.EntityFrameworkCore.MySql:DisableBackslashEscaping', configuration added for 'Pomelo.EntityFrameworkCore.MySql:SetSqlModeOnOpen', configuration added for 'Pomelo.EntityFrameworkCore.MySql:DisableLineBreakToCharSubstition', configuration added for 'Pomelo.EntityFrameworkCore.MySql:DefaultDataTypeMappings', configuration added for 'Pomelo.EntityFrameworkCore.MySql:SchemaBehavior', configuration added for 'Pomelo.EntityFrameworkCore.MySql:SchemaNameTranslator', configuration added for 'Pomelo.EntityFrameworkCore.MySql:EnableIndexOptimizedBooleanColumns', configuration added for 'Pomelo.EntityFrameworkCore.MySql:LimitKeyedOrIndexedStringColumnLength', configuration added for 'Pomelo.EntityFrameworkCore.MySql:EnableStringComparisonTranslations', configuration added for 'Pomelo.EntityFrameworkCore.MySql:EnablePrimitiveCollectionsSupport'. 
2024-03-22 11:03:08.2764|DEBUG|Microsoft.AspNetCore.Server.Kestrel.Connections|Connection id "0HN2A3IBJKGNM" accepted. 
2024-03-22 11:03:08.2764|DEBUG|Microsoft.AspNetCore.Server.Kestrel.Connections|Connection id "0HN2A3IBJKGNM" started. 
2024-03-22 11:03:08.3013|DEBUG|Microsoft.AspNetCore.Server.Kestrel.Https.Internal.HttpsConnectionMiddleware|Connection 0HN2A3IBJKGNM established using the following protocol: Tls13 
2024-03-22 11:03:08.3336|TRACE|Microsoft.AspNetCore.Server.Kestrel.Http2|Connection id "0HN2A3IBJKGNM" sending SETTINGS frame for stream ID 0 with length 24 and flags NONE. 
2024-03-22 11:03:08.3336|TRACE|Microsoft.AspNetCore.Server.Kestrel.Http2|Connection id "0HN2A3IBJKGNM" sending WINDOW_UPDATE frame for stream ID 0 with length 4 and flags 0x0. 
2024-03-22 11:03:08.3336|TRACE|Microsoft.AspNetCore.Server.Kestrel.Http2|Connection id "0HN2A3IBJKGNM" received SETTINGS frame for stream ID 0 with length 24 and flags NONE. 
2024-03-22 11:03:08.3336|TRACE|Microsoft.AspNetCore.Server.Kestrel.Http2|Connection id "0HN2A3IBJKGNM" sending SETTINGS frame for stream ID 0 with length 0 and flags ACK. 
2024-03-22 11:03:08.3336|TRACE|Microsoft.AspNetCore.Server.Kestrel.Http2|Connection id "0HN2A3IBJKGNM" received WINDOW_UPDATE frame for stream ID 0 with length 4 and flags 0x0. 
2024-03-22 11:03:08.3336|TRACE|Microsoft.AspNetCore.Server.Kestrel.Http2|Connection id "0HN2A3IBJKGNM" received HEADERS frame for stream ID 1 with length 463 and flags END_STREAM, END_HEADERS, PRIORITY. 
2024-03-22 11:03:08.3568|TRACE|Microsoft.AspNetCore.Server.Kestrel.Http2|Connection id "0HN2A3IBJKGNM" received SETTINGS frame for stream ID 0 with length 0 and flags ACK. 
2024-03-22 11:03:08.3568|INFO|Microsoft.AspNetCore.Hosting.Diagnostics|Request starting HTTP/2 GET https://localhost:7290/swagger/index.html - - - 
2024-03-22 11:03:08.5795|TRACE|Microsoft.AspNetCore.HostFiltering.HostFilteringMiddleware|All hosts are allowed. 
2024-03-22 11:03:08.5795|DEBUG|Microsoft.AspNetCore.Routing.Matching.DfaMatcher|No candidates found for the request path '/swagger/index.html' 
2024-03-22 11:03:08.5795|DEBUG|Microsoft.AspNetCore.Routing.EndpointRoutingMiddleware|Request did not match any endpoints 
2024-03-22 11:03:08.7607|DEBUG|Microsoft.AspNetCore.Watch.BrowserRefresh.BrowserRefreshMiddleware|Response markup is scheduled to include browser refresh script injection. 
2024-03-22 11:03:08.7703|TRACE|Microsoft.AspNetCore.Server.Kestrel.Http2|Connection id "0HN2A3IBJKGNM" sending HEADERS frame for stream ID 1 with length 66 and flags END_HEADERS. 
2024-03-22 11:03:08.7703|TRACE|Microsoft.AspNetCore.Server.Kestrel.Http2|Connection id "0HN2A3IBJKGNM" sending DATA frame for stream ID 1 with length 4096 and flags NONE. 
2024-03-22 11:03:08.8005|TRACE|Microsoft.AspNetCore.Server.Kestrel.Http2|Connection id "0HN2A3IBJKGNM" sending DATA frame for stream ID 1 with length 992 and flags NONE. 
2024-03-22 11:03:08.8010|TRACE|Microsoft.AspNetCore.Server.Kestrel.Http2|Connection id "0HN2A3IBJKGNM" sending DATA frame for stream ID 1 with length 81 and flags NONE. 
2024-03-22 11:03:08.8205|DEBUG|Microsoft.AspNetCore.Watch.BrowserRefresh.BrowserRefreshMiddleware|Response markup was updated to include browser refresh script injection. 
2024-03-22 11:03:08.8205|TRACE|Microsoft.AspNetCore.Server.Kestrel.Http2|Connection id "0HN2A3IBJKGNM" sending DATA frame for stream ID 1 with length 0 and flags END_STREAM. 
2024-03-22 11:03:08.8205|INFO|Microsoft.AspNetCore.Hosting.Diagnostics|Request finished HTTP/2 GET https://localhost:7290/swagger/index.html - 200 - text/html;charset=utf-8 468.5679ms 
2024-03-22 11:03:08.8337|DEBUG|Microsoft.EntityFrameworkCore.Model|The index {'UserId'} was not created on entity type 'UserRoles' as the properties are already covered by the index {'UserId', 'RoleId'}. 
2024-03-22 11:03:08.8698|TRACE|Microsoft.AspNetCore.Server.Kestrel.Http2|Connection id "0HN2A3IBJKGNM" received HEADERS frame for stream ID 3 with length 109 and flags END_STREAM, END_HEADERS, PRIORITY. 
2024-03-22 11:03:08.8698|INFO|Microsoft.AspNetCore.Hosting.Diagnostics|Request starting HTTP/2 GET https://localhost:7290/_framework/aspnetcore-browser-refresh.js - - - 
2024-03-22 11:03:08.8698|TRACE|Microsoft.AspNetCore.Server.Kestrel.Http2|Connection id "0HN2A3IBJKGNM" sending HEADERS frame for stream ID 3 with length 60 and flags END_HEADERS. 
2024-03-22 11:03:08.8698|TRACE|Microsoft.AspNetCore.Server.Kestrel.Http2|Connection id "0HN2A3IBJKGNM" sending DATA frame for stream ID 3 with length 13761 and flags NONE. 
2024-03-22 11:03:08.8839|INFO|Microsoft.AspNetCore.Hosting.Diagnostics|Request finished HTTP/2 GET https://localhost:7290/_framework/aspnetcore-browser-refresh.js - 200 13761 application/javascript;+charset=utf-8 11.2569ms 
2024-03-22 11:03:08.8839|TRACE|Microsoft.AspNetCore.Server.Kestrel.Http2|Connection id "0HN2A3IBJKGNM" sending DATA frame for stream ID 3 with length 0 and flags END_STREAM. 
2024-03-22 11:03:08.9789|TRACE|Microsoft.AspNetCore.Server.Kestrel.Http2|Connection id "0HN2A3IBJKGNM" received HEADERS frame for stream ID 5 with length 57 and flags END_STREAM, END_HEADERS, PRIORITY. 
2024-03-22 11:03:08.9789|INFO|Microsoft.AspNetCore.Hosting.Diagnostics|Request starting HTTP/2 GET https://localhost:7290/_vs/browserLink - - - 
2024-03-22 11:03:09.0094|WARN|Microsoft.EntityFrameworkCore.Model.Validation|Entity 'Users' has a global query filter defined and is the required end of a relationship with the entity 'UserAccessFail'. This may lead to unexpected results when the required entity is filtered out. Either configure the navigation as optional, or define matching query filters for both entities in the navigation. See https://go.microsoft.com/fwlink/?linkid=2131316 for more information. 
2024-03-22 11:03:09.0094|WARN|Microsoft.EntityFrameworkCore.Model.Validation|Entity 'Roles' has a global query filter defined and is the required end of a relationship with the entity 'UserRoles'. This may lead to unexpected results when the required entity is filtered out. Either configure the navigation as optional, or define matching query filters for both entities in the navigation. See https://go.microsoft.com/fwlink/?linkid=2131316 for more information. 
2024-03-22 11:03:09.0365|TRACE|Microsoft.AspNetCore.Server.Kestrel.Http2|Connection id "0HN2A3IBJKGNM" sending HEADERS frame for stream ID 5 with length 119 and flags END_HEADERS. 
2024-03-22 11:03:09.0365|TRACE|Microsoft.AspNetCore.Server.Kestrel.Http2|Connection id "0HN2A3IBJKGNM" sending DATA frame for stream ID 5 with length 9986 and flags NONE. 
2024-03-22 11:03:09.0365|TRACE|Microsoft.AspNetCore.Server.Kestrel.Http2|Connection id "0HN2A3IBJKGNM" sending DATA frame for stream ID 5 with length 10240 and flags NONE. 
2024-03-22 11:03:09.0365|TRACE|Microsoft.AspNetCore.Server.Kestrel.Http2|Connection id "0HN2A3IBJKGNM" sending DATA frame for stream ID 5 with length 10240 and flags NONE. 
2024-03-22 11:03:09.0365|TRACE|Microsoft.AspNetCore.Server.Kestrel.Http2|Connection id "0HN2A3IBJKGNM" sending DATA frame for stream ID 5 with length 10240 and flags NONE. 
2024-03-22 11:03:09.0365|TRACE|Microsoft.AspNetCore.Server.Kestrel.Http2|Connection id "0HN2A3IBJKGNM" sending DATA frame for stream ID 5 with length 10240 and flags NONE. 
2024-03-22 11:03:09.0365|TRACE|Microsoft.AspNetCore.Server.Kestrel.Http2|Connection id "0HN2A3IBJKGNM" sending DATA frame for stream ID 5 with length 10240 and flags NONE. 
2024-03-22 11:03:09.0365|TRACE|Microsoft.AspNetCore.Server.Kestrel.Http2|Connection id "0HN2A3IBJKGNM" sending DATA frame for stream ID 5 with length 10240 and flags NONE. 
2024-03-22 11:03:09.0513|TRACE|Microsoft.AspNetCore.Server.Kestrel.Http2|Connection id "0HN2A3IBJKGNM" sending DATA frame for stream ID 5 with length 10240 and flags NONE. 
2024-03-22 11:03:09.0513|TRACE|Microsoft.AspNetCore.Server.Kestrel.Http2|Connection id "0HN2A3IBJKGNM" sending DATA frame for stream ID 5 with length 10240 and flags NONE. 
2024-03-22 11:03:09.0513|TRACE|Microsoft.AspNetCore.Server.Kestrel.Http2|Connection id "0HN2A3IBJKGNM" sending DATA frame for stream ID 5 with length 10240 and flags NONE. 
2024-03-22 11:03:09.0513|TRACE|Microsoft.AspNetCore.Server.Kestrel.Http2|Connection id "0HN2A3IBJKGNM" sending DATA frame for stream ID 5 with length 10240 and flags NONE. 
2024-03-22 11:03:09.0513|TRACE|Microsoft.AspNetCore.Server.Kestrel.Http2|Connection id "0HN2A3IBJKGNM" sending DATA frame for stream ID 5 with length 10240 and flags NONE. 
2024-03-22 11:03:09.0513|TRACE|Microsoft.AspNetCore.Server.Kestrel.Http2|Connection id "0HN2A3IBJKGNM" sending DATA frame for stream ID 5 with length 10240 and flags NONE. 
2024-03-22 11:03:09.0513|TRACE|Microsoft.AspNetCore.Server.Kestrel.Http2|Connection id "0HN2A3IBJKGNM" sending DATA frame for stream ID 5 with length 10240 and flags NONE. 
2024-03-22 11:03:09.0513|TRACE|Microsoft.AspNetCore.Server.Kestrel.Http2|Connection id "0HN2A3IBJKGNM" sending DATA frame for stream ID 5 with length 10240 and flags NONE. 
2024-03-22 11:03:09.0513|TRACE|Microsoft.AspNetCore.Server.Kestrel.Http2|Connection id "0HN2A3IBJKGNM" sending DATA frame for stream ID 5 with length 160 and flags NONE. 
2024-03-22 11:03:09.0513|INFO|Microsoft.AspNetCore.Hosting.Diagnostics|Request finished HTTP/2 GET https://localhost:7290/_vs/browserLink - 200 - text/javascript;+charset=UTF-8 85.0183ms 
2024-03-22 11:03:09.0513|TRACE|Microsoft.AspNetCore.Server.Kestrel.Http2|Connection id "0HN2A3IBJKGNM" sending DATA frame for stream ID 5 with length 0 and flags END_STREAM. 
2024-03-22 11:03:09.3192|DEBUG|Microsoft.EntityFrameworkCore.Infrastructure|Entity Framework Core 8.0.1 initialized 'UserDbContext' using provider 'Pomelo.EntityFrameworkCore.MySql:8.0.1' with options: ServerVersion=8.0.23-mysql  
2024-03-22 11:03:09.4032|TRACE|Microsoft.AspNetCore.Server.Kestrel.Http2|Connection id "0HN2A3IBJKGNM" received HEADERS frame for stream ID 7 with length 66 and flags END_STREAM, END_HEADERS, PRIORITY. 
2024-03-22 11:03:09.4032|INFO|Microsoft.AspNetCore.Hosting.Diagnostics|Request starting HTTP/2 GET https://localhost:7290/swagger/v1/swagger.json - - - 
2024-03-22 11:03:09.4124|TRACE|Microsoft.AspNetCore.HostFiltering.HostFilteringMiddleware|All hosts are allowed. 
2024-03-22 11:03:09.4124|DEBUG|Microsoft.AspNetCore.Routing.Matching.DfaMatcher|No candidates found for the request path '/swagger/v1/swagger.json' 
2024-03-22 11:03:09.4124|DEBUG|Microsoft.AspNetCore.Routing.EndpointRoutingMiddleware|Request did not match any endpoints 
2024-03-22 11:03:09.6570|DEBUG|Microsoft.AspNetCore.Mvc.Infrastructure.ControllerActionInvoker|Executed controller factory for controller LitZhu.WebApi.Controllers.User.AuthController (LitZhu.WebApi) 
2024-03-22 11:03:09.6654|DEBUG|Microsoft.AspNetCore.Mvc.ModelBinding.ParameterBinder|Attempting to bind parameter 'req' of type 'LitZhu.WebApi.Controllers.User.SendEmailCodeRequest' ... 
2024-03-22 11:03:09.6654|DEBUG|Microsoft.AspNetCore.Mvc.ModelBinding.Binders.BodyModelBinder|Attempting to bind parameter 'req' of type 'LitZhu.WebApi.Controllers.User.SendEmailCodeRequest' using the name '' in request data ... 
2024-03-22 11:03:09.6654|DEBUG|Microsoft.AspNetCore.Mvc.ModelBinding.Binders.BodyModelBinder|Rejected input formatter 'Microsoft.AspNetCore.Mvc.Formatters.NewtonsoftJsonPatchInputFormatter' for content type 'application/json'. 
2024-03-22 11:03:09.6654|DEBUG|Microsoft.AspNetCore.Mvc.ModelBinding.Binders.BodyModelBinder|Selected input formatter 'Microsoft.AspNetCore.Mvc.Formatters.NewtonsoftJsonInputFormatter' for content type 'application/json'. 
2024-03-22 11:03:09.6828|DEBUG|Microsoft.AspNetCore.Server.Kestrel|Connection id "0HN2A3IBJKGNL", Request id "0HN2A3IBJKGNL:00000001": started reading request body. 
2024-03-22 11:03:09.6828|DEBUG|Microsoft.AspNetCore.Server.Kestrel|Connection id "0HN2A3IBJKGNL", Request id "0HN2A3IBJKGNL:00000001": done reading request body. 
2024-03-22 11:03:09.8089|DEBUG|Microsoft.AspNetCore.Mvc.ModelBinding.Binders.BodyModelBinder|Done attempting to bind parameter 'req' of type 'LitZhu.WebApi.Controllers.User.SendEmailCodeRequest'. 
2024-03-22 11:03:09.8089|DEBUG|Microsoft.AspNetCore.Mvc.ModelBinding.ParameterBinder|Done attempting to bind parameter 'req' of type 'LitZhu.WebApi.Controllers.User.SendEmailCodeRequest'. 
2024-03-22 11:03:09.8089|DEBUG|Microsoft.AspNetCore.Mvc.ModelBinding.ParameterBinder|Attempting to validate the bound parameter 'req' of type 'LitZhu.WebApi.Controllers.User.SendEmailCodeRequest' ... 
2024-03-22 11:03:09.8183|DEBUG|Microsoft.AspNetCore.Mvc.ModelBinding.ParameterBinder|Done attempting to validate the bound parameter 'req' of type 'LitZhu.WebApi.Controllers.User.SendEmailCodeRequest'. 
2024-03-22 11:03:09.8183|TRACE|Microsoft.AspNetCore.Mvc.Infrastructure.ControllerActionInvoker|Action Filter: Before executing OnActionExecuting on filter Microsoft.AspNetCore.Mvc.ModelBinding.UnsupportedContentTypeFilter. 
2024-03-22 11:03:09.8183|TRACE|Microsoft.AspNetCore.Mvc.Infrastructure.ControllerActionInvoker|Action Filter: After executing OnActionExecuting on filter Microsoft.AspNetCore.Mvc.ModelBinding.UnsupportedContentTypeFilter. 
2024-03-22 11:03:09.8183|TRACE|Microsoft.AspNetCore.Mvc.Infrastructure.ControllerActionInvoker|Action Filter: Before executing OnActionExecuting on filter Microsoft.AspNetCore.Mvc.Infrastructure.ModelStateInvalidFilter. 
2024-03-22 11:03:09.8183|TRACE|Microsoft.AspNetCore.Mvc.Infrastructure.ControllerActionInvoker|Action Filter: After executing OnActionExecuting on filter Microsoft.AspNetCore.Mvc.Infrastructure.ModelStateInvalidFilter. 
2024-03-22 11:03:09.8183|INFO|Microsoft.AspNetCore.Mvc.Infrastructure.ControllerActionInvoker|Executing action method LitZhu.WebApi.Controllers.User.AuthController.SendEmailCode (LitZhu.WebApi) - Validation state: Valid 
2024-03-22 11:03:09.8183|TRACE|Microsoft.AspNetCore.Mvc.Infrastructure.ControllerActionInvoker|Executing action method LitZhu.WebApi.Controllers.User.AuthController.SendEmailCode (LitZhu.WebApi) with arguments (SendEmailCodeRequest { Email = litzhuvich@foxmain.com }) 
2024-03-22 11:03:09.9375|DEBUG|Microsoft.EntityFrameworkCore.Query|Compiling query expression: 
'DbSet<Users>()
    .Include(x => x.UserAccessFail)
    .Include(x => x.UserRoles)
    .ThenInclude(ur => ur.Roles)
    .FirstOrDefault(x => x.Email == __email_0)' 
2024-03-22 11:03:10.0634|TRACE|Microsoft.AspNetCore.Server.Kestrel.Http2|Connection id "0HN2A3IBJKGNM" sending HEADERS frame for stream ID 7 with length 65 and flags END_HEADERS. 
2024-03-22 11:03:10.0634|TRACE|Microsoft.AspNetCore.Server.Kestrel.Http2|Connection id "0HN2A3IBJKGNM" sending DATA frame for stream ID 7 with length 16384 and flags NONE. 
2024-03-22 11:03:10.0634|TRACE|Microsoft.AspNetCore.Server.Kestrel.Http2|Connection id "0HN2A3IBJKGNM" sending DATA frame for stream ID 7 with length 16384 and flags NONE. 
2024-03-22 11:03:10.0634|TRACE|Microsoft.AspNetCore.Server.Kestrel.Http2|Connection id "0HN2A3IBJKGNM" sending DATA frame for stream ID 7 with length 16384 and flags NONE. 
2024-03-22 11:03:10.0634|TRACE|Microsoft.AspNetCore.Server.Kestrel.Http2|Connection id "0HN2A3IBJKGNM" sending DATA frame for stream ID 7 with length 9384 and flags NONE. 
2024-03-22 11:03:10.0695|TRACE|Microsoft.AspNetCore.Server.Kestrel.Http2|Connection id "0HN2A3IBJKGNM" sending DATA frame for stream ID 7 with length 0 and flags END_STREAM. 
2024-03-22 11:03:10.0695|INFO|Microsoft.AspNetCore.Hosting.Diagnostics|Request finished HTTP/2 GET https://localhost:7290/swagger/v1/swagger.json - 200 - application/json;charset=utf-8 663.1522ms 
2024-03-22 11:03:10.0836|DEBUG|Microsoft.EntityFrameworkCore.Query|Including navigation: 'Users.UserAccessFail'. 
2024-03-22 11:03:10.0836|DEBUG|Microsoft.EntityFrameworkCore.Query|Including navigation: 'Users.UserRoles'. 
2024-03-22 11:03:10.0836|DEBUG|Microsoft.EntityFrameworkCore.Query|Including navigation: 'UserRoles.Roles'. 
2024-03-22 11:03:10.5138|DEBUG|Microsoft.EntityFrameworkCore.Query|Generated query execution expression: 
'queryContext => ShapedQueryCompilingExpressionVisitor.SingleOrDefaultAsync<Users>(
    asyncEnumerable: new SingleQueryingEnumerable<Users>(
        (RelationalQueryContext)queryContext, 
        RelationalCommandCache.QueryExpression(
            Client Projections:
                0 -> Dictionary<IProperty, int> { [Property: Users.Id (Guid) Required PK AfterSave:Throw ValueGenerated.OnAdd, 0], [Property: Users.Avatar (string), 1], [Property: Users.CreationTime (DateTime) Required, 2], [Property: Users.DeletionTime (DateTime?), 3], [Property: Users.Email (string), 4], [Property: Users.Gender (Gender) Required, 5], [Property: Users.IsDeleted (bool) Required Index, 6], [Property: Users.LastModificationTime (DateTime?), 7], [Property: Users.Password (string) Required MaxLength(100) ANSI, 8], [Property: Users.Phone (string), 9], [Property: Users.Username (string) Required Index MaxLength(10), 10] }
                1 -> Dictionary<IProperty, int> { [Property: UserAccessFail.Id (Guid) Required PK AfterSave:Throw ValueGenerated.OnAdd, 11], [Property: UserAccessFail.AccessFailedCount (int) Required, 12], [Property: UserAccessFail.CreationTime (DateTime) Required, 13], [Property: UserAccessFail.IsLockOut (bool) Required, 14], [Property: UserAccessFail.LockOutEnd (DateTime?), 15], [Property: UserAccessFail.UserId (Guid) Required FK Index, 16] }
                2 -> 0
                3 -> 11
                4 -> Dictionary<IProperty, int> { [Property: UserRoles.UserId (Guid) Required PK FK AfterSave:Throw, 17], [Property: UserRoles.RoleId (Guid) Required PK FK Index AfterSave:Throw, 18] }
                5 -> Dictionary<IProperty, int> { [Property: Roles.Id (Guid) Required PK AfterSave:Throw ValueGenerated.OnAdd, 19], [Property: Roles.CreationTime (DateTime) Required, 20], [Property: Roles.DeletionTime (DateTime?), 21], [Property: Roles.IsDeleted (bool) Required Index, 22], [Property: Roles.LastModificationTime (DateTime?), 23], [Property: Roles.RoleDesc (string) Required, 24], [Property: Roles.RoleName (string) Required MaxLength(10), 25] }
                6 -> 17
                7 -> 18
                8 -> 19
            SELECT t.Id, t.Avatar, t.CreationTime, t.DeletionTime, t.Email, t.Gender, t.IsDeleted, t.LastModificationTime, t.Password, t.Phone, t.Username, t.Id0, t.AccessFailedCount, t.CreationTime0, t.IsLockOut, t.LockOutEnd, t.UserId, t0.UserId, t0.RoleId, t0.Id, t0.CreationTime, t0.DeletionTime, t0.IsDeleted, t0.LastModificationTime, t0.RoleDesc, t0.RoleName
            FROM 
            (
                SELECT TOP(1) u.Id, u.Avatar, u.CreationTime, u.DeletionTime, u.Email, u.Gender, u.IsDeleted, u.LastModificationTime, u.Password, u.Phone, u.Username, u0.Id AS Id0, u0.AccessFailedCount, u0.CreationTime AS CreationTime0, u0.IsLockOut, u0.LockOutEnd, u0.UserId
                FROM Users AS u
                LEFT JOIN UserAccessFails AS u0 ON u.Id == u0.UserId
                WHERE (u.IsDeleted == FALSE) && (u.Email == @__email_0)
            ) AS t
            LEFT JOIN 
            (
                SELECT u1.UserId, u1.RoleId, t1.Id, t1.CreationTime, t1.DeletionTime, t1.IsDeleted, t1.LastModificationTime, t1.RoleDesc, t1.RoleName
                FROM Users_Roles AS u1
                INNER JOIN 
                (
                    SELECT r.Id, r.CreationTime, r.DeletionTime, r.IsDeleted, r.LastModificationTime, r.RoleDesc, r.RoleName
                    FROM Roles AS r
                    WHERE r.IsDeleted == FALSE
                ) AS t1 ON u1.RoleId == t1.Id
            ) AS t0 ON t.Id == t0.UserId
            ORDER BY t.Id ASC, t.Id0 ASC, t0.UserId ASC, t0.RoleId ASC), 
        null, 
        Func<QueryContext, DbDataReader, ResultContext, SingleQueryResultCoordinator, Users>, 
        User.Infrastructure.UserDbContext, 
        False, 
        False, 
        True
    ), 
    cancellationToken: queryContext.CancellationToken)' 
2024-03-22 11:03:10.5613|DEBUG|Microsoft.AspNetCore.Server.Kestrel.Transport.Sockets|Connection id "0HN2A3IBJKGNM" received FIN. 
2024-03-22 11:03:10.5613|DEBUG|Microsoft.AspNetCore.Server.Kestrel.Transport.Sockets|Connection id "0HN2A3IBJKGNM" sending FIN because: "The Socket transport's send loop completed gracefully." 
2024-03-22 11:03:10.5691|DEBUG|Microsoft.AspNetCore.Server.Kestrel.Http2|Connection id "0HN2A3IBJKGNM" is closed. The last processed stream ID was 7. 
2024-03-22 11:03:10.5691|DEBUG|Microsoft.AspNetCore.Server.Kestrel.Http2|The connection queue processing loop for 0HN2A3IBJKGNM completed. 
2024-03-22 11:03:10.5691|DEBUG|Microsoft.AspNetCore.Server.Kestrel.Connections|Connection id "0HN2A3IBJKGNM" stopped. 
2024-03-22 11:03:10.6018|DEBUG|Microsoft.EntityFrameworkCore.Database.Connection|Creating DbConnection. 
2024-03-22 11:03:10.6149|DEBUG|Microsoft.EntityFrameworkCore.Database.Connection|Created DbConnection. (11ms). 
2024-03-22 11:03:10.6303|DEBUG|Microsoft.EntityFrameworkCore.Database.Connection|Opening connection to database 'LitZhu' on server 'localhost'. 
2024-03-22 11:03:10.8066|DEBUG|Microsoft.EntityFrameworkCore.Database.Connection|Opened connection to database 'LitZhu' on server 'localhost'. 
2024-03-22 11:03:10.8066|DEBUG|Microsoft.EntityFrameworkCore.Database.Command|Creating DbCommand for 'ExecuteReader'. 
2024-03-22 11:03:10.8190|DEBUG|Microsoft.EntityFrameworkCore.Database.Command|Created DbCommand for 'ExecuteReader' (4ms). 
2024-03-22 11:03:10.8439|DEBUG|Microsoft.EntityFrameworkCore.Database.Command|Initialized DbCommand for 'ExecuteReader' (31ms). 
2024-03-22 11:03:10.8556|DEBUG|Microsoft.EntityFrameworkCore.Database.Command|Executing DbCommand [Parameters=[@__email_0='?' (Size = 4000)], CommandType='Text', CommandTimeout='30']
SELECT `t`.`Id`, `t`.`Avatar`, `t`.`CreationTime`, `t`.`DeletionTime`, `t`.`Email`, `t`.`Gender`, `t`.`IsDeleted`, `t`.`LastModificationTime`, `t`.`Password`, `t`.`Phone`, `t`.`Username`, `t`.`Id0`, `t`.`AccessFailedCount`, `t`.`CreationTime0`, `t`.`IsLockOut`, `t`.`LockOutEnd`, `t`.`UserId`, `t0`.`UserId`, `t0`.`RoleId`, `t0`.`Id`, `t0`.`CreationTime`, `t0`.`DeletionTime`, `t0`.`IsDeleted`, `t0`.`LastModificationTime`, `t0`.`RoleDesc`, `t0`.`RoleName`
FROM (
    SELECT `u`.`Id`, `u`.`Avatar`, `u`.`CreationTime`, `u`.`DeletionTime`, `u`.`Email`, `u`.`Gender`, `u`.`IsDeleted`, `u`.`LastModificationTime`, `u`.`Password`, `u`.`Phone`, `u`.`Username`, `u0`.`Id` AS `Id0`, `u0`.`AccessFailedCount`, `u0`.`CreationTime` AS `CreationTime0`, `u0`.`IsLockOut`, `u0`.`LockOutEnd`, `u0`.`UserId`
    FROM `Users` AS `u`
    LEFT JOIN `UserAccessFails` AS `u0` ON `u`.`Id` = `u0`.`UserId`
    WHERE NOT (`u`.`IsDeleted`) AND (`u`.`Email` = @__email_0)
    LIMIT 1
) AS `t`
LEFT JOIN (
    SELECT `u1`.`UserId`, `u1`.`RoleId`, `t1`.`Id`, `t1`.`CreationTime`, `t1`.`DeletionTime`, `t1`.`IsDeleted`, `t1`.`LastModificationTime`, `t1`.`RoleDesc`, `t1`.`RoleName`
    FROM `Users_Roles` AS `u1`
    INNER JOIN (
        SELECT `r`.`Id`, `r`.`CreationTime`, `r`.`DeletionTime`, `r`.`IsDeleted`, `r`.`LastModificationTime`, `r`.`RoleDesc`, `r`.`RoleName`
        FROM `Roles` AS `r`
        WHERE NOT (`r`.`IsDeleted`)
    ) AS `t1` ON `u1`.`RoleId` = `t1`.`Id`
) AS `t0` ON `t`.`Id` = `t0`.`UserId`
ORDER BY `t`.`Id`, `t`.`Id0`, `t0`.`UserId`, `t0`.`RoleId` 
2024-03-22 11:03:10.9284|INFO|Microsoft.EntityFrameworkCore.Database.Command|Executed DbCommand (75ms) [Parameters=[@__email_0='?' (Size = 4000)], CommandType='Text', CommandTimeout='30']
SELECT `t`.`Id`, `t`.`Avatar`, `t`.`CreationTime`, `t`.`DeletionTime`, `t`.`Email`, `t`.`Gender`, `t`.`IsDeleted`, `t`.`LastModificationTime`, `t`.`Password`, `t`.`Phone`, `t`.`Username`, `t`.`Id0`, `t`.`AccessFailedCount`, `t`.`CreationTime0`, `t`.`IsLockOut`, `t`.`LockOutEnd`, `t`.`UserId`, `t0`.`UserId`, `t0`.`RoleId`, `t0`.`Id`, `t0`.`CreationTime`, `t0`.`DeletionTime`, `t0`.`IsDeleted`, `t0`.`LastModificationTime`, `t0`.`RoleDesc`, `t0`.`RoleName`
FROM (
    SELECT `u`.`Id`, `u`.`Avatar`, `u`.`CreationTime`, `u`.`DeletionTime`, `u`.`Email`, `u`.`Gender`, `u`.`IsDeleted`, `u`.`LastModificationTime`, `u`.`Password`, `u`.`Phone`, `u`.`Username`, `u0`.`Id` AS `Id0`, `u0`.`AccessFailedCount`, `u0`.`CreationTime` AS `CreationTime0`, `u0`.`IsLockOut`, `u0`.`LockOutEnd`, `u0`.`UserId`
    FROM `Users` AS `u`
    LEFT JOIN `UserAccessFails` AS `u0` ON `u`.`Id` = `u0`.`UserId`
    WHERE NOT (`u`.`IsDeleted`) AND (`u`.`Email` = @__email_0)
    LIMIT 1
) AS `t`
LEFT JOIN (
    SELECT `u1`.`UserId`, `u1`.`RoleId`, `t1`.`Id`, `t1`.`CreationTime`, `t1`.`DeletionTime`, `t1`.`IsDeleted`, `t1`.`LastModificationTime`, `t1`.`RoleDesc`, `t1`.`RoleName`
    FROM `Users_Roles` AS `u1`
    INNER JOIN (
        SELECT `r`.`Id`, `r`.`CreationTime`, `r`.`DeletionTime`, `r`.`IsDeleted`, `r`.`LastModificationTime`, `r`.`RoleDesc`, `r`.`RoleName`
        FROM `Roles` AS `r`
        WHERE NOT (`r`.`IsDeleted`)
    ) AS `t1` ON `u1`.`RoleId` = `t1`.`Id`
) AS `t0` ON `t`.`Id` = `t0`.`UserId`
ORDER BY `t`.`Id`, `t`.`Id0`, `t0`.`UserId`, `t0`.`RoleId` 
2024-03-22 11:03:11.0439|DEBUG|Microsoft.EntityFrameworkCore.ChangeTracking|Context 'UserDbContext' started tracking 'Users' entity. Consider using 'DbContextOptionsBuilder.EnableSensitiveDataLogging' to see key values. 
2024-03-22 11:03:11.1709|DEBUG|Microsoft.EntityFrameworkCore.ChangeTracking|The navigation 'Users.UserAccessFail' was detected as changed. Consider using 'DbContextOptionsBuilder.EnableSensitiveDataLogging' to see key values. 
2024-03-22 11:03:11.1709|DEBUG|Microsoft.EntityFrameworkCore.ChangeTracking|Context 'UserDbContext' started tracking 'UserAccessFail' entity. Consider using 'DbContextOptionsBuilder.EnableSensitiveDataLogging' to see key values. 
2024-03-22 11:03:11.2128|DEBUG|Microsoft.EntityFrameworkCore.Database.Command|Closing data reader to 'LitZhu' on server 'localhost'. 
2024-03-22 11:03:11.2250|DEBUG|Microsoft.EntityFrameworkCore.Database.Command|A data reader for 'LitZhu' on server 'localhost' is being disposed after spending 291ms reading results. 
2024-03-22 11:03:11.2250|DEBUG|Microsoft.EntityFrameworkCore.Database.Connection|Closing connection to database 'LitZhu' on server 'localhost'. 
2024-03-22 11:03:11.2250|DEBUG|Microsoft.EntityFrameworkCore.Database.Connection|Closed connection to database 'LitZhu' on server 'localhost' (4ms). 
2024-03-22 11:03:11.2583|WARN|User.Infrastructure.EmailCodeSender|向邮箱地址：litzhuvich@foxmain.com , 发送验证码：14149 
2024-03-22 11:03:11.2703|INFO|Microsoft.AspNetCore.Mvc.Infrastructure.ControllerActionInvoker|Executed action method LitZhu.WebApi.Controllers.User.AuthController.SendEmailCode (LitZhu.WebApi), returned result Microsoft.AspNetCore.Mvc.OkObjectResult in 1435.1896ms. 
2024-03-22 11:03:11.2703|TRACE|Microsoft.AspNetCore.Mvc.Infrastructure.ControllerActionInvoker|Action Filter: Before executing OnActionExecuted on filter Microsoft.AspNetCore.Mvc.Infrastructure.ModelStateInvalidFilter. 
2024-03-22 11:03:11.2703|TRACE|Microsoft.AspNetCore.Mvc.Infrastructure.ControllerActionInvoker|Action Filter: After executing OnActionExecuted on filter Microsoft.AspNetCore.Mvc.Infrastructure.ModelStateInvalidFilter. 
2024-03-22 11:03:11.2703|TRACE|Microsoft.AspNetCore.Mvc.Infrastructure.ControllerActionInvoker|Action Filter: Before executing OnActionExecuted on filter Microsoft.AspNetCore.Mvc.ModelBinding.UnsupportedContentTypeFilter. 
2024-03-22 11:03:11.2703|TRACE|Microsoft.AspNetCore.Mvc.Infrastructure.ControllerActionInvoker|Action Filter: After executing OnActionExecuted on filter Microsoft.AspNetCore.Mvc.ModelBinding.UnsupportedContentTypeFilter. 
2024-03-22 11:03:11.2703|TRACE|Microsoft.AspNetCore.Mvc.Infrastructure.ControllerActionInvoker|Result Filter: Before executing OnResultExecuting on filter Microsoft.AspNetCore.Mvc.Infrastructure.ClientErrorResultFilter. 
2024-03-22 11:03:11.2703|TRACE|Microsoft.AspNetCore.Mvc.Infrastructure.ControllerActionInvoker|Result Filter: After executing OnResultExecuting on filter Microsoft.AspNetCore.Mvc.Infrastructure.ClientErrorResultFilter. 
2024-03-22 11:03:11.2703|TRACE|Microsoft.AspNetCore.Mvc.Infrastructure.ControllerActionInvoker|Before executing action result Microsoft.AspNetCore.Mvc.OkObjectResult. 
2024-03-22 11:03:11.2703|DEBUG|Microsoft.AspNetCore.Mvc.Infrastructure.DefaultOutputFormatterSelector|List of registered output formatters, in the following order: Microsoft.AspNetCore.Mvc.Formatters.HttpNoContentOutputFormatter, Microsoft.AspNetCore.Mvc.Formatters.StringOutputFormatter, Microsoft.AspNetCore.Mvc.Formatters.StreamOutputFormatter, Microsoft.AspNetCore.Mvc.Formatters.NewtonsoftJsonOutputFormatter 
2024-03-22 11:03:11.2703|DEBUG|Microsoft.AspNetCore.Mvc.Infrastructure.DefaultOutputFormatterSelector|No information found on request to perform content negotiation. 
2024-03-22 11:03:11.2703|DEBUG|Microsoft.AspNetCore.Mvc.Infrastructure.DefaultOutputFormatterSelector|Attempting to select an output formatter without using a content type as no explicit content types were specified for the response. 
2024-03-22 11:03:11.2703|DEBUG|Microsoft.AspNetCore.Mvc.Infrastructure.DefaultOutputFormatterSelector|Attempting to select the first formatter in the output formatters list which can write the result. 
2024-03-22 11:03:11.2703|DEBUG|Microsoft.AspNetCore.Mvc.Infrastructure.DefaultOutputFormatterSelector|Selected output formatter 'Microsoft.AspNetCore.Mvc.Formatters.NewtonsoftJsonOutputFormatter' and content type 'application/json' to write the response. 
2024-03-22 11:03:11.2703|INFO|Microsoft.AspNetCore.Mvc.Infrastructure.ObjectResultExecutor|Executing OkObjectResult, writing value of type 'LitZhu.WebApi.R'. 
2024-03-22 11:03:11.3422|TRACE|Microsoft.AspNetCore.Mvc.Infrastructure.ControllerActionInvoker|After executing action result Microsoft.AspNetCore.Mvc.OkObjectResult. 
2024-03-22 11:03:11.3422|TRACE|Microsoft.AspNetCore.Mvc.Infrastructure.ControllerActionInvoker|Result Filter: Before executing OnResultExecuted on filter Microsoft.AspNetCore.Mvc.Infrastructure.ClientErrorResultFilter. 
2024-03-22 11:03:11.3422|TRACE|Microsoft.AspNetCore.Mvc.Infrastructure.ControllerActionInvoker|Result Filter: After executing OnResultExecuted on filter Microsoft.AspNetCore.Mvc.Infrastructure.ClientErrorResultFilter. 
2024-03-22 11:03:11.3422|DEBUG|Microsoft.AspNetCore.Server.Kestrel.Transport.Sockets|Connection id "0HN2A3IBJKGNL" received FIN. 
2024-03-22 11:03:11.3422|DEBUG|Microsoft.AspNetCore.Server.Kestrel.Transport.Sockets|Connection id "0HN2A3IBJKGNL" sending FIN because: "The Socket transport's send loop completed gracefully." 
2024-03-22 11:03:11.3422|DEBUG|Microsoft.AspNetCore.Server.Kestrel.Connections|Connection id "0HN2A3IBJKGNL" disconnecting. 
2024-03-22 11:03:11.3483|INFO|Microsoft.AspNetCore.Mvc.Infrastructure.ControllerActionInvoker|Executed action LitZhu.WebApi.Controllers.User.AuthController.SendEmailCode (LitZhu.WebApi) in 3797.1496ms 
2024-03-22 11:03:11.3483|INFO|Microsoft.AspNetCore.Routing.EndpointMiddleware|Executed endpoint 'LitZhu.WebApi.Controllers.User.AuthController.SendEmailCode (LitZhu.WebApi)' 
2024-03-22 11:03:11.3483|DEBUG|Microsoft.EntityFrameworkCore.Infrastructure|'UserDbContext' disposed. 
2024-03-22 11:03:11.3483|DEBUG|Microsoft.EntityFrameworkCore.Database.Connection|Disposing connection to database 'LitZhu' on server 'localhost'. 
2024-03-22 11:03:11.3483|DEBUG|Microsoft.EntityFrameworkCore.Database.Connection|Disposed connection to database 'LitZhu' on server 'localhost' (2ms). 
2024-03-22 11:03:11.3483|INFO|Microsoft.AspNetCore.Hosting.Diagnostics|Request finished HTTP/1.1 POST https://localhost:7290/api/Auth/SendEmailCode - 200 47 application/json;+charset=utf-8 4017.6575ms 
2024-03-22 11:03:11.3639|DEBUG|Microsoft.AspNetCore.Server.Kestrel.Connections|Connection id "0HN2A3IBJKGNL" stopped. 
2024-03-22 11:43:00.2655|DEBUG|Microsoft.AspNetCore.Mvc.ModelBinding.ModelBinderFactory|Registered model binder providers, in the following order: Microsoft.AspNetCore.Mvc.ModelBinding.Binders.BinderTypeModelBinderProvider, Microsoft.AspNetCore.Mvc.ModelBinding.Binders.ServicesModelBinderProvider, Microsoft.AspNetCore.Mvc.ModelBinding.Binders.BodyModelBinderProvider, Microsoft.AspNetCore.Mvc.ModelBinding.Binders.HeaderModelBinderProvider, Microsoft.AspNetCore.Mvc.ModelBinding.Binders.FloatingPointTypeModelBinderProvider, Microsoft.AspNetCore.Mvc.ModelBinding.Binders.EnumTypeModelBinderProvider, Microsoft.AspNetCore.Mvc.ModelBinding.Binders.DateTimeModelBinderProvider, Microsoft.AspNetCore.Mvc.ModelBinding.Binders.SimpleTypeModelBinderProvider, Microsoft.AspNetCore.Mvc.ModelBinding.Binders.TryParseModelBinderProvider, Microsoft.AspNetCore.Mvc.ModelBinding.Binders.CancellationTokenModelBinderProvider, Microsoft.AspNetCore.Mvc.ModelBinding.Binders.ByteArrayModelBinderProvider, Microsoft.AspNetCore.Mvc.ModelBinding.Binders.FormFileModelBinderProvider, Microsoft.AspNetCore.Mvc.ModelBinding.Binders.FormCollectionModelBinderProvider, Microsoft.AspNetCore.Mvc.ModelBinding.Binders.KeyValuePairModelBinderProvider, Microsoft.AspNetCore.Mvc.ModelBinding.Binders.DictionaryModelBinderProvider, Microsoft.AspNetCore.Mvc.ModelBinding.Binders.ArrayModelBinderProvider, Microsoft.AspNetCore.Mvc.ModelBinding.Binders.CollectionModelBinderProvider, Microsoft.AspNetCore.Mvc.ModelBinding.Binders.ComplexObjectModelBinderProvider 
2024-03-22 11:43:00.3918|DEBUG|Microsoft.Extensions.Hosting.Internal.Host|Hosting starting 
2024-03-22 11:43:00.4369|INFO|Microsoft.AspNetCore.DataProtection.KeyManagement.XmlKeyManager|User profile is available. Using 'C:\Users\25968\AppData\Local\ASP.NET\DataProtection-Keys' as key repository and Windows DPAPI to encrypt keys at rest. 
2024-03-22 11:43:00.4450|DEBUG|Microsoft.AspNetCore.DataProtection.Repositories.FileSystemXmlRepository|Reading data from file 'C:\Users\25968\AppData\Local\ASP.NET\DataProtection-Keys\key-04331095-e001-4e86-a2a5-ac77c623d11c.xml'. 
2024-03-22 11:43:00.4450|DEBUG|Microsoft.AspNetCore.DataProtection.KeyManagement.XmlKeyManager|Found key {04331095-e001-4e86-a2a5-ac77c623d11c}. 
2024-03-22 11:43:00.4608|DEBUG|Microsoft.AspNetCore.DataProtection.KeyManagement.DefaultKeyResolver|Considering key {04331095-e001-4e86-a2a5-ac77c623d11c} with expiration date 2024-04-11 12:24:14Z as default key. 
2024-03-22 11:43:00.4608|DEBUG|Microsoft.AspNetCore.DataProtection.TypeForwardingActivator|Forwarded activator type request from Microsoft.AspNetCore.DataProtection.XmlEncryption.DpapiXmlDecryptor, Microsoft.AspNetCore.DataProtection, Version=8.0.0.0, Culture=neutral, PublicKeyToken=adb9793829ddae60 to Microsoft.AspNetCore.DataProtection.XmlEncryption.DpapiXmlDecryptor, Microsoft.AspNetCore.DataProtection, Culture=neutral, PublicKeyToken=adb9793829ddae60 
2024-03-22 11:43:00.4608|DEBUG|Microsoft.AspNetCore.DataProtection.XmlEncryption.DpapiXmlDecryptor|Decrypting secret element using Windows DPAPI. 
2024-03-22 11:43:00.4608|DEBUG|Microsoft.AspNetCore.DataProtection.TypeForwardingActivator|Forwarded activator type request from Microsoft.AspNetCore.DataProtection.AuthenticatedEncryption.ConfigurationModel.AuthenticatedEncryptorDescriptorDeserializer, Microsoft.AspNetCore.DataProtection, Version=8.0.0.0, Culture=neutral, PublicKeyToken=adb9793829ddae60 to Microsoft.AspNetCore.DataProtection.AuthenticatedEncryption.ConfigurationModel.AuthenticatedEncryptorDescriptorDeserializer, Microsoft.AspNetCore.DataProtection, Culture=neutral, PublicKeyToken=adb9793829ddae60 
2024-03-22 11:43:00.4608|DEBUG|Microsoft.AspNetCore.DataProtection.AuthenticatedEncryption.CngCbcAuthenticatedEncryptorFactory|Opening CNG algorithm 'AES' from provider '(null)' with chaining mode CBC. 
2024-03-22 11:43:00.4608|DEBUG|Microsoft.AspNetCore.DataProtection.AuthenticatedEncryption.CngCbcAuthenticatedEncryptorFactory|Opening CNG algorithm 'SHA256' from provider '(null)' with HMAC. 
2024-03-22 11:43:00.4608|DEBUG|Microsoft.AspNetCore.DataProtection.KeyManagement.KeyRingProvider|Using key {04331095-e001-4e86-a2a5-ac77c623d11c} as the default key. 
2024-03-22 11:43:00.4608|DEBUG|Microsoft.AspNetCore.DataProtection.Internal.DataProtectionHostedService|Key ring with default key {04331095-e001-4e86-a2a5-ac77c623d11c} was loaded during application startup. 
2024-03-22 11:43:00.7262|INFO|Microsoft.Hosting.Lifetime|Now listening on: https://localhost:7290 
2024-03-22 11:43:00.7262|INFO|Microsoft.Hosting.Lifetime|Now listening on: http://localhost:5167 
2024-03-22 11:43:00.7262|DEBUG|Microsoft.AspNetCore.Hosting.Diagnostics|Loaded hosting startup assembly LitZhu.WebApi 
2024-03-22 11:43:00.7262|DEBUG|Microsoft.AspNetCore.Hosting.Diagnostics|Loaded hosting startup assembly Microsoft.AspNetCore.Watch.BrowserRefresh 
2024-03-22 11:43:00.7262|DEBUG|Microsoft.AspNetCore.Hosting.Diagnostics|Loaded hosting startup assembly Microsoft.WebTools.BrowserLink.Net 
2024-03-22 11:43:00.7262|INFO|Microsoft.Hosting.Lifetime|Application started. Press Ctrl+C to shut down. 
2024-03-22 11:43:00.7262|INFO|Microsoft.Hosting.Lifetime|Hosting environment: Development 
2024-03-22 11:43:00.7262|INFO|Microsoft.Hosting.Lifetime|Content root path: D:\Desktop\website\litzhu\LitZhu_backend\LitZhu.WebApi 
2024-03-22 11:43:00.7262|DEBUG|Microsoft.Extensions.Hosting.Internal.Host|Hosting started 
2024-03-22 11:43:00.8984|DEBUG|Microsoft.AspNetCore.Server.Kestrel.Transport.Sockets|Connection id "0HN2A48M1J276" received FIN. 
2024-03-22 11:43:00.8984|DEBUG|Microsoft.AspNetCore.Server.Kestrel.Connections|Connection id "0HN2A48M1J276" accepted. 
2024-03-22 11:43:00.8984|DEBUG|Microsoft.AspNetCore.Server.Kestrel.Connections|Connection id "0HN2A48M1J276" started. 
2024-03-22 11:43:00.9216|DEBUG|Microsoft.AspNetCore.Server.Kestrel.Https.Internal.HttpsConnectionMiddleware|Failed to authenticate HTTPS connection. System.IO.IOException: Received an unexpected EOF or 0 bytes from the transport stream.
   at System.Net.Security.SslStream.ReceiveHandshakeFrameAsync[TIOAdapter](CancellationToken cancellationToken)
   at System.Net.Security.SslStream.ForceAuthenticationAsync[TIOAdapter](Boolean receiveFirst, Byte[] reAuthenticationData, CancellationToken cancellationToken)
   at System.Net.Security.SslStream.ProcessAuthenticationWithTelemetryAsync(Boolean isAsync, CancellationToken cancellationToken)
   at Microsoft.AspNetCore.Server.Kestrel.Https.Internal.HttpsConnectionMiddleware.OnConnectionAsync(ConnectionContext context)
2024-03-22 11:43:00.9561|DEBUG|Microsoft.AspNetCore.Server.Kestrel.Connections|Connection id "0HN2A48M1J276" stopped. 
2024-03-22 11:43:00.9586|DEBUG|Microsoft.AspNetCore.Server.Kestrel.Transport.Sockets|Connection id "0HN2A48M1J276" sending FIN because: "The Socket transport's send loop completed gracefully." 
2024-03-22 11:43:05.5769|DEBUG|Microsoft.AspNetCore.Server.Kestrel.Connections|Connection id "0HN2A48M1J277" accepted. 
2024-03-22 11:43:05.5769|DEBUG|Microsoft.AspNetCore.Server.Kestrel.Connections|Connection id "0HN2A48M1J277" started. 
2024-03-22 11:43:05.6772|DEBUG|Microsoft.AspNetCore.Server.Kestrel.Https.Internal.HttpsConnectionMiddleware|Connection 0HN2A48M1J277 established using the following protocol: Tls13 
2024-03-22 11:43:05.7146|TRACE|Microsoft.AspNetCore.Server.Kestrel.Http2|Connection id "0HN2A48M1J277" sending SETTINGS frame for stream ID 0 with length 24 and flags NONE. 
2024-03-22 11:43:05.7146|TRACE|Microsoft.AspNetCore.Server.Kestrel.Http2|Connection id "0HN2A48M1J277" sending WINDOW_UPDATE frame for stream ID 0 with length 4 and flags 0x0. 
2024-03-22 11:43:05.7146|TRACE|Microsoft.AspNetCore.Server.Kestrel.Http2|Connection id "0HN2A48M1J277" received SETTINGS frame for stream ID 0 with length 24 and flags NONE. 
2024-03-22 11:43:05.7146|TRACE|Microsoft.AspNetCore.Server.Kestrel.Http2|Connection id "0HN2A48M1J277" sending SETTINGS frame for stream ID 0 with length 0 and flags ACK. 
2024-03-22 11:43:05.7226|TRACE|Microsoft.AspNetCore.Server.Kestrel.Http2|Connection id "0HN2A48M1J277" received WINDOW_UPDATE frame for stream ID 0 with length 4 and flags 0x0. 
2024-03-22 11:43:05.7226|TRACE|Microsoft.AspNetCore.Server.Kestrel.Http2|Connection id "0HN2A48M1J277" received HEADERS frame for stream ID 1 with length 463 and flags END_STREAM, END_HEADERS, PRIORITY. 
2024-03-22 11:43:05.7521|TRACE|Microsoft.AspNetCore.Server.Kestrel.Http2|Connection id "0HN2A48M1J277" received SETTINGS frame for stream ID 0 with length 0 and flags ACK. 
2024-03-22 11:43:05.7678|INFO|Microsoft.AspNetCore.Hosting.Diagnostics|Request starting HTTP/2 GET https://localhost:7290/swagger/index.html - - - 
2024-03-22 11:43:05.9938|DEBUG|Microsoft.AspNetCore.HostFiltering.HostFilteringMiddleware|Wildcard detected, all requests with hosts will be allowed. 
2024-03-22 11:43:05.9938|TRACE|Microsoft.AspNetCore.HostFiltering.HostFilteringMiddleware|All hosts are allowed. 
2024-03-22 11:43:06.0373|DEBUG|Microsoft.AspNetCore.Routing.Matching.DfaMatcher|No candidates found for the request path '/swagger/index.html' 
2024-03-22 11:43:06.0373|DEBUG|Microsoft.AspNetCore.Routing.EndpointRoutingMiddleware|Request did not match any endpoints 
2024-03-22 11:43:06.1681|DEBUG|Microsoft.AspNetCore.Watch.BrowserRefresh.BrowserRefreshMiddleware|Response markup is scheduled to include browser refresh script injection. 
2024-03-22 11:43:06.1681|TRACE|Microsoft.AspNetCore.Server.Kestrel.Http2|Connection id "0HN2A48M1J277" sending HEADERS frame for stream ID 1 with length 66 and flags END_HEADERS. 
2024-03-22 11:43:06.1860|TRACE|Microsoft.AspNetCore.Server.Kestrel.Http2|Connection id "0HN2A48M1J277" sending DATA frame for stream ID 1 with length 4096 and flags NONE. 
2024-03-22 11:43:06.1977|TRACE|Microsoft.AspNetCore.Server.Kestrel.Http2|Connection id "0HN2A48M1J277" sending DATA frame for stream ID 1 with length 992 and flags NONE. 
2024-03-22 11:43:06.1977|TRACE|Microsoft.AspNetCore.Server.Kestrel.Http2|Connection id "0HN2A48M1J277" sending DATA frame for stream ID 1 with length 81 and flags NONE. 
2024-03-22 11:43:06.1977|DEBUG|Microsoft.AspNetCore.Watch.BrowserRefresh.BrowserRefreshMiddleware|Response markup was updated to include browser refresh script injection. 
2024-03-22 11:43:06.2079|TRACE|Microsoft.AspNetCore.Server.Kestrel.Http2|Connection id "0HN2A48M1J277" sending DATA frame for stream ID 1 with length 0 and flags END_STREAM. 
2024-03-22 11:43:06.2079|INFO|Microsoft.AspNetCore.Hosting.Diagnostics|Request finished HTTP/2 GET https://localhost:7290/swagger/index.html - 200 - text/html;charset=utf-8 452.3926ms 
2024-03-22 11:43:06.3499|TRACE|Microsoft.AspNetCore.Server.Kestrel.Http2|Connection id "0HN2A48M1J277" received HEADERS frame for stream ID 3 with length 115 and flags END_STREAM, END_HEADERS, PRIORITY. 
2024-03-22 11:43:06.3499|TRACE|Microsoft.AspNetCore.Server.Kestrel.Http2|Connection id "0HN2A48M1J277" received HEADERS frame for stream ID 5 with length 51 and flags END_STREAM, END_HEADERS, PRIORITY. 
2024-03-22 11:43:06.3499|INFO|Microsoft.AspNetCore.Hosting.Diagnostics|Request starting HTTP/2 GET https://localhost:7290/_vs/browserLink - - - 
2024-03-22 11:43:06.3499|INFO|Microsoft.AspNetCore.Hosting.Diagnostics|Request starting HTTP/2 GET https://localhost:7290/_framework/aspnetcore-browser-refresh.js - - - 
2024-03-22 11:43:06.3499|TRACE|Microsoft.AspNetCore.Server.Kestrel.Http2|Connection id "0HN2A48M1J277" sending HEADERS frame for stream ID 5 with length 60 and flags END_HEADERS. 
2024-03-22 11:43:06.3499|TRACE|Microsoft.AspNetCore.Server.Kestrel.Http2|Connection id "0HN2A48M1J277" sending DATA frame for stream ID 5 with length 13761 and flags NONE. 
2024-03-22 11:43:06.3736|TRACE|Microsoft.AspNetCore.Server.Kestrel.Http2|Connection id "0HN2A48M1J277" sending DATA frame for stream ID 5 with length 0 and flags END_STREAM. 
2024-03-22 11:43:06.3736|INFO|Microsoft.AspNetCore.Hosting.Diagnostics|Request finished HTTP/2 GET https://localhost:7290/_framework/aspnetcore-browser-refresh.js - 200 13761 application/javascript;+charset=utf-8 20.0674ms 
2024-03-22 11:43:06.4179|TRACE|Microsoft.AspNetCore.Server.Kestrel.Http2|Connection id "0HN2A48M1J277" sending HEADERS frame for stream ID 3 with length 119 and flags END_HEADERS. 
2024-03-22 11:43:06.4179|TRACE|Microsoft.AspNetCore.Server.Kestrel.Http2|Connection id "0HN2A48M1J277" sending DATA frame for stream ID 3 with length 9986 and flags NONE. 
2024-03-22 11:43:06.4179|TRACE|Microsoft.AspNetCore.Server.Kestrel.Http2|Connection id "0HN2A48M1J277" sending DATA frame for stream ID 3 with length 10240 and flags NONE. 
2024-03-22 11:43:06.4179|TRACE|Microsoft.AspNetCore.Server.Kestrel.Http2|Connection id "0HN2A48M1J277" sending DATA frame for stream ID 3 with length 10240 and flags NONE. 
2024-03-22 11:43:06.4269|TRACE|Microsoft.AspNetCore.Server.Kestrel.Http2|Connection id "0HN2A48M1J277" sending DATA frame for stream ID 3 with length 10240 and flags NONE. 
2024-03-22 11:43:06.4269|TRACE|Microsoft.AspNetCore.Server.Kestrel.Http2|Connection id "0HN2A48M1J277" sending DATA frame for stream ID 3 with length 10240 and flags NONE. 
2024-03-22 11:43:06.4269|TRACE|Microsoft.AspNetCore.Server.Kestrel.Http2|Connection id "0HN2A48M1J277" sending DATA frame for stream ID 3 with length 10240 and flags NONE. 
2024-03-22 11:43:06.4269|TRACE|Microsoft.AspNetCore.Server.Kestrel.Http2|Connection id "0HN2A48M1J277" sending DATA frame for stream ID 3 with length 10240 and flags NONE. 
2024-03-22 11:43:06.4269|TRACE|Microsoft.AspNetCore.Server.Kestrel.Http2|Connection id "0HN2A48M1J277" sending DATA frame for stream ID 3 with length 10240 and flags NONE. 
2024-03-22 11:43:06.4269|TRACE|Microsoft.AspNetCore.Server.Kestrel.Http2|Connection id "0HN2A48M1J277" sending DATA frame for stream ID 3 with length 10240 and flags NONE. 
2024-03-22 11:43:06.4269|TRACE|Microsoft.AspNetCore.Server.Kestrel.Http2|Connection id "0HN2A48M1J277" sending DATA frame for stream ID 3 with length 10240 and flags NONE. 
2024-03-22 11:43:06.4269|TRACE|Microsoft.AspNetCore.Server.Kestrel.Http2|Connection id "0HN2A48M1J277" sending DATA frame for stream ID 3 with length 10240 and flags NONE. 
2024-03-22 11:43:06.4269|TRACE|Microsoft.AspNetCore.Server.Kestrel.Http2|Connection id "0HN2A48M1J277" sending DATA frame for stream ID 3 with length 10240 and flags NONE. 
2024-03-22 11:43:06.4269|TRACE|Microsoft.AspNetCore.Server.Kestrel.Http2|Connection id "0HN2A48M1J277" sending DATA frame for stream ID 3 with length 10240 and flags NONE. 
2024-03-22 11:43:06.4269|TRACE|Microsoft.AspNetCore.Server.Kestrel.Http2|Connection id "0HN2A48M1J277" sending DATA frame for stream ID 3 with length 10240 and flags NONE. 
2024-03-22 11:43:06.4418|TRACE|Microsoft.AspNetCore.Server.Kestrel.Http2|Connection id "0HN2A48M1J277" sending DATA frame for stream ID 3 with length 10240 and flags NONE. 
2024-03-22 11:43:06.4418|TRACE|Microsoft.AspNetCore.Server.Kestrel.Http2|Connection id "0HN2A48M1J277" sending DATA frame for stream ID 3 with length 160 and flags NONE. 
2024-03-22 11:43:06.4418|TRACE|Microsoft.AspNetCore.Server.Kestrel.Http2|Connection id "0HN2A48M1J277" sending DATA frame for stream ID 3 with length 0 and flags END_STREAM. 
2024-03-22 11:43:06.4418|INFO|Microsoft.AspNetCore.Hosting.Diagnostics|Request finished HTTP/2 GET https://localhost:7290/_vs/browserLink - 200 - text/javascript;+charset=UTF-8 92.2483ms 
2024-03-22 11:43:06.7566|TRACE|Microsoft.AspNetCore.Server.Kestrel.Http2|Connection id "0HN2A48M1J277" received HEADERS frame for stream ID 7 with length 66 and flags END_STREAM, END_HEADERS, PRIORITY. 
2024-03-22 11:43:06.7566|INFO|Microsoft.AspNetCore.Hosting.Diagnostics|Request starting HTTP/2 GET https://localhost:7290/swagger/v1/swagger.json - - - 
2024-03-22 11:43:06.7566|TRACE|Microsoft.AspNetCore.HostFiltering.HostFilteringMiddleware|All hosts are allowed. 
2024-03-22 11:43:06.7566|DEBUG|Microsoft.AspNetCore.Routing.Matching.DfaMatcher|No candidates found for the request path '/swagger/v1/swagger.json' 
2024-03-22 11:43:06.7566|DEBUG|Microsoft.AspNetCore.Routing.EndpointRoutingMiddleware|Request did not match any endpoints 
2024-03-22 11:43:07.1503|TRACE|Microsoft.AspNetCore.Server.Kestrel.Http2|Connection id "0HN2A48M1J277" sending HEADERS frame for stream ID 7 with length 65 and flags END_HEADERS. 
2024-03-22 11:43:07.1503|TRACE|Microsoft.AspNetCore.Server.Kestrel.Http2|Connection id "0HN2A48M1J277" sending DATA frame for stream ID 7 with length 16384 and flags NONE. 
2024-03-22 11:43:07.1503|TRACE|Microsoft.AspNetCore.Server.Kestrel.Http2|Connection id "0HN2A48M1J277" sending DATA frame for stream ID 7 with length 16384 and flags NONE. 
2024-03-22 11:43:07.1503|TRACE|Microsoft.AspNetCore.Server.Kestrel.Http2|Connection id "0HN2A48M1J277" sending DATA frame for stream ID 7 with length 16384 and flags NONE. 
2024-03-22 11:43:07.1503|TRACE|Microsoft.AspNetCore.Server.Kestrel.Http2|Connection id "0HN2A48M1J277" sending DATA frame for stream ID 7 with length 9384 and flags NONE. 
2024-03-22 11:43:07.1503|TRACE|Microsoft.AspNetCore.Server.Kestrel.Http2|Connection id "0HN2A48M1J277" sending DATA frame for stream ID 7 with length 0 and flags END_STREAM. 
2024-03-22 11:43:07.1503|INFO|Microsoft.AspNetCore.Hosting.Diagnostics|Request finished HTTP/2 GET https://localhost:7290/swagger/v1/swagger.json - 200 - application/json;charset=utf-8 397.0090ms 
2024-03-22 11:43:08.5207|DEBUG|Microsoft.AspNetCore.Server.Kestrel.Transport.Sockets|Connection id "0HN2A48M1J277" received FIN. 
2024-03-22 11:43:08.5207|DEBUG|Microsoft.AspNetCore.Server.Kestrel.Http2|The connection queue processing loop for 0HN2A48M1J277 completed. 
2024-03-22 11:43:08.5207|DEBUG|Microsoft.AspNetCore.Server.Kestrel.Http2|Connection id "0HN2A48M1J277" is closed. The last processed stream ID was 7. 
2024-03-22 11:43:08.5207|DEBUG|Microsoft.AspNetCore.Server.Kestrel.Transport.Sockets|Connection id "0HN2A48M1J277" sending FIN because: "The Socket transport's send loop completed gracefully." 
2024-03-22 11:43:08.5207|DEBUG|Microsoft.AspNetCore.Server.Kestrel.Connections|Connection id "0HN2A48M1J277" stopped. 
2024-03-22 11:45:11.3857|DEBUG|Microsoft.AspNetCore.Server.Kestrel.Connections|Connection id "0HN2A48M1J278" accepted. 
2024-03-22 11:45:11.3857|DEBUG|Microsoft.AspNetCore.Server.Kestrel.Connections|Connection id "0HN2A48M1J278" started. 
2024-03-22 11:45:11.4066|DEBUG|Microsoft.AspNetCore.Server.Kestrel.Https.Internal.HttpsConnectionMiddleware|Connection 0HN2A48M1J278 established using the following protocol: Tls13 
2024-03-22 11:45:11.4160|INFO|Microsoft.AspNetCore.Hosting.Diagnostics|Request starting HTTP/1.1 POST https://localhost:7290/api/Auth/SendEmailCode - application/json 38 
2024-03-22 11:45:11.4160|TRACE|Microsoft.AspNetCore.HostFiltering.HostFilteringMiddleware|All hosts are allowed. 
2024-03-22 11:45:11.4354|DEBUG|Microsoft.AspNetCore.Routing.Matching.DfaMatcher|1 candidate(s) found for the request path '/api/Auth/SendEmailCode' 
2024-03-22 11:45:11.4354|DEBUG|Microsoft.AspNetCore.Routing.Matching.DfaMatcher|Endpoint 'LitZhu.WebApi.Controllers.User.AuthController.SendEmailCode (LitZhu.WebApi)' with route pattern 'api/Auth/SendEmailCode' is valid for the request path '/api/Auth/SendEmailCode' 
2024-03-22 11:45:11.4354|DEBUG|Microsoft.AspNetCore.Routing.EndpointRoutingMiddleware|Request matched endpoint 'LitZhu.WebApi.Controllers.User.AuthController.SendEmailCode (LitZhu.WebApi)' 
2024-03-22 11:45:11.4354|TRACE|Microsoft.AspNetCore.Routing.EndpointRoutingMiddleware|The endpoint does not specify the IRequestSizeLimitMetadata. 
2024-03-22 11:45:11.4428|DEBUG|Microsoft.AspNetCore.StaticFiles.StaticFileMiddleware|Static files was skipped as the request already matched an endpoint. 
2024-03-22 11:45:11.5547|DEBUG|Microsoft.AspNetCore.Authentication.JwtBearer.JwtBearerHandler|AuthenticationScheme: Bearer was not authenticated. 
2024-03-22 11:45:11.5547|INFO|Microsoft.AspNetCore.Routing.EndpointMiddleware|Executing endpoint 'LitZhu.WebApi.Controllers.User.AuthController.SendEmailCode (LitZhu.WebApi)' 
2024-03-22 11:45:11.5996|INFO|Microsoft.AspNetCore.Mvc.Infrastructure.ControllerActionInvoker|Route matched with {action = "SendEmailCode", controller = "Auth"}. Executing controller action with signature System.Threading.Tasks.Task`1[Microsoft.AspNetCore.Mvc.ActionResult`1[System.String]] SendEmailCode(LitZhu.WebApi.Controllers.User.SendEmailCodeRequest) on controller LitZhu.WebApi.Controllers.User.AuthController (LitZhu.WebApi). 
2024-03-22 11:45:11.5996|DEBUG|Microsoft.AspNetCore.Mvc.Infrastructure.ControllerActionInvoker|Execution plan of authorization filters (in the following order): None 
2024-03-22 11:45:11.5996|DEBUG|Microsoft.AspNetCore.Mvc.Infrastructure.ControllerActionInvoker|Execution plan of resource filters (in the following order): None 
2024-03-22 11:45:11.5996|DEBUG|Microsoft.AspNetCore.Mvc.Infrastructure.ControllerActionInvoker|Execution plan of action filters (in the following order): Microsoft.AspNetCore.Mvc.ModelBinding.UnsupportedContentTypeFilter (Order: -3000), Microsoft.AspNetCore.Mvc.Infrastructure.ModelStateInvalidFilter (Order: -2000) 
2024-03-22 11:45:11.5996|DEBUG|Microsoft.AspNetCore.Mvc.Infrastructure.ControllerActionInvoker|Execution plan of exception filters (in the following order): None 
2024-03-22 11:45:11.5996|DEBUG|Microsoft.AspNetCore.Mvc.Infrastructure.ControllerActionInvoker|Execution plan of result filters (in the following order): Microsoft.AspNetCore.Mvc.Infrastructure.ClientErrorResultFilter (Order: -2000) 
2024-03-22 11:45:11.5996|DEBUG|Microsoft.AspNetCore.Mvc.Infrastructure.ControllerActionInvoker|Executing controller factory for controller LitZhu.WebApi.Controllers.User.AuthController (LitZhu.WebApi) 
2024-03-22 11:45:11.9703|DEBUG|Microsoft.EntityFrameworkCore.Infrastructure|An additional 'IServiceProvider' was created for internal use by Entity Framework. An existing service provider was not used due to the following configuration changes: configuration changed for 'Core:ConfigureWarnings', configuration added for 'Pomelo.EntityFrameworkCore.MySql:ServerVersion', configuration added for 'Pomelo.EntityFrameworkCore.MySql:DisableBackslashEscaping', configuration added for 'Pomelo.EntityFrameworkCore.MySql:SetSqlModeOnOpen', configuration added for 'Pomelo.EntityFrameworkCore.MySql:DisableLineBreakToCharSubstition', configuration added for 'Pomelo.EntityFrameworkCore.MySql:DefaultDataTypeMappings', configuration added for 'Pomelo.EntityFrameworkCore.MySql:SchemaBehavior', configuration added for 'Pomelo.EntityFrameworkCore.MySql:SchemaNameTranslator', configuration added for 'Pomelo.EntityFrameworkCore.MySql:EnableIndexOptimizedBooleanColumns', configuration added for 'Pomelo.EntityFrameworkCore.MySql:LimitKeyedOrIndexedStringColumnLength', configuration added for 'Pomelo.EntityFrameworkCore.MySql:EnableStringComparisonTranslations', configuration added for 'Pomelo.EntityFrameworkCore.MySql:EnablePrimitiveCollectionsSupport'. 
2024-03-22 11:45:12.6396|DEBUG|Microsoft.EntityFrameworkCore.Model|The index {'UserId'} was not created on entity type 'UserRoles' as the properties are already covered by the index {'UserId', 'RoleId'}. 
2024-03-22 11:45:12.7610|WARN|Microsoft.EntityFrameworkCore.Model.Validation|Entity 'Users' has a global query filter defined and is the required end of a relationship with the entity 'UserAccessFail'. This may lead to unexpected results when the required entity is filtered out. Either configure the navigation as optional, or define matching query filters for both entities in the navigation. See https://go.microsoft.com/fwlink/?linkid=2131316 for more information. 
2024-03-22 11:45:12.7610|WARN|Microsoft.EntityFrameworkCore.Model.Validation|Entity 'Roles' has a global query filter defined and is the required end of a relationship with the entity 'UserRoles'. This may lead to unexpected results when the required entity is filtered out. Either configure the navigation as optional, or define matching query filters for both entities in the navigation. See https://go.microsoft.com/fwlink/?linkid=2131316 for more information. 
2024-03-22 11:45:13.0592|DEBUG|Microsoft.EntityFrameworkCore.Infrastructure|Entity Framework Core 8.0.1 initialized 'UserDbContext' using provider 'Pomelo.EntityFrameworkCore.MySql:8.0.1' with options: ServerVersion=8.0.23-mysql  
2024-03-22 11:45:13.4146|DEBUG|Microsoft.AspNetCore.Mvc.Infrastructure.ControllerActionInvoker|Executed controller factory for controller LitZhu.WebApi.Controllers.User.AuthController (LitZhu.WebApi) 
2024-03-22 11:45:13.4146|DEBUG|Microsoft.AspNetCore.Mvc.ModelBinding.ParameterBinder|Attempting to bind parameter 'req' of type 'LitZhu.WebApi.Controllers.User.SendEmailCodeRequest' ... 
2024-03-22 11:45:13.4146|DEBUG|Microsoft.AspNetCore.Mvc.ModelBinding.Binders.BodyModelBinder|Attempting to bind parameter 'req' of type 'LitZhu.WebApi.Controllers.User.SendEmailCodeRequest' using the name '' in request data ... 
2024-03-22 11:45:13.4269|DEBUG|Microsoft.AspNetCore.Mvc.ModelBinding.Binders.BodyModelBinder|Rejected input formatter 'Microsoft.AspNetCore.Mvc.Formatters.NewtonsoftJsonPatchInputFormatter' for content type 'application/json'. 
2024-03-22 11:45:13.4269|DEBUG|Microsoft.AspNetCore.Mvc.ModelBinding.Binders.BodyModelBinder|Selected input formatter 'Microsoft.AspNetCore.Mvc.Formatters.NewtonsoftJsonInputFormatter' for content type 'application/json'. 
2024-03-22 11:45:13.4269|DEBUG|Microsoft.AspNetCore.Server.Kestrel|Connection id "0HN2A48M1J278", Request id "0HN2A48M1J278:00000001": started reading request body. 
2024-03-22 11:45:13.4269|DEBUG|Microsoft.AspNetCore.Server.Kestrel|Connection id "0HN2A48M1J278", Request id "0HN2A48M1J278:00000001": done reading request body. 
2024-03-22 11:45:13.5669|DEBUG|Microsoft.AspNetCore.Mvc.ModelBinding.Binders.BodyModelBinder|Done attempting to bind parameter 'req' of type 'LitZhu.WebApi.Controllers.User.SendEmailCodeRequest'. 
2024-03-22 11:45:13.5669|DEBUG|Microsoft.AspNetCore.Mvc.ModelBinding.ParameterBinder|Done attempting to bind parameter 'req' of type 'LitZhu.WebApi.Controllers.User.SendEmailCodeRequest'. 
2024-03-22 11:45:13.5669|DEBUG|Microsoft.AspNetCore.Mvc.ModelBinding.ParameterBinder|Attempting to validate the bound parameter 'req' of type 'LitZhu.WebApi.Controllers.User.SendEmailCodeRequest' ... 
2024-03-22 11:45:13.5669|DEBUG|Microsoft.AspNetCore.Mvc.ModelBinding.ParameterBinder|Done attempting to validate the bound parameter 'req' of type 'LitZhu.WebApi.Controllers.User.SendEmailCodeRequest'. 
2024-03-22 11:45:13.5833|TRACE|Microsoft.AspNetCore.Mvc.Infrastructure.ControllerActionInvoker|Action Filter: Before executing OnActionExecuting on filter Microsoft.AspNetCore.Mvc.ModelBinding.UnsupportedContentTypeFilter. 
2024-03-22 11:45:13.5833|TRACE|Microsoft.AspNetCore.Mvc.Infrastructure.ControllerActionInvoker|Action Filter: After executing OnActionExecuting on filter Microsoft.AspNetCore.Mvc.ModelBinding.UnsupportedContentTypeFilter. 
2024-03-22 11:45:13.5833|TRACE|Microsoft.AspNetCore.Mvc.Infrastructure.ControllerActionInvoker|Action Filter: Before executing OnActionExecuting on filter Microsoft.AspNetCore.Mvc.Infrastructure.ModelStateInvalidFilter. 
2024-03-22 11:45:13.5833|TRACE|Microsoft.AspNetCore.Mvc.Infrastructure.ControllerActionInvoker|Action Filter: After executing OnActionExecuting on filter Microsoft.AspNetCore.Mvc.Infrastructure.ModelStateInvalidFilter. 
2024-03-22 11:45:13.5833|INFO|Microsoft.AspNetCore.Mvc.Infrastructure.ControllerActionInvoker|Executing action method LitZhu.WebApi.Controllers.User.AuthController.SendEmailCode (LitZhu.WebApi) - Validation state: Valid 
2024-03-22 11:45:13.5833|TRACE|Microsoft.AspNetCore.Mvc.Infrastructure.ControllerActionInvoker|Executing action method LitZhu.WebApi.Controllers.User.AuthController.SendEmailCode (LitZhu.WebApi) with arguments (SendEmailCodeRequest { Email = litzhuvich@foxmain.com }) 
2024-03-22 11:45:13.6894|DEBUG|Microsoft.EntityFrameworkCore.Query|Compiling query expression: 
'DbSet<Users>()
    .Include(x => x.UserAccessFail)
    .Include(x => x.UserRoles)
    .ThenInclude(ur => ur.Roles)
    .FirstOrDefault(x => x.Email == __email_0)' 
2024-03-22 11:45:13.7972|DEBUG|Microsoft.EntityFrameworkCore.Query|Including navigation: 'Users.UserAccessFail'. 
2024-03-22 11:45:13.7972|DEBUG|Microsoft.EntityFrameworkCore.Query|Including navigation: 'Users.UserRoles'. 
2024-03-22 11:45:13.8025|DEBUG|Microsoft.EntityFrameworkCore.Query|Including navigation: 'UserRoles.Roles'. 
2024-03-22 11:45:14.1302|DEBUG|Microsoft.EntityFrameworkCore.Query|Generated query execution expression: 
'queryContext => ShapedQueryCompilingExpressionVisitor.SingleOrDefaultAsync<Users>(
    asyncEnumerable: new SingleQueryingEnumerable<Users>(
        (RelationalQueryContext)queryContext, 
        RelationalCommandCache.QueryExpression(
            Client Projections:
                0 -> Dictionary<IProperty, int> { [Property: Users.Id (Guid) Required PK AfterSave:Throw ValueGenerated.OnAdd, 0], [Property: Users.Avatar (string), 1], [Property: Users.CreationTime (DateTime) Required, 2], [Property: Users.DeletionTime (DateTime?), 3], [Property: Users.Email (string), 4], [Property: Users.Gender (Gender) Required, 5], [Property: Users.IsDeleted (bool) Required Index, 6], [Property: Users.LastModificationTime (DateTime?), 7], [Property: Users.Password (string) Required MaxLength(100) ANSI, 8], [Property: Users.Phone (string), 9], [Property: Users.Username (string) Required Index MaxLength(10), 10] }
                1 -> Dictionary<IProperty, int> { [Property: UserAccessFail.Id (Guid) Required PK AfterSave:Throw ValueGenerated.OnAdd, 11], [Property: UserAccessFail.AccessFailedCount (int) Required, 12], [Property: UserAccessFail.CreationTime (DateTime) Required, 13], [Property: UserAccessFail.IsLockOut (bool) Required, 14], [Property: UserAccessFail.LockOutEnd (DateTime?), 15], [Property: UserAccessFail.UserId (Guid) Required FK Index, 16] }
                2 -> 0
                3 -> 11
                4 -> Dictionary<IProperty, int> { [Property: UserRoles.UserId (Guid) Required PK FK AfterSave:Throw, 17], [Property: UserRoles.RoleId (Guid) Required PK FK Index AfterSave:Throw, 18] }
                5 -> Dictionary<IProperty, int> { [Property: Roles.Id (Guid) Required PK AfterSave:Throw ValueGenerated.OnAdd, 19], [Property: Roles.CreationTime (DateTime) Required, 20], [Property: Roles.DeletionTime (DateTime?), 21], [Property: Roles.IsDeleted (bool) Required Index, 22], [Property: Roles.LastModificationTime (DateTime?), 23], [Property: Roles.RoleDesc (string) Required, 24], [Property: Roles.RoleName (string) Required MaxLength(10), 25] }
                6 -> 17
                7 -> 18
                8 -> 19
            SELECT t.Id, t.Avatar, t.CreationTime, t.DeletionTime, t.Email, t.Gender, t.IsDeleted, t.LastModificationTime, t.Password, t.Phone, t.Username, t.Id0, t.AccessFailedCount, t.CreationTime0, t.IsLockOut, t.LockOutEnd, t.UserId, t0.UserId, t0.RoleId, t0.Id, t0.CreationTime, t0.DeletionTime, t0.IsDeleted, t0.LastModificationTime, t0.RoleDesc, t0.RoleName
            FROM 
            (
                SELECT TOP(1) u.Id, u.Avatar, u.CreationTime, u.DeletionTime, u.Email, u.Gender, u.IsDeleted, u.LastModificationTime, u.Password, u.Phone, u.Username, u0.Id AS Id0, u0.AccessFailedCount, u0.CreationTime AS CreationTime0, u0.IsLockOut, u0.LockOutEnd, u0.UserId
                FROM Users AS u
                LEFT JOIN UserAccessFails AS u0 ON u.Id == u0.UserId
                WHERE (u.IsDeleted == FALSE) && (u.Email == @__email_0)
            ) AS t
            LEFT JOIN 
            (
                SELECT u1.UserId, u1.RoleId, t1.Id, t1.CreationTime, t1.DeletionTime, t1.IsDeleted, t1.LastModificationTime, t1.RoleDesc, t1.RoleName
                FROM Users_Roles AS u1
                INNER JOIN 
                (
                    SELECT r.Id, r.CreationTime, r.DeletionTime, r.IsDeleted, r.LastModificationTime, r.RoleDesc, r.RoleName
                    FROM Roles AS r
                    WHERE r.IsDeleted == FALSE
                ) AS t1 ON u1.RoleId == t1.Id
            ) AS t0 ON t.Id == t0.UserId
            ORDER BY t.Id ASC, t.Id0 ASC, t0.UserId ASC, t0.RoleId ASC), 
        null, 
        Func<QueryContext, DbDataReader, ResultContext, SingleQueryResultCoordinator, Users>, 
        User.Infrastructure.UserDbContext, 
        False, 
        False, 
        True
    ), 
    cancellationToken: queryContext.CancellationToken)' 
2024-03-22 11:45:14.1927|DEBUG|Microsoft.EntityFrameworkCore.Database.Connection|Creating DbConnection. 
2024-03-22 11:45:14.1927|DEBUG|Microsoft.EntityFrameworkCore.Database.Connection|Created DbConnection. (10ms). 
2024-03-22 11:45:14.2141|DEBUG|Microsoft.EntityFrameworkCore.Database.Connection|Opening connection to database 'LitZhu' on server 'localhost'. 
2024-03-22 11:45:14.3741|DEBUG|Microsoft.EntityFrameworkCore.Database.Connection|Opened connection to database 'LitZhu' on server 'localhost'. 
2024-03-22 11:45:14.3804|DEBUG|Microsoft.EntityFrameworkCore.Database.Command|Creating DbCommand for 'ExecuteReader'. 
2024-03-22 11:45:14.3804|DEBUG|Microsoft.EntityFrameworkCore.Database.Command|Created DbCommand for 'ExecuteReader' (4ms). 
2024-03-22 11:45:14.4050|DEBUG|Microsoft.EntityFrameworkCore.Database.Command|Initialized DbCommand for 'ExecuteReader' (25ms). 
2024-03-22 11:45:14.4181|DEBUG|Microsoft.EntityFrameworkCore.Database.Command|Executing DbCommand [Parameters=[@__email_0='?' (Size = 4000)], CommandType='Text', CommandTimeout='30']
SELECT `t`.`Id`, `t`.`Avatar`, `t`.`CreationTime`, `t`.`DeletionTime`, `t`.`Email`, `t`.`Gender`, `t`.`IsDeleted`, `t`.`LastModificationTime`, `t`.`Password`, `t`.`Phone`, `t`.`Username`, `t`.`Id0`, `t`.`AccessFailedCount`, `t`.`CreationTime0`, `t`.`IsLockOut`, `t`.`LockOutEnd`, `t`.`UserId`, `t0`.`UserId`, `t0`.`RoleId`, `t0`.`Id`, `t0`.`CreationTime`, `t0`.`DeletionTime`, `t0`.`IsDeleted`, `t0`.`LastModificationTime`, `t0`.`RoleDesc`, `t0`.`RoleName`
FROM (
    SELECT `u`.`Id`, `u`.`Avatar`, `u`.`CreationTime`, `u`.`DeletionTime`, `u`.`Email`, `u`.`Gender`, `u`.`IsDeleted`, `u`.`LastModificationTime`, `u`.`Password`, `u`.`Phone`, `u`.`Username`, `u0`.`Id` AS `Id0`, `u0`.`AccessFailedCount`, `u0`.`CreationTime` AS `CreationTime0`, `u0`.`IsLockOut`, `u0`.`LockOutEnd`, `u0`.`UserId`
    FROM `Users` AS `u`
    LEFT JOIN `UserAccessFails` AS `u0` ON `u`.`Id` = `u0`.`UserId`
    WHERE NOT (`u`.`IsDeleted`) AND (`u`.`Email` = @__email_0)
    LIMIT 1
) AS `t`
LEFT JOIN (
    SELECT `u1`.`UserId`, `u1`.`RoleId`, `t1`.`Id`, `t1`.`CreationTime`, `t1`.`DeletionTime`, `t1`.`IsDeleted`, `t1`.`LastModificationTime`, `t1`.`RoleDesc`, `t1`.`RoleName`
    FROM `Users_Roles` AS `u1`
    INNER JOIN (
        SELECT `r`.`Id`, `r`.`CreationTime`, `r`.`DeletionTime`, `r`.`IsDeleted`, `r`.`LastModificationTime`, `r`.`RoleDesc`, `r`.`RoleName`
        FROM `Roles` AS `r`
        WHERE NOT (`r`.`IsDeleted`)
    ) AS `t1` ON `u1`.`RoleId` = `t1`.`Id`
) AS `t0` ON `t`.`Id` = `t0`.`UserId`
ORDER BY `t`.`Id`, `t`.`Id0`, `t0`.`UserId`, `t0`.`RoleId` 
2024-03-22 11:45:14.4894|INFO|Microsoft.EntityFrameworkCore.Database.Command|Executed DbCommand (77ms) [Parameters=[@__email_0='?' (Size = 4000)], CommandType='Text', CommandTimeout='30']
SELECT `t`.`Id`, `t`.`Avatar`, `t`.`CreationTime`, `t`.`DeletionTime`, `t`.`Email`, `t`.`Gender`, `t`.`IsDeleted`, `t`.`LastModificationTime`, `t`.`Password`, `t`.`Phone`, `t`.`Username`, `t`.`Id0`, `t`.`AccessFailedCount`, `t`.`CreationTime0`, `t`.`IsLockOut`, `t`.`LockOutEnd`, `t`.`UserId`, `t0`.`UserId`, `t0`.`RoleId`, `t0`.`Id`, `t0`.`CreationTime`, `t0`.`DeletionTime`, `t0`.`IsDeleted`, `t0`.`LastModificationTime`, `t0`.`RoleDesc`, `t0`.`RoleName`
FROM (
    SELECT `u`.`Id`, `u`.`Avatar`, `u`.`CreationTime`, `u`.`DeletionTime`, `u`.`Email`, `u`.`Gender`, `u`.`IsDeleted`, `u`.`LastModificationTime`, `u`.`Password`, `u`.`Phone`, `u`.`Username`, `u0`.`Id` AS `Id0`, `u0`.`AccessFailedCount`, `u0`.`CreationTime` AS `CreationTime0`, `u0`.`IsLockOut`, `u0`.`LockOutEnd`, `u0`.`UserId`
    FROM `Users` AS `u`
    LEFT JOIN `UserAccessFails` AS `u0` ON `u`.`Id` = `u0`.`UserId`
    WHERE NOT (`u`.`IsDeleted`) AND (`u`.`Email` = @__email_0)
    LIMIT 1
) AS `t`
LEFT JOIN (
    SELECT `u1`.`UserId`, `u1`.`RoleId`, `t1`.`Id`, `t1`.`CreationTime`, `t1`.`DeletionTime`, `t1`.`IsDeleted`, `t1`.`LastModificationTime`, `t1`.`RoleDesc`, `t1`.`RoleName`
    FROM `Users_Roles` AS `u1`
    INNER JOIN (
        SELECT `r`.`Id`, `r`.`CreationTime`, `r`.`DeletionTime`, `r`.`IsDeleted`, `r`.`LastModificationTime`, `r`.`RoleDesc`, `r`.`RoleName`
        FROM `Roles` AS `r`
        WHERE NOT (`r`.`IsDeleted`)
    ) AS `t1` ON `u1`.`RoleId` = `t1`.`Id`
) AS `t0` ON `t`.`Id` = `t0`.`UserId`
ORDER BY `t`.`Id`, `t`.`Id0`, `t0`.`UserId`, `t0`.`RoleId` 
2024-03-22 11:45:14.5394|DEBUG|Microsoft.EntityFrameworkCore.ChangeTracking|Context 'UserDbContext' started tracking 'Users' entity. Consider using 'DbContextOptionsBuilder.EnableSensitiveDataLogging' to see key values. 
2024-03-22 11:45:14.5995|DEBUG|Microsoft.EntityFrameworkCore.ChangeTracking|The navigation 'Users.UserAccessFail' was detected as changed. Consider using 'DbContextOptionsBuilder.EnableSensitiveDataLogging' to see key values. 
2024-03-22 11:45:14.5995|DEBUG|Microsoft.EntityFrameworkCore.ChangeTracking|Context 'UserDbContext' started tracking 'UserAccessFail' entity. Consider using 'DbContextOptionsBuilder.EnableSensitiveDataLogging' to see key values. 
2024-03-22 11:45:14.6299|DEBUG|Microsoft.EntityFrameworkCore.Database.Command|Closing data reader to 'LitZhu' on server 'localhost'. 
2024-03-22 11:45:14.6299|DEBUG|Microsoft.EntityFrameworkCore.Database.Command|A data reader for 'LitZhu' on server 'localhost' is being disposed after spending 145ms reading results. 
2024-03-22 11:45:14.6299|DEBUG|Microsoft.EntityFrameworkCore.Database.Connection|Closing connection to database 'LitZhu' on server 'localhost'. 
2024-03-22 11:45:14.6488|DEBUG|Microsoft.EntityFrameworkCore.Database.Connection|Closed connection to database 'LitZhu' on server 'localhost' (4ms). 
2024-03-22 11:45:14.6697|WARN|User.Infrastructure.EmailCodeSender|向邮箱地址：litzhuvich@foxmain.com , 发送验证码：23612 
2024-03-22 11:45:14.6697|INFO|Microsoft.AspNetCore.Mvc.Infrastructure.ControllerActionInvoker|Executed action method LitZhu.WebApi.Controllers.User.AuthController.SendEmailCode (LitZhu.WebApi), returned result Microsoft.AspNetCore.Mvc.OkObjectResult in 1078.0214ms. 
2024-03-22 11:45:14.6697|TRACE|Microsoft.AspNetCore.Mvc.Infrastructure.ControllerActionInvoker|Action Filter: Before executing OnActionExecuted on filter Microsoft.AspNetCore.Mvc.Infrastructure.ModelStateInvalidFilter. 
2024-03-22 11:45:14.6761|TRACE|Microsoft.AspNetCore.Mvc.Infrastructure.ControllerActionInvoker|Action Filter: After executing OnActionExecuted on filter Microsoft.AspNetCore.Mvc.Infrastructure.ModelStateInvalidFilter. 
2024-03-22 11:45:14.6761|TRACE|Microsoft.AspNetCore.Mvc.Infrastructure.ControllerActionInvoker|Action Filter: Before executing OnActionExecuted on filter Microsoft.AspNetCore.Mvc.ModelBinding.UnsupportedContentTypeFilter. 
2024-03-22 11:45:14.6761|TRACE|Microsoft.AspNetCore.Mvc.Infrastructure.ControllerActionInvoker|Action Filter: After executing OnActionExecuted on filter Microsoft.AspNetCore.Mvc.ModelBinding.UnsupportedContentTypeFilter. 
2024-03-22 11:45:14.6761|TRACE|Microsoft.AspNetCore.Mvc.Infrastructure.ControllerActionInvoker|Result Filter: Before executing OnResultExecuting on filter Microsoft.AspNetCore.Mvc.Infrastructure.ClientErrorResultFilter. 
2024-03-22 11:45:14.6761|TRACE|Microsoft.AspNetCore.Mvc.Infrastructure.ControllerActionInvoker|Result Filter: After executing OnResultExecuting on filter Microsoft.AspNetCore.Mvc.Infrastructure.ClientErrorResultFilter. 
2024-03-22 11:45:14.6761|TRACE|Microsoft.AspNetCore.Mvc.Infrastructure.ControllerActionInvoker|Before executing action result Microsoft.AspNetCore.Mvc.OkObjectResult. 
2024-03-22 11:45:14.6761|DEBUG|Microsoft.AspNetCore.Mvc.Infrastructure.DefaultOutputFormatterSelector|List of registered output formatters, in the following order: Microsoft.AspNetCore.Mvc.Formatters.HttpNoContentOutputFormatter, Microsoft.AspNetCore.Mvc.Formatters.StringOutputFormatter, Microsoft.AspNetCore.Mvc.Formatters.StreamOutputFormatter, Microsoft.AspNetCore.Mvc.Formatters.NewtonsoftJsonOutputFormatter 
2024-03-22 11:45:14.6761|DEBUG|Microsoft.AspNetCore.Mvc.Infrastructure.DefaultOutputFormatterSelector|No information found on request to perform content negotiation. 
2024-03-22 11:45:14.6761|DEBUG|Microsoft.AspNetCore.Mvc.Infrastructure.DefaultOutputFormatterSelector|Attempting to select an output formatter without using a content type as no explicit content types were specified for the response. 
2024-03-22 11:45:14.6761|DEBUG|Microsoft.AspNetCore.Mvc.Infrastructure.DefaultOutputFormatterSelector|Attempting to select the first formatter in the output formatters list which can write the result. 
2024-03-22 11:45:14.6761|DEBUG|Microsoft.AspNetCore.Mvc.Infrastructure.DefaultOutputFormatterSelector|Selected output formatter 'Microsoft.AspNetCore.Mvc.Formatters.NewtonsoftJsonOutputFormatter' and content type 'application/json' to write the response. 
2024-03-22 11:45:14.6761|INFO|Microsoft.AspNetCore.Mvc.Infrastructure.ObjectResultExecutor|Executing OkObjectResult, writing value of type 'LitZhu.WebApi.R'. 
2024-03-22 11:45:14.7167|TRACE|Microsoft.AspNetCore.Mvc.Infrastructure.ControllerActionInvoker|After executing action result Microsoft.AspNetCore.Mvc.OkObjectResult. 
2024-03-22 11:45:14.7167|TRACE|Microsoft.AspNetCore.Mvc.Infrastructure.ControllerActionInvoker|Result Filter: Before executing OnResultExecuted on filter Microsoft.AspNetCore.Mvc.Infrastructure.ClientErrorResultFilter. 
2024-03-22 11:45:14.7167|TRACE|Microsoft.AspNetCore.Mvc.Infrastructure.ControllerActionInvoker|Result Filter: After executing OnResultExecuted on filter Microsoft.AspNetCore.Mvc.Infrastructure.ClientErrorResultFilter. 
2024-03-22 11:45:14.7167|DEBUG|Microsoft.AspNetCore.Server.Kestrel.Transport.Sockets|Connection id "0HN2A48M1J278" received FIN. 
2024-03-22 11:45:14.7167|DEBUG|Microsoft.AspNetCore.Server.Kestrel.Transport.Sockets|Connection id "0HN2A48M1J278" sending FIN because: "The Socket transport's send loop completed gracefully." 
2024-03-22 11:45:14.7167|DEBUG|Microsoft.AspNetCore.Server.Kestrel.Connections|Connection id "0HN2A48M1J278" disconnecting. 
2024-03-22 11:45:14.7224|INFO|Microsoft.AspNetCore.Mvc.Infrastructure.ControllerActionInvoker|Executed action LitZhu.WebApi.Controllers.User.AuthController.SendEmailCode (LitZhu.WebApi) in 3115.2849ms 
2024-03-22 11:45:14.7224|INFO|Microsoft.AspNetCore.Routing.EndpointMiddleware|Executed endpoint 'LitZhu.WebApi.Controllers.User.AuthController.SendEmailCode (LitZhu.WebApi)' 
2024-03-22 11:45:14.7224|DEBUG|Microsoft.EntityFrameworkCore.Infrastructure|'UserDbContext' disposed. 
2024-03-22 11:45:14.7224|DEBUG|Microsoft.EntityFrameworkCore.Database.Connection|Disposing connection to database 'LitZhu' on server 'localhost'. 
2024-03-22 11:45:14.7224|DEBUG|Microsoft.EntityFrameworkCore.Database.Connection|Disposed connection to database 'LitZhu' on server 'localhost' (3ms). 
2024-03-22 11:45:14.7224|INFO|Microsoft.AspNetCore.Hosting.Diagnostics|Request finished HTTP/1.1 POST https://localhost:7290/api/Auth/SendEmailCode - 200 47 application/json;+charset=utf-8 3318.2525ms 
2024-03-22 11:45:14.7224|DEBUG|Microsoft.AspNetCore.Server.Kestrel.Connections|Connection id "0HN2A48M1J278" stopped. 
2024-03-22 11:46:13.4343|DEBUG|Microsoft.AspNetCore.Server.Kestrel.Connections|Connection id "0HN2A48M1J279" accepted. 
2024-03-22 11:46:13.4343|DEBUG|Microsoft.AspNetCore.Server.Kestrel.Connections|Connection id "0HN2A48M1J279" started. 
2024-03-22 11:46:13.4456|DEBUG|Microsoft.AspNetCore.Server.Kestrel.Https.Internal.HttpsConnectionMiddleware|Connection 0HN2A48M1J279 established using the following protocol: Tls13 
2024-03-22 11:46:13.4456|INFO|Microsoft.AspNetCore.Hosting.Diagnostics|Request starting HTTP/1.1 POST https://localhost:7290/api/Auth/SendEmailCode - application/json 38 
2024-03-22 11:46:13.4456|TRACE|Microsoft.AspNetCore.HostFiltering.HostFilteringMiddleware|All hosts are allowed. 
2024-03-22 11:46:13.4456|DEBUG|Microsoft.AspNetCore.Routing.Matching.DfaMatcher|1 candidate(s) found for the request path '/api/Auth/SendEmailCode' 
2024-03-22 11:46:13.4456|DEBUG|Microsoft.AspNetCore.Routing.Matching.DfaMatcher|Endpoint 'LitZhu.WebApi.Controllers.User.AuthController.SendEmailCode (LitZhu.WebApi)' with route pattern 'api/Auth/SendEmailCode' is valid for the request path '/api/Auth/SendEmailCode' 
2024-03-22 11:46:13.4456|DEBUG|Microsoft.AspNetCore.Routing.EndpointRoutingMiddleware|Request matched endpoint 'LitZhu.WebApi.Controllers.User.AuthController.SendEmailCode (LitZhu.WebApi)' 
2024-03-22 11:46:13.4456|TRACE|Microsoft.AspNetCore.Routing.EndpointRoutingMiddleware|The endpoint does not specify the IRequestSizeLimitMetadata. 
2024-03-22 11:46:13.4456|DEBUG|Microsoft.AspNetCore.StaticFiles.StaticFileMiddleware|Static files was skipped as the request already matched an endpoint. 
2024-03-22 11:46:13.4456|DEBUG|Microsoft.AspNetCore.Authentication.JwtBearer.JwtBearerHandler|AuthenticationScheme: Bearer was not authenticated. 
2024-03-22 11:46:13.4456|INFO|Microsoft.AspNetCore.Routing.EndpointMiddleware|Executing endpoint 'LitZhu.WebApi.Controllers.User.AuthController.SendEmailCode (LitZhu.WebApi)' 
2024-03-22 11:46:13.4456|INFO|Microsoft.AspNetCore.Mvc.Infrastructure.ControllerActionInvoker|Route matched with {action = "SendEmailCode", controller = "Auth"}. Executing controller action with signature System.Threading.Tasks.Task`1[Microsoft.AspNetCore.Mvc.ActionResult`1[System.String]] SendEmailCode(LitZhu.WebApi.Controllers.User.SendEmailCodeRequest) on controller LitZhu.WebApi.Controllers.User.AuthController (LitZhu.WebApi). 
2024-03-22 11:46:13.4456|DEBUG|Microsoft.AspNetCore.Mvc.Infrastructure.ControllerActionInvoker|Execution plan of authorization filters (in the following order): None 
2024-03-22 11:46:13.4456|DEBUG|Microsoft.AspNetCore.Mvc.Infrastructure.ControllerActionInvoker|Execution plan of resource filters (in the following order): None 
2024-03-22 11:46:13.4456|DEBUG|Microsoft.AspNetCore.Mvc.Infrastructure.ControllerActionInvoker|Execution plan of action filters (in the following order): Microsoft.AspNetCore.Mvc.ModelBinding.UnsupportedContentTypeFilter (Order: -3000), Microsoft.AspNetCore.Mvc.Infrastructure.ModelStateInvalidFilter (Order: -2000) 
2024-03-22 11:46:13.4456|DEBUG|Microsoft.AspNetCore.Mvc.Infrastructure.ControllerActionInvoker|Execution plan of exception filters (in the following order): None 
2024-03-22 11:46:13.4456|DEBUG|Microsoft.AspNetCore.Mvc.Infrastructure.ControllerActionInvoker|Execution plan of result filters (in the following order): Microsoft.AspNetCore.Mvc.Infrastructure.ClientErrorResultFilter (Order: -2000) 
2024-03-22 11:46:13.4456|DEBUG|Microsoft.AspNetCore.Mvc.Infrastructure.ControllerActionInvoker|Executing controller factory for controller LitZhu.WebApi.Controllers.User.AuthController (LitZhu.WebApi) 
2024-03-22 11:46:13.5083|DEBUG|Microsoft.EntityFrameworkCore.Infrastructure|Entity Framework Core 8.0.1 initialized 'UserDbContext' using provider 'Pomelo.EntityFrameworkCore.MySql:8.0.1' with options: ServerVersion=8.0.23-mysql  
2024-03-22 11:46:13.5083|DEBUG|Microsoft.AspNetCore.Mvc.Infrastructure.ControllerActionInvoker|Executed controller factory for controller LitZhu.WebApi.Controllers.User.AuthController (LitZhu.WebApi) 
2024-03-22 11:46:13.5083|DEBUG|Microsoft.AspNetCore.Mvc.ModelBinding.ParameterBinder|Attempting to bind parameter 'req' of type 'LitZhu.WebApi.Controllers.User.SendEmailCodeRequest' ... 
2024-03-22 11:46:13.5083|DEBUG|Microsoft.AspNetCore.Mvc.ModelBinding.Binders.BodyModelBinder|Attempting to bind parameter 'req' of type 'LitZhu.WebApi.Controllers.User.SendEmailCodeRequest' using the name '' in request data ... 
2024-03-22 11:46:13.5083|DEBUG|Microsoft.AspNetCore.Mvc.ModelBinding.Binders.BodyModelBinder|Rejected input formatter 'Microsoft.AspNetCore.Mvc.Formatters.NewtonsoftJsonPatchInputFormatter' for content type 'application/json'. 
2024-03-22 11:46:13.5083|DEBUG|Microsoft.AspNetCore.Mvc.ModelBinding.Binders.BodyModelBinder|Selected input formatter 'Microsoft.AspNetCore.Mvc.Formatters.NewtonsoftJsonInputFormatter' for content type 'application/json'. 
2024-03-22 11:46:13.5083|DEBUG|Microsoft.AspNetCore.Server.Kestrel|Connection id "0HN2A48M1J279", Request id "0HN2A48M1J279:00000001": started reading request body. 
2024-03-22 11:46:13.5083|DEBUG|Microsoft.AspNetCore.Server.Kestrel|Connection id "0HN2A48M1J279", Request id "0HN2A48M1J279:00000001": done reading request body. 
2024-03-22 11:46:13.5083|DEBUG|Microsoft.AspNetCore.Mvc.ModelBinding.Binders.BodyModelBinder|Done attempting to bind parameter 'req' of type 'LitZhu.WebApi.Controllers.User.SendEmailCodeRequest'. 
2024-03-22 11:46:13.5083|DEBUG|Microsoft.AspNetCore.Mvc.ModelBinding.ParameterBinder|Done attempting to bind parameter 'req' of type 'LitZhu.WebApi.Controllers.User.SendEmailCodeRequest'. 
2024-03-22 11:46:13.5083|DEBUG|Microsoft.AspNetCore.Mvc.ModelBinding.ParameterBinder|Attempting to validate the bound parameter 'req' of type 'LitZhu.WebApi.Controllers.User.SendEmailCodeRequest' ... 
2024-03-22 11:46:13.5083|DEBUG|Microsoft.AspNetCore.Mvc.ModelBinding.ParameterBinder|Done attempting to validate the bound parameter 'req' of type 'LitZhu.WebApi.Controllers.User.SendEmailCodeRequest'. 
2024-03-22 11:46:13.5083|TRACE|Microsoft.AspNetCore.Mvc.Infrastructure.ControllerActionInvoker|Action Filter: Before executing OnActionExecuting on filter Microsoft.AspNetCore.Mvc.ModelBinding.UnsupportedContentTypeFilter. 
2024-03-22 11:46:13.5083|TRACE|Microsoft.AspNetCore.Mvc.Infrastructure.ControllerActionInvoker|Action Filter: After executing OnActionExecuting on filter Microsoft.AspNetCore.Mvc.ModelBinding.UnsupportedContentTypeFilter. 
2024-03-22 11:46:13.5083|TRACE|Microsoft.AspNetCore.Mvc.Infrastructure.ControllerActionInvoker|Action Filter: Before executing OnActionExecuting on filter Microsoft.AspNetCore.Mvc.Infrastructure.ModelStateInvalidFilter. 
2024-03-22 11:46:13.5083|TRACE|Microsoft.AspNetCore.Mvc.Infrastructure.ControllerActionInvoker|Action Filter: After executing OnActionExecuting on filter Microsoft.AspNetCore.Mvc.Infrastructure.ModelStateInvalidFilter. 
2024-03-22 11:46:13.5083|INFO|Microsoft.AspNetCore.Mvc.Infrastructure.ControllerActionInvoker|Executing action method LitZhu.WebApi.Controllers.User.AuthController.SendEmailCode (LitZhu.WebApi) - Validation state: Valid 
2024-03-22 11:46:13.5083|TRACE|Microsoft.AspNetCore.Mvc.Infrastructure.ControllerActionInvoker|Executing action method LitZhu.WebApi.Controllers.User.AuthController.SendEmailCode (LitZhu.WebApi) with arguments (SendEmailCodeRequest { Email = litzhuvich@foxmain.com }) 
2024-03-22 11:46:13.5218|DEBUG|Microsoft.EntityFrameworkCore.Database.Connection|Creating DbConnection. 
2024-03-22 11:46:13.5218|DEBUG|Microsoft.EntityFrameworkCore.Database.Connection|Created DbConnection. (0ms). 
2024-03-22 11:46:13.5218|DEBUG|Microsoft.EntityFrameworkCore.Database.Connection|Opening connection to database 'LitZhu' on server 'localhost'. 
2024-03-22 11:46:13.5428|DEBUG|Microsoft.EntityFrameworkCore.Database.Connection|Opened connection to database 'LitZhu' on server 'localhost'. 
2024-03-22 11:46:13.5428|DEBUG|Microsoft.EntityFrameworkCore.Database.Command|Creating DbCommand for 'ExecuteReader'. 
2024-03-22 11:46:13.5428|DEBUG|Microsoft.EntityFrameworkCore.Database.Command|Created DbCommand for 'ExecuteReader' (0ms). 
2024-03-22 11:46:13.5428|DEBUG|Microsoft.EntityFrameworkCore.Database.Command|Initialized DbCommand for 'ExecuteReader' (0ms). 
2024-03-22 11:46:13.5428|DEBUG|Microsoft.EntityFrameworkCore.Database.Command|Executing DbCommand [Parameters=[@__email_0='?' (Size = 4000)], CommandType='Text', CommandTimeout='30']
SELECT `t`.`Id`, `t`.`Avatar`, `t`.`CreationTime`, `t`.`DeletionTime`, `t`.`Email`, `t`.`Gender`, `t`.`IsDeleted`, `t`.`LastModificationTime`, `t`.`Password`, `t`.`Phone`, `t`.`Username`, `t`.`Id0`, `t`.`AccessFailedCount`, `t`.`CreationTime0`, `t`.`IsLockOut`, `t`.`LockOutEnd`, `t`.`UserId`, `t0`.`UserId`, `t0`.`RoleId`, `t0`.`Id`, `t0`.`CreationTime`, `t0`.`DeletionTime`, `t0`.`IsDeleted`, `t0`.`LastModificationTime`, `t0`.`RoleDesc`, `t0`.`RoleName`
FROM (
    SELECT `u`.`Id`, `u`.`Avatar`, `u`.`CreationTime`, `u`.`DeletionTime`, `u`.`Email`, `u`.`Gender`, `u`.`IsDeleted`, `u`.`LastModificationTime`, `u`.`Password`, `u`.`Phone`, `u`.`Username`, `u0`.`Id` AS `Id0`, `u0`.`AccessFailedCount`, `u0`.`CreationTime` AS `CreationTime0`, `u0`.`IsLockOut`, `u0`.`LockOutEnd`, `u0`.`UserId`
    FROM `Users` AS `u`
    LEFT JOIN `UserAccessFails` AS `u0` ON `u`.`Id` = `u0`.`UserId`
    WHERE NOT (`u`.`IsDeleted`) AND (`u`.`Email` = @__email_0)
    LIMIT 1
) AS `t`
LEFT JOIN (
    SELECT `u1`.`UserId`, `u1`.`RoleId`, `t1`.`Id`, `t1`.`CreationTime`, `t1`.`DeletionTime`, `t1`.`IsDeleted`, `t1`.`LastModificationTime`, `t1`.`RoleDesc`, `t1`.`RoleName`
    FROM `Users_Roles` AS `u1`
    INNER JOIN (
        SELECT `r`.`Id`, `r`.`CreationTime`, `r`.`DeletionTime`, `r`.`IsDeleted`, `r`.`LastModificationTime`, `r`.`RoleDesc`, `r`.`RoleName`
        FROM `Roles` AS `r`
        WHERE NOT (`r`.`IsDeleted`)
    ) AS `t1` ON `u1`.`RoleId` = `t1`.`Id`
) AS `t0` ON `t`.`Id` = `t0`.`UserId`
ORDER BY `t`.`Id`, `t`.`Id0`, `t0`.`UserId`, `t0`.`RoleId` 
2024-03-22 11:46:13.5568|INFO|Microsoft.EntityFrameworkCore.Database.Command|Executed DbCommand (13ms) [Parameters=[@__email_0='?' (Size = 4000)], CommandType='Text', CommandTimeout='30']
SELECT `t`.`Id`, `t`.`Avatar`, `t`.`CreationTime`, `t`.`DeletionTime`, `t`.`Email`, `t`.`Gender`, `t`.`IsDeleted`, `t`.`LastModificationTime`, `t`.`Password`, `t`.`Phone`, `t`.`Username`, `t`.`Id0`, `t`.`AccessFailedCount`, `t`.`CreationTime0`, `t`.`IsLockOut`, `t`.`LockOutEnd`, `t`.`UserId`, `t0`.`UserId`, `t0`.`RoleId`, `t0`.`Id`, `t0`.`CreationTime`, `t0`.`DeletionTime`, `t0`.`IsDeleted`, `t0`.`LastModificationTime`, `t0`.`RoleDesc`, `t0`.`RoleName`
FROM (
    SELECT `u`.`Id`, `u`.`Avatar`, `u`.`CreationTime`, `u`.`DeletionTime`, `u`.`Email`, `u`.`Gender`, `u`.`IsDeleted`, `u`.`LastModificationTime`, `u`.`Password`, `u`.`Phone`, `u`.`Username`, `u0`.`Id` AS `Id0`, `u0`.`AccessFailedCount`, `u0`.`CreationTime` AS `CreationTime0`, `u0`.`IsLockOut`, `u0`.`LockOutEnd`, `u0`.`UserId`
    FROM `Users` AS `u`
    LEFT JOIN `UserAccessFails` AS `u0` ON `u`.`Id` = `u0`.`UserId`
    WHERE NOT (`u`.`IsDeleted`) AND (`u`.`Email` = @__email_0)
    LIMIT 1
) AS `t`
LEFT JOIN (
    SELECT `u1`.`UserId`, `u1`.`RoleId`, `t1`.`Id`, `t1`.`CreationTime`, `t1`.`DeletionTime`, `t1`.`IsDeleted`, `t1`.`LastModificationTime`, `t1`.`RoleDesc`, `t1`.`RoleName`
    FROM `Users_Roles` AS `u1`
    INNER JOIN (
        SELECT `r`.`Id`, `r`.`CreationTime`, `r`.`DeletionTime`, `r`.`IsDeleted`, `r`.`LastModificationTime`, `r`.`RoleDesc`, `r`.`RoleName`
        FROM `Roles` AS `r`
        WHERE NOT (`r`.`IsDeleted`)
    ) AS `t1` ON `u1`.`RoleId` = `t1`.`Id`
) AS `t0` ON `t`.`Id` = `t0`.`UserId`
ORDER BY `t`.`Id`, `t`.`Id0`, `t0`.`UserId`, `t0`.`RoleId` 
2024-03-22 11:46:13.5568|DEBUG|Microsoft.EntityFrameworkCore.ChangeTracking|Context 'UserDbContext' started tracking 'Users' entity. Consider using 'DbContextOptionsBuilder.EnableSensitiveDataLogging' to see key values. 
2024-03-22 11:46:13.5568|DEBUG|Microsoft.EntityFrameworkCore.ChangeTracking|The navigation 'Users.UserAccessFail' was detected as changed. Consider using 'DbContextOptionsBuilder.EnableSensitiveDataLogging' to see key values. 
2024-03-22 11:46:13.5568|DEBUG|Microsoft.EntityFrameworkCore.ChangeTracking|Context 'UserDbContext' started tracking 'UserAccessFail' entity. Consider using 'DbContextOptionsBuilder.EnableSensitiveDataLogging' to see key values. 
2024-03-22 11:46:13.5568|DEBUG|Microsoft.EntityFrameworkCore.Database.Command|Closing data reader to 'LitZhu' on server 'localhost'. 
2024-03-22 11:46:13.5568|DEBUG|Microsoft.EntityFrameworkCore.Database.Command|A data reader for 'LitZhu' on server 'localhost' is being disposed after spending 1ms reading results. 
2024-03-22 11:46:13.5568|DEBUG|Microsoft.EntityFrameworkCore.Database.Connection|Closing connection to database 'LitZhu' on server 'localhost'. 
2024-03-22 11:46:13.5568|DEBUG|Microsoft.EntityFrameworkCore.Database.Connection|Closed connection to database 'LitZhu' on server 'localhost' (0ms). 
2024-03-22 11:46:13.5568|WARN|User.Infrastructure.EmailCodeSender|向邮箱地址：litzhuvich@foxmain.com , 发送验证码：35623 
2024-03-22 11:46:13.5568|INFO|Microsoft.AspNetCore.Mvc.Infrastructure.ControllerActionInvoker|Executed action method LitZhu.WebApi.Controllers.User.AuthController.SendEmailCode (LitZhu.WebApi), returned result Microsoft.AspNetCore.Mvc.OkObjectResult in 50.3046ms. 
2024-03-22 11:46:13.5568|TRACE|Microsoft.AspNetCore.Mvc.Infrastructure.ControllerActionInvoker|Action Filter: Before executing OnActionExecuted on filter Microsoft.AspNetCore.Mvc.Infrastructure.ModelStateInvalidFilter. 
2024-03-22 11:46:13.5568|TRACE|Microsoft.AspNetCore.Mvc.Infrastructure.ControllerActionInvoker|Action Filter: After executing OnActionExecuted on filter Microsoft.AspNetCore.Mvc.Infrastructure.ModelStateInvalidFilter. 
2024-03-22 11:46:13.5568|TRACE|Microsoft.AspNetCore.Mvc.Infrastructure.ControllerActionInvoker|Action Filter: Before executing OnActionExecuted on filter Microsoft.AspNetCore.Mvc.ModelBinding.UnsupportedContentTypeFilter. 
2024-03-22 11:46:13.5568|TRACE|Microsoft.AspNetCore.Mvc.Infrastructure.ControllerActionInvoker|Action Filter: After executing OnActionExecuted on filter Microsoft.AspNetCore.Mvc.ModelBinding.UnsupportedContentTypeFilter. 
2024-03-22 11:46:13.5568|TRACE|Microsoft.AspNetCore.Mvc.Infrastructure.ControllerActionInvoker|Result Filter: Before executing OnResultExecuting on filter Microsoft.AspNetCore.Mvc.Infrastructure.ClientErrorResultFilter. 
2024-03-22 11:46:13.5568|TRACE|Microsoft.AspNetCore.Mvc.Infrastructure.ControllerActionInvoker|Result Filter: After executing OnResultExecuting on filter Microsoft.AspNetCore.Mvc.Infrastructure.ClientErrorResultFilter. 
2024-03-22 11:46:13.5568|TRACE|Microsoft.AspNetCore.Mvc.Infrastructure.ControllerActionInvoker|Before executing action result Microsoft.AspNetCore.Mvc.OkObjectResult. 
2024-03-22 11:46:13.5568|DEBUG|Microsoft.AspNetCore.Mvc.Infrastructure.DefaultOutputFormatterSelector|List of registered output formatters, in the following order: Microsoft.AspNetCore.Mvc.Formatters.HttpNoContentOutputFormatter, Microsoft.AspNetCore.Mvc.Formatters.StringOutputFormatter, Microsoft.AspNetCore.Mvc.Formatters.StreamOutputFormatter, Microsoft.AspNetCore.Mvc.Formatters.NewtonsoftJsonOutputFormatter 
2024-03-22 11:46:13.5568|DEBUG|Microsoft.AspNetCore.Mvc.Infrastructure.DefaultOutputFormatterSelector|No information found on request to perform content negotiation. 
2024-03-22 11:46:13.5568|DEBUG|Microsoft.AspNetCore.Mvc.Infrastructure.DefaultOutputFormatterSelector|Attempting to select an output formatter without using a content type as no explicit content types were specified for the response. 
2024-03-22 11:46:13.5568|DEBUG|Microsoft.AspNetCore.Mvc.Infrastructure.DefaultOutputFormatterSelector|Attempting to select the first formatter in the output formatters list which can write the result. 
2024-03-22 11:46:13.5568|DEBUG|Microsoft.AspNetCore.Mvc.Infrastructure.DefaultOutputFormatterSelector|Selected output formatter 'Microsoft.AspNetCore.Mvc.Formatters.NewtonsoftJsonOutputFormatter' and content type 'application/json' to write the response. 
2024-03-22 11:46:13.5568|INFO|Microsoft.AspNetCore.Mvc.Infrastructure.ObjectResultExecutor|Executing OkObjectResult, writing value of type 'LitZhu.WebApi.R'. 
2024-03-22 11:46:13.5675|TRACE|Microsoft.AspNetCore.Mvc.Infrastructure.ControllerActionInvoker|After executing action result Microsoft.AspNetCore.Mvc.OkObjectResult. 
2024-03-22 11:46:13.5675|TRACE|Microsoft.AspNetCore.Mvc.Infrastructure.ControllerActionInvoker|Result Filter: Before executing OnResultExecuted on filter Microsoft.AspNetCore.Mvc.Infrastructure.ClientErrorResultFilter. 
2024-03-22 11:46:13.5675|TRACE|Microsoft.AspNetCore.Mvc.Infrastructure.ControllerActionInvoker|Result Filter: After executing OnResultExecuted on filter Microsoft.AspNetCore.Mvc.Infrastructure.ClientErrorResultFilter. 
2024-03-22 11:46:13.5675|INFO|Microsoft.AspNetCore.Mvc.Infrastructure.ControllerActionInvoker|Executed action LitZhu.WebApi.Controllers.User.AuthController.SendEmailCode (LitZhu.WebApi) in 113.3177ms 
2024-03-22 11:46:13.5675|INFO|Microsoft.AspNetCore.Routing.EndpointMiddleware|Executed endpoint 'LitZhu.WebApi.Controllers.User.AuthController.SendEmailCode (LitZhu.WebApi)' 
2024-03-22 11:46:13.5675|DEBUG|Microsoft.AspNetCore.Server.Kestrel.Connections|Connection id "0HN2A48M1J279" completed keep alive response. 
2024-03-22 11:46:13.5675|DEBUG|Microsoft.EntityFrameworkCore.Infrastructure|'UserDbContext' disposed. 
2024-03-22 11:46:13.5675|DEBUG|Microsoft.EntityFrameworkCore.Database.Connection|Disposing connection to database 'LitZhu' on server 'localhost'. 
2024-03-22 11:46:13.5675|DEBUG|Microsoft.EntityFrameworkCore.Database.Connection|Disposed connection to database 'LitZhu' on server 'localhost' (0ms). 
2024-03-22 11:46:13.5675|INFO|Microsoft.AspNetCore.Hosting.Diagnostics|Request finished HTTP/1.1 POST https://localhost:7290/api/Auth/SendEmailCode - 200 47 application/json;+charset=utf-8 121.7774ms 
2024-03-22 11:46:13.5675|DEBUG|Microsoft.AspNetCore.Server.Kestrel.Transport.Sockets|Connection id "0HN2A48M1J279" received FIN. 
2024-03-22 11:46:13.5675|DEBUG|Microsoft.AspNetCore.Server.Kestrel.Transport.Sockets|Connection id "0HN2A48M1J279" sending FIN because: "The Socket transport's send loop completed gracefully." 
2024-03-22 11:46:13.5675|DEBUG|Microsoft.AspNetCore.Server.Kestrel.Connections|Connection id "0HN2A48M1J279" disconnecting. 
2024-03-22 11:46:13.5675|DEBUG|Microsoft.AspNetCore.Server.Kestrel.Connections|Connection id "0HN2A48M1J279" stopped. 
2024-03-22 11:46:25.8798|DEBUG|Microsoft.AspNetCore.Mvc.ModelBinding.ModelBinderFactory|Registered model binder providers, in the following order: Microsoft.AspNetCore.Mvc.ModelBinding.Binders.BinderTypeModelBinderProvider, Microsoft.AspNetCore.Mvc.ModelBinding.Binders.ServicesModelBinderProvider, Microsoft.AspNetCore.Mvc.ModelBinding.Binders.BodyModelBinderProvider, Microsoft.AspNetCore.Mvc.ModelBinding.Binders.HeaderModelBinderProvider, Microsoft.AspNetCore.Mvc.ModelBinding.Binders.FloatingPointTypeModelBinderProvider, Microsoft.AspNetCore.Mvc.ModelBinding.Binders.EnumTypeModelBinderProvider, Microsoft.AspNetCore.Mvc.ModelBinding.Binders.DateTimeModelBinderProvider, Microsoft.AspNetCore.Mvc.ModelBinding.Binders.SimpleTypeModelBinderProvider, Microsoft.AspNetCore.Mvc.ModelBinding.Binders.TryParseModelBinderProvider, Microsoft.AspNetCore.Mvc.ModelBinding.Binders.CancellationTokenModelBinderProvider, Microsoft.AspNetCore.Mvc.ModelBinding.Binders.ByteArrayModelBinderProvider, Microsoft.AspNetCore.Mvc.ModelBinding.Binders.FormFileModelBinderProvider, Microsoft.AspNetCore.Mvc.ModelBinding.Binders.FormCollectionModelBinderProvider, Microsoft.AspNetCore.Mvc.ModelBinding.Binders.KeyValuePairModelBinderProvider, Microsoft.AspNetCore.Mvc.ModelBinding.Binders.DictionaryModelBinderProvider, Microsoft.AspNetCore.Mvc.ModelBinding.Binders.ArrayModelBinderProvider, Microsoft.AspNetCore.Mvc.ModelBinding.Binders.CollectionModelBinderProvider, Microsoft.AspNetCore.Mvc.ModelBinding.Binders.ComplexObjectModelBinderProvider 
2024-03-22 11:46:25.9699|DEBUG|Microsoft.Extensions.Hosting.Internal.Host|Hosting starting 
2024-03-22 11:46:26.0038|INFO|Microsoft.AspNetCore.DataProtection.KeyManagement.XmlKeyManager|User profile is available. Using 'C:\Users\25968\AppData\Local\ASP.NET\DataProtection-Keys' as key repository and Windows DPAPI to encrypt keys at rest. 
2024-03-22 11:46:26.0038|DEBUG|Microsoft.AspNetCore.DataProtection.Repositories.FileSystemXmlRepository|Reading data from file 'C:\Users\25968\AppData\Local\ASP.NET\DataProtection-Keys\key-04331095-e001-4e86-a2a5-ac77c623d11c.xml'. 
2024-03-22 11:46:26.0215|DEBUG|Microsoft.AspNetCore.DataProtection.KeyManagement.XmlKeyManager|Found key {04331095-e001-4e86-a2a5-ac77c623d11c}. 
2024-03-22 11:46:26.0215|DEBUG|Microsoft.AspNetCore.DataProtection.KeyManagement.DefaultKeyResolver|Considering key {04331095-e001-4e86-a2a5-ac77c623d11c} with expiration date 2024-04-11 12:24:14Z as default key. 
2024-03-22 11:46:26.0215|DEBUG|Microsoft.AspNetCore.DataProtection.TypeForwardingActivator|Forwarded activator type request from Microsoft.AspNetCore.DataProtection.XmlEncryption.DpapiXmlDecryptor, Microsoft.AspNetCore.DataProtection, Version=8.0.0.0, Culture=neutral, PublicKeyToken=adb9793829ddae60 to Microsoft.AspNetCore.DataProtection.XmlEncryption.DpapiXmlDecryptor, Microsoft.AspNetCore.DataProtection, Culture=neutral, PublicKeyToken=adb9793829ddae60 
2024-03-22 11:46:26.0365|DEBUG|Microsoft.AspNetCore.DataProtection.XmlEncryption.DpapiXmlDecryptor|Decrypting secret element using Windows DPAPI. 
2024-03-22 11:46:26.0365|DEBUG|Microsoft.AspNetCore.DataProtection.TypeForwardingActivator|Forwarded activator type request from Microsoft.AspNetCore.DataProtection.AuthenticatedEncryption.ConfigurationModel.AuthenticatedEncryptorDescriptorDeserializer, Microsoft.AspNetCore.DataProtection, Version=8.0.0.0, Culture=neutral, PublicKeyToken=adb9793829ddae60 to Microsoft.AspNetCore.DataProtection.AuthenticatedEncryption.ConfigurationModel.AuthenticatedEncryptorDescriptorDeserializer, Microsoft.AspNetCore.DataProtection, Culture=neutral, PublicKeyToken=adb9793829ddae60 
2024-03-22 11:46:26.0365|DEBUG|Microsoft.AspNetCore.DataProtection.AuthenticatedEncryption.CngCbcAuthenticatedEncryptorFactory|Opening CNG algorithm 'AES' from provider '(null)' with chaining mode CBC. 
2024-03-22 11:46:26.0365|DEBUG|Microsoft.AspNetCore.DataProtection.AuthenticatedEncryption.CngCbcAuthenticatedEncryptorFactory|Opening CNG algorithm 'SHA256' from provider '(null)' with HMAC. 
2024-03-22 11:46:26.0365|DEBUG|Microsoft.AspNetCore.DataProtection.KeyManagement.KeyRingProvider|Using key {04331095-e001-4e86-a2a5-ac77c623d11c} as the default key. 
2024-03-22 11:46:26.0365|DEBUG|Microsoft.AspNetCore.DataProtection.Internal.DataProtectionHostedService|Key ring with default key {04331095-e001-4e86-a2a5-ac77c623d11c} was loaded during application startup. 
2024-03-22 11:46:26.2947|INFO|Microsoft.Hosting.Lifetime|Now listening on: https://localhost:7290 
2024-03-22 11:46:26.2947|INFO|Microsoft.Hosting.Lifetime|Now listening on: http://localhost:5167 
2024-03-22 11:46:26.2947|DEBUG|Microsoft.AspNetCore.Hosting.Diagnostics|Loaded hosting startup assembly LitZhu.WebApi 
2024-03-22 11:46:26.2947|DEBUG|Microsoft.AspNetCore.Hosting.Diagnostics|Loaded hosting startup assembly Microsoft.AspNetCore.Watch.BrowserRefresh 
2024-03-22 11:46:26.2947|DEBUG|Microsoft.AspNetCore.Hosting.Diagnostics|Loaded hosting startup assembly Microsoft.WebTools.BrowserLink.Net 
2024-03-22 11:46:26.2947|INFO|Microsoft.Hosting.Lifetime|Application started. Press Ctrl+C to shut down. 
2024-03-22 11:46:26.2947|INFO|Microsoft.Hosting.Lifetime|Hosting environment: Development 
2024-03-22 11:46:26.2947|INFO|Microsoft.Hosting.Lifetime|Content root path: D:\Desktop\website\litzhu\LitZhu_backend\LitZhu.WebApi 
2024-03-22 11:46:26.2947|DEBUG|Microsoft.Extensions.Hosting.Internal.Host|Hosting started 
2024-03-22 11:46:26.4599|DEBUG|Microsoft.AspNetCore.Server.Kestrel.Connections|Connection id "0HN2A4AJ9VDTD" accepted. 
2024-03-22 11:46:26.4599|DEBUG|Microsoft.AspNetCore.Server.Kestrel.Connections|Connection id "0HN2A4AJ9VDTD" started. 
2024-03-22 11:46:26.4599|DEBUG|Microsoft.AspNetCore.Server.Kestrel.Connections|Connection id "0HN2A4AJ9VDTE" accepted. 
2024-03-22 11:46:26.4599|DEBUG|Microsoft.AspNetCore.Server.Kestrel.Connections|Connection id "0HN2A4AJ9VDTE" started. 
2024-03-22 11:46:26.4855|DEBUG|Microsoft.AspNetCore.Server.Kestrel.Transport.Sockets|Connection id "0HN2A4AJ9VDTD" received FIN. 
2024-03-22 11:46:26.4855|DEBUG|Microsoft.AspNetCore.Server.Kestrel.Transport.Sockets|Connection id "0HN2A4AJ9VDTE" received FIN. 
2024-03-22 11:46:26.4973|DEBUG|Microsoft.AspNetCore.Server.Kestrel.Https.Internal.HttpsConnectionMiddleware|Failed to authenticate HTTPS connection. System.IO.IOException: Received an unexpected EOF or 0 bytes from the transport stream.
   at System.Net.Security.SslStream.ReceiveHandshakeFrameAsync[TIOAdapter](CancellationToken cancellationToken)
   at System.Net.Security.SslStream.ForceAuthenticationAsync[TIOAdapter](Boolean receiveFirst, Byte[] reAuthenticationData, CancellationToken cancellationToken)
   at System.Net.Security.SslStream.ProcessAuthenticationWithTelemetryAsync(Boolean isAsync, CancellationToken cancellationToken)
   at Microsoft.AspNetCore.Server.Kestrel.Https.Internal.HttpsConnectionMiddleware.OnConnectionAsync(ConnectionContext context)
2024-03-22 11:46:26.4973|DEBUG|Microsoft.AspNetCore.Server.Kestrel.Https.Internal.HttpsConnectionMiddleware|Failed to authenticate HTTPS connection. System.IO.IOException: Received an unexpected EOF or 0 bytes from the transport stream.
   at System.Net.Security.SslStream.ReceiveHandshakeFrameAsync[TIOAdapter](CancellationToken cancellationToken)
   at System.Net.Security.SslStream.ForceAuthenticationAsync[TIOAdapter](Boolean receiveFirst, Byte[] reAuthenticationData, CancellationToken cancellationToken)
   at System.Net.Security.SslStream.ProcessAuthenticationWithTelemetryAsync(Boolean isAsync, CancellationToken cancellationToken)
   at Microsoft.AspNetCore.Server.Kestrel.Https.Internal.HttpsConnectionMiddleware.OnConnectionAsync(ConnectionContext context)
2024-03-22 11:46:26.5302|DEBUG|Microsoft.AspNetCore.Server.Kestrel.Connections|Connection id "0HN2A4AJ9VDTE" stopped. 
2024-03-22 11:46:26.5302|DEBUG|Microsoft.AspNetCore.Server.Kestrel.Connections|Connection id "0HN2A4AJ9VDTD" stopped. 
2024-03-22 11:46:26.5302|DEBUG|Microsoft.AspNetCore.Server.Kestrel.Transport.Sockets|Connection id "0HN2A4AJ9VDTE" sending FIN because: "The Socket transport's send loop completed gracefully." 
2024-03-22 11:46:26.5302|DEBUG|Microsoft.AspNetCore.Server.Kestrel.Transport.Sockets|Connection id "0HN2A4AJ9VDTD" sending FIN because: "The Socket transport's send loop completed gracefully." 
2024-03-22 11:46:32.9944|DEBUG|Microsoft.AspNetCore.Server.Kestrel.Connections|Connection id "0HN2A4AJ9VDTF" accepted. 
2024-03-22 11:46:32.9944|DEBUG|Microsoft.AspNetCore.Server.Kestrel.Connections|Connection id "0HN2A4AJ9VDTF" started. 
2024-03-22 11:46:33.1175|DEBUG|Microsoft.AspNetCore.Server.Kestrel.Https.Internal.HttpsConnectionMiddleware|Connection 0HN2A4AJ9VDTF established using the following protocol: Tls13 
2024-03-22 11:46:33.1596|TRACE|Microsoft.AspNetCore.Server.Kestrel.Http2|Connection id "0HN2A4AJ9VDTF" sending SETTINGS frame for stream ID 0 with length 24 and flags NONE. 
2024-03-22 11:46:33.1596|TRACE|Microsoft.AspNetCore.Server.Kestrel.Http2|Connection id "0HN2A4AJ9VDTF" sending WINDOW_UPDATE frame for stream ID 0 with length 4 and flags 0x0. 
2024-03-22 11:46:33.1674|TRACE|Microsoft.AspNetCore.Server.Kestrel.Http2|Connection id "0HN2A4AJ9VDTF" received SETTINGS frame for stream ID 0 with length 24 and flags NONE. 
2024-03-22 11:46:33.1674|TRACE|Microsoft.AspNetCore.Server.Kestrel.Http2|Connection id "0HN2A4AJ9VDTF" sending SETTINGS frame for stream ID 0 with length 0 and flags ACK. 
2024-03-22 11:46:33.1674|TRACE|Microsoft.AspNetCore.Server.Kestrel.Http2|Connection id "0HN2A4AJ9VDTF" received WINDOW_UPDATE frame for stream ID 0 with length 4 and flags 0x0. 
2024-03-22 11:46:33.1674|TRACE|Microsoft.AspNetCore.Server.Kestrel.Http2|Connection id "0HN2A4AJ9VDTF" received HEADERS frame for stream ID 1 with length 463 and flags END_STREAM, END_HEADERS, PRIORITY. 
2024-03-22 11:46:33.1997|TRACE|Microsoft.AspNetCore.Server.Kestrel.Http2|Connection id "0HN2A4AJ9VDTF" received SETTINGS frame for stream ID 0 with length 0 and flags ACK. 
2024-03-22 11:46:33.2169|INFO|Microsoft.AspNetCore.Hosting.Diagnostics|Request starting HTTP/2 GET https://localhost:7290/swagger/index.html - - - 
2024-03-22 11:46:33.4141|DEBUG|Microsoft.AspNetCore.HostFiltering.HostFilteringMiddleware|Wildcard detected, all requests with hosts will be allowed. 
2024-03-22 11:46:33.4141|TRACE|Microsoft.AspNetCore.HostFiltering.HostFilteringMiddleware|All hosts are allowed. 
2024-03-22 11:46:33.4517|DEBUG|Microsoft.AspNetCore.Routing.Matching.DfaMatcher|No candidates found for the request path '/swagger/index.html' 
2024-03-22 11:46:33.4517|DEBUG|Microsoft.AspNetCore.Routing.EndpointRoutingMiddleware|Request did not match any endpoints 
2024-03-22 11:46:33.5781|DEBUG|Microsoft.AspNetCore.Watch.BrowserRefresh.BrowserRefreshMiddleware|Response markup is scheduled to include browser refresh script injection. 
2024-03-22 11:46:33.5781|TRACE|Microsoft.AspNetCore.Server.Kestrel.Http2|Connection id "0HN2A4AJ9VDTF" sending HEADERS frame for stream ID 1 with length 66 and flags END_HEADERS. 
2024-03-22 11:46:33.5927|TRACE|Microsoft.AspNetCore.Server.Kestrel.Http2|Connection id "0HN2A4AJ9VDTF" sending DATA frame for stream ID 1 with length 4096 and flags NONE. 
2024-03-22 11:46:33.6010|TRACE|Microsoft.AspNetCore.Server.Kestrel.Http2|Connection id "0HN2A4AJ9VDTF" sending DATA frame for stream ID 1 with length 992 and flags NONE. 
2024-03-22 11:46:33.6010|TRACE|Microsoft.AspNetCore.Server.Kestrel.Http2|Connection id "0HN2A4AJ9VDTF" sending DATA frame for stream ID 1 with length 81 and flags NONE. 
2024-03-22 11:46:33.6010|DEBUG|Microsoft.AspNetCore.Watch.BrowserRefresh.BrowserRefreshMiddleware|Response markup was updated to include browser refresh script injection. 
2024-03-22 11:46:33.6010|TRACE|Microsoft.AspNetCore.Server.Kestrel.Http2|Connection id "0HN2A4AJ9VDTF" sending DATA frame for stream ID 1 with length 0 and flags END_STREAM. 
2024-03-22 11:46:33.6010|INFO|Microsoft.AspNetCore.Hosting.Diagnostics|Request finished HTTP/2 GET https://localhost:7290/swagger/index.html - 200 - text/html;charset=utf-8 399.4513ms 
2024-03-22 11:46:33.7630|TRACE|Microsoft.AspNetCore.Server.Kestrel.Http2|Connection id "0HN2A4AJ9VDTF" received HEADERS frame for stream ID 3 with length 109 and flags END_STREAM, END_HEADERS, PRIORITY. 
2024-03-22 11:46:33.7630|INFO|Microsoft.AspNetCore.Hosting.Diagnostics|Request starting HTTP/2 GET https://localhost:7290/_framework/aspnetcore-browser-refresh.js - - - 
2024-03-22 11:46:33.7630|TRACE|Microsoft.AspNetCore.Server.Kestrel.Http2|Connection id "0HN2A4AJ9VDTF" sending HEADERS frame for stream ID 3 with length 60 and flags END_HEADERS. 
2024-03-22 11:46:33.7630|TRACE|Microsoft.AspNetCore.Server.Kestrel.Http2|Connection id "0HN2A4AJ9VDTF" sending DATA frame for stream ID 3 with length 13761 and flags NONE. 
2024-03-22 11:46:33.7735|TRACE|Microsoft.AspNetCore.Server.Kestrel.Http2|Connection id "0HN2A4AJ9VDTF" sending DATA frame for stream ID 3 with length 0 and flags END_STREAM. 
2024-03-22 11:46:33.7735|INFO|Microsoft.AspNetCore.Hosting.Diagnostics|Request finished HTTP/2 GET https://localhost:7290/_framework/aspnetcore-browser-refresh.js - 200 13761 application/javascript;+charset=utf-8 8.4554ms 
2024-03-22 11:46:33.7735|TRACE|Microsoft.AspNetCore.Server.Kestrel.Http2|Connection id "0HN2A4AJ9VDTF" received HEADERS frame for stream ID 5 with length 57 and flags END_STREAM, END_HEADERS, PRIORITY. 
2024-03-22 11:46:33.7735|INFO|Microsoft.AspNetCore.Hosting.Diagnostics|Request starting HTTP/2 GET https://localhost:7290/_vs/browserLink - - - 
2024-03-22 11:46:33.8203|TRACE|Microsoft.AspNetCore.Server.Kestrel.Http2|Connection id "0HN2A4AJ9VDTF" sending HEADERS frame for stream ID 5 with length 119 and flags END_HEADERS. 
2024-03-22 11:46:33.8203|TRACE|Microsoft.AspNetCore.Server.Kestrel.Http2|Connection id "0HN2A4AJ9VDTF" sending DATA frame for stream ID 5 with length 9986 and flags NONE. 
2024-03-22 11:46:33.8203|TRACE|Microsoft.AspNetCore.Server.Kestrel.Http2|Connection id "0HN2A4AJ9VDTF" sending DATA frame for stream ID 5 with length 10240 and flags NONE. 
2024-03-22 11:46:33.8203|TRACE|Microsoft.AspNetCore.Server.Kestrel.Http2|Connection id "0HN2A4AJ9VDTF" sending DATA frame for stream ID 5 with length 10240 and flags NONE. 
2024-03-22 11:46:33.8203|TRACE|Microsoft.AspNetCore.Server.Kestrel.Http2|Connection id "0HN2A4AJ9VDTF" sending DATA frame for stream ID 5 with length 10240 and flags NONE. 
2024-03-22 11:46:33.8203|TRACE|Microsoft.AspNetCore.Server.Kestrel.Http2|Connection id "0HN2A4AJ9VDTF" sending DATA frame for stream ID 5 with length 10240 and flags NONE. 
2024-03-22 11:46:33.8203|TRACE|Microsoft.AspNetCore.Server.Kestrel.Http2|Connection id "0HN2A4AJ9VDTF" sending DATA frame for stream ID 5 with length 10240 and flags NONE. 
2024-03-22 11:46:33.8203|TRACE|Microsoft.AspNetCore.Server.Kestrel.Http2|Connection id "0HN2A4AJ9VDTF" sending DATA frame for stream ID 5 with length 10240 and flags NONE. 
2024-03-22 11:46:33.8325|TRACE|Microsoft.AspNetCore.Server.Kestrel.Http2|Connection id "0HN2A4AJ9VDTF" sending DATA frame for stream ID 5 with length 10240 and flags NONE. 
2024-03-22 11:46:33.8325|TRACE|Microsoft.AspNetCore.Server.Kestrel.Http2|Connection id "0HN2A4AJ9VDTF" sending DATA frame for stream ID 5 with length 10240 and flags NONE. 
2024-03-22 11:46:33.8325|TRACE|Microsoft.AspNetCore.Server.Kestrel.Http2|Connection id "0HN2A4AJ9VDTF" sending DATA frame for stream ID 5 with length 10240 and flags NONE. 
2024-03-22 11:46:33.8325|TRACE|Microsoft.AspNetCore.Server.Kestrel.Http2|Connection id "0HN2A4AJ9VDTF" sending DATA frame for stream ID 5 with length 10240 and flags NONE. 
2024-03-22 11:46:33.8325|TRACE|Microsoft.AspNetCore.Server.Kestrel.Http2|Connection id "0HN2A4AJ9VDTF" sending DATA frame for stream ID 5 with length 10240 and flags NONE. 
2024-03-22 11:46:33.8325|TRACE|Microsoft.AspNetCore.Server.Kestrel.Http2|Connection id "0HN2A4AJ9VDTF" sending DATA frame for stream ID 5 with length 10240 and flags NONE. 
2024-03-22 11:46:33.8325|TRACE|Microsoft.AspNetCore.Server.Kestrel.Http2|Connection id "0HN2A4AJ9VDTF" sending DATA frame for stream ID 5 with length 10240 and flags NONE. 
2024-03-22 11:46:33.8325|TRACE|Microsoft.AspNetCore.Server.Kestrel.Http2|Connection id "0HN2A4AJ9VDTF" sending DATA frame for stream ID 5 with length 10240 and flags NONE. 
2024-03-22 11:46:33.8325|TRACE|Microsoft.AspNetCore.Server.Kestrel.Http2|Connection id "0HN2A4AJ9VDTF" sending DATA frame for stream ID 5 with length 160 and flags NONE. 
2024-03-22 11:46:33.8325|TRACE|Microsoft.AspNetCore.Server.Kestrel.Http2|Connection id "0HN2A4AJ9VDTF" sending DATA frame for stream ID 5 with length 0 and flags END_STREAM. 
2024-03-22 11:46:33.8325|INFO|Microsoft.AspNetCore.Hosting.Diagnostics|Request finished HTTP/2 GET https://localhost:7290/_vs/browserLink - 200 - text/javascript;+charset=UTF-8 64.7046ms 
2024-03-22 11:46:34.1938|TRACE|Microsoft.AspNetCore.Server.Kestrel.Http2|Connection id "0HN2A4AJ9VDTF" received HEADERS frame for stream ID 7 with length 66 and flags END_STREAM, END_HEADERS, PRIORITY. 
2024-03-22 11:46:34.1938|INFO|Microsoft.AspNetCore.Hosting.Diagnostics|Request starting HTTP/2 GET https://localhost:7290/swagger/v1/swagger.json - - - 
2024-03-22 11:46:34.1938|TRACE|Microsoft.AspNetCore.HostFiltering.HostFilteringMiddleware|All hosts are allowed. 
2024-03-22 11:46:34.1938|DEBUG|Microsoft.AspNetCore.Routing.Matching.DfaMatcher|No candidates found for the request path '/swagger/v1/swagger.json' 
2024-03-22 11:46:34.1938|DEBUG|Microsoft.AspNetCore.Routing.EndpointRoutingMiddleware|Request did not match any endpoints 
2024-03-22 11:46:34.6188|TRACE|Microsoft.AspNetCore.Server.Kestrel.Http2|Connection id "0HN2A4AJ9VDTF" sending HEADERS frame for stream ID 7 with length 65 and flags END_HEADERS. 
2024-03-22 11:46:34.6188|TRACE|Microsoft.AspNetCore.Server.Kestrel.Http2|Connection id "0HN2A4AJ9VDTF" sending DATA frame for stream ID 7 with length 16384 and flags NONE. 
2024-03-22 11:46:34.6188|TRACE|Microsoft.AspNetCore.Server.Kestrel.Http2|Connection id "0HN2A4AJ9VDTF" sending DATA frame for stream ID 7 with length 16384 and flags NONE. 
2024-03-22 11:46:34.6188|TRACE|Microsoft.AspNetCore.Server.Kestrel.Http2|Connection id "0HN2A4AJ9VDTF" sending DATA frame for stream ID 7 with length 16384 and flags NONE. 
2024-03-22 11:46:34.6188|TRACE|Microsoft.AspNetCore.Server.Kestrel.Http2|Connection id "0HN2A4AJ9VDTF" sending DATA frame for stream ID 7 with length 9384 and flags NONE. 
2024-03-22 11:46:34.6188|TRACE|Microsoft.AspNetCore.Server.Kestrel.Http2|Connection id "0HN2A4AJ9VDTF" sending DATA frame for stream ID 7 with length 0 and flags END_STREAM. 
2024-03-22 11:46:34.6188|INFO|Microsoft.AspNetCore.Hosting.Diagnostics|Request finished HTTP/2 GET https://localhost:7290/swagger/v1/swagger.json - 200 - application/json;charset=utf-8 433.2430ms 
2024-03-22 11:46:35.4782|DEBUG|Microsoft.AspNetCore.Server.Kestrel.Transport.Sockets|Connection id "0HN2A4AJ9VDTF" received FIN. 
2024-03-22 11:46:35.4782|DEBUG|Microsoft.AspNetCore.Server.Kestrel.Http2|The connection queue processing loop for 0HN2A4AJ9VDTF completed. 
2024-03-22 11:46:35.4782|DEBUG|Microsoft.AspNetCore.Server.Kestrel.Http2|Connection id "0HN2A4AJ9VDTF" is closed. The last processed stream ID was 7. 
2024-03-22 11:46:35.4782|DEBUG|Microsoft.AspNetCore.Server.Kestrel.Transport.Sockets|Connection id "0HN2A4AJ9VDTF" sending FIN because: "The Socket transport's send loop completed gracefully." 
2024-03-22 11:46:35.4991|DEBUG|Microsoft.AspNetCore.Server.Kestrel.Connections|Connection id "0HN2A4AJ9VDTF" stopped. 
2024-03-22 11:46:53.5249|DEBUG|Microsoft.AspNetCore.Server.Kestrel.Connections|Connection id "0HN2A4AJ9VDTG" accepted. 
2024-03-22 11:46:53.5249|DEBUG|Microsoft.AspNetCore.Server.Kestrel.Connections|Connection id "0HN2A4AJ9VDTG" started. 
2024-03-22 11:46:53.5249|DEBUG|Microsoft.AspNetCore.Server.Kestrel.Https.Internal.HttpsConnectionMiddleware|Connection 0HN2A4AJ9VDTG established using the following protocol: Tls13 
2024-03-22 11:46:53.5363|INFO|Microsoft.AspNetCore.Hosting.Diagnostics|Request starting HTTP/1.1 POST https://localhost:7290/api/Auth/SendEmailCode - application/json 38 
2024-03-22 11:46:53.5363|TRACE|Microsoft.AspNetCore.HostFiltering.HostFilteringMiddleware|All hosts are allowed. 
2024-03-22 11:46:53.5363|DEBUG|Microsoft.AspNetCore.Routing.Matching.DfaMatcher|1 candidate(s) found for the request path '/api/Auth/SendEmailCode' 
2024-03-22 11:46:53.5363|DEBUG|Microsoft.AspNetCore.Routing.Matching.DfaMatcher|Endpoint 'LitZhu.WebApi.Controllers.User.AuthController.SendEmailCode (LitZhu.WebApi)' with route pattern 'api/Auth/SendEmailCode' is valid for the request path '/api/Auth/SendEmailCode' 
2024-03-22 11:46:53.5363|DEBUG|Microsoft.AspNetCore.Routing.EndpointRoutingMiddleware|Request matched endpoint 'LitZhu.WebApi.Controllers.User.AuthController.SendEmailCode (LitZhu.WebApi)' 
2024-03-22 11:46:53.5363|TRACE|Microsoft.AspNetCore.Routing.EndpointRoutingMiddleware|The endpoint does not specify the IRequestSizeLimitMetadata. 
2024-03-22 11:46:53.5363|DEBUG|Microsoft.AspNetCore.StaticFiles.StaticFileMiddleware|Static files was skipped as the request already matched an endpoint. 
2024-03-22 11:46:53.6325|DEBUG|Microsoft.AspNetCore.Authentication.JwtBearer.JwtBearerHandler|AuthenticationScheme: Bearer was not authenticated. 
2024-03-22 11:46:53.6325|INFO|Microsoft.AspNetCore.Routing.EndpointMiddleware|Executing endpoint 'LitZhu.WebApi.Controllers.User.AuthController.SendEmailCode (LitZhu.WebApi)' 
2024-03-22 11:46:53.6690|INFO|Microsoft.AspNetCore.Mvc.Infrastructure.ControllerActionInvoker|Route matched with {action = "SendEmailCode", controller = "Auth"}. Executing controller action with signature System.Threading.Tasks.Task`1[Microsoft.AspNetCore.Mvc.ActionResult`1[System.String]] SendEmailCode(LitZhu.WebApi.Controllers.User.SendEmailCodeRequest) on controller LitZhu.WebApi.Controllers.User.AuthController (LitZhu.WebApi). 
2024-03-22 11:46:53.6690|DEBUG|Microsoft.AspNetCore.Mvc.Infrastructure.ControllerActionInvoker|Execution plan of authorization filters (in the following order): None 
2024-03-22 11:46:53.6690|DEBUG|Microsoft.AspNetCore.Mvc.Infrastructure.ControllerActionInvoker|Execution plan of resource filters (in the following order): None 
2024-03-22 11:46:53.6690|DEBUG|Microsoft.AspNetCore.Mvc.Infrastructure.ControllerActionInvoker|Execution plan of action filters (in the following order): Microsoft.AspNetCore.Mvc.ModelBinding.UnsupportedContentTypeFilter (Order: -3000), Microsoft.AspNetCore.Mvc.Infrastructure.ModelStateInvalidFilter (Order: -2000) 
2024-03-22 11:46:53.6690|DEBUG|Microsoft.AspNetCore.Mvc.Infrastructure.ControllerActionInvoker|Execution plan of exception filters (in the following order): None 
2024-03-22 11:46:53.6690|DEBUG|Microsoft.AspNetCore.Mvc.Infrastructure.ControllerActionInvoker|Execution plan of result filters (in the following order): Microsoft.AspNetCore.Mvc.Infrastructure.ClientErrorResultFilter (Order: -2000) 
2024-03-22 11:46:53.6759|DEBUG|Microsoft.AspNetCore.Mvc.Infrastructure.ControllerActionInvoker|Executing controller factory for controller LitZhu.WebApi.Controllers.User.AuthController (LitZhu.WebApi) 
2024-03-22 11:46:53.8522|DEBUG|Microsoft.EntityFrameworkCore.Infrastructure|An additional 'IServiceProvider' was created for internal use by Entity Framework. An existing service provider was not used due to the following configuration changes: configuration changed for 'Core:ConfigureWarnings', configuration added for 'Pomelo.EntityFrameworkCore.MySql:ServerVersion', configuration added for 'Pomelo.EntityFrameworkCore.MySql:DisableBackslashEscaping', configuration added for 'Pomelo.EntityFrameworkCore.MySql:SetSqlModeOnOpen', configuration added for 'Pomelo.EntityFrameworkCore.MySql:DisableLineBreakToCharSubstition', configuration added for 'Pomelo.EntityFrameworkCore.MySql:DefaultDataTypeMappings', configuration added for 'Pomelo.EntityFrameworkCore.MySql:SchemaBehavior', configuration added for 'Pomelo.EntityFrameworkCore.MySql:SchemaNameTranslator', configuration added for 'Pomelo.EntityFrameworkCore.MySql:EnableIndexOptimizedBooleanColumns', configuration added for 'Pomelo.EntityFrameworkCore.MySql:LimitKeyedOrIndexedStringColumnLength', configuration added for 'Pomelo.EntityFrameworkCore.MySql:EnableStringComparisonTranslations', configuration added for 'Pomelo.EntityFrameworkCore.MySql:EnablePrimitiveCollectionsSupport'. 
2024-03-22 11:46:54.3216|DEBUG|Microsoft.EntityFrameworkCore.Model|The index {'UserId'} was not created on entity type 'UserRoles' as the properties are already covered by the index {'UserId', 'RoleId'}. 
2024-03-22 11:46:54.4402|WARN|Microsoft.EntityFrameworkCore.Model.Validation|Entity 'Users' has a global query filter defined and is the required end of a relationship with the entity 'UserAccessFail'. This may lead to unexpected results when the required entity is filtered out. Either configure the navigation as optional, or define matching query filters for both entities in the navigation. See https://go.microsoft.com/fwlink/?linkid=2131316 for more information. 
2024-03-22 11:46:54.4474|WARN|Microsoft.EntityFrameworkCore.Model.Validation|Entity 'Roles' has a global query filter defined and is the required end of a relationship with the entity 'UserRoles'. This may lead to unexpected results when the required entity is filtered out. Either configure the navigation as optional, or define matching query filters for both entities in the navigation. See https://go.microsoft.com/fwlink/?linkid=2131316 for more information. 
2024-03-22 11:46:54.6553|DEBUG|Microsoft.EntityFrameworkCore.Infrastructure|Entity Framework Core 8.0.1 initialized 'UserDbContext' using provider 'Pomelo.EntityFrameworkCore.MySql:8.0.1' with options: ServerVersion=8.0.23-mysql  
2024-03-22 11:46:54.8418|DEBUG|Microsoft.AspNetCore.Mvc.Infrastructure.ControllerActionInvoker|Executed controller factory for controller LitZhu.WebApi.Controllers.User.AuthController (LitZhu.WebApi) 
2024-03-22 11:46:54.8481|DEBUG|Microsoft.AspNetCore.Mvc.ModelBinding.ParameterBinder|Attempting to bind parameter 'req' of type 'LitZhu.WebApi.Controllers.User.SendEmailCodeRequest' ... 
2024-03-22 11:46:54.8481|DEBUG|Microsoft.AspNetCore.Mvc.ModelBinding.Binders.BodyModelBinder|Attempting to bind parameter 'req' of type 'LitZhu.WebApi.Controllers.User.SendEmailCodeRequest' using the name '' in request data ... 
2024-03-22 11:46:54.8481|DEBUG|Microsoft.AspNetCore.Mvc.ModelBinding.Binders.BodyModelBinder|Rejected input formatter 'Microsoft.AspNetCore.Mvc.Formatters.NewtonsoftJsonPatchInputFormatter' for content type 'application/json'. 
2024-03-22 11:46:54.8481|DEBUG|Microsoft.AspNetCore.Mvc.ModelBinding.Binders.BodyModelBinder|Selected input formatter 'Microsoft.AspNetCore.Mvc.Formatters.NewtonsoftJsonInputFormatter' for content type 'application/json'. 
2024-03-22 11:46:54.8481|DEBUG|Microsoft.AspNetCore.Server.Kestrel|Connection id "0HN2A4AJ9VDTG", Request id "0HN2A4AJ9VDTG:00000001": started reading request body. 
2024-03-22 11:46:54.8481|DEBUG|Microsoft.AspNetCore.Server.Kestrel|Connection id "0HN2A4AJ9VDTG", Request id "0HN2A4AJ9VDTG:00000001": done reading request body. 
2024-03-22 11:46:54.9362|DEBUG|Microsoft.AspNetCore.Mvc.ModelBinding.Binders.BodyModelBinder|Done attempting to bind parameter 'req' of type 'LitZhu.WebApi.Controllers.User.SendEmailCodeRequest'. 
2024-03-22 11:46:54.9362|DEBUG|Microsoft.AspNetCore.Mvc.ModelBinding.ParameterBinder|Done attempting to bind parameter 'req' of type 'LitZhu.WebApi.Controllers.User.SendEmailCodeRequest'. 
2024-03-22 11:46:54.9362|DEBUG|Microsoft.AspNetCore.Mvc.ModelBinding.ParameterBinder|Attempting to validate the bound parameter 'req' of type 'LitZhu.WebApi.Controllers.User.SendEmailCodeRequest' ... 
2024-03-22 11:46:54.9438|DEBUG|Microsoft.AspNetCore.Mvc.ModelBinding.ParameterBinder|Done attempting to validate the bound parameter 'req' of type 'LitZhu.WebApi.Controllers.User.SendEmailCodeRequest'. 
2024-03-22 11:46:54.9438|TRACE|Microsoft.AspNetCore.Mvc.Infrastructure.ControllerActionInvoker|Action Filter: Before executing OnActionExecuting on filter Microsoft.AspNetCore.Mvc.ModelBinding.UnsupportedContentTypeFilter. 
2024-03-22 11:46:54.9438|TRACE|Microsoft.AspNetCore.Mvc.Infrastructure.ControllerActionInvoker|Action Filter: After executing OnActionExecuting on filter Microsoft.AspNetCore.Mvc.ModelBinding.UnsupportedContentTypeFilter. 
2024-03-22 11:46:54.9438|TRACE|Microsoft.AspNetCore.Mvc.Infrastructure.ControllerActionInvoker|Action Filter: Before executing OnActionExecuting on filter Microsoft.AspNetCore.Mvc.Infrastructure.ModelStateInvalidFilter. 
2024-03-22 11:46:54.9438|TRACE|Microsoft.AspNetCore.Mvc.Infrastructure.ControllerActionInvoker|Action Filter: After executing OnActionExecuting on filter Microsoft.AspNetCore.Mvc.Infrastructure.ModelStateInvalidFilter. 
2024-03-22 11:46:54.9438|INFO|Microsoft.AspNetCore.Mvc.Infrastructure.ControllerActionInvoker|Executing action method LitZhu.WebApi.Controllers.User.AuthController.SendEmailCode (LitZhu.WebApi) - Validation state: Valid 
2024-03-22 11:46:54.9438|TRACE|Microsoft.AspNetCore.Mvc.Infrastructure.ControllerActionInvoker|Executing action method LitZhu.WebApi.Controllers.User.AuthController.SendEmailCode (LitZhu.WebApi) with arguments (SendEmailCodeRequest { Email = litzhuvich@foxmain.com }) 
2024-03-22 11:46:55.0065|DEBUG|Microsoft.EntityFrameworkCore.Query|Compiling query expression: 
'DbSet<Users>()
    .Include(x => x.UserAccessFail)
    .Include(x => x.UserRoles)
    .ThenInclude(ur => ur.Roles)
    .FirstOrDefault(x => x.Email == __email_0)' 
2024-03-22 11:46:55.0942|DEBUG|Microsoft.EntityFrameworkCore.Query|Including navigation: 'Users.UserAccessFail'. 
2024-03-22 11:46:55.0942|DEBUG|Microsoft.EntityFrameworkCore.Query|Including navigation: 'Users.UserRoles'. 
2024-03-22 11:46:55.1016|DEBUG|Microsoft.EntityFrameworkCore.Query|Including navigation: 'UserRoles.Roles'. 
2024-03-22 11:46:55.3574|DEBUG|Microsoft.EntityFrameworkCore.Query|Generated query execution expression: 
'queryContext => ShapedQueryCompilingExpressionVisitor.SingleOrDefaultAsync<Users>(
    asyncEnumerable: new SingleQueryingEnumerable<Users>(
        (RelationalQueryContext)queryContext, 
        RelationalCommandCache.QueryExpression(
            Client Projections:
                0 -> Dictionary<IProperty, int> { [Property: Users.Id (Guid) Required PK AfterSave:Throw ValueGenerated.OnAdd, 0], [Property: Users.Avatar (string), 1], [Property: Users.CreationTime (DateTime) Required, 2], [Property: Users.DeletionTime (DateTime?), 3], [Property: Users.Email (string), 4], [Property: Users.Gender (Gender) Required, 5], [Property: Users.IsDeleted (bool) Required Index, 6], [Property: Users.LastModificationTime (DateTime?), 7], [Property: Users.Password (string) Required MaxLength(100) ANSI, 8], [Property: Users.Phone (string), 9], [Property: Users.Username (string) Required Index MaxLength(10), 10] }
                1 -> Dictionary<IProperty, int> { [Property: UserAccessFail.Id (Guid) Required PK AfterSave:Throw ValueGenerated.OnAdd, 11], [Property: UserAccessFail.AccessFailedCount (int) Required, 12], [Property: UserAccessFail.CreationTime (DateTime) Required, 13], [Property: UserAccessFail.IsLockOut (bool) Required, 14], [Property: UserAccessFail.LockOutEnd (DateTime?), 15], [Property: UserAccessFail.UserId (Guid) Required FK Index, 16] }
                2 -> 0
                3 -> 11
                4 -> Dictionary<IProperty, int> { [Property: UserRoles.UserId (Guid) Required PK FK AfterSave:Throw, 17], [Property: UserRoles.RoleId (Guid) Required PK FK Index AfterSave:Throw, 18] }
                5 -> Dictionary<IProperty, int> { [Property: Roles.Id (Guid) Required PK AfterSave:Throw ValueGenerated.OnAdd, 19], [Property: Roles.CreationTime (DateTime) Required, 20], [Property: Roles.DeletionTime (DateTime?), 21], [Property: Roles.IsDeleted (bool) Required Index, 22], [Property: Roles.LastModificationTime (DateTime?), 23], [Property: Roles.RoleDesc (string) Required, 24], [Property: Roles.RoleName (string) Required MaxLength(10), 25] }
                6 -> 17
                7 -> 18
                8 -> 19
            SELECT t.Id, t.Avatar, t.CreationTime, t.DeletionTime, t.Email, t.Gender, t.IsDeleted, t.LastModificationTime, t.Password, t.Phone, t.Username, t.Id0, t.AccessFailedCount, t.CreationTime0, t.IsLockOut, t.LockOutEnd, t.UserId, t0.UserId, t0.RoleId, t0.Id, t0.CreationTime, t0.DeletionTime, t0.IsDeleted, t0.LastModificationTime, t0.RoleDesc, t0.RoleName
            FROM 
            (
                SELECT TOP(1) u.Id, u.Avatar, u.CreationTime, u.DeletionTime, u.Email, u.Gender, u.IsDeleted, u.LastModificationTime, u.Password, u.Phone, u.Username, u0.Id AS Id0, u0.AccessFailedCount, u0.CreationTime AS CreationTime0, u0.IsLockOut, u0.LockOutEnd, u0.UserId
                FROM Users AS u
                LEFT JOIN UserAccessFails AS u0 ON u.Id == u0.UserId
                WHERE (u.IsDeleted == FALSE) && (u.Email == @__email_0)
            ) AS t
            LEFT JOIN 
            (
                SELECT u1.UserId, u1.RoleId, t1.Id, t1.CreationTime, t1.DeletionTime, t1.IsDeleted, t1.LastModificationTime, t1.RoleDesc, t1.RoleName
                FROM Users_Roles AS u1
                INNER JOIN 
                (
                    SELECT r.Id, r.CreationTime, r.DeletionTime, r.IsDeleted, r.LastModificationTime, r.RoleDesc, r.RoleName
                    FROM Roles AS r
                    WHERE r.IsDeleted == FALSE
                ) AS t1 ON u1.RoleId == t1.Id
            ) AS t0 ON t.Id == t0.UserId
            ORDER BY t.Id ASC, t.Id0 ASC, t0.UserId ASC, t0.RoleId ASC), 
        null, 
        Func<QueryContext, DbDataReader, ResultContext, SingleQueryResultCoordinator, Users>, 
        User.Infrastructure.UserDbContext, 
        False, 
        False, 
        True
    ), 
    cancellationToken: queryContext.CancellationToken)' 
2024-03-22 11:46:55.3917|DEBUG|Microsoft.EntityFrameworkCore.Database.Connection|Creating DbConnection. 
2024-03-22 11:46:55.3979|DEBUG|Microsoft.EntityFrameworkCore.Database.Connection|Created DbConnection. (4ms). 
2024-03-22 11:46:55.3979|DEBUG|Microsoft.EntityFrameworkCore.Database.Connection|Opening connection to database 'LitZhu' on server 'localhost'. 
2024-03-22 11:46:55.5116|DEBUG|Microsoft.EntityFrameworkCore.Database.Connection|Opened connection to database 'LitZhu' on server 'localhost'. 
2024-03-22 11:46:55.5116|DEBUG|Microsoft.EntityFrameworkCore.Database.Command|Creating DbCommand for 'ExecuteReader'. 
2024-03-22 11:46:55.5116|DEBUG|Microsoft.EntityFrameworkCore.Database.Command|Created DbCommand for 'ExecuteReader' (1ms). 
2024-03-22 11:46:55.5254|DEBUG|Microsoft.EntityFrameworkCore.Database.Command|Initialized DbCommand for 'ExecuteReader' (11ms). 
2024-03-22 11:46:55.5254|DEBUG|Microsoft.EntityFrameworkCore.Database.Command|Executing DbCommand [Parameters=[@__email_0='?' (Size = 4000)], CommandType='Text', CommandTimeout='30']
SELECT `t`.`Id`, `t`.`Avatar`, `t`.`CreationTime`, `t`.`DeletionTime`, `t`.`Email`, `t`.`Gender`, `t`.`IsDeleted`, `t`.`LastModificationTime`, `t`.`Password`, `t`.`Phone`, `t`.`Username`, `t`.`Id0`, `t`.`AccessFailedCount`, `t`.`CreationTime0`, `t`.`IsLockOut`, `t`.`LockOutEnd`, `t`.`UserId`, `t0`.`UserId`, `t0`.`RoleId`, `t0`.`Id`, `t0`.`CreationTime`, `t0`.`DeletionTime`, `t0`.`IsDeleted`, `t0`.`LastModificationTime`, `t0`.`RoleDesc`, `t0`.`RoleName`
FROM (
    SELECT `u`.`Id`, `u`.`Avatar`, `u`.`CreationTime`, `u`.`DeletionTime`, `u`.`Email`, `u`.`Gender`, `u`.`IsDeleted`, `u`.`LastModificationTime`, `u`.`Password`, `u`.`Phone`, `u`.`Username`, `u0`.`Id` AS `Id0`, `u0`.`AccessFailedCount`, `u0`.`CreationTime` AS `CreationTime0`, `u0`.`IsLockOut`, `u0`.`LockOutEnd`, `u0`.`UserId`
    FROM `Users` AS `u`
    LEFT JOIN `UserAccessFails` AS `u0` ON `u`.`Id` = `u0`.`UserId`
    WHERE NOT (`u`.`IsDeleted`) AND (`u`.`Email` = @__email_0)
    LIMIT 1
) AS `t`
LEFT JOIN (
    SELECT `u1`.`UserId`, `u1`.`RoleId`, `t1`.`Id`, `t1`.`CreationTime`, `t1`.`DeletionTime`, `t1`.`IsDeleted`, `t1`.`LastModificationTime`, `t1`.`RoleDesc`, `t1`.`RoleName`
    FROM `Users_Roles` AS `u1`
    INNER JOIN (
        SELECT `r`.`Id`, `r`.`CreationTime`, `r`.`DeletionTime`, `r`.`IsDeleted`, `r`.`LastModificationTime`, `r`.`RoleDesc`, `r`.`RoleName`
        FROM `Roles` AS `r`
        WHERE NOT (`r`.`IsDeleted`)
    ) AS `t1` ON `u1`.`RoleId` = `t1`.`Id`
) AS `t0` ON `t`.`Id` = `t0`.`UserId`
ORDER BY `t`.`Id`, `t`.`Id0`, `t0`.`UserId`, `t0`.`RoleId` 
2024-03-22 11:46:55.5802|INFO|Microsoft.EntityFrameworkCore.Database.Command|Executed DbCommand (50ms) [Parameters=[@__email_0='?' (Size = 4000)], CommandType='Text', CommandTimeout='30']
SELECT `t`.`Id`, `t`.`Avatar`, `t`.`CreationTime`, `t`.`DeletionTime`, `t`.`Email`, `t`.`Gender`, `t`.`IsDeleted`, `t`.`LastModificationTime`, `t`.`Password`, `t`.`Phone`, `t`.`Username`, `t`.`Id0`, `t`.`AccessFailedCount`, `t`.`CreationTime0`, `t`.`IsLockOut`, `t`.`LockOutEnd`, `t`.`UserId`, `t0`.`UserId`, `t0`.`RoleId`, `t0`.`Id`, `t0`.`CreationTime`, `t0`.`DeletionTime`, `t0`.`IsDeleted`, `t0`.`LastModificationTime`, `t0`.`RoleDesc`, `t0`.`RoleName`
FROM (
    SELECT `u`.`Id`, `u`.`Avatar`, `u`.`CreationTime`, `u`.`DeletionTime`, `u`.`Email`, `u`.`Gender`, `u`.`IsDeleted`, `u`.`LastModificationTime`, `u`.`Password`, `u`.`Phone`, `u`.`Username`, `u0`.`Id` AS `Id0`, `u0`.`AccessFailedCount`, `u0`.`CreationTime` AS `CreationTime0`, `u0`.`IsLockOut`, `u0`.`LockOutEnd`, `u0`.`UserId`
    FROM `Users` AS `u`
    LEFT JOIN `UserAccessFails` AS `u0` ON `u`.`Id` = `u0`.`UserId`
    WHERE NOT (`u`.`IsDeleted`) AND (`u`.`Email` = @__email_0)
    LIMIT 1
) AS `t`
LEFT JOIN (
    SELECT `u1`.`UserId`, `u1`.`RoleId`, `t1`.`Id`, `t1`.`CreationTime`, `t1`.`DeletionTime`, `t1`.`IsDeleted`, `t1`.`LastModificationTime`, `t1`.`RoleDesc`, `t1`.`RoleName`
    FROM `Users_Roles` AS `u1`
    INNER JOIN (
        SELECT `r`.`Id`, `r`.`CreationTime`, `r`.`DeletionTime`, `r`.`IsDeleted`, `r`.`LastModificationTime`, `r`.`RoleDesc`, `r`.`RoleName`
        FROM `Roles` AS `r`
        WHERE NOT (`r`.`IsDeleted`)
    ) AS `t1` ON `u1`.`RoleId` = `t1`.`Id`
) AS `t0` ON `t`.`Id` = `t0`.`UserId`
ORDER BY `t`.`Id`, `t`.`Id0`, `t0`.`UserId`, `t0`.`RoleId` 
2024-03-22 11:46:55.6285|DEBUG|Microsoft.EntityFrameworkCore.ChangeTracking|Context 'UserDbContext' started tracking 'Users' entity. Consider using 'DbContextOptionsBuilder.EnableSensitiveDataLogging' to see key values. 
2024-03-22 11:46:55.6685|DEBUG|Microsoft.EntityFrameworkCore.ChangeTracking|The navigation 'Users.UserAccessFail' was detected as changed. Consider using 'DbContextOptionsBuilder.EnableSensitiveDataLogging' to see key values. 
2024-03-22 11:46:55.6685|DEBUG|Microsoft.EntityFrameworkCore.ChangeTracking|Context 'UserDbContext' started tracking 'UserAccessFail' entity. Consider using 'DbContextOptionsBuilder.EnableSensitiveDataLogging' to see key values. 
2024-03-22 11:46:55.6875|DEBUG|Microsoft.EntityFrameworkCore.Database.Command|Closing data reader to 'LitZhu' on server 'localhost'. 
2024-03-22 11:46:55.6943|DEBUG|Microsoft.EntityFrameworkCore.Database.Command|A data reader for 'LitZhu' on server 'localhost' is being disposed after spending 109ms reading results. 
2024-03-22 11:46:55.6943|DEBUG|Microsoft.EntityFrameworkCore.Database.Connection|Closing connection to database 'LitZhu' on server 'localhost'. 
2024-03-22 11:46:55.6943|DEBUG|Microsoft.EntityFrameworkCore.Database.Connection|Closed connection to database 'LitZhu' on server 'localhost' (2ms). 
2024-03-22 11:46:55.7150|WARN|User.Infrastructure.EmailCodeSender|向邮箱地址：litzhuvich@foxmain.com , 发送验证码：20752 
2024-03-22 11:46:55.7150|INFO|Microsoft.AspNetCore.Mvc.Infrastructure.ControllerActionInvoker|Executed action method LitZhu.WebApi.Controllers.User.AuthController.SendEmailCode (LitZhu.WebApi), returned result Microsoft.AspNetCore.Mvc.OkObjectResult in 765.7124ms. 
2024-03-22 11:46:55.7150|TRACE|Microsoft.AspNetCore.Mvc.Infrastructure.ControllerActionInvoker|Action Filter: Before executing OnActionExecuted on filter Microsoft.AspNetCore.Mvc.Infrastructure.ModelStateInvalidFilter. 
2024-03-22 11:46:55.7150|TRACE|Microsoft.AspNetCore.Mvc.Infrastructure.ControllerActionInvoker|Action Filter: After executing OnActionExecuted on filter Microsoft.AspNetCore.Mvc.Infrastructure.ModelStateInvalidFilter. 
2024-03-22 11:46:55.7150|TRACE|Microsoft.AspNetCore.Mvc.Infrastructure.ControllerActionInvoker|Action Filter: Before executing OnActionExecuted on filter Microsoft.AspNetCore.Mvc.ModelBinding.UnsupportedContentTypeFilter. 
2024-03-22 11:46:55.7150|TRACE|Microsoft.AspNetCore.Mvc.Infrastructure.ControllerActionInvoker|Action Filter: After executing OnActionExecuted on filter Microsoft.AspNetCore.Mvc.ModelBinding.UnsupportedContentTypeFilter. 
2024-03-22 11:46:55.7232|TRACE|Microsoft.AspNetCore.Mvc.Infrastructure.ControllerActionInvoker|Result Filter: Before executing OnResultExecuting on filter Microsoft.AspNetCore.Mvc.Infrastructure.ClientErrorResultFilter. 
2024-03-22 11:46:55.7232|TRACE|Microsoft.AspNetCore.Mvc.Infrastructure.ControllerActionInvoker|Result Filter: After executing OnResultExecuting on filter Microsoft.AspNetCore.Mvc.Infrastructure.ClientErrorResultFilter. 
2024-03-22 11:46:55.7232|TRACE|Microsoft.AspNetCore.Mvc.Infrastructure.ControllerActionInvoker|Before executing action result Microsoft.AspNetCore.Mvc.OkObjectResult. 
2024-03-22 11:46:55.7232|DEBUG|Microsoft.AspNetCore.Mvc.Infrastructure.DefaultOutputFormatterSelector|List of registered output formatters, in the following order: Microsoft.AspNetCore.Mvc.Formatters.HttpNoContentOutputFormatter, Microsoft.AspNetCore.Mvc.Formatters.StringOutputFormatter, Microsoft.AspNetCore.Mvc.Formatters.StreamOutputFormatter, Microsoft.AspNetCore.Mvc.Formatters.NewtonsoftJsonOutputFormatter 
2024-03-22 11:46:55.7232|DEBUG|Microsoft.AspNetCore.Mvc.Infrastructure.DefaultOutputFormatterSelector|No information found on request to perform content negotiation. 
2024-03-22 11:46:55.7232|DEBUG|Microsoft.AspNetCore.Mvc.Infrastructure.DefaultOutputFormatterSelector|Attempting to select an output formatter without using a content type as no explicit content types were specified for the response. 
2024-03-22 11:46:55.7232|DEBUG|Microsoft.AspNetCore.Mvc.Infrastructure.DefaultOutputFormatterSelector|Attempting to select the first formatter in the output formatters list which can write the result. 
2024-03-22 11:46:55.7232|DEBUG|Microsoft.AspNetCore.Mvc.Infrastructure.DefaultOutputFormatterSelector|Selected output formatter 'Microsoft.AspNetCore.Mvc.Formatters.NewtonsoftJsonOutputFormatter' and content type 'application/json' to write the response. 
2024-03-22 11:46:55.7232|INFO|Microsoft.AspNetCore.Mvc.Infrastructure.ObjectResultExecutor|Executing OkObjectResult, writing value of type 'LitZhu.WebApi.R'. 
2024-03-22 11:46:55.7641|TRACE|Microsoft.AspNetCore.Mvc.Infrastructure.ControllerActionInvoker|After executing action result Microsoft.AspNetCore.Mvc.OkObjectResult. 
2024-03-22 11:46:55.7641|TRACE|Microsoft.AspNetCore.Mvc.Infrastructure.ControllerActionInvoker|Result Filter: Before executing OnResultExecuted on filter Microsoft.AspNetCore.Mvc.Infrastructure.ClientErrorResultFilter. 
2024-03-22 11:46:55.7641|TRACE|Microsoft.AspNetCore.Mvc.Infrastructure.ControllerActionInvoker|Result Filter: After executing OnResultExecuted on filter Microsoft.AspNetCore.Mvc.Infrastructure.ClientErrorResultFilter. 
2024-03-22 11:46:55.7641|DEBUG|Microsoft.AspNetCore.Server.Kestrel.Transport.Sockets|Connection id "0HN2A4AJ9VDTG" received FIN. 
2024-03-22 11:46:55.7641|DEBUG|Microsoft.AspNetCore.Server.Kestrel.Transport.Sockets|Connection id "0HN2A4AJ9VDTG" sending FIN because: "The Socket transport's send loop completed gracefully." 
2024-03-22 11:46:55.7641|DEBUG|Microsoft.AspNetCore.Server.Kestrel.Connections|Connection id "0HN2A4AJ9VDTG" disconnecting. 
2024-03-22 11:46:55.7641|INFO|Microsoft.AspNetCore.Mvc.Infrastructure.ControllerActionInvoker|Executed action LitZhu.WebApi.Controllers.User.AuthController.SendEmailCode (LitZhu.WebApi) in 2091.1773ms 
2024-03-22 11:46:55.7641|INFO|Microsoft.AspNetCore.Routing.EndpointMiddleware|Executed endpoint 'LitZhu.WebApi.Controllers.User.AuthController.SendEmailCode (LitZhu.WebApi)' 
2024-03-22 11:46:55.7720|DEBUG|Microsoft.EntityFrameworkCore.Infrastructure|'UserDbContext' disposed. 
2024-03-22 11:46:55.7720|DEBUG|Microsoft.EntityFrameworkCore.Database.Connection|Disposing connection to database 'LitZhu' on server 'localhost'. 
2024-03-22 11:46:55.7720|DEBUG|Microsoft.EntityFrameworkCore.Database.Connection|Disposed connection to database 'LitZhu' on server 'localhost' (1ms). 
2024-03-22 11:46:55.7720|INFO|Microsoft.AspNetCore.Hosting.Diagnostics|Request finished HTTP/1.1 POST https://localhost:7290/api/Auth/SendEmailCode - 200 47 application/json;+charset=utf-8 2241.7324ms 
2024-03-22 11:46:55.7720|DEBUG|Microsoft.AspNetCore.Server.Kestrel.Connections|Connection id "0HN2A4AJ9VDTG" stopped. 
2024-03-22 11:55:12.2547|DEBUG|Microsoft.AspNetCore.Mvc.ModelBinding.ModelBinderFactory|Registered model binder providers, in the following order: Microsoft.AspNetCore.Mvc.ModelBinding.Binders.BinderTypeModelBinderProvider, Microsoft.AspNetCore.Mvc.ModelBinding.Binders.ServicesModelBinderProvider, Microsoft.AspNetCore.Mvc.ModelBinding.Binders.BodyModelBinderProvider, Microsoft.AspNetCore.Mvc.ModelBinding.Binders.HeaderModelBinderProvider, Microsoft.AspNetCore.Mvc.ModelBinding.Binders.FloatingPointTypeModelBinderProvider, Microsoft.AspNetCore.Mvc.ModelBinding.Binders.EnumTypeModelBinderProvider, Microsoft.AspNetCore.Mvc.ModelBinding.Binders.DateTimeModelBinderProvider, Microsoft.AspNetCore.Mvc.ModelBinding.Binders.SimpleTypeModelBinderProvider, Microsoft.AspNetCore.Mvc.ModelBinding.Binders.TryParseModelBinderProvider, Microsoft.AspNetCore.Mvc.ModelBinding.Binders.CancellationTokenModelBinderProvider, Microsoft.AspNetCore.Mvc.ModelBinding.Binders.ByteArrayModelBinderProvider, Microsoft.AspNetCore.Mvc.ModelBinding.Binders.FormFileModelBinderProvider, Microsoft.AspNetCore.Mvc.ModelBinding.Binders.FormCollectionModelBinderProvider, Microsoft.AspNetCore.Mvc.ModelBinding.Binders.KeyValuePairModelBinderProvider, Microsoft.AspNetCore.Mvc.ModelBinding.Binders.DictionaryModelBinderProvider, Microsoft.AspNetCore.Mvc.ModelBinding.Binders.ArrayModelBinderProvider, Microsoft.AspNetCore.Mvc.ModelBinding.Binders.CollectionModelBinderProvider, Microsoft.AspNetCore.Mvc.ModelBinding.Binders.ComplexObjectModelBinderProvider 
2024-03-22 11:55:12.4563|DEBUG|Microsoft.Extensions.Hosting.Internal.Host|Hosting starting 
2024-03-22 11:55:12.5028|INFO|Microsoft.AspNetCore.DataProtection.KeyManagement.XmlKeyManager|User profile is available. Using 'C:\Users\25968\AppData\Local\ASP.NET\DataProtection-Keys' as key repository and Windows DPAPI to encrypt keys at rest. 
2024-03-22 11:55:12.5104|DEBUG|Microsoft.AspNetCore.DataProtection.Repositories.FileSystemXmlRepository|Reading data from file 'C:\Users\25968\AppData\Local\ASP.NET\DataProtection-Keys\key-04331095-e001-4e86-a2a5-ac77c623d11c.xml'. 
2024-03-22 11:55:12.5104|DEBUG|Microsoft.AspNetCore.DataProtection.KeyManagement.XmlKeyManager|Found key {04331095-e001-4e86-a2a5-ac77c623d11c}. 
2024-03-22 11:55:12.5265|DEBUG|Microsoft.AspNetCore.DataProtection.KeyManagement.DefaultKeyResolver|Considering key {04331095-e001-4e86-a2a5-ac77c623d11c} with expiration date 2024-04-11 12:24:14Z as default key. 
2024-03-22 11:55:12.5265|DEBUG|Microsoft.AspNetCore.DataProtection.TypeForwardingActivator|Forwarded activator type request from Microsoft.AspNetCore.DataProtection.XmlEncryption.DpapiXmlDecryptor, Microsoft.AspNetCore.DataProtection, Version=8.0.0.0, Culture=neutral, PublicKeyToken=adb9793829ddae60 to Microsoft.AspNetCore.DataProtection.XmlEncryption.DpapiXmlDecryptor, Microsoft.AspNetCore.DataProtection, Culture=neutral, PublicKeyToken=adb9793829ddae60 
2024-03-22 11:55:12.5265|DEBUG|Microsoft.AspNetCore.DataProtection.XmlEncryption.DpapiXmlDecryptor|Decrypting secret element using Windows DPAPI. 
2024-03-22 11:55:12.5265|DEBUG|Microsoft.AspNetCore.DataProtection.TypeForwardingActivator|Forwarded activator type request from Microsoft.AspNetCore.DataProtection.AuthenticatedEncryption.ConfigurationModel.AuthenticatedEncryptorDescriptorDeserializer, Microsoft.AspNetCore.DataProtection, Version=8.0.0.0, Culture=neutral, PublicKeyToken=adb9793829ddae60 to Microsoft.AspNetCore.DataProtection.AuthenticatedEncryption.ConfigurationModel.AuthenticatedEncryptorDescriptorDeserializer, Microsoft.AspNetCore.DataProtection, Culture=neutral, PublicKeyToken=adb9793829ddae60 
2024-03-22 11:55:12.5265|DEBUG|Microsoft.AspNetCore.DataProtection.AuthenticatedEncryption.CngCbcAuthenticatedEncryptorFactory|Opening CNG algorithm 'AES' from provider '(null)' with chaining mode CBC. 
2024-03-22 11:55:12.5265|DEBUG|Microsoft.AspNetCore.DataProtection.AuthenticatedEncryption.CngCbcAuthenticatedEncryptorFactory|Opening CNG algorithm 'SHA256' from provider '(null)' with HMAC. 
2024-03-22 11:55:12.5265|DEBUG|Microsoft.AspNetCore.DataProtection.KeyManagement.KeyRingProvider|Using key {04331095-e001-4e86-a2a5-ac77c623d11c} as the default key. 
2024-03-22 11:55:12.5265|DEBUG|Microsoft.AspNetCore.DataProtection.Internal.DataProtectionHostedService|Key ring with default key {04331095-e001-4e86-a2a5-ac77c623d11c} was loaded during application startup. 
2024-03-22 11:55:12.8503|INFO|Microsoft.Hosting.Lifetime|Now listening on: https://localhost:7290 
2024-03-22 11:55:12.8503|INFO|Microsoft.Hosting.Lifetime|Now listening on: http://localhost:5167 
2024-03-22 11:55:12.8544|DEBUG|Microsoft.AspNetCore.Hosting.Diagnostics|Loaded hosting startup assembly LitZhu.WebApi 
2024-03-22 11:55:12.8544|DEBUG|Microsoft.AspNetCore.Hosting.Diagnostics|Loaded hosting startup assembly Microsoft.AspNetCore.Watch.BrowserRefresh 
2024-03-22 11:55:12.8544|DEBUG|Microsoft.AspNetCore.Hosting.Diagnostics|Loaded hosting startup assembly Microsoft.WebTools.BrowserLink.Net 
2024-03-22 11:55:12.8544|INFO|Microsoft.Hosting.Lifetime|Application started. Press Ctrl+C to shut down. 
2024-03-22 11:55:12.8544|INFO|Microsoft.Hosting.Lifetime|Hosting environment: Development 
2024-03-22 11:55:12.8544|INFO|Microsoft.Hosting.Lifetime|Content root path: D:\Desktop\website\litzhu\LitZhu_backend\LitZhu.WebApi 
2024-03-22 11:55:12.8544|DEBUG|Microsoft.Extensions.Hosting.Internal.Host|Hosting started 
2024-03-22 11:55:12.8830|DEBUG|Microsoft.AspNetCore.Server.Kestrel.Connections|Connection id "0HN2A4FG6ATF8" accepted. 
2024-03-22 11:55:12.8830|DEBUG|Microsoft.AspNetCore.Server.Kestrel.Connections|Connection id "0HN2A4FG6ATF7" accepted. 
2024-03-22 11:55:12.8830|DEBUG|Microsoft.AspNetCore.Server.Kestrel.Connections|Connection id "0HN2A4FG6ATF8" started. 
2024-03-22 11:55:12.8830|DEBUG|Microsoft.AspNetCore.Server.Kestrel.Connections|Connection id "0HN2A4FG6ATF7" started. 
2024-03-22 11:55:12.9026|DEBUG|Microsoft.AspNetCore.Server.Kestrel.Transport.Sockets|Connection id "0HN2A4FG6ATF8" received FIN. 
2024-03-22 11:55:12.9026|DEBUG|Microsoft.AspNetCore.Server.Kestrel.Transport.Sockets|Connection id "0HN2A4FG6ATF7" received FIN. 
2024-03-22 11:55:12.9447|DEBUG|Microsoft.AspNetCore.Server.Kestrel.Https.Internal.HttpsConnectionMiddleware|Failed to authenticate HTTPS connection. System.IO.IOException: Received an unexpected EOF or 0 bytes from the transport stream.
   at System.Net.Security.SslStream.ReceiveHandshakeFrameAsync[TIOAdapter](CancellationToken cancellationToken)
   at System.Net.Security.SslStream.ForceAuthenticationAsync[TIOAdapter](Boolean receiveFirst, Byte[] reAuthenticationData, CancellationToken cancellationToken)
   at System.Net.Security.SslStream.ProcessAuthenticationWithTelemetryAsync(Boolean isAsync, CancellationToken cancellationToken)
   at Microsoft.AspNetCore.Server.Kestrel.Https.Internal.HttpsConnectionMiddleware.OnConnectionAsync(ConnectionContext context)
2024-03-22 11:55:12.9447|DEBUG|Microsoft.AspNetCore.Server.Kestrel.Https.Internal.HttpsConnectionMiddleware|Failed to authenticate HTTPS connection. System.IO.IOException: Received an unexpected EOF or 0 bytes from the transport stream.
   at System.Net.Security.SslStream.ReceiveHandshakeFrameAsync[TIOAdapter](CancellationToken cancellationToken)
   at System.Net.Security.SslStream.ForceAuthenticationAsync[TIOAdapter](Boolean receiveFirst, Byte[] reAuthenticationData, CancellationToken cancellationToken)
   at System.Net.Security.SslStream.ProcessAuthenticationWithTelemetryAsync(Boolean isAsync, CancellationToken cancellationToken)
   at Microsoft.AspNetCore.Server.Kestrel.Https.Internal.HttpsConnectionMiddleware.OnConnectionAsync(ConnectionContext context)
2024-03-22 11:55:13.0006|DEBUG|Microsoft.AspNetCore.Server.Kestrel.Connections|Connection id "0HN2A4FG6ATF8" stopped. 
2024-03-22 11:55:13.0006|DEBUG|Microsoft.AspNetCore.Server.Kestrel.Connections|Connection id "0HN2A4FG6ATF7" stopped. 
2024-03-22 11:55:13.0006|DEBUG|Microsoft.AspNetCore.Server.Kestrel.Transport.Sockets|Connection id "0HN2A4FG6ATF7" sending FIN because: "The Socket transport's send loop completed gracefully." 
2024-03-22 11:55:13.0006|DEBUG|Microsoft.AspNetCore.Server.Kestrel.Transport.Sockets|Connection id "0HN2A4FG6ATF8" sending FIN because: "The Socket transport's send loop completed gracefully." 
2024-03-22 11:55:17.6574|DEBUG|Microsoft.AspNetCore.Server.Kestrel.Connections|Connection id "0HN2A4FG6ATF9" accepted. 
2024-03-22 11:55:17.6574|DEBUG|Microsoft.AspNetCore.Server.Kestrel.Connections|Connection id "0HN2A4FG6ATF9" started. 
2024-03-22 11:55:17.7536|DEBUG|Microsoft.AspNetCore.Server.Kestrel.Https.Internal.HttpsConnectionMiddleware|Connection 0HN2A4FG6ATF9 established using the following protocol: Tls13 
2024-03-22 11:55:17.8009|TRACE|Microsoft.AspNetCore.Server.Kestrel.Http2|Connection id "0HN2A4FG6ATF9" sending SETTINGS frame for stream ID 0 with length 24 and flags NONE. 
2024-03-22 11:55:17.8123|TRACE|Microsoft.AspNetCore.Server.Kestrel.Http2|Connection id "0HN2A4FG6ATF9" sending WINDOW_UPDATE frame for stream ID 0 with length 4 and flags 0x0. 
2024-03-22 11:55:17.8123|TRACE|Microsoft.AspNetCore.Server.Kestrel.Http2|Connection id "0HN2A4FG6ATF9" received SETTINGS frame for stream ID 0 with length 24 and flags NONE. 
2024-03-22 11:55:17.8123|TRACE|Microsoft.AspNetCore.Server.Kestrel.Http2|Connection id "0HN2A4FG6ATF9" sending SETTINGS frame for stream ID 0 with length 0 and flags ACK. 
2024-03-22 11:55:17.8123|TRACE|Microsoft.AspNetCore.Server.Kestrel.Http2|Connection id "0HN2A4FG6ATF9" received WINDOW_UPDATE frame for stream ID 0 with length 4 and flags 0x0. 
2024-03-22 11:55:17.8123|TRACE|Microsoft.AspNetCore.Server.Kestrel.Http2|Connection id "0HN2A4FG6ATF9" received HEADERS frame for stream ID 1 with length 463 and flags END_STREAM, END_HEADERS, PRIORITY. 
2024-03-22 11:55:17.8741|TRACE|Microsoft.AspNetCore.Server.Kestrel.Http2|Connection id "0HN2A4FG6ATF9" received SETTINGS frame for stream ID 0 with length 0 and flags ACK. 
2024-03-22 11:55:17.8921|INFO|Microsoft.AspNetCore.Hosting.Diagnostics|Request starting HTTP/2 GET https://localhost:7290/swagger/index.html - - - 
2024-03-22 11:55:18.1077|DEBUG|Microsoft.AspNetCore.HostFiltering.HostFilteringMiddleware|Wildcard detected, all requests with hosts will be allowed. 
2024-03-22 11:55:18.1077|TRACE|Microsoft.AspNetCore.HostFiltering.HostFilteringMiddleware|All hosts are allowed. 
2024-03-22 11:55:18.1581|DEBUG|Microsoft.AspNetCore.Routing.Matching.DfaMatcher|No candidates found for the request path '/swagger/index.html' 
2024-03-22 11:55:18.1581|DEBUG|Microsoft.AspNetCore.Routing.EndpointRoutingMiddleware|Request did not match any endpoints 
2024-03-22 11:55:18.3295|DEBUG|Microsoft.AspNetCore.Watch.BrowserRefresh.BrowserRefreshMiddleware|Response markup is scheduled to include browser refresh script injection. 
2024-03-22 11:55:18.3356|TRACE|Microsoft.AspNetCore.Server.Kestrel.Http2|Connection id "0HN2A4FG6ATF9" sending HEADERS frame for stream ID 1 with length 66 and flags END_HEADERS. 
2024-03-22 11:55:18.3655|TRACE|Microsoft.AspNetCore.Server.Kestrel.Http2|Connection id "0HN2A4FG6ATF9" sending DATA frame for stream ID 1 with length 4096 and flags NONE. 
2024-03-22 11:55:18.3791|TRACE|Microsoft.AspNetCore.Server.Kestrel.Http2|Connection id "0HN2A4FG6ATF9" sending DATA frame for stream ID 1 with length 992 and flags NONE. 
2024-03-22 11:55:18.3791|TRACE|Microsoft.AspNetCore.Server.Kestrel.Http2|Connection id "0HN2A4FG6ATF9" sending DATA frame for stream ID 1 with length 81 and flags NONE. 
2024-03-22 11:55:18.3791|DEBUG|Microsoft.AspNetCore.Watch.BrowserRefresh.BrowserRefreshMiddleware|Response markup was updated to include browser refresh script injection. 
2024-03-22 11:55:18.3791|TRACE|Microsoft.AspNetCore.Server.Kestrel.Http2|Connection id "0HN2A4FG6ATF9" sending DATA frame for stream ID 1 with length 0 and flags END_STREAM. 
2024-03-22 11:55:18.3791|INFO|Microsoft.AspNetCore.Hosting.Diagnostics|Request finished HTTP/2 GET https://localhost:7290/swagger/index.html - 200 - text/html;charset=utf-8 512.9391ms 
2024-03-22 11:55:18.6147|TRACE|Microsoft.AspNetCore.Server.Kestrel.Http2|Connection id "0HN2A4FG6ATF9" received HEADERS frame for stream ID 3 with length 115 and flags END_STREAM, END_HEADERS, PRIORITY. 
2024-03-22 11:55:18.6147|INFO|Microsoft.AspNetCore.Hosting.Diagnostics|Request starting HTTP/2 GET https://localhost:7290/_vs/browserLink - - - 
2024-03-22 11:55:18.6147|TRACE|Microsoft.AspNetCore.Server.Kestrel.Http2|Connection id "0HN2A4FG6ATF9" received HEADERS frame for stream ID 5 with length 51 and flags END_STREAM, END_HEADERS, PRIORITY. 
2024-03-22 11:55:18.6147|INFO|Microsoft.AspNetCore.Hosting.Diagnostics|Request starting HTTP/2 GET https://localhost:7290/_framework/aspnetcore-browser-refresh.js - - - 
2024-03-22 11:55:18.6373|TRACE|Microsoft.AspNetCore.Server.Kestrel.Http2|Connection id "0HN2A4FG6ATF9" sending HEADERS frame for stream ID 5 with length 60 and flags END_HEADERS. 
2024-03-22 11:55:18.6373|TRACE|Microsoft.AspNetCore.Server.Kestrel.Http2|Connection id "0HN2A4FG6ATF9" sending DATA frame for stream ID 5 with length 13761 and flags NONE. 
2024-03-22 11:55:18.6373|TRACE|Microsoft.AspNetCore.Server.Kestrel.Http2|Connection id "0HN2A4FG6ATF9" sending DATA frame for stream ID 5 with length 0 and flags END_STREAM. 
2024-03-22 11:55:18.6373|INFO|Microsoft.AspNetCore.Hosting.Diagnostics|Request finished HTTP/2 GET https://localhost:7290/_framework/aspnetcore-browser-refresh.js - 200 13761 application/javascript;+charset=utf-8 17.1735ms 
2024-03-22 11:55:18.6634|TRACE|Microsoft.AspNetCore.Server.Kestrel.Http2|Connection id "0HN2A4FG6ATF9" sending HEADERS frame for stream ID 3 with length 149 and flags END_HEADERS. 
2024-03-22 11:55:18.6634|TRACE|Microsoft.AspNetCore.Server.Kestrel.Http2|Connection id "0HN2A4FG6ATF9" sending DATA frame for stream ID 3 with length 9986 and flags NONE. 
2024-03-22 11:55:18.6634|TRACE|Microsoft.AspNetCore.Server.Kestrel.Http2|Connection id "0HN2A4FG6ATF9" sending DATA frame for stream ID 3 with length 10240 and flags NONE. 
2024-03-22 11:55:18.6634|TRACE|Microsoft.AspNetCore.Server.Kestrel.Http2|Connection id "0HN2A4FG6ATF9" sending DATA frame for stream ID 3 with length 10240 and flags NONE. 
2024-03-22 11:55:18.6634|TRACE|Microsoft.AspNetCore.Server.Kestrel.Http2|Connection id "0HN2A4FG6ATF9" sending DATA frame for stream ID 3 with length 10240 and flags NONE. 
2024-03-22 11:55:18.6634|TRACE|Microsoft.AspNetCore.Server.Kestrel.Http2|Connection id "0HN2A4FG6ATF9" sending DATA frame for stream ID 3 with length 10240 and flags NONE. 
2024-03-22 11:55:18.6634|TRACE|Microsoft.AspNetCore.Server.Kestrel.Http2|Connection id "0HN2A4FG6ATF9" sending DATA frame for stream ID 3 with length 10240 and flags NONE. 
2024-03-22 11:55:18.6769|TRACE|Microsoft.AspNetCore.Server.Kestrel.Http2|Connection id "0HN2A4FG6ATF9" sending DATA frame for stream ID 3 with length 10240 and flags NONE. 
2024-03-22 11:55:18.6769|TRACE|Microsoft.AspNetCore.Server.Kestrel.Http2|Connection id "0HN2A4FG6ATF9" sending DATA frame for stream ID 3 with length 10240 and flags NONE. 
2024-03-22 11:55:18.6769|TRACE|Microsoft.AspNetCore.Server.Kestrel.Http2|Connection id "0HN2A4FG6ATF9" sending DATA frame for stream ID 3 with length 10240 and flags NONE. 
2024-03-22 11:55:18.6769|TRACE|Microsoft.AspNetCore.Server.Kestrel.Http2|Connection id "0HN2A4FG6ATF9" sending DATA frame for stream ID 3 with length 10240 and flags NONE. 
2024-03-22 11:55:18.6769|TRACE|Microsoft.AspNetCore.Server.Kestrel.Http2|Connection id "0HN2A4FG6ATF9" sending DATA frame for stream ID 3 with length 10240 and flags NONE. 
2024-03-22 11:55:18.6769|TRACE|Microsoft.AspNetCore.Server.Kestrel.Http2|Connection id "0HN2A4FG6ATF9" sending DATA frame for stream ID 3 with length 10240 and flags NONE. 
2024-03-22 11:55:18.6769|TRACE|Microsoft.AspNetCore.Server.Kestrel.Http2|Connection id "0HN2A4FG6ATF9" sending DATA frame for stream ID 3 with length 10240 and flags NONE. 
2024-03-22 11:55:18.6769|TRACE|Microsoft.AspNetCore.Server.Kestrel.Http2|Connection id "0HN2A4FG6ATF9" sending DATA frame for stream ID 3 with length 10240 and flags NONE. 
2024-03-22 11:55:18.6769|TRACE|Microsoft.AspNetCore.Server.Kestrel.Http2|Connection id "0HN2A4FG6ATF9" sending DATA frame for stream ID 3 with length 10240 and flags NONE. 
2024-03-22 11:55:18.6769|TRACE|Microsoft.AspNetCore.Server.Kestrel.Http2|Connection id "0HN2A4FG6ATF9" sending DATA frame for stream ID 3 with length 160 and flags NONE. 
2024-03-22 11:55:18.6769|TRACE|Microsoft.AspNetCore.Server.Kestrel.Http2|Connection id "0HN2A4FG6ATF9" sending DATA frame for stream ID 3 with length 0 and flags END_STREAM. 
2024-03-22 11:55:18.6769|INFO|Microsoft.AspNetCore.Hosting.Diagnostics|Request finished HTTP/2 GET https://localhost:7290/_vs/browserLink - 200 - text/javascript;+charset=UTF-8 73.6653ms 
2024-03-22 11:55:19.0767|TRACE|Microsoft.AspNetCore.Server.Kestrel.Http2|Connection id "0HN2A4FG6ATF9" received HEADERS frame for stream ID 7 with length 66 and flags END_STREAM, END_HEADERS, PRIORITY. 
2024-03-22 11:55:19.0767|INFO|Microsoft.AspNetCore.Hosting.Diagnostics|Request starting HTTP/2 GET https://localhost:7290/swagger/v1/swagger.json - - - 
2024-03-22 11:55:19.0767|TRACE|Microsoft.AspNetCore.HostFiltering.HostFilteringMiddleware|All hosts are allowed. 
2024-03-22 11:55:19.0767|DEBUG|Microsoft.AspNetCore.Routing.Matching.DfaMatcher|No candidates found for the request path '/swagger/v1/swagger.json' 
2024-03-22 11:55:19.0767|DEBUG|Microsoft.AspNetCore.Routing.EndpointRoutingMiddleware|Request did not match any endpoints 
2024-03-22 11:55:19.5707|TRACE|Microsoft.AspNetCore.Server.Kestrel.Http2|Connection id "0HN2A4FG6ATF9" sending HEADERS frame for stream ID 7 with length 35 and flags END_HEADERS. 
2024-03-22 11:55:19.5707|TRACE|Microsoft.AspNetCore.Server.Kestrel.Http2|Connection id "0HN2A4FG6ATF9" sending DATA frame for stream ID 7 with length 16384 and flags NONE. 
2024-03-22 11:55:19.5707|TRACE|Microsoft.AspNetCore.Server.Kestrel.Http2|Connection id "0HN2A4FG6ATF9" sending DATA frame for stream ID 7 with length 16384 and flags NONE. 
2024-03-22 11:55:19.5707|TRACE|Microsoft.AspNetCore.Server.Kestrel.Http2|Connection id "0HN2A4FG6ATF9" sending DATA frame for stream ID 7 with length 16384 and flags NONE. 
2024-03-22 11:55:19.5707|TRACE|Microsoft.AspNetCore.Server.Kestrel.Http2|Connection id "0HN2A4FG6ATF9" sending DATA frame for stream ID 7 with length 9384 and flags NONE. 
2024-03-22 11:55:19.5707|TRACE|Microsoft.AspNetCore.Server.Kestrel.Http2|Connection id "0HN2A4FG6ATF9" sending DATA frame for stream ID 7 with length 0 and flags END_STREAM. 
2024-03-22 11:55:19.5707|INFO|Microsoft.AspNetCore.Hosting.Diagnostics|Request finished HTTP/2 GET https://localhost:7290/swagger/v1/swagger.json - 200 - application/json;charset=utf-8 504.6083ms 
2024-03-22 11:55:20.7200|DEBUG|Microsoft.AspNetCore.Server.Kestrel.Transport.Sockets|Connection id "0HN2A4FG6ATF9" received FIN. 
2024-03-22 11:55:20.7200|DEBUG|Microsoft.AspNetCore.Server.Kestrel.Http2|The connection queue processing loop for 0HN2A4FG6ATF9 completed. 
2024-03-22 11:55:20.7282|DEBUG|Microsoft.AspNetCore.Server.Kestrel.Http2|Connection id "0HN2A4FG6ATF9" is closed. The last processed stream ID was 7. 
2024-03-22 11:55:20.7282|DEBUG|Microsoft.AspNetCore.Server.Kestrel.Transport.Sockets|Connection id "0HN2A4FG6ATF9" sending FIN because: "The Socket transport's send loop completed gracefully." 
2024-03-22 11:55:20.7282|DEBUG|Microsoft.AspNetCore.Server.Kestrel.Connections|Connection id "0HN2A4FG6ATF9" stopped. 
2024-03-22 11:55:55.5477|DEBUG|Microsoft.AspNetCore.Server.Kestrel.Connections|Connection id "0HN2A4FG6ATFA" accepted. 
2024-03-22 11:55:55.5477|DEBUG|Microsoft.AspNetCore.Server.Kestrel.Connections|Connection id "0HN2A4FG6ATFA" started. 
2024-03-22 11:55:55.5645|DEBUG|Microsoft.AspNetCore.Server.Kestrel.Https.Internal.HttpsConnectionMiddleware|Connection 0HN2A4FG6ATFA established using the following protocol: Tls13 
2024-03-22 11:55:55.5704|INFO|Microsoft.AspNetCore.Hosting.Diagnostics|Request starting HTTP/1.1 POST https://localhost:7290/api/Auth/SendEmailCode - application/json 38 
2024-03-22 11:55:55.5704|TRACE|Microsoft.AspNetCore.HostFiltering.HostFilteringMiddleware|All hosts are allowed. 
2024-03-22 11:55:55.5704|DEBUG|Microsoft.AspNetCore.Routing.Matching.DfaMatcher|1 candidate(s) found for the request path '/api/Auth/SendEmailCode' 
2024-03-22 11:55:55.5852|DEBUG|Microsoft.AspNetCore.Routing.Matching.DfaMatcher|Endpoint 'LitZhu.WebApi.Controllers.User.AuthController.SendEmailCode (LitZhu.WebApi)' with route pattern 'api/Auth/SendEmailCode' is valid for the request path '/api/Auth/SendEmailCode' 
2024-03-22 11:55:55.5852|DEBUG|Microsoft.AspNetCore.Routing.EndpointRoutingMiddleware|Request matched endpoint 'LitZhu.WebApi.Controllers.User.AuthController.SendEmailCode (LitZhu.WebApi)' 
2024-03-22 11:55:55.5852|TRACE|Microsoft.AspNetCore.Routing.EndpointRoutingMiddleware|The endpoint does not specify the IRequestSizeLimitMetadata. 
2024-03-22 11:55:55.5852|DEBUG|Microsoft.AspNetCore.StaticFiles.StaticFileMiddleware|Static files was skipped as the request already matched an endpoint. 
2024-03-22 11:55:55.7010|DEBUG|Microsoft.AspNetCore.Authentication.JwtBearer.JwtBearerHandler|AuthenticationScheme: Bearer was not authenticated. 
2024-03-22 11:55:55.7010|INFO|Microsoft.AspNetCore.Routing.EndpointMiddleware|Executing endpoint 'LitZhu.WebApi.Controllers.User.AuthController.SendEmailCode (LitZhu.WebApi)' 
2024-03-22 11:55:55.7352|INFO|Microsoft.AspNetCore.Mvc.Infrastructure.ControllerActionInvoker|Route matched with {action = "SendEmailCode", controller = "Auth"}. Executing controller action with signature System.Threading.Tasks.Task`1[Microsoft.AspNetCore.Mvc.ActionResult`1[System.String]] SendEmailCode(LitZhu.WebApi.Controllers.User.SendEmailCodeRequest) on controller LitZhu.WebApi.Controllers.User.AuthController (LitZhu.WebApi). 
2024-03-22 11:55:55.7352|DEBUG|Microsoft.AspNetCore.Mvc.Infrastructure.ControllerActionInvoker|Execution plan of authorization filters (in the following order): None 
2024-03-22 11:55:55.7352|DEBUG|Microsoft.AspNetCore.Mvc.Infrastructure.ControllerActionInvoker|Execution plan of resource filters (in the following order): None 
2024-03-22 11:55:55.7381|DEBUG|Microsoft.AspNetCore.Mvc.Infrastructure.ControllerActionInvoker|Execution plan of action filters (in the following order): Microsoft.AspNetCore.Mvc.ModelBinding.UnsupportedContentTypeFilter (Order: -3000), Microsoft.AspNetCore.Mvc.Infrastructure.ModelStateInvalidFilter (Order: -2000) 
2024-03-22 11:55:55.7381|DEBUG|Microsoft.AspNetCore.Mvc.Infrastructure.ControllerActionInvoker|Execution plan of exception filters (in the following order): None 
2024-03-22 11:55:55.7381|DEBUG|Microsoft.AspNetCore.Mvc.Infrastructure.ControllerActionInvoker|Execution plan of result filters (in the following order): Microsoft.AspNetCore.Mvc.Infrastructure.ClientErrorResultFilter (Order: -2000) 
2024-03-22 11:55:55.7381|DEBUG|Microsoft.AspNetCore.Mvc.Infrastructure.ControllerActionInvoker|Executing controller factory for controller LitZhu.WebApi.Controllers.User.AuthController (LitZhu.WebApi) 
2024-03-22 11:55:55.9673|DEBUG|Microsoft.EntityFrameworkCore.Infrastructure|An additional 'IServiceProvider' was created for internal use by Entity Framework. An existing service provider was not used due to the following configuration changes: configuration changed for 'Core:ConfigureWarnings', configuration added for 'Pomelo.EntityFrameworkCore.MySql:ServerVersion', configuration added for 'Pomelo.EntityFrameworkCore.MySql:DisableBackslashEscaping', configuration added for 'Pomelo.EntityFrameworkCore.MySql:SetSqlModeOnOpen', configuration added for 'Pomelo.EntityFrameworkCore.MySql:DisableLineBreakToCharSubstition', configuration added for 'Pomelo.EntityFrameworkCore.MySql:DefaultDataTypeMappings', configuration added for 'Pomelo.EntityFrameworkCore.MySql:SchemaBehavior', configuration added for 'Pomelo.EntityFrameworkCore.MySql:SchemaNameTranslator', configuration added for 'Pomelo.EntityFrameworkCore.MySql:EnableIndexOptimizedBooleanColumns', configuration added for 'Pomelo.EntityFrameworkCore.MySql:LimitKeyedOrIndexedStringColumnLength', configuration added for 'Pomelo.EntityFrameworkCore.MySql:EnableStringComparisonTranslations', configuration added for 'Pomelo.EntityFrameworkCore.MySql:EnablePrimitiveCollectionsSupport'. 
2024-03-22 11:55:56.6389|DEBUG|Microsoft.EntityFrameworkCore.Model|The index {'UserId'} was not created on entity type 'UserRoles' as the properties are already covered by the index {'UserId', 'RoleId'}. 
2024-03-22 11:55:56.7856|WARN|Microsoft.EntityFrameworkCore.Model.Validation|Entity 'Users' has a global query filter defined and is the required end of a relationship with the entity 'UserAccessFail'. This may lead to unexpected results when the required entity is filtered out. Either configure the navigation as optional, or define matching query filters for both entities in the navigation. See https://go.microsoft.com/fwlink/?linkid=2131316 for more information. 
2024-03-22 11:55:56.7856|WARN|Microsoft.EntityFrameworkCore.Model.Validation|Entity 'Roles' has a global query filter defined and is the required end of a relationship with the entity 'UserRoles'. This may lead to unexpected results when the required entity is filtered out. Either configure the navigation as optional, or define matching query filters for both entities in the navigation. See https://go.microsoft.com/fwlink/?linkid=2131316 for more information. 
2024-03-22 11:55:57.0451|DEBUG|Microsoft.EntityFrameworkCore.Infrastructure|Entity Framework Core 8.0.1 initialized 'UserDbContext' using provider 'Pomelo.EntityFrameworkCore.MySql:8.0.1' with options: ServerVersion=8.0.23-mysql  
2024-03-22 11:55:57.3065|DEBUG|Microsoft.AspNetCore.Mvc.Infrastructure.ControllerActionInvoker|Executed controller factory for controller LitZhu.WebApi.Controllers.User.AuthController (LitZhu.WebApi) 
2024-03-22 11:55:57.3065|DEBUG|Microsoft.AspNetCore.Mvc.ModelBinding.ParameterBinder|Attempting to bind parameter 'req' of type 'LitZhu.WebApi.Controllers.User.SendEmailCodeRequest' ... 
2024-03-22 11:55:57.3065|DEBUG|Microsoft.AspNetCore.Mvc.ModelBinding.Binders.BodyModelBinder|Attempting to bind parameter 'req' of type 'LitZhu.WebApi.Controllers.User.SendEmailCodeRequest' using the name '' in request data ... 
2024-03-22 11:55:57.3065|DEBUG|Microsoft.AspNetCore.Mvc.ModelBinding.Binders.BodyModelBinder|Rejected input formatter 'Microsoft.AspNetCore.Mvc.Formatters.NewtonsoftJsonPatchInputFormatter' for content type 'application/json'. 
2024-03-22 11:55:57.3065|DEBUG|Microsoft.AspNetCore.Mvc.ModelBinding.Binders.BodyModelBinder|Selected input formatter 'Microsoft.AspNetCore.Mvc.Formatters.NewtonsoftJsonInputFormatter' for content type 'application/json'. 
2024-03-22 11:55:57.3215|DEBUG|Microsoft.AspNetCore.Server.Kestrel|Connection id "0HN2A4FG6ATFA", Request id "0HN2A4FG6ATFA:00000001": started reading request body. 
2024-03-22 11:55:57.3215|DEBUG|Microsoft.AspNetCore.Server.Kestrel|Connection id "0HN2A4FG6ATFA", Request id "0HN2A4FG6ATFA:00000001": done reading request body. 
2024-03-22 11:55:57.4255|DEBUG|Microsoft.AspNetCore.Mvc.ModelBinding.Binders.BodyModelBinder|Done attempting to bind parameter 'req' of type 'LitZhu.WebApi.Controllers.User.SendEmailCodeRequest'. 
2024-03-22 11:55:57.4255|DEBUG|Microsoft.AspNetCore.Mvc.ModelBinding.ParameterBinder|Done attempting to bind parameter 'req' of type 'LitZhu.WebApi.Controllers.User.SendEmailCodeRequest'. 
2024-03-22 11:55:57.4257|DEBUG|Microsoft.AspNetCore.Mvc.ModelBinding.ParameterBinder|Attempting to validate the bound parameter 'req' of type 'LitZhu.WebApi.Controllers.User.SendEmailCodeRequest' ... 
2024-03-22 11:55:57.4257|DEBUG|Microsoft.AspNetCore.Mvc.ModelBinding.ParameterBinder|Done attempting to validate the bound parameter 'req' of type 'LitZhu.WebApi.Controllers.User.SendEmailCodeRequest'. 
2024-03-22 11:55:57.4257|TRACE|Microsoft.AspNetCore.Mvc.Infrastructure.ControllerActionInvoker|Action Filter: Before executing OnActionExecuting on filter Microsoft.AspNetCore.Mvc.ModelBinding.UnsupportedContentTypeFilter. 
2024-03-22 11:55:57.4257|TRACE|Microsoft.AspNetCore.Mvc.Infrastructure.ControllerActionInvoker|Action Filter: After executing OnActionExecuting on filter Microsoft.AspNetCore.Mvc.ModelBinding.UnsupportedContentTypeFilter. 
2024-03-22 11:55:57.4257|TRACE|Microsoft.AspNetCore.Mvc.Infrastructure.ControllerActionInvoker|Action Filter: Before executing OnActionExecuting on filter Microsoft.AspNetCore.Mvc.Infrastructure.ModelStateInvalidFilter. 
2024-03-22 11:55:57.4257|TRACE|Microsoft.AspNetCore.Mvc.Infrastructure.ControllerActionInvoker|Action Filter: After executing OnActionExecuting on filter Microsoft.AspNetCore.Mvc.Infrastructure.ModelStateInvalidFilter. 
2024-03-22 11:55:57.4438|INFO|Microsoft.AspNetCore.Mvc.Infrastructure.ControllerActionInvoker|Executing action method LitZhu.WebApi.Controllers.User.AuthController.SendEmailCode (LitZhu.WebApi) - Validation state: Valid 
2024-03-22 11:55:57.4438|TRACE|Microsoft.AspNetCore.Mvc.Infrastructure.ControllerActionInvoker|Executing action method LitZhu.WebApi.Controllers.User.AuthController.SendEmailCode (LitZhu.WebApi) with arguments (SendEmailCodeRequest { Email = litzhuvich@foxmain.com }) 
2024-03-22 11:55:57.5166|DEBUG|Microsoft.EntityFrameworkCore.Query|Compiling query expression: 
'DbSet<Users>()
    .Include(x => x.UserAccessFail)
    .Include(x => x.UserRoles)
    .ThenInclude(ur => ur.Roles)
    .FirstOrDefault(x => x.Email == __email_0)' 
2024-03-22 11:55:57.6258|DEBUG|Microsoft.EntityFrameworkCore.Query|Including navigation: 'Users.UserAccessFail'. 
2024-03-22 11:55:57.6258|DEBUG|Microsoft.EntityFrameworkCore.Query|Including navigation: 'Users.UserRoles'. 
2024-03-22 11:55:57.6354|DEBUG|Microsoft.EntityFrameworkCore.Query|Including navigation: 'UserRoles.Roles'. 
2024-03-22 11:55:57.9602|DEBUG|Microsoft.EntityFrameworkCore.Query|Generated query execution expression: 
'queryContext => ShapedQueryCompilingExpressionVisitor.SingleOrDefaultAsync<Users>(
    asyncEnumerable: new SingleQueryingEnumerable<Users>(
        (RelationalQueryContext)queryContext, 
        RelationalCommandCache.QueryExpression(
            Client Projections:
                0 -> Dictionary<IProperty, int> { [Property: Users.Id (Guid) Required PK AfterSave:Throw ValueGenerated.OnAdd, 0], [Property: Users.Avatar (string), 1], [Property: Users.CreationTime (DateTime) Required, 2], [Property: Users.DeletionTime (DateTime?), 3], [Property: Users.Email (string), 4], [Property: Users.Gender (Gender) Required, 5], [Property: Users.IsDeleted (bool) Required Index, 6], [Property: Users.LastModificationTime (DateTime?), 7], [Property: Users.Password (string) Required MaxLength(100) ANSI, 8], [Property: Users.Phone (string), 9], [Property: Users.Username (string) Required Index MaxLength(10), 10] }
                1 -> Dictionary<IProperty, int> { [Property: UserAccessFail.Id (Guid) Required PK AfterSave:Throw ValueGenerated.OnAdd, 11], [Property: UserAccessFail.AccessFailedCount (int) Required, 12], [Property: UserAccessFail.CreationTime (DateTime) Required, 13], [Property: UserAccessFail.IsLockOut (bool) Required, 14], [Property: UserAccessFail.LockOutEnd (DateTime?), 15], [Property: UserAccessFail.UserId (Guid) Required FK Index, 16] }
                2 -> 0
                3 -> 11
                4 -> Dictionary<IProperty, int> { [Property: UserRoles.UserId (Guid) Required PK FK AfterSave:Throw, 17], [Property: UserRoles.RoleId (Guid) Required PK FK Index AfterSave:Throw, 18] }
                5 -> Dictionary<IProperty, int> { [Property: Roles.Id (Guid) Required PK AfterSave:Throw ValueGenerated.OnAdd, 19], [Property: Roles.CreationTime (DateTime) Required, 20], [Property: Roles.DeletionTime (DateTime?), 21], [Property: Roles.IsDeleted (bool) Required Index, 22], [Property: Roles.LastModificationTime (DateTime?), 23], [Property: Roles.RoleDesc (string) Required, 24], [Property: Roles.RoleName (string) Required MaxLength(10), 25] }
                6 -> 17
                7 -> 18
                8 -> 19
            SELECT t.Id, t.Avatar, t.CreationTime, t.DeletionTime, t.Email, t.Gender, t.IsDeleted, t.LastModificationTime, t.Password, t.Phone, t.Username, t.Id0, t.AccessFailedCount, t.CreationTime0, t.IsLockOut, t.LockOutEnd, t.UserId, t0.UserId, t0.RoleId, t0.Id, t0.CreationTime, t0.DeletionTime, t0.IsDeleted, t0.LastModificationTime, t0.RoleDesc, t0.RoleName
            FROM 
            (
                SELECT TOP(1) u.Id, u.Avatar, u.CreationTime, u.DeletionTime, u.Email, u.Gender, u.IsDeleted, u.LastModificationTime, u.Password, u.Phone, u.Username, u0.Id AS Id0, u0.AccessFailedCount, u0.CreationTime AS CreationTime0, u0.IsLockOut, u0.LockOutEnd, u0.UserId
                FROM Users AS u
                LEFT JOIN UserAccessFails AS u0 ON u.Id == u0.UserId
                WHERE (u.IsDeleted == FALSE) && (u.Email == @__email_0)
            ) AS t
            LEFT JOIN 
            (
                SELECT u1.UserId, u1.RoleId, t1.Id, t1.CreationTime, t1.DeletionTime, t1.IsDeleted, t1.LastModificationTime, t1.RoleDesc, t1.RoleName
                FROM Users_Roles AS u1
                INNER JOIN 
                (
                    SELECT r.Id, r.CreationTime, r.DeletionTime, r.IsDeleted, r.LastModificationTime, r.RoleDesc, r.RoleName
                    FROM Roles AS r
                    WHERE r.IsDeleted == FALSE
                ) AS t1 ON u1.RoleId == t1.Id
            ) AS t0 ON t.Id == t0.UserId
            ORDER BY t.Id ASC, t.Id0 ASC, t0.UserId ASC, t0.RoleId ASC), 
        null, 
        Func<QueryContext, DbDataReader, ResultContext, SingleQueryResultCoordinator, Users>, 
        User.Infrastructure.UserDbContext, 
        False, 
        False, 
        True
    ), 
    cancellationToken: queryContext.CancellationToken)' 
2024-03-22 11:55:58.0162|DEBUG|Microsoft.EntityFrameworkCore.Database.Connection|Creating DbConnection. 
2024-03-22 11:55:58.0256|DEBUG|Microsoft.EntityFrameworkCore.Database.Connection|Created DbConnection. (5ms). 
2024-03-22 11:55:58.0364|DEBUG|Microsoft.EntityFrameworkCore.Database.Connection|Opening connection to database 'LitZhu' on server 'localhost'. 
2024-03-22 11:55:58.1958|DEBUG|Microsoft.EntityFrameworkCore.Database.Connection|Opened connection to database 'LitZhu' on server 'localhost'. 
2024-03-22 11:55:58.1958|DEBUG|Microsoft.EntityFrameworkCore.Database.Command|Creating DbCommand for 'ExecuteReader'. 
2024-03-22 11:55:58.1958|DEBUG|Microsoft.EntityFrameworkCore.Database.Command|Created DbCommand for 'ExecuteReader' (2ms). 
2024-03-22 11:55:58.2230|DEBUG|Microsoft.EntityFrameworkCore.Database.Command|Initialized DbCommand for 'ExecuteReader' (22ms). 
2024-03-22 11:55:58.2230|DEBUG|Microsoft.EntityFrameworkCore.Database.Command|Executing DbCommand [Parameters=[@__email_0='?' (Size = 4000)], CommandType='Text', CommandTimeout='30']
SELECT `t`.`Id`, `t`.`Avatar`, `t`.`CreationTime`, `t`.`DeletionTime`, `t`.`Email`, `t`.`Gender`, `t`.`IsDeleted`, `t`.`LastModificationTime`, `t`.`Password`, `t`.`Phone`, `t`.`Username`, `t`.`Id0`, `t`.`AccessFailedCount`, `t`.`CreationTime0`, `t`.`IsLockOut`, `t`.`LockOutEnd`, `t`.`UserId`, `t0`.`UserId`, `t0`.`RoleId`, `t0`.`Id`, `t0`.`CreationTime`, `t0`.`DeletionTime`, `t0`.`IsDeleted`, `t0`.`LastModificationTime`, `t0`.`RoleDesc`, `t0`.`RoleName`
FROM (
    SELECT `u`.`Id`, `u`.`Avatar`, `u`.`CreationTime`, `u`.`DeletionTime`, `u`.`Email`, `u`.`Gender`, `u`.`IsDeleted`, `u`.`LastModificationTime`, `u`.`Password`, `u`.`Phone`, `u`.`Username`, `u0`.`Id` AS `Id0`, `u0`.`AccessFailedCount`, `u0`.`CreationTime` AS `CreationTime0`, `u0`.`IsLockOut`, `u0`.`LockOutEnd`, `u0`.`UserId`
    FROM `Users` AS `u`
    LEFT JOIN `UserAccessFails` AS `u0` ON `u`.`Id` = `u0`.`UserId`
    WHERE NOT (`u`.`IsDeleted`) AND (`u`.`Email` = @__email_0)
    LIMIT 1
) AS `t`
LEFT JOIN (
    SELECT `u1`.`UserId`, `u1`.`RoleId`, `t1`.`Id`, `t1`.`CreationTime`, `t1`.`DeletionTime`, `t1`.`IsDeleted`, `t1`.`LastModificationTime`, `t1`.`RoleDesc`, `t1`.`RoleName`
    FROM `Users_Roles` AS `u1`
    INNER JOIN (
        SELECT `r`.`Id`, `r`.`CreationTime`, `r`.`DeletionTime`, `r`.`IsDeleted`, `r`.`LastModificationTime`, `r`.`RoleDesc`, `r`.`RoleName`
        FROM `Roles` AS `r`
        WHERE NOT (`r`.`IsDeleted`)
    ) AS `t1` ON `u1`.`RoleId` = `t1`.`Id`
) AS `t0` ON `t`.`Id` = `t0`.`UserId`
ORDER BY `t`.`Id`, `t`.`Id0`, `t0`.`UserId`, `t0`.`RoleId` 
2024-03-22 11:55:58.3532|INFO|Microsoft.EntityFrameworkCore.Database.Command|Executed DbCommand (112ms) [Parameters=[@__email_0='?' (Size = 4000)], CommandType='Text', CommandTimeout='30']
SELECT `t`.`Id`, `t`.`Avatar`, `t`.`CreationTime`, `t`.`DeletionTime`, `t`.`Email`, `t`.`Gender`, `t`.`IsDeleted`, `t`.`LastModificationTime`, `t`.`Password`, `t`.`Phone`, `t`.`Username`, `t`.`Id0`, `t`.`AccessFailedCount`, `t`.`CreationTime0`, `t`.`IsLockOut`, `t`.`LockOutEnd`, `t`.`UserId`, `t0`.`UserId`, `t0`.`RoleId`, `t0`.`Id`, `t0`.`CreationTime`, `t0`.`DeletionTime`, `t0`.`IsDeleted`, `t0`.`LastModificationTime`, `t0`.`RoleDesc`, `t0`.`RoleName`
FROM (
    SELECT `u`.`Id`, `u`.`Avatar`, `u`.`CreationTime`, `u`.`DeletionTime`, `u`.`Email`, `u`.`Gender`, `u`.`IsDeleted`, `u`.`LastModificationTime`, `u`.`Password`, `u`.`Phone`, `u`.`Username`, `u0`.`Id` AS `Id0`, `u0`.`AccessFailedCount`, `u0`.`CreationTime` AS `CreationTime0`, `u0`.`IsLockOut`, `u0`.`LockOutEnd`, `u0`.`UserId`
    FROM `Users` AS `u`
    LEFT JOIN `UserAccessFails` AS `u0` ON `u`.`Id` = `u0`.`UserId`
    WHERE NOT (`u`.`IsDeleted`) AND (`u`.`Email` = @__email_0)
    LIMIT 1
) AS `t`
LEFT JOIN (
    SELECT `u1`.`UserId`, `u1`.`RoleId`, `t1`.`Id`, `t1`.`CreationTime`, `t1`.`DeletionTime`, `t1`.`IsDeleted`, `t1`.`LastModificationTime`, `t1`.`RoleDesc`, `t1`.`RoleName`
    FROM `Users_Roles` AS `u1`
    INNER JOIN (
        SELECT `r`.`Id`, `r`.`CreationTime`, `r`.`DeletionTime`, `r`.`IsDeleted`, `r`.`LastModificationTime`, `r`.`RoleDesc`, `r`.`RoleName`
        FROM `Roles` AS `r`
        WHERE NOT (`r`.`IsDeleted`)
    ) AS `t1` ON `u1`.`RoleId` = `t1`.`Id`
) AS `t0` ON `t`.`Id` = `t0`.`UserId`
ORDER BY `t`.`Id`, `t`.`Id0`, `t0`.`UserId`, `t0`.`RoleId` 
2024-03-22 11:55:58.4171|DEBUG|Microsoft.EntityFrameworkCore.ChangeTracking|Context 'UserDbContext' started tracking 'Users' entity. Consider using 'DbContextOptionsBuilder.EnableSensitiveDataLogging' to see key values. 
2024-03-22 11:55:58.4815|DEBUG|Microsoft.EntityFrameworkCore.ChangeTracking|The navigation 'Users.UserAccessFail' was detected as changed. Consider using 'DbContextOptionsBuilder.EnableSensitiveDataLogging' to see key values. 
2024-03-22 11:55:58.4815|DEBUG|Microsoft.EntityFrameworkCore.ChangeTracking|Context 'UserDbContext' started tracking 'UserAccessFail' entity. Consider using 'DbContextOptionsBuilder.EnableSensitiveDataLogging' to see key values. 
2024-03-22 11:55:58.5202|DEBUG|Microsoft.EntityFrameworkCore.Database.Command|Closing data reader to 'LitZhu' on server 'localhost'. 
2024-03-22 11:55:58.5202|DEBUG|Microsoft.EntityFrameworkCore.Database.Command|A data reader for 'LitZhu' on server 'localhost' is being disposed after spending 171ms reading results. 
2024-03-22 11:55:58.5202|DEBUG|Microsoft.EntityFrameworkCore.Database.Connection|Closing connection to database 'LitZhu' on server 'localhost'. 
2024-03-22 11:55:58.5373|DEBUG|Microsoft.EntityFrameworkCore.Database.Connection|Closed connection to database 'LitZhu' on server 'localhost' (5ms). 
2024-03-22 11:55:58.5516|WARN|User.Infrastructure.EmailCodeSender|向邮箱地址：litzhuvich@foxmain.com , 发送验证码：74699 
2024-03-22 11:55:58.5516|INFO|Microsoft.AspNetCore.Mvc.Infrastructure.ControllerActionInvoker|Executed action method LitZhu.WebApi.Controllers.User.AuthController.SendEmailCode (LitZhu.WebApi), returned result Microsoft.AspNetCore.Mvc.OkObjectResult in 1110.1476ms. 
2024-03-22 11:55:58.5516|TRACE|Microsoft.AspNetCore.Mvc.Infrastructure.ControllerActionInvoker|Action Filter: Before executing OnActionExecuted on filter Microsoft.AspNetCore.Mvc.Infrastructure.ModelStateInvalidFilter. 
2024-03-22 11:55:58.5516|TRACE|Microsoft.AspNetCore.Mvc.Infrastructure.ControllerActionInvoker|Action Filter: After executing OnActionExecuted on filter Microsoft.AspNetCore.Mvc.Infrastructure.ModelStateInvalidFilter. 
2024-03-22 11:55:58.5516|TRACE|Microsoft.AspNetCore.Mvc.Infrastructure.ControllerActionInvoker|Action Filter: Before executing OnActionExecuted on filter Microsoft.AspNetCore.Mvc.ModelBinding.UnsupportedContentTypeFilter. 
2024-03-22 11:55:58.5516|TRACE|Microsoft.AspNetCore.Mvc.Infrastructure.ControllerActionInvoker|Action Filter: After executing OnActionExecuted on filter Microsoft.AspNetCore.Mvc.ModelBinding.UnsupportedContentTypeFilter. 
2024-03-22 11:55:58.5516|TRACE|Microsoft.AspNetCore.Mvc.Infrastructure.ControllerActionInvoker|Result Filter: Before executing OnResultExecuting on filter Microsoft.AspNetCore.Mvc.Infrastructure.ClientErrorResultFilter. 
2024-03-22 11:55:58.5516|TRACE|Microsoft.AspNetCore.Mvc.Infrastructure.ControllerActionInvoker|Result Filter: After executing OnResultExecuting on filter Microsoft.AspNetCore.Mvc.Infrastructure.ClientErrorResultFilter. 
2024-03-22 11:55:58.5516|TRACE|Microsoft.AspNetCore.Mvc.Infrastructure.ControllerActionInvoker|Before executing action result Microsoft.AspNetCore.Mvc.OkObjectResult. 
2024-03-22 11:55:58.5516|DEBUG|Microsoft.AspNetCore.Mvc.Infrastructure.DefaultOutputFormatterSelector|List of registered output formatters, in the following order: Microsoft.AspNetCore.Mvc.Formatters.HttpNoContentOutputFormatter, Microsoft.AspNetCore.Mvc.Formatters.StringOutputFormatter, Microsoft.AspNetCore.Mvc.Formatters.StreamOutputFormatter, Microsoft.AspNetCore.Mvc.Formatters.NewtonsoftJsonOutputFormatter 
2024-03-22 11:55:58.5670|DEBUG|Microsoft.AspNetCore.Mvc.Infrastructure.DefaultOutputFormatterSelector|No information found on request to perform content negotiation. 
2024-03-22 11:55:58.5670|DEBUG|Microsoft.AspNetCore.Mvc.Infrastructure.DefaultOutputFormatterSelector|Attempting to select an output formatter without using a content type as no explicit content types were specified for the response. 
2024-03-22 11:55:58.5670|DEBUG|Microsoft.AspNetCore.Mvc.Infrastructure.DefaultOutputFormatterSelector|Attempting to select the first formatter in the output formatters list which can write the result. 
2024-03-22 11:55:58.5670|DEBUG|Microsoft.AspNetCore.Mvc.Infrastructure.DefaultOutputFormatterSelector|Selected output formatter 'Microsoft.AspNetCore.Mvc.Formatters.NewtonsoftJsonOutputFormatter' and content type 'application/json' to write the response. 
2024-03-22 11:55:58.5670|INFO|Microsoft.AspNetCore.Mvc.Infrastructure.ObjectResultExecutor|Executing OkObjectResult, writing value of type 'LitZhu.WebApi.R'. 
2024-03-22 11:55:58.6253|TRACE|Microsoft.AspNetCore.Mvc.Infrastructure.ControllerActionInvoker|After executing action result Microsoft.AspNetCore.Mvc.OkObjectResult. 
2024-03-22 11:55:58.6253|TRACE|Microsoft.AspNetCore.Mvc.Infrastructure.ControllerActionInvoker|Result Filter: Before executing OnResultExecuted on filter Microsoft.AspNetCore.Mvc.Infrastructure.ClientErrorResultFilter. 
2024-03-22 11:55:58.6253|TRACE|Microsoft.AspNetCore.Mvc.Infrastructure.ControllerActionInvoker|Result Filter: After executing OnResultExecuted on filter Microsoft.AspNetCore.Mvc.Infrastructure.ClientErrorResultFilter. 
2024-03-22 11:55:58.6253|DEBUG|Microsoft.AspNetCore.Server.Kestrel.Transport.Sockets|Connection id "0HN2A4FG6ATFA" received FIN. 
2024-03-22 11:55:58.6253|DEBUG|Microsoft.AspNetCore.Server.Kestrel.Transport.Sockets|Connection id "0HN2A4FG6ATFA" sending FIN because: "The Socket transport's send loop completed gracefully." 
2024-03-22 11:55:58.6253|DEBUG|Microsoft.AspNetCore.Server.Kestrel.Connections|Connection id "0HN2A4FG6ATFA" disconnecting. 
2024-03-22 11:55:58.6379|INFO|Microsoft.AspNetCore.Mvc.Infrastructure.ControllerActionInvoker|Executed action LitZhu.WebApi.Controllers.User.AuthController.SendEmailCode (LitZhu.WebApi) in 2889.5166ms 
2024-03-22 11:55:58.6379|INFO|Microsoft.AspNetCore.Routing.EndpointMiddleware|Executed endpoint 'LitZhu.WebApi.Controllers.User.AuthController.SendEmailCode (LitZhu.WebApi)' 
2024-03-22 11:55:58.6483|DEBUG|Microsoft.EntityFrameworkCore.Infrastructure|'UserDbContext' disposed. 
2024-03-22 11:55:58.6483|DEBUG|Microsoft.EntityFrameworkCore.Database.Connection|Disposing connection to database 'LitZhu' on server 'localhost'. 
2024-03-22 11:55:58.6610|DEBUG|Microsoft.EntityFrameworkCore.Database.Connection|Disposed connection to database 'LitZhu' on server 'localhost' (3ms). 
2024-03-22 11:55:58.6610|INFO|Microsoft.AspNetCore.Hosting.Diagnostics|Request finished HTTP/1.1 POST https://localhost:7290/api/Auth/SendEmailCode - 200 47 application/json;+charset=utf-8 3091.5772ms 
2024-03-22 11:55:58.6610|DEBUG|Microsoft.AspNetCore.Server.Kestrel.Connections|Connection id "0HN2A4FG6ATFA" stopped. 
