2024-04-05 11:57:56.3532|DEBUG|Microsoft.AspNetCore.Mvc.ModelBinding.ModelBinderFactory|Registered model binder providers, in the following order: Microsoft.AspNetCore.Mvc.ModelBinding.Binders.BinderTypeModelBinderProvider, Microsoft.AspNetCore.Mvc.ModelBinding.Binders.ServicesModelBinderProvider, Microsoft.AspNetCore.Mvc.ModelBinding.Binders.BodyModelBinderProvider, Microsoft.AspNetCore.Mvc.ModelBinding.Binders.HeaderModelBinderProvider, Microsoft.AspNetCore.Mvc.ModelBinding.Binders.FloatingPointTypeModelBinderProvider, Microsoft.AspNetCore.Mvc.ModelBinding.Binders.EnumTypeModelBinderProvider, Microsoft.AspNetCore.Mvc.ModelBinding.Binders.DateTimeModelBinderProvider, Microsoft.AspNetCore.Mvc.ModelBinding.Binders.SimpleTypeModelBinderProvider, Microsoft.AspNetCore.Mvc.ModelBinding.Binders.TryParseModelBinderProvider, Microsoft.AspNetCore.Mvc.ModelBinding.Binders.CancellationTokenModelBinderProvider, Microsoft.AspNetCore.Mvc.ModelBinding.Binders.ByteArrayModelBinderProvider, Microsoft.AspNetCore.Mvc.ModelBinding.Binders.FormFileModelBinderProvider, Microsoft.AspNetCore.Mvc.ModelBinding.Binders.FormCollectionModelBinderProvider, Microsoft.AspNetCore.Mvc.ModelBinding.Binders.KeyValuePairModelBinderProvider, Microsoft.AspNetCore.Mvc.ModelBinding.Binders.DictionaryModelBinderProvider, Microsoft.AspNetCore.Mvc.ModelBinding.Binders.ArrayModelBinderProvider, Microsoft.AspNetCore.Mvc.ModelBinding.Binders.CollectionModelBinderProvider, Microsoft.AspNetCore.Mvc.ModelBinding.Binders.ComplexObjectModelBinderProvider 
2024-04-05 11:57:56.5646|DEBUG|Microsoft.Extensions.Hosting.Internal.Host|Hosting starting 
2024-04-05 11:57:56.6243|INFO|Microsoft.AspNetCore.DataProtection.KeyManagement.XmlKeyManager|User profile is available. Using 'C:\Users\25968\AppData\Local\ASP.NET\DataProtection-Keys' as key repository and Windows DPAPI to encrypt keys at rest. 
2024-04-05 11:57:56.6398|DEBUG|Microsoft.AspNetCore.DataProtection.Repositories.FileSystemXmlRepository|Reading data from file 'C:\Users\25968\AppData\Local\ASP.NET\DataProtection-Keys\key-04331095-e001-4e86-a2a5-ac77c623d11c.xml'. 
2024-04-05 11:57:56.6516|DEBUG|Microsoft.AspNetCore.DataProtection.KeyManagement.XmlKeyManager|Found key {04331095-e001-4e86-a2a5-ac77c623d11c}. 
2024-04-05 11:57:56.6698|DEBUG|Microsoft.AspNetCore.DataProtection.KeyManagement.DefaultKeyResolver|Considering key {04331095-e001-4e86-a2a5-ac77c623d11c} with expiration date 2024-04-11 12:24:14Z as default key. 
2024-04-05 11:57:56.6698|DEBUG|Microsoft.AspNetCore.DataProtection.TypeForwardingActivator|Forwarded activator type request from Microsoft.AspNetCore.DataProtection.XmlEncryption.DpapiXmlDecryptor, Microsoft.AspNetCore.DataProtection, Version=8.0.0.0, Culture=neutral, PublicKeyToken=adb9793829ddae60 to Microsoft.AspNetCore.DataProtection.XmlEncryption.DpapiXmlDecryptor, Microsoft.AspNetCore.DataProtection, Culture=neutral, PublicKeyToken=adb9793829ddae60 
2024-04-05 11:57:56.6698|DEBUG|Microsoft.AspNetCore.DataProtection.XmlEncryption.DpapiXmlDecryptor|Decrypting secret element using Windows DPAPI. 
2024-04-05 11:57:56.6698|DEBUG|Microsoft.AspNetCore.DataProtection.TypeForwardingActivator|Forwarded activator type request from Microsoft.AspNetCore.DataProtection.AuthenticatedEncryption.ConfigurationModel.AuthenticatedEncryptorDescriptorDeserializer, Microsoft.AspNetCore.DataProtection, Version=8.0.0.0, Culture=neutral, PublicKeyToken=adb9793829ddae60 to Microsoft.AspNetCore.DataProtection.AuthenticatedEncryption.ConfigurationModel.AuthenticatedEncryptorDescriptorDeserializer, Microsoft.AspNetCore.DataProtection, Culture=neutral, PublicKeyToken=adb9793829ddae60 
2024-04-05 11:57:56.6838|DEBUG|Microsoft.AspNetCore.DataProtection.AuthenticatedEncryption.CngCbcAuthenticatedEncryptorFactory|Opening CNG algorithm 'AES' from provider '(null)' with chaining mode CBC. 
2024-04-05 11:57:56.6838|DEBUG|Microsoft.AspNetCore.DataProtection.AuthenticatedEncryption.CngCbcAuthenticatedEncryptorFactory|Opening CNG algorithm 'SHA256' from provider '(null)' with HMAC. 
2024-04-05 11:57:56.6838|DEBUG|Microsoft.AspNetCore.DataProtection.KeyManagement.KeyRingProvider|Using key {04331095-e001-4e86-a2a5-ac77c623d11c} as the default key. 
2024-04-05 11:57:56.6838|DEBUG|Microsoft.AspNetCore.DataProtection.Internal.DataProtectionHostedService|Key ring with default key {04331095-e001-4e86-a2a5-ac77c623d11c} was loaded during application startup. 
2024-04-05 11:57:57.0339|INFO|Microsoft.Hosting.Lifetime|Now listening on: https://localhost:7290 
2024-04-05 11:57:57.0369|INFO|Microsoft.Hosting.Lifetime|Now listening on: http://localhost:5167 
2024-04-05 11:57:57.0369|DEBUG|Microsoft.AspNetCore.Hosting.Diagnostics|Loaded hosting startup assembly LitZhu.WebApi 
2024-04-05 11:57:57.0369|DEBUG|Microsoft.AspNetCore.Hosting.Diagnostics|Loaded hosting startup assembly Microsoft.AspNetCore.Watch.BrowserRefresh 
2024-04-05 11:57:57.0369|DEBUG|Microsoft.AspNetCore.Hosting.Diagnostics|Loaded hosting startup assembly Microsoft.WebTools.BrowserLink.Net 
2024-04-05 11:57:57.0369|INFO|Microsoft.Hosting.Lifetime|Application started. Press Ctrl+C to shut down. 
2024-04-05 11:57:57.0369|INFO|Microsoft.Hosting.Lifetime|Hosting environment: Development 
2024-04-05 11:57:57.0369|INFO|Microsoft.Hosting.Lifetime|Content root path: D:\Desktop\website\litzhu\LitZhu_backend\LitZhu.WebApi 
2024-04-05 11:57:57.0369|DEBUG|Microsoft.Extensions.Hosting.Internal.Host|Hosting started 
2024-04-05 11:57:57.1616|DEBUG|Microsoft.AspNetCore.Server.Kestrel.Connections|Connection id "0HN2L4IA1HNR5" accepted. 
2024-04-05 11:57:57.1616|DEBUG|Microsoft.AspNetCore.Server.Kestrel.Connections|Connection id "0HN2L4IA1HNR5" started. 
2024-04-05 11:57:57.2008|DEBUG|Microsoft.AspNetCore.Server.Kestrel.Connections|Connection id "0HN2L4IA1HNR6" accepted. 
2024-04-05 11:57:57.2008|DEBUG|Microsoft.AspNetCore.Server.Kestrel.Connections|Connection id "0HN2L4IA1HNR6" started. 
2024-04-05 11:58:02.1173|DEBUG|Microsoft.AspNetCore.Server.Kestrel.Connections|Connection id "0HN2L4IA1HNR7" accepted. 
2024-04-05 11:58:02.1173|DEBUG|Microsoft.AspNetCore.Server.Kestrel.Connections|Connection id "0HN2L4IA1HNR7" started. 
2024-04-05 11:58:02.2335|DEBUG|Microsoft.AspNetCore.Server.Kestrel.Https.Internal.HttpsConnectionMiddleware|Connection 0HN2L4IA1HNR7 established using the following protocol: Tls13 
2024-04-05 11:58:02.2876|TRACE|Microsoft.AspNetCore.Server.Kestrel.Http2|Connection id "0HN2L4IA1HNR7" sending SETTINGS frame for stream ID 0 with length 24 and flags NONE. 
2024-04-05 11:58:02.3034|TRACE|Microsoft.AspNetCore.Server.Kestrel.Http2|Connection id "0HN2L4IA1HNR7" sending WINDOW_UPDATE frame for stream ID 0 with length 4 and flags 0x0. 
2024-04-05 11:58:02.3034|TRACE|Microsoft.AspNetCore.Server.Kestrel.Http2|Connection id "0HN2L4IA1HNR7" received SETTINGS frame for stream ID 0 with length 24 and flags NONE. 
2024-04-05 11:58:02.3034|TRACE|Microsoft.AspNetCore.Server.Kestrel.Http2|Connection id "0HN2L4IA1HNR7" sending SETTINGS frame for stream ID 0 with length 0 and flags ACK. 
2024-04-05 11:58:02.3034|TRACE|Microsoft.AspNetCore.Server.Kestrel.Http2|Connection id "0HN2L4IA1HNR7" received WINDOW_UPDATE frame for stream ID 0 with length 4 and flags 0x0. 
2024-04-05 11:58:02.3034|TRACE|Microsoft.AspNetCore.Server.Kestrel.Http2|Connection id "0HN2L4IA1HNR7" received HEADERS frame for stream ID 1 with length 462 and flags END_STREAM, END_HEADERS, PRIORITY. 
2024-04-05 11:58:02.3599|TRACE|Microsoft.AspNetCore.Server.Kestrel.Http2|Connection id "0HN2L4IA1HNR7" received SETTINGS frame for stream ID 0 with length 0 and flags ACK. 
2024-04-05 11:58:02.3825|INFO|Microsoft.AspNetCore.Hosting.Diagnostics|Request starting HTTP/2 GET https://localhost:7290/swagger/index.html - - - 
2024-04-05 11:58:02.7298|DEBUG|Microsoft.AspNetCore.HostFiltering.HostFilteringMiddleware|Wildcard detected, all requests with hosts will be allowed. 
2024-04-05 11:58:02.7298|TRACE|Microsoft.AspNetCore.HostFiltering.HostFilteringMiddleware|All hosts are allowed. 
2024-04-05 11:58:02.7562|DEBUG|Microsoft.AspNetCore.Routing.Matching.DfaMatcher|No candidates found for the request path '/swagger/index.html' 
2024-04-05 11:58:02.7562|DEBUG|Microsoft.AspNetCore.Routing.EndpointRoutingMiddleware|Request did not match any endpoints 
2024-04-05 11:58:02.8436|DEBUG|Microsoft.AspNetCore.Watch.BrowserRefresh.BrowserRefreshMiddleware|Response markup is scheduled to include browser refresh script injection. 
2024-04-05 11:58:02.8436|TRACE|Microsoft.AspNetCore.Server.Kestrel.Http2|Connection id "0HN2L4IA1HNR7" sending HEADERS frame for stream ID 1 with length 66 and flags END_HEADERS. 
2024-04-05 11:58:02.8436|TRACE|Microsoft.AspNetCore.Server.Kestrel.Http2|Connection id "0HN2L4IA1HNR7" sending DATA frame for stream ID 1 with length 4096 and flags NONE. 
2024-04-05 11:58:02.8720|TRACE|Microsoft.AspNetCore.Server.Kestrel.Http2|Connection id "0HN2L4IA1HNR7" sending DATA frame for stream ID 1 with length 992 and flags NONE. 
2024-04-05 11:58:02.8720|TRACE|Microsoft.AspNetCore.Server.Kestrel.Http2|Connection id "0HN2L4IA1HNR7" sending DATA frame for stream ID 1 with length 81 and flags NONE. 
2024-04-05 11:58:02.8787|DEBUG|Microsoft.AspNetCore.Watch.BrowserRefresh.BrowserRefreshMiddleware|Response markup was updated to include browser refresh script injection. 
2024-04-05 11:58:02.8787|TRACE|Microsoft.AspNetCore.Server.Kestrel.Http2|Connection id "0HN2L4IA1HNR7" sending DATA frame for stream ID 1 with length 0 and flags END_STREAM. 
2024-04-05 11:58:02.8787|INFO|Microsoft.AspNetCore.Hosting.Diagnostics|Request finished HTTP/2 GET https://localhost:7290/swagger/index.html - 200 - text/html;charset=utf-8 513.6884ms 
2024-04-05 11:58:02.9184|TRACE|Microsoft.AspNetCore.Server.Kestrel.Http2|Connection id "0HN2L4IA1HNR7" received HEADERS frame for stream ID 3 with length 109 and flags END_STREAM, END_HEADERS, PRIORITY. 
2024-04-05 11:58:02.9208|INFO|Microsoft.AspNetCore.Hosting.Diagnostics|Request starting HTTP/2 GET https://localhost:7290/_framework/aspnetcore-browser-refresh.js - - - 
2024-04-05 11:58:02.9208|TRACE|Microsoft.AspNetCore.Server.Kestrel.Http2|Connection id "0HN2L4IA1HNR7" sending HEADERS frame for stream ID 3 with length 90 and flags END_HEADERS. 
2024-04-05 11:58:02.9208|TRACE|Microsoft.AspNetCore.Server.Kestrel.Http2|Connection id "0HN2L4IA1HNR7" sending DATA frame for stream ID 3 with length 13761 and flags NONE. 
2024-04-05 11:58:02.9208|TRACE|Microsoft.AspNetCore.Server.Kestrel.Http2|Connection id "0HN2L4IA1HNR7" sending DATA frame for stream ID 3 with length 0 and flags END_STREAM. 
2024-04-05 11:58:02.9208|INFO|Microsoft.AspNetCore.Hosting.Diagnostics|Request finished HTTP/2 GET https://localhost:7290/_framework/aspnetcore-browser-refresh.js - 200 13761 application/javascript;+charset=utf-8 10.4691ms 
2024-04-05 11:58:03.0242|TRACE|Microsoft.AspNetCore.Server.Kestrel.Http2|Connection id "0HN2L4IA1HNR7" received HEADERS frame for stream ID 5 with length 57 and flags END_STREAM, END_HEADERS, PRIORITY. 
2024-04-05 11:58:03.0242|INFO|Microsoft.AspNetCore.Hosting.Diagnostics|Request starting HTTP/2 GET https://localhost:7290/_vs/browserLink - - - 
2024-04-05 11:58:03.1012|TRACE|Microsoft.AspNetCore.Server.Kestrel.Http2|Connection id "0HN2L4IA1HNR7" sending HEADERS frame for stream ID 5 with length 119 and flags END_HEADERS. 
2024-04-05 11:58:03.1012|TRACE|Microsoft.AspNetCore.Server.Kestrel.Http2|Connection id "0HN2L4IA1HNR7" sending DATA frame for stream ID 5 with length 9986 and flags NONE. 
2024-04-05 11:58:03.1012|TRACE|Microsoft.AspNetCore.Server.Kestrel.Http2|Connection id "0HN2L4IA1HNR7" sending DATA frame for stream ID 5 with length 10240 and flags NONE. 
2024-04-05 11:58:03.1076|TRACE|Microsoft.AspNetCore.Server.Kestrel.Http2|Connection id "0HN2L4IA1HNR7" sending DATA frame for stream ID 5 with length 10240 and flags NONE. 
2024-04-05 11:58:03.1076|TRACE|Microsoft.AspNetCore.Server.Kestrel.Http2|Connection id "0HN2L4IA1HNR7" sending DATA frame for stream ID 5 with length 10240 and flags NONE. 
2024-04-05 11:58:03.1076|TRACE|Microsoft.AspNetCore.Server.Kestrel.Http2|Connection id "0HN2L4IA1HNR7" sending DATA frame for stream ID 5 with length 10240 and flags NONE. 
2024-04-05 11:58:03.1076|TRACE|Microsoft.AspNetCore.Server.Kestrel.Http2|Connection id "0HN2L4IA1HNR7" sending DATA frame for stream ID 5 with length 10240 and flags NONE. 
2024-04-05 11:58:03.1076|TRACE|Microsoft.AspNetCore.Server.Kestrel.Http2|Connection id "0HN2L4IA1HNR7" sending DATA frame for stream ID 5 with length 10240 and flags NONE. 
2024-04-05 11:58:03.1076|TRACE|Microsoft.AspNetCore.Server.Kestrel.Http2|Connection id "0HN2L4IA1HNR7" sending DATA frame for stream ID 5 with length 10240 and flags NONE. 
2024-04-05 11:58:03.1076|TRACE|Microsoft.AspNetCore.Server.Kestrel.Http2|Connection id "0HN2L4IA1HNR7" sending DATA frame for stream ID 5 with length 10240 and flags NONE. 
2024-04-05 11:58:03.1076|TRACE|Microsoft.AspNetCore.Server.Kestrel.Http2|Connection id "0HN2L4IA1HNR7" sending DATA frame for stream ID 5 with length 10240 and flags NONE. 
2024-04-05 11:58:03.1076|TRACE|Microsoft.AspNetCore.Server.Kestrel.Http2|Connection id "0HN2L4IA1HNR7" sending DATA frame for stream ID 5 with length 10240 and flags NONE. 
2024-04-05 11:58:03.1076|TRACE|Microsoft.AspNetCore.Server.Kestrel.Http2|Connection id "0HN2L4IA1HNR7" sending DATA frame for stream ID 5 with length 10240 and flags NONE. 
2024-04-05 11:58:03.1076|TRACE|Microsoft.AspNetCore.Server.Kestrel.Http2|Connection id "0HN2L4IA1HNR7" sending DATA frame for stream ID 5 with length 10240 and flags NONE. 
2024-04-05 11:58:03.1076|TRACE|Microsoft.AspNetCore.Server.Kestrel.Http2|Connection id "0HN2L4IA1HNR7" sending DATA frame for stream ID 5 with length 10240 and flags NONE. 
2024-04-05 11:58:03.1076|TRACE|Microsoft.AspNetCore.Server.Kestrel.Http2|Connection id "0HN2L4IA1HNR7" sending DATA frame for stream ID 5 with length 10240 and flags NONE. 
2024-04-05 11:58:03.1076|TRACE|Microsoft.AspNetCore.Server.Kestrel.Http2|Connection id "0HN2L4IA1HNR7" sending DATA frame for stream ID 5 with length 160 and flags NONE. 
2024-04-05 11:58:03.1076|INFO|Microsoft.AspNetCore.Hosting.Diagnostics|Request finished HTTP/2 GET https://localhost:7290/_vs/browserLink - 200 - text/javascript;+charset=UTF-8 97.2842ms 
2024-04-05 11:58:03.1076|TRACE|Microsoft.AspNetCore.Server.Kestrel.Http2|Connection id "0HN2L4IA1HNR7" sending DATA frame for stream ID 5 with length 0 and flags END_STREAM. 
2024-04-05 11:58:03.6690|TRACE|Microsoft.AspNetCore.Server.Kestrel.Http2|Connection id "0HN2L4IA1HNR7" received HEADERS frame for stream ID 7 with length 66 and flags END_STREAM, END_HEADERS, PRIORITY. 
2024-04-05 11:58:03.6690|INFO|Microsoft.AspNetCore.Hosting.Diagnostics|Request starting HTTP/2 GET https://localhost:7290/swagger/v1/swagger.json - - - 
2024-04-05 11:58:03.6704|TRACE|Microsoft.AspNetCore.HostFiltering.HostFilteringMiddleware|All hosts are allowed. 
2024-04-05 11:58:03.6704|DEBUG|Microsoft.AspNetCore.Routing.Matching.DfaMatcher|No candidates found for the request path '/swagger/v1/swagger.json' 
2024-04-05 11:58:03.6704|DEBUG|Microsoft.AspNetCore.Routing.EndpointRoutingMiddleware|Request did not match any endpoints 
2024-04-05 11:58:04.0364|TRACE|Microsoft.AspNetCore.Server.Kestrel.Http2|Connection id "0HN2L4IA1HNR7" sending HEADERS frame for stream ID 7 with length 65 and flags END_HEADERS. 
2024-04-05 11:58:04.0364|TRACE|Microsoft.AspNetCore.Server.Kestrel.Http2|Connection id "0HN2L4IA1HNR7" sending DATA frame for stream ID 7 with length 16384 and flags NONE. 
2024-04-05 11:58:04.0364|TRACE|Microsoft.AspNetCore.Server.Kestrel.Http2|Connection id "0HN2L4IA1HNR7" sending DATA frame for stream ID 7 with length 16384 and flags NONE. 
2024-04-05 11:58:04.0364|TRACE|Microsoft.AspNetCore.Server.Kestrel.Http2|Connection id "0HN2L4IA1HNR7" sending DATA frame for stream ID 7 with length 16384 and flags NONE. 
2024-04-05 11:58:04.0364|TRACE|Microsoft.AspNetCore.Server.Kestrel.Http2|Connection id "0HN2L4IA1HNR7" sending DATA frame for stream ID 7 with length 9384 and flags NONE. 
2024-04-05 11:58:04.0364|TRACE|Microsoft.AspNetCore.Server.Kestrel.Http2|Connection id "0HN2L4IA1HNR7" sending DATA frame for stream ID 7 with length 0 and flags END_STREAM. 
2024-04-05 11:58:04.0364|INFO|Microsoft.AspNetCore.Hosting.Diagnostics|Request finished HTTP/2 GET https://localhost:7290/swagger/v1/swagger.json - 200 - application/json;charset=utf-8 370.9118ms 
2024-04-05 11:58:04.7303|DEBUG|Microsoft.AspNetCore.Server.Kestrel.Transport.Sockets|Connection id "0HN2L4IA1HNR7" received FIN. 
2024-04-05 11:58:04.7341|DEBUG|Microsoft.AspNetCore.Server.Kestrel.Http2|The connection queue processing loop for 0HN2L4IA1HNR7 completed. 
2024-04-05 11:58:04.7341|DEBUG|Microsoft.AspNetCore.Server.Kestrel.Http2|Connection id "0HN2L4IA1HNR7" is closed. The last processed stream ID was 7. 
2024-04-05 11:58:04.7341|DEBUG|Microsoft.AspNetCore.Server.Kestrel.Transport.Sockets|Connection id "0HN2L4IA1HNR7" sending FIN because: "The Socket transport's send loop completed gracefully." 
2024-04-05 11:58:04.7504|DEBUG|Microsoft.AspNetCore.Server.Kestrel.Connections|Connection id "0HN2L4IA1HNR7" stopped. 
2024-04-05 11:58:07.1798|DEBUG|Microsoft.AspNetCore.Server.Kestrel.Https.Internal.HttpsConnectionMiddleware|Authentication of the HTTPS connection timed out. 
2024-04-05 11:58:07.1798|DEBUG|Microsoft.AspNetCore.Server.Kestrel.Connections|Connection id "0HN2L4IA1HNR5" stopped. 
2024-04-05 11:58:07.1798|DEBUG|Microsoft.AspNetCore.Server.Kestrel.Transport.Sockets|Connection id "0HN2L4IA1HNR5" sending FIN because: "The Socket transport's send loop completed gracefully." 
2024-04-05 11:58:07.2087|DEBUG|Microsoft.AspNetCore.Server.Kestrel.Https.Internal.HttpsConnectionMiddleware|Authentication of the HTTPS connection timed out. 
2024-04-05 11:58:07.2087|DEBUG|Microsoft.AspNetCore.Server.Kestrel.Connections|Connection id "0HN2L4IA1HNR6" stopped. 
2024-04-05 11:58:07.2087|DEBUG|Microsoft.AspNetCore.Server.Kestrel.Transport.Sockets|Connection id "0HN2L4IA1HNR6" sending FIN because: "The Socket transport's send loop completed gracefully." 
2024-04-05 11:58:40.3533|DEBUG|Microsoft.AspNetCore.Server.Kestrel.Connections|Connection id "0HN2L4IA1HNR8" accepted. 
2024-04-05 11:58:40.3533|DEBUG|Microsoft.AspNetCore.Server.Kestrel.Connections|Connection id "0HN2L4IA1HNR8" started. 
2024-04-05 11:58:40.3533|DEBUG|Microsoft.AspNetCore.Server.Kestrel.Https.Internal.HttpsConnectionMiddleware|Connection 0HN2L4IA1HNR8 established using the following protocol: Tls13 
2024-04-05 11:58:40.3764|TRACE|Microsoft.AspNetCore.Server.Kestrel.Http2|Connection id "0HN2L4IA1HNR8" sending SETTINGS frame for stream ID 0 with length 24 and flags NONE. 
2024-04-05 11:58:40.3764|TRACE|Microsoft.AspNetCore.Server.Kestrel.Http2|Connection id "0HN2L4IA1HNR8" sending WINDOW_UPDATE frame for stream ID 0 with length 4 and flags 0x0. 
2024-04-05 11:58:40.3764|TRACE|Microsoft.AspNetCore.Server.Kestrel.Http2|Connection id "0HN2L4IA1HNR8" received SETTINGS frame for stream ID 0 with length 24 and flags NONE. 
2024-04-05 11:58:40.3764|TRACE|Microsoft.AspNetCore.Server.Kestrel.Http2|Connection id "0HN2L4IA1HNR8" sending SETTINGS frame for stream ID 0 with length 0 and flags ACK. 
2024-04-05 11:58:40.3764|TRACE|Microsoft.AspNetCore.Server.Kestrel.Http2|Connection id "0HN2L4IA1HNR8" received WINDOW_UPDATE frame for stream ID 0 with length 4 and flags 0x0. 
2024-04-05 11:58:40.3764|TRACE|Microsoft.AspNetCore.Server.Kestrel.Http2|Connection id "0HN2L4IA1HNR8" received HEADERS frame for stream ID 1 with length 358 and flags END_STREAM, END_HEADERS, PRIORITY. 
2024-04-05 11:58:40.3764|TRACE|Microsoft.AspNetCore.Server.Kestrel.Http2|Connection id "0HN2L4IA1HNR8" received SETTINGS frame for stream ID 0 with length 0 and flags ACK. 
2024-04-05 11:58:40.3764|INFO|Microsoft.AspNetCore.Hosting.Diagnostics|Request starting HTTP/2 GET https://localhost:7290/api/Article - - - 
2024-04-05 11:58:40.3764|TRACE|Microsoft.AspNetCore.HostFiltering.HostFilteringMiddleware|All hosts are allowed. 
2024-04-05 11:58:40.3934|DEBUG|Microsoft.AspNetCore.Routing.Matching.DfaMatcher|1 candidate(s) found for the request path '/api/Article' 
2024-04-05 11:58:40.3934|DEBUG|Microsoft.AspNetCore.Routing.Matching.DfaMatcher|Endpoint 'LitZhu.WebApi.Controllers.Article.ArticleController.GetArticle (LitZhu.WebApi)' with route pattern 'api/Article' is valid for the request path '/api/Article' 
2024-04-05 11:58:40.3934|DEBUG|Microsoft.AspNetCore.Routing.EndpointRoutingMiddleware|Request matched endpoint 'LitZhu.WebApi.Controllers.Article.ArticleController.GetArticle (LitZhu.WebApi)' 
2024-04-05 11:58:40.3934|TRACE|Microsoft.AspNetCore.Routing.EndpointRoutingMiddleware|The endpoint does not specify the IRequestSizeLimitMetadata. 
2024-04-05 11:58:40.3934|DEBUG|Microsoft.AspNetCore.StaticFiles.StaticFileMiddleware|Static files was skipped as the request already matched an endpoint. 
2024-04-05 11:58:40.4691|DEBUG|Microsoft.AspNetCore.Authentication.JwtBearer.JwtBearerHandler|AuthenticationScheme: Bearer was not authenticated. 
2024-04-05 11:58:40.4711|INFO|Microsoft.AspNetCore.Routing.EndpointMiddleware|Executing endpoint 'LitZhu.WebApi.Controllers.Article.ArticleController.GetArticle (LitZhu.WebApi)' 
2024-04-05 11:58:40.4942|INFO|Microsoft.AspNetCore.Mvc.Infrastructure.ControllerActionInvoker|Route matched with {action = "GetArticle", controller = "Article"}. Executing controller action with signature System.Threading.Tasks.Task`1[Microsoft.AspNetCore.Mvc.ActionResult`1[System.Collections.Generic.List`1[Article.Domain.DTO.ArticleDto]]] GetArticle(Article.Domain.DTO.ArticleParametersDto) on controller LitZhu.WebApi.Controllers.Article.ArticleController (LitZhu.WebApi). 
2024-04-05 11:58:40.4942|DEBUG|Microsoft.AspNetCore.Mvc.Infrastructure.ControllerActionInvoker|Execution plan of authorization filters (in the following order): None 
2024-04-05 11:58:40.4942|DEBUG|Microsoft.AspNetCore.Mvc.Infrastructure.ControllerActionInvoker|Execution plan of resource filters (in the following order): None 
2024-04-05 11:58:40.4942|DEBUG|Microsoft.AspNetCore.Mvc.Infrastructure.ControllerActionInvoker|Execution plan of action filters (in the following order): Microsoft.AspNetCore.Mvc.ModelBinding.UnsupportedContentTypeFilter (Order: -3000), Microsoft.AspNetCore.Mvc.Infrastructure.ModelStateInvalidFilter (Order: -2000) 
2024-04-05 11:58:40.4942|DEBUG|Microsoft.AspNetCore.Mvc.Infrastructure.ControllerActionInvoker|Execution plan of exception filters (in the following order): None 
2024-04-05 11:58:40.4942|DEBUG|Microsoft.AspNetCore.Mvc.Infrastructure.ControllerActionInvoker|Execution plan of result filters (in the following order): Microsoft.AspNetCore.Mvc.Infrastructure.ClientErrorResultFilter (Order: -2000) 
2024-04-05 11:58:40.4942|DEBUG|Microsoft.AspNetCore.Mvc.Infrastructure.ControllerActionInvoker|Executing controller factory for controller LitZhu.WebApi.Controllers.Article.ArticleController (LitZhu.WebApi) 
2024-04-05 11:58:40.7112|DEBUG|Microsoft.EntityFrameworkCore.Infrastructure|An additional 'IServiceProvider' was created for internal use by Entity Framework. An existing service provider was not used due to the following configuration changes: configuration changed for 'Core:ConfigureWarnings', configuration added for 'Pomelo.EntityFrameworkCore.MySql:ServerVersion', configuration added for 'Pomelo.EntityFrameworkCore.MySql:DisableBackslashEscaping', configuration added for 'Pomelo.EntityFrameworkCore.MySql:SetSqlModeOnOpen', configuration added for 'Pomelo.EntityFrameworkCore.MySql:DisableLineBreakToCharSubstition', configuration added for 'Pomelo.EntityFrameworkCore.MySql:DefaultDataTypeMappings', configuration added for 'Pomelo.EntityFrameworkCore.MySql:SchemaBehavior', configuration added for 'Pomelo.EntityFrameworkCore.MySql:SchemaNameTranslator', configuration added for 'Pomelo.EntityFrameworkCore.MySql:EnableIndexOptimizedBooleanColumns', configuration added for 'Pomelo.EntityFrameworkCore.MySql:LimitKeyedOrIndexedStringColumnLength', configuration added for 'Pomelo.EntityFrameworkCore.MySql:EnableStringComparisonTranslations', configuration added for 'Pomelo.EntityFrameworkCore.MySql:EnablePrimitiveCollectionsSupport'. 
2024-04-05 11:58:41.1276|DEBUG|Microsoft.EntityFrameworkCore.Model|The index {'ArticleId'} was not created on entity type 'ArticleTags' as the properties are already covered by the index {'ArticleId', 'TagId'}. 
2024-04-05 11:58:41.1924|WARN|Microsoft.EntityFrameworkCore.Model.Validation|Entity 'Articles' has a global query filter defined and is the required end of a relationship with the entity 'ArticleTags'. This may lead to unexpected results when the required entity is filtered out. Either configure the navigation as optional, or define matching query filters for both entities in the navigation. See https://go.microsoft.com/fwlink/?linkid=2131316 for more information. 
2024-04-05 11:58:41.1924|WARN|Microsoft.EntityFrameworkCore.Model.Validation|Entity 'Articles' has a global query filter defined and is the required end of a relationship with the entity 'Comments'. This may lead to unexpected results when the required entity is filtered out. Either configure the navigation as optional, or define matching query filters for both entities in the navigation. See https://go.microsoft.com/fwlink/?linkid=2131316 for more information. 
2024-04-05 11:58:41.3285|DEBUG|Microsoft.EntityFrameworkCore.Infrastructure|Entity Framework Core 8.0.1 initialized 'ArticleDbContext' using provider 'Pomelo.EntityFrameworkCore.MySql:8.0.1' with options: ServerVersion=8.0.23-mysql  
2024-04-05 11:58:41.4451|DEBUG|Microsoft.AspNetCore.Mvc.Infrastructure.ControllerActionInvoker|Executed controller factory for controller LitZhu.WebApi.Controllers.Article.ArticleController (LitZhu.WebApi) 
2024-04-05 11:58:41.4451|DEBUG|Microsoft.AspNetCore.Mvc.ModelBinding.ParameterBinder|Attempting to bind parameter 'parameters' of type 'Article.Domain.DTO.ArticleParametersDto' ... 
2024-04-05 11:58:41.4451|DEBUG|Microsoft.AspNetCore.Mvc.ModelBinding.Binders.ComplexObjectModelBinder|Attempting to bind parameter 'parameters' of type 'Article.Domain.DTO.ArticleParametersDto' using the name '' in request data ... 
2024-04-05 11:58:41.4528|DEBUG|Microsoft.AspNetCore.Mvc.ModelBinding.Binders.SimpleTypeModelBinder|Attempting to bind parameter 'Q' of type 'System.String' using the name 'Q' in request data ... 
2024-04-05 11:58:41.4528|DEBUG|Microsoft.AspNetCore.Mvc.ModelBinding.Binders.SimpleTypeModelBinder|Could not find a value in the request with name 'Q' for binding parameter 'Q' of type 'System.String'. 
2024-04-05 11:58:41.4528|DEBUG|Microsoft.AspNetCore.Mvc.ModelBinding.Binders.SimpleTypeModelBinder|Done attempting to bind parameter 'Q' of type 'System.String'. 
2024-04-05 11:58:41.4528|DEBUG|Microsoft.AspNetCore.Mvc.ModelBinding.Binders.SimpleTypeModelBinder|Attempting to bind parameter 'PageIndex' of type 'System.Int32' using the name 'PageIndex' in request data ... 
2024-04-05 11:58:41.4528|DEBUG|Microsoft.AspNetCore.Mvc.ModelBinding.Binders.SimpleTypeModelBinder|Could not find a value in the request with name 'PageIndex' for binding parameter 'PageIndex' of type 'System.Int32'. 
2024-04-05 11:58:41.4528|DEBUG|Microsoft.AspNetCore.Mvc.ModelBinding.Binders.SimpleTypeModelBinder|Done attempting to bind parameter 'PageIndex' of type 'System.Int32'. 
2024-04-05 11:58:41.4528|DEBUG|Microsoft.AspNetCore.Mvc.ModelBinding.Binders.SimpleTypeModelBinder|Attempting to bind parameter 'PageSize' of type 'System.Int32' using the name 'PageSize' in request data ... 
2024-04-05 11:58:41.4528|DEBUG|Microsoft.AspNetCore.Mvc.ModelBinding.Binders.SimpleTypeModelBinder|Could not find a value in the request with name 'PageSize' for binding parameter 'PageSize' of type 'System.Int32'. 
2024-04-05 11:58:41.4528|DEBUG|Microsoft.AspNetCore.Mvc.ModelBinding.Binders.SimpleTypeModelBinder|Done attempting to bind parameter 'PageSize' of type 'System.Int32'. 
2024-04-05 11:58:41.4528|DEBUG|Microsoft.AspNetCore.Mvc.ModelBinding.Binders.SimpleTypeModelBinder|Attempting to bind parameter 'OrderBy' of type 'System.String' using the name 'OrderBy' in request data ... 
2024-04-05 11:58:41.4528|DEBUG|Microsoft.AspNetCore.Mvc.ModelBinding.Binders.SimpleTypeModelBinder|Could not find a value in the request with name 'OrderBy' for binding parameter 'OrderBy' of type 'System.String'. 
2024-04-05 11:58:41.4528|DEBUG|Microsoft.AspNetCore.Mvc.ModelBinding.Binders.SimpleTypeModelBinder|Done attempting to bind parameter 'OrderBy' of type 'System.String'. 
2024-04-05 11:58:41.4528|DEBUG|Microsoft.AspNetCore.Mvc.ModelBinding.Binders.ComplexObjectModelBinder|Done attempting to bind parameter 'parameters' of type 'Article.Domain.DTO.ArticleParametersDto'. 
2024-04-05 11:58:41.4528|DEBUG|Microsoft.AspNetCore.Mvc.ModelBinding.ParameterBinder|Done attempting to bind parameter 'parameters' of type 'Article.Domain.DTO.ArticleParametersDto'. 
2024-04-05 11:58:41.4528|DEBUG|Microsoft.AspNetCore.Mvc.ModelBinding.ParameterBinder|Attempting to validate the bound parameter 'parameters' of type 'Article.Domain.DTO.ArticleParametersDto' ... 
2024-04-05 11:58:41.4528|DEBUG|Microsoft.AspNetCore.Mvc.ModelBinding.ParameterBinder|Done attempting to validate the bound parameter 'parameters' of type 'Article.Domain.DTO.ArticleParametersDto'. 
2024-04-05 11:58:41.4528|TRACE|Microsoft.AspNetCore.Mvc.Infrastructure.ControllerActionInvoker|Action Filter: Before executing OnActionExecuting on filter Microsoft.AspNetCore.Mvc.ModelBinding.UnsupportedContentTypeFilter. 
2024-04-05 11:58:41.4528|TRACE|Microsoft.AspNetCore.Mvc.Infrastructure.ControllerActionInvoker|Action Filter: After executing OnActionExecuting on filter Microsoft.AspNetCore.Mvc.ModelBinding.UnsupportedContentTypeFilter. 
2024-04-05 11:58:41.4528|TRACE|Microsoft.AspNetCore.Mvc.Infrastructure.ControllerActionInvoker|Action Filter: Before executing OnActionExecuting on filter Microsoft.AspNetCore.Mvc.Infrastructure.ModelStateInvalidFilter. 
2024-04-05 11:58:41.4528|TRACE|Microsoft.AspNetCore.Mvc.Infrastructure.ControllerActionInvoker|Action Filter: After executing OnActionExecuting on filter Microsoft.AspNetCore.Mvc.Infrastructure.ModelStateInvalidFilter. 
2024-04-05 11:58:41.4699|INFO|Microsoft.AspNetCore.Mvc.Infrastructure.ControllerActionInvoker|Executing action method LitZhu.WebApi.Controllers.Article.ArticleController.GetArticle (LitZhu.WebApi) - Validation state: Valid 
2024-04-05 11:58:41.4699|TRACE|Microsoft.AspNetCore.Mvc.Infrastructure.ControllerActionInvoker|Executing action method LitZhu.WebApi.Controllers.Article.ArticleController.GetArticle (LitZhu.WebApi) with arguments (ArticleParametersDto { Q = , PageIndex = 1, PageSize = 10, OrderBy = Likes }) 
2024-04-05 11:58:41.5093|DEBUG|Microsoft.EntityFrameworkCore.Query|Compiling query expression: 
'DbSet<Articles>()
    .Include(x => x.Comments)
    .Include(x => x.ArticleTagsList)
    .ThenInclude(at => at.Tags)
    .OrderByDescending(x => x.Likes)
    .Skip(__p_0)
    .Take(__p_1)' 
2024-04-05 11:58:41.5827|DEBUG|Microsoft.EntityFrameworkCore.Query|Including navigation: 'Articles.Comments'. 
2024-04-05 11:58:41.5827|DEBUG|Microsoft.EntityFrameworkCore.Query|Including navigation: 'Articles.ArticleTagsList'. 
2024-04-05 11:58:41.6130|DEBUG|Microsoft.EntityFrameworkCore.Query|Including navigation: 'ArticleTags.Tags'. 
2024-04-05 11:58:41.8714|WARN|Microsoft.EntityFrameworkCore.Query|Compiling a query which loads related collections for more than one collection navigation, either via 'Include' or through projection, but no 'QuerySplittingBehavior' has been configured. By default, Entity Framework will use 'QuerySplittingBehavior.SingleQuery', which can potentially result in slow query performance. See https://go.microsoft.com/fwlink/?linkid=2134277 for more information. To identify the query that's triggering this warning call 'ConfigureWarnings(w => w.Throw(RelationalEventId.MultipleCollectionIncludeWarning))'. 
2024-04-05 11:58:41.8833|DEBUG|Microsoft.EntityFrameworkCore.Query|Generated query execution expression: 
'queryContext => new SingleQueryingEnumerable<Articles>(
    (RelationalQueryContext)queryContext, 
    RelationalCommandCache.QueryExpression(
        Client Projections:
            0 -> Dictionary<IProperty, int> { [Property: Articles.Id (Guid) Required PK AfterSave:Throw ValueGenerated.OnAdd, 0], [Property: Articles.Content (string) Required, 1], [Property: Articles.CreationTime (DateTime) Required, 2], [Property: Articles.DeletionTime (DateTime?), 3], [Property: Articles.Desc (string) Required, 4], [Property: Articles.Image (string) Required, 5], [Property: Articles.IsDeleted (bool) Required Index, 6], [Property: Articles.LastModificationTime (DateTime?), 7], [Property: Articles.Likes (int) Required, 8], [Property: Articles.Title (string) Required Index MaxLength(20), 9], [Property: Articles.UserId (Guid) Required, 10], [Property: Articles.Views (int) Required, 11] }
            1 -> 0
            2 -> Dictionary<IProperty, int> { [Property: Comments.Id (Guid) Required PK AfterSave:Throw ValueGenerated.OnAdd, 12], [Property: Comments.ArticleId (Guid) Required FK Index, 13], [Property: Comments.Content (string) Required MaxLength(1000), 14], [Property: Comments.CreationTime (DateTime) Required, 15], [Property: Comments.LastModificationTime (DateTime?), 16], [Property: Comments.Likes (int) Required, 17], [Property: Comments.PId (Guid) Required, 18], [Property: Comments.Path (string) Required, 19], [Property: Comments.UserId (Guid) Required, 20] }
            3 -> 12
            4 -> Dictionary<IProperty, int> { [Property: ArticleTags.ArticleId (Guid) Required PK FK AfterSave:Throw, 21], [Property: ArticleTags.TagId (Guid) Required PK FK Index AfterSave:Throw, 22] }
            5 -> Dictionary<IProperty, int> { [Property: Tags.Id (Guid) Required PK AfterSave:Throw ValueGenerated.OnAdd, 23], [Property: Tags.CreationTime (DateTime) Required, 24], [Property: Tags.DeletionTime (DateTime?), 25], [Property: Tags.IsDeleted (bool) Required Index, 26], [Property: Tags.LastModificationTime (DateTime?), 27], [Property: Tags.TagName (string) Required MaxLength(10), 28] }
            6 -> 21
            7 -> 22
            8 -> 23
        SELECT t.Id, t.Content, t.CreationTime, t.DeletionTime, t.Desc, t.Image, t.IsDeleted, t.LastModificationTime, t.Likes, t.Title, t.UserId, t.Views, c.Id, c.ArticleId, c.Content, c.CreationTime, c.LastModificationTime, c.Likes, c.PId, c.Path, c.UserId, t1.ArticleId, t1.TagId, t1.Id, t1.CreationTime, t1.DeletionTime, t1.IsDeleted, t1.LastModificationTime, t1.TagName
        FROM 
        (
            SELECT a.Id, a.Content, a.CreationTime, a.DeletionTime, a.Desc, a.Image, a.IsDeleted, a.LastModificationTime, a.Likes, a.Title, a.UserId, a.Views
            FROM Articles AS a
            WHERE a.IsDeleted == FALSE
            ORDER BY a.Likes DESC
            OFFSET @__p_0 ROWS FETCH NEXT @__p_1 ROWS ONLY
        ) AS t
        LEFT JOIN Comments AS c ON t.Id == c.ArticleId
        LEFT JOIN 
        (
            SELECT a0.ArticleId, a0.TagId, t0.Id, t0.CreationTime, t0.DeletionTime, t0.IsDeleted, t0.LastModificationTime, t0.TagName
            FROM Articles_Tags AS a0
            INNER JOIN 
            (
                SELECT t2.Id, t2.CreationTime, t2.DeletionTime, t2.IsDeleted, t2.LastModificationTime, t2.TagName
                FROM Tags AS t2
                WHERE t2.IsDeleted == FALSE
            ) AS t0 ON a0.TagId == t0.Id
        ) AS t1 ON t.Id == t1.ArticleId
        ORDER BY t.Likes DESC, t.Id ASC, c.Id ASC, t1.ArticleId ASC, t1.TagId ASC), 
    null, 
    Func<QueryContext, DbDataReader, ResultContext, SingleQueryResultCoordinator, Articles>, 
    Article.Infrastructure.ArticleDbContext, 
    False, 
    False, 
    True
)' 
2024-04-05 11:58:41.9142|DEBUG|Microsoft.EntityFrameworkCore.Database.Connection|Creating DbConnection. 
2024-04-05 11:58:41.9214|DEBUG|Microsoft.EntityFrameworkCore.Database.Connection|Created DbConnection. (3ms). 
2024-04-05 11:58:41.9214|DEBUG|Microsoft.EntityFrameworkCore.Database.Connection|Opening connection to database 'LitZhu' on server 'localhost'. 
2024-04-05 11:58:42.0365|DEBUG|Microsoft.EntityFrameworkCore.Database.Connection|Opened connection to database 'LitZhu' on server 'localhost'. 
2024-04-05 11:58:42.0365|DEBUG|Microsoft.EntityFrameworkCore.Database.Command|Creating DbCommand for 'ExecuteReader'. 
2024-04-05 11:58:42.0365|DEBUG|Microsoft.EntityFrameworkCore.Database.Command|Created DbCommand for 'ExecuteReader' (2ms). 
2024-04-05 11:58:42.0583|DEBUG|Microsoft.EntityFrameworkCore.Database.Command|Initialized DbCommand for 'ExecuteReader' (18ms). 
2024-04-05 11:58:42.0641|DEBUG|Microsoft.EntityFrameworkCore.Database.Command|Executing DbCommand [Parameters=[@__p_1='?' (DbType = Int32), @__p_0='?' (DbType = Int32)], CommandType='Text', CommandTimeout='30']
SELECT `t`.`Id`, `t`.`Content`, `t`.`CreationTime`, `t`.`DeletionTime`, `t`.`Desc`, `t`.`Image`, `t`.`IsDeleted`, `t`.`LastModificationTime`, `t`.`Likes`, `t`.`Title`, `t`.`UserId`, `t`.`Views`, `c`.`Id`, `c`.`ArticleId`, `c`.`Content`, `c`.`CreationTime`, `c`.`LastModificationTime`, `c`.`Likes`, `c`.`PId`, `c`.`Path`, `c`.`UserId`, `t1`.`ArticleId`, `t1`.`TagId`, `t1`.`Id`, `t1`.`CreationTime`, `t1`.`DeletionTime`, `t1`.`IsDeleted`, `t1`.`LastModificationTime`, `t1`.`TagName`
FROM (
    SELECT `a`.`Id`, `a`.`Content`, `a`.`CreationTime`, `a`.`DeletionTime`, `a`.`Desc`, `a`.`Image`, `a`.`IsDeleted`, `a`.`LastModificationTime`, `a`.`Likes`, `a`.`Title`, `a`.`UserId`, `a`.`Views`
    FROM `Articles` AS `a`
    WHERE NOT (`a`.`IsDeleted`)
    ORDER BY `a`.`Likes` DESC
    LIMIT @__p_1 OFFSET @__p_0
) AS `t`
LEFT JOIN `Comments` AS `c` ON `t`.`Id` = `c`.`ArticleId`
LEFT JOIN (
    SELECT `a0`.`ArticleId`, `a0`.`TagId`, `t0`.`Id`, `t0`.`CreationTime`, `t0`.`DeletionTime`, `t0`.`IsDeleted`, `t0`.`LastModificationTime`, `t0`.`TagName`
    FROM `Articles_Tags` AS `a0`
    INNER JOIN (
        SELECT `t2`.`Id`, `t2`.`CreationTime`, `t2`.`DeletionTime`, `t2`.`IsDeleted`, `t2`.`LastModificationTime`, `t2`.`TagName`
        FROM `Tags` AS `t2`
        WHERE NOT (`t2`.`IsDeleted`)
    ) AS `t0` ON `a0`.`TagId` = `t0`.`Id`
) AS `t1` ON `t`.`Id` = `t1`.`ArticleId`
ORDER BY `t`.`Likes` DESC, `t`.`Id`, `c`.`Id`, `t1`.`ArticleId`, `t1`.`TagId` 
2024-04-05 11:58:42.1345|INFO|Microsoft.EntityFrameworkCore.Database.Command|Executed DbCommand (70ms) [Parameters=[@__p_1='?' (DbType = Int32), @__p_0='?' (DbType = Int32)], CommandType='Text', CommandTimeout='30']
SELECT `t`.`Id`, `t`.`Content`, `t`.`CreationTime`, `t`.`DeletionTime`, `t`.`Desc`, `t`.`Image`, `t`.`IsDeleted`, `t`.`LastModificationTime`, `t`.`Likes`, `t`.`Title`, `t`.`UserId`, `t`.`Views`, `c`.`Id`, `c`.`ArticleId`, `c`.`Content`, `c`.`CreationTime`, `c`.`LastModificationTime`, `c`.`Likes`, `c`.`PId`, `c`.`Path`, `c`.`UserId`, `t1`.`ArticleId`, `t1`.`TagId`, `t1`.`Id`, `t1`.`CreationTime`, `t1`.`DeletionTime`, `t1`.`IsDeleted`, `t1`.`LastModificationTime`, `t1`.`TagName`
FROM (
    SELECT `a`.`Id`, `a`.`Content`, `a`.`CreationTime`, `a`.`DeletionTime`, `a`.`Desc`, `a`.`Image`, `a`.`IsDeleted`, `a`.`LastModificationTime`, `a`.`Likes`, `a`.`Title`, `a`.`UserId`, `a`.`Views`
    FROM `Articles` AS `a`
    WHERE NOT (`a`.`IsDeleted`)
    ORDER BY `a`.`Likes` DESC
    LIMIT @__p_1 OFFSET @__p_0
) AS `t`
LEFT JOIN `Comments` AS `c` ON `t`.`Id` = `c`.`ArticleId`
LEFT JOIN (
    SELECT `a0`.`ArticleId`, `a0`.`TagId`, `t0`.`Id`, `t0`.`CreationTime`, `t0`.`DeletionTime`, `t0`.`IsDeleted`, `t0`.`LastModificationTime`, `t0`.`TagName`
    FROM `Articles_Tags` AS `a0`
    INNER JOIN (
        SELECT `t2`.`Id`, `t2`.`CreationTime`, `t2`.`DeletionTime`, `t2`.`IsDeleted`, `t2`.`LastModificationTime`, `t2`.`TagName`
        FROM `Tags` AS `t2`
        WHERE NOT (`t2`.`IsDeleted`)
    ) AS `t0` ON `a0`.`TagId` = `t0`.`Id`
) AS `t1` ON `t`.`Id` = `t1`.`ArticleId`
ORDER BY `t`.`Likes` DESC, `t`.`Id`, `c`.`Id`, `t1`.`ArticleId`, `t1`.`TagId` 
2024-04-05 11:58:42.1734|DEBUG|Microsoft.EntityFrameworkCore.ChangeTracking|Context 'ArticleDbContext' started tracking 'Articles' entity. Consider using 'DbContextOptionsBuilder.EnableSensitiveDataLogging' to see key values. 
2024-04-05 11:58:42.2153|DEBUG|Microsoft.EntityFrameworkCore.ChangeTracking|Context 'ArticleDbContext' started tracking 'Comments' entity. Consider using 'DbContextOptionsBuilder.EnableSensitiveDataLogging' to see key values. 
2024-04-05 11:58:42.2373|DEBUG|Microsoft.EntityFrameworkCore.ChangeTracking|Context 'ArticleDbContext' started tracking 'ArticleTags' entity. Consider using 'DbContextOptionsBuilder.EnableSensitiveDataLogging' to see key values. 
2024-04-05 11:58:42.2373|DEBUG|Microsoft.EntityFrameworkCore.ChangeTracking|The navigation 'ArticleTags.Tags' was detected as changed. Consider using 'DbContextOptionsBuilder.EnableSensitiveDataLogging' to see key values. 
2024-04-05 11:58:42.2373|DEBUG|Microsoft.EntityFrameworkCore.ChangeTracking|Context 'ArticleDbContext' started tracking 'Tags' entity. Consider using 'DbContextOptionsBuilder.EnableSensitiveDataLogging' to see key values. 
2024-04-05 11:58:42.2552|DEBUG|Microsoft.EntityFrameworkCore.ChangeTracking|Context 'ArticleDbContext' started tracking 'ArticleTags' entity. Consider using 'DbContextOptionsBuilder.EnableSensitiveDataLogging' to see key values. 
2024-04-05 11:58:42.2552|DEBUG|Microsoft.EntityFrameworkCore.ChangeTracking|The navigation 'ArticleTags.Tags' was detected as changed. Consider using 'DbContextOptionsBuilder.EnableSensitiveDataLogging' to see key values. 
2024-04-05 11:58:42.2552|DEBUG|Microsoft.EntityFrameworkCore.ChangeTracking|Context 'ArticleDbContext' started tracking 'Tags' entity. Consider using 'DbContextOptionsBuilder.EnableSensitiveDataLogging' to see key values. 
2024-04-05 11:58:42.2552|DEBUG|Microsoft.EntityFrameworkCore.ChangeTracking|Context 'ArticleDbContext' started tracking 'Articles' entity. Consider using 'DbContextOptionsBuilder.EnableSensitiveDataLogging' to see key values. 
2024-04-05 11:58:42.2552|DEBUG|Microsoft.EntityFrameworkCore.ChangeTracking|Context 'ArticleDbContext' started tracking 'Articles' entity. Consider using 'DbContextOptionsBuilder.EnableSensitiveDataLogging' to see key values. 
2024-04-05 11:58:42.2552|DEBUG|Microsoft.EntityFrameworkCore.ChangeTracking|Context 'ArticleDbContext' started tracking 'Articles' entity. Consider using 'DbContextOptionsBuilder.EnableSensitiveDataLogging' to see key values. 
2024-04-05 11:58:42.2552|DEBUG|Microsoft.EntityFrameworkCore.Database.Command|Closing data reader to 'LitZhu' on server 'localhost'. 
2024-04-05 11:58:42.2762|DEBUG|Microsoft.EntityFrameworkCore.Database.Command|A data reader for 'LitZhu' on server 'localhost' is being disposed after spending 135ms reading results. 
2024-04-05 11:58:42.2762|DEBUG|Microsoft.EntityFrameworkCore.Database.Connection|Closing connection to database 'LitZhu' on server 'localhost'. 
2024-04-05 11:58:42.2762|DEBUG|Microsoft.EntityFrameworkCore.Database.Connection|Closed connection to database 'LitZhu' on server 'localhost' (3ms). 
2024-04-05 11:58:42.3065|INFO|Microsoft.AspNetCore.Mvc.Infrastructure.ControllerActionInvoker|Executed action method LitZhu.WebApi.Controllers.Article.ArticleController.GetArticle (LitZhu.WebApi), returned result Microsoft.AspNetCore.Mvc.OkObjectResult in 830.3728ms. 
2024-04-05 11:58:42.3065|TRACE|Microsoft.AspNetCore.Mvc.Infrastructure.ControllerActionInvoker|Action Filter: Before executing OnActionExecuted on filter Microsoft.AspNetCore.Mvc.Infrastructure.ModelStateInvalidFilter. 
2024-04-05 11:58:42.3065|TRACE|Microsoft.AspNetCore.Mvc.Infrastructure.ControllerActionInvoker|Action Filter: After executing OnActionExecuted on filter Microsoft.AspNetCore.Mvc.Infrastructure.ModelStateInvalidFilter. 
2024-04-05 11:58:42.3065|TRACE|Microsoft.AspNetCore.Mvc.Infrastructure.ControllerActionInvoker|Action Filter: Before executing OnActionExecuted on filter Microsoft.AspNetCore.Mvc.ModelBinding.UnsupportedContentTypeFilter. 
2024-04-05 11:58:42.3065|TRACE|Microsoft.AspNetCore.Mvc.Infrastructure.ControllerActionInvoker|Action Filter: After executing OnActionExecuted on filter Microsoft.AspNetCore.Mvc.ModelBinding.UnsupportedContentTypeFilter. 
2024-04-05 11:58:42.3065|TRACE|Microsoft.AspNetCore.Mvc.Infrastructure.ControllerActionInvoker|Result Filter: Before executing OnResultExecuting on filter Microsoft.AspNetCore.Mvc.Infrastructure.ClientErrorResultFilter. 
2024-04-05 11:58:42.3065|TRACE|Microsoft.AspNetCore.Mvc.Infrastructure.ControllerActionInvoker|Result Filter: After executing OnResultExecuting on filter Microsoft.AspNetCore.Mvc.Infrastructure.ClientErrorResultFilter. 
2024-04-05 11:58:42.3065|TRACE|Microsoft.AspNetCore.Mvc.Infrastructure.ControllerActionInvoker|Before executing action result Microsoft.AspNetCore.Mvc.OkObjectResult. 
2024-04-05 11:58:42.3123|DEBUG|Microsoft.AspNetCore.Mvc.Infrastructure.DefaultOutputFormatterSelector|List of registered output formatters, in the following order: Microsoft.AspNetCore.Mvc.Formatters.HttpNoContentOutputFormatter, Microsoft.AspNetCore.Mvc.Formatters.StringOutputFormatter, Microsoft.AspNetCore.Mvc.Formatters.StreamOutputFormatter, Microsoft.AspNetCore.Mvc.Formatters.NewtonsoftJsonOutputFormatter 
2024-04-05 11:58:42.3123|DEBUG|Microsoft.AspNetCore.Mvc.Infrastructure.DefaultOutputFormatterSelector|Attempting to select an output formatter based on Accept header 'text/plain'. 
2024-04-05 11:58:42.3123|DEBUG|Microsoft.AspNetCore.Mvc.Infrastructure.DefaultOutputFormatterSelector|Could not find an output formatter based on content negotiation. Accepted types were (text/plain) 
2024-04-05 11:58:42.3123|DEBUG|Microsoft.AspNetCore.Mvc.Infrastructure.DefaultOutputFormatterSelector|Attempting to select an output formatter without using a content type as no explicit content types were specified for the response. 
2024-04-05 11:58:42.3123|DEBUG|Microsoft.AspNetCore.Mvc.Infrastructure.DefaultOutputFormatterSelector|Attempting to select the first formatter in the output formatters list which can write the result. 
2024-04-05 11:58:42.3123|DEBUG|Microsoft.AspNetCore.Mvc.Infrastructure.DefaultOutputFormatterSelector|Selected output formatter 'Microsoft.AspNetCore.Mvc.Formatters.NewtonsoftJsonOutputFormatter' and content type 'application/json' to write the response. 
2024-04-05 11:58:42.3123|INFO|Microsoft.AspNetCore.Mvc.Infrastructure.ObjectResultExecutor|Executing OkObjectResult, writing value of type 'LitZhu.WebApi.R'. 
2024-04-05 11:58:42.4323|TRACE|Microsoft.AspNetCore.Server.Kestrel.Http2|Connection id "0HN2L4IA1HNR8" sending HEADERS frame for stream ID 1 with length 81 and flags END_HEADERS. 
2024-04-05 11:58:42.4323|TRACE|Microsoft.AspNetCore.Server.Kestrel.Http2|Connection id "0HN2L4IA1HNR8" sending DATA frame for stream ID 1 with length 2809 and flags NONE. 
2024-04-05 11:58:42.4323|TRACE|Microsoft.AspNetCore.Mvc.Infrastructure.ControllerActionInvoker|After executing action result Microsoft.AspNetCore.Mvc.OkObjectResult. 
2024-04-05 11:58:42.4323|TRACE|Microsoft.AspNetCore.Mvc.Infrastructure.ControllerActionInvoker|Result Filter: Before executing OnResultExecuted on filter Microsoft.AspNetCore.Mvc.Infrastructure.ClientErrorResultFilter. 
2024-04-05 11:58:42.4323|TRACE|Microsoft.AspNetCore.Mvc.Infrastructure.ControllerActionInvoker|Result Filter: After executing OnResultExecuted on filter Microsoft.AspNetCore.Mvc.Infrastructure.ClientErrorResultFilter. 
2024-04-05 11:58:42.4368|INFO|Microsoft.AspNetCore.Mvc.Infrastructure.ControllerActionInvoker|Executed action LitZhu.WebApi.Controllers.Article.ArticleController.GetArticle (LitZhu.WebApi) in 1937.388ms 
2024-04-05 11:58:42.4368|INFO|Microsoft.AspNetCore.Routing.EndpointMiddleware|Executed endpoint 'LitZhu.WebApi.Controllers.Article.ArticleController.GetArticle (LitZhu.WebApi)' 
2024-04-05 11:58:42.4368|TRACE|Microsoft.AspNetCore.Server.Kestrel.Http2|Connection id "0HN2L4IA1HNR8" sending DATA frame for stream ID 1 with length 0 and flags END_STREAM. 
2024-04-05 11:58:42.4368|DEBUG|Microsoft.EntityFrameworkCore.Infrastructure|'ArticleDbContext' disposed. 
2024-04-05 11:58:42.4368|DEBUG|Microsoft.EntityFrameworkCore.Database.Connection|Disposing connection to database 'LitZhu' on server 'localhost'. 
2024-04-05 11:58:42.4368|DEBUG|Microsoft.EntityFrameworkCore.Database.Connection|Disposed connection to database 'LitZhu' on server 'localhost' (1ms). 
2024-04-05 11:58:42.4368|INFO|Microsoft.AspNetCore.Hosting.Diagnostics|Request finished HTTP/2 GET https://localhost:7290/api/Article - 200 2809 application/json;+charset=utf-8 2067.0689ms 
2024-04-05 11:59:14.1464|TRACE|Microsoft.AspNetCore.Server.Kestrel.Http2|Connection id "0HN2L4IA1HNR8" received HEADERS frame for stream ID 3 with length 35 and flags END_STREAM, END_HEADERS, PRIORITY. 
2024-04-05 11:59:14.1464|TRACE|Microsoft.AspNetCore.Server.Kestrel.Http2|Connection id "0HN2L4IA1HNR8" received PING frame for stream ID 0 with length 8 and flags NONE. 
2024-04-05 11:59:14.1464|INFO|Microsoft.AspNetCore.Hosting.Diagnostics|Request starting HTTP/2 GET https://localhost:7290/api/Article/Deleted - - - 
2024-04-05 11:59:14.1464|TRACE|Microsoft.AspNetCore.HostFiltering.HostFilteringMiddleware|All hosts are allowed. 
2024-04-05 11:59:14.1464|TRACE|Microsoft.AspNetCore.Server.Kestrel.Http2|Connection id "0HN2L4IA1HNR8" sending PING frame for stream ID 0 with length 8 and flags ACK. 
2024-04-05 11:59:14.1464|DEBUG|Microsoft.AspNetCore.Routing.Matching.DfaMatcher|2 candidate(s) found for the request path '/api/Article/Deleted' 
2024-04-05 11:59:14.1554|DEBUG|Microsoft.AspNetCore.Routing.Matching.DfaMatcher|Endpoint 'LitZhu.WebApi.Controllers.Article.ArticleController.GetArticleDeleted (LitZhu.WebApi)' with route pattern 'api/Article/Deleted' is valid for the request path '/api/Article/Deleted' 
2024-04-05 11:59:14.1554|DEBUG|Microsoft.AspNetCore.Routing.Matching.DfaMatcher|Endpoint 'LitZhu.WebApi.Controllers.Article.ArticleController.FindArticle (LitZhu.WebApi)' with route pattern 'api/Article/{articleId}' is valid for the request path '/api/Article/Deleted' 
2024-04-05 11:59:14.1554|DEBUG|Microsoft.AspNetCore.Routing.EndpointRoutingMiddleware|Request matched endpoint 'LitZhu.WebApi.Controllers.Article.ArticleController.GetArticleDeleted (LitZhu.WebApi)' 
2024-04-05 11:59:14.1554|TRACE|Microsoft.AspNetCore.Routing.EndpointRoutingMiddleware|The endpoint does not specify the IRequestSizeLimitMetadata. 
2024-04-05 11:59:14.1554|DEBUG|Microsoft.AspNetCore.StaticFiles.StaticFileMiddleware|Static files was skipped as the request already matched an endpoint. 
2024-04-05 11:59:14.1554|DEBUG|Microsoft.AspNetCore.Authentication.JwtBearer.JwtBearerHandler|AuthenticationScheme: Bearer was not authenticated. 
2024-04-05 11:59:14.1554|DEBUG|Microsoft.AspNetCore.Authorization.AuthorizationMiddleware|Policy authentication schemes  did not succeed 
2024-04-05 11:59:14.1554|INFO|Microsoft.AspNetCore.Authorization.DefaultAuthorizationService|Authorization failed. These requirements were not met:
DenyAnonymousAuthorizationRequirement: Requires an authenticated user. 
2024-04-05 11:59:14.1810|INFO|Microsoft.AspNetCore.Hosting.Diagnostics|Request finished HTTP/2 GET https://localhost:7290/api/Article/Deleted - 401 - application/json 33.9041ms 
2024-04-05 11:59:14.1810|TRACE|Microsoft.AspNetCore.Server.Kestrel.Http2|Connection id "0HN2L4IA1HNR8" sending HEADERS frame for stream ID 3 with length 55 and flags END_HEADERS. 
2024-04-05 11:59:14.1810|TRACE|Microsoft.AspNetCore.Server.Kestrel.Http2|Connection id "0HN2L4IA1HNR8" sending DATA frame for stream ID 3 with length 72 and flags END_STREAM. 
2024-04-05 11:59:14.1810|TRACE|Microsoft.AspNetCore.Server.Kestrel.Http2|Connection id "0HN2L4IA1HNR8" received WINDOW_UPDATE frame for stream ID 0 with length 4 and flags 0x0. 
2024-04-05 11:59:31.0369|TRACE|Microsoft.AspNetCore.Server.Kestrel.Http2|Connection id "0HN2L4IA1HNR8" received HEADERS frame for stream ID 5 with length 28 and flags END_STREAM, END_HEADERS, PRIORITY. 
2024-04-05 11:59:31.0369|TRACE|Microsoft.AspNetCore.Server.Kestrel.Http2|Connection id "0HN2L4IA1HNR8" received PING frame for stream ID 0 with length 8 and flags NONE. 
2024-04-05 11:59:31.0369|TRACE|Microsoft.AspNetCore.Server.Kestrel.Http2|Connection id "0HN2L4IA1HNR8" sending PING frame for stream ID 0 with length 8 and flags ACK. 
2024-04-05 11:59:31.0369|INFO|Microsoft.AspNetCore.Hosting.Diagnostics|Request starting HTTP/2 GET https://localhost:7290/api/Role - - - 
2024-04-05 11:59:31.0369|TRACE|Microsoft.AspNetCore.HostFiltering.HostFilteringMiddleware|All hosts are allowed. 
2024-04-05 11:59:31.0369|DEBUG|Microsoft.AspNetCore.Routing.Matching.DfaMatcher|1 candidate(s) found for the request path '/api/Role' 
2024-04-05 11:59:31.0369|DEBUG|Microsoft.AspNetCore.Routing.Matching.DfaMatcher|Endpoint 'LitZhu.WebApi.Controllers.User.RoleController.GetRole (LitZhu.WebApi)' with route pattern 'api/Role' is valid for the request path '/api/Role' 
2024-04-05 11:59:31.0369|DEBUG|Microsoft.AspNetCore.Routing.EndpointRoutingMiddleware|Request matched endpoint 'LitZhu.WebApi.Controllers.User.RoleController.GetRole (LitZhu.WebApi)' 
2024-04-05 11:59:31.0369|TRACE|Microsoft.AspNetCore.Routing.EndpointRoutingMiddleware|The endpoint does not specify the IRequestSizeLimitMetadata. 
2024-04-05 11:59:31.0369|DEBUG|Microsoft.AspNetCore.StaticFiles.StaticFileMiddleware|Static files was skipped as the request already matched an endpoint. 
2024-04-05 11:59:31.0369|DEBUG|Microsoft.AspNetCore.Authentication.JwtBearer.JwtBearerHandler|AuthenticationScheme: Bearer was not authenticated. 
2024-04-05 11:59:31.0369|INFO|Microsoft.AspNetCore.Routing.EndpointMiddleware|Executing endpoint 'LitZhu.WebApi.Controllers.User.RoleController.GetRole (LitZhu.WebApi)' 
2024-04-05 11:59:31.0369|INFO|Microsoft.AspNetCore.Mvc.Infrastructure.ControllerActionInvoker|Route matched with {action = "GetRole", controller = "Role"}. Executing controller action with signature System.Threading.Tasks.Task`1[Microsoft.AspNetCore.Mvc.ActionResult`1[System.Collections.Generic.List`1[User.Domain.DTO.RoleDto]]] GetRole() on controller LitZhu.WebApi.Controllers.User.RoleController (LitZhu.WebApi). 
2024-04-05 11:59:31.0369|DEBUG|Microsoft.AspNetCore.Mvc.Infrastructure.ControllerActionInvoker|Execution plan of authorization filters (in the following order): None 
2024-04-05 11:59:31.0369|DEBUG|Microsoft.AspNetCore.Mvc.Infrastructure.ControllerActionInvoker|Execution plan of resource filters (in the following order): None 
2024-04-05 11:59:31.0369|DEBUG|Microsoft.AspNetCore.Mvc.Infrastructure.ControllerActionInvoker|Execution plan of action filters (in the following order): Microsoft.AspNetCore.Mvc.ModelBinding.UnsupportedContentTypeFilter (Order: -3000), Microsoft.AspNetCore.Mvc.Infrastructure.ModelStateInvalidFilter (Order: -2000) 
2024-04-05 11:59:31.0369|DEBUG|Microsoft.AspNetCore.Mvc.Infrastructure.ControllerActionInvoker|Execution plan of exception filters (in the following order): None 
2024-04-05 11:59:31.0369|DEBUG|Microsoft.AspNetCore.Mvc.Infrastructure.ControllerActionInvoker|Execution plan of result filters (in the following order): Microsoft.AspNetCore.Mvc.Infrastructure.ClientErrorResultFilter (Order: -2000) 
2024-04-05 11:59:31.0369|DEBUG|Microsoft.AspNetCore.Mvc.Infrastructure.ControllerActionInvoker|Executing controller factory for controller LitZhu.WebApi.Controllers.User.RoleController (LitZhu.WebApi) 
2024-04-05 11:59:31.1009|DEBUG|Microsoft.EntityFrameworkCore.Model|The index {'UserId'} was not created on entity type 'UserRoles' as the properties are already covered by the index {'UserId', 'RoleId'}. 
2024-04-05 11:59:31.1070|WARN|Microsoft.EntityFrameworkCore.Model.Validation|Entity 'Users' has a global query filter defined and is the required end of a relationship with the entity 'UserAccessFail'. This may lead to unexpected results when the required entity is filtered out. Either configure the navigation as optional, or define matching query filters for both entities in the navigation. See https://go.microsoft.com/fwlink/?linkid=2131316 for more information. 
2024-04-05 11:59:31.1070|WARN|Microsoft.EntityFrameworkCore.Model.Validation|Entity 'Roles' has a global query filter defined and is the required end of a relationship with the entity 'UserRoles'. This may lead to unexpected results when the required entity is filtered out. Either configure the navigation as optional, or define matching query filters for both entities in the navigation. See https://go.microsoft.com/fwlink/?linkid=2131316 for more information. 
2024-04-05 11:59:31.1251|DEBUG|Microsoft.EntityFrameworkCore.Infrastructure|Entity Framework Core 8.0.1 initialized 'UserDbContext' using provider 'Pomelo.EntityFrameworkCore.MySql:8.0.1' with options: ServerVersion=8.0.23-mysql  
2024-04-05 11:59:31.1251|DEBUG|Microsoft.AspNetCore.Mvc.Infrastructure.ControllerActionInvoker|Executed controller factory for controller LitZhu.WebApi.Controllers.User.RoleController (LitZhu.WebApi) 
2024-04-05 11:59:31.1251|TRACE|Microsoft.AspNetCore.Mvc.Infrastructure.ControllerActionInvoker|Action Filter: Before executing OnActionExecuting on filter Microsoft.AspNetCore.Mvc.ModelBinding.UnsupportedContentTypeFilter. 
2024-04-05 11:59:31.1251|TRACE|Microsoft.AspNetCore.Mvc.Infrastructure.ControllerActionInvoker|Action Filter: After executing OnActionExecuting on filter Microsoft.AspNetCore.Mvc.ModelBinding.UnsupportedContentTypeFilter. 
2024-04-05 11:59:31.1251|TRACE|Microsoft.AspNetCore.Mvc.Infrastructure.ControllerActionInvoker|Action Filter: Before executing OnActionExecuting on filter Microsoft.AspNetCore.Mvc.Infrastructure.ModelStateInvalidFilter. 
2024-04-05 11:59:31.1251|TRACE|Microsoft.AspNetCore.Mvc.Infrastructure.ControllerActionInvoker|Action Filter: After executing OnActionExecuting on filter Microsoft.AspNetCore.Mvc.Infrastructure.ModelStateInvalidFilter. 
2024-04-05 11:59:31.1251|INFO|Microsoft.AspNetCore.Mvc.Infrastructure.ControllerActionInvoker|Executing action method LitZhu.WebApi.Controllers.User.RoleController.GetRole (LitZhu.WebApi) - Validation state: Valid 
2024-04-05 11:59:31.1251|DEBUG|Microsoft.EntityFrameworkCore.Query|Compiling query expression: 
'DbSet<Roles>()
    .Include(x => x.UserRoles)
    .ThenInclude(ur => ur.Users)' 
2024-04-05 11:59:31.1251|DEBUG|Microsoft.EntityFrameworkCore.Query|Including navigation: 'Roles.UserRoles'. 
2024-04-05 11:59:31.1251|DEBUG|Microsoft.EntityFrameworkCore.Query|Including navigation: 'UserRoles.Users'. 
2024-04-05 11:59:31.1429|DEBUG|Microsoft.EntityFrameworkCore.Query|Generated query execution expression: 
'queryContext => new SingleQueryingEnumerable<Roles>(
    (RelationalQueryContext)queryContext, 
    RelationalCommandCache.QueryExpression(
        Client Projections:
            0 -> Dictionary<IProperty, int> { [Property: Roles.Id (Guid) Required PK AfterSave:Throw ValueGenerated.OnAdd, 0], [Property: Roles.CreationTime (DateTime) Required, 1], [Property: Roles.DeletionTime (DateTime?), 2], [Property: Roles.IsDeleted (bool) Required Index, 3], [Property: Roles.LastModificationTime (DateTime?), 4], [Property: Roles.RoleDesc (string) Required, 5], [Property: Roles.RoleName (string) Required MaxLength(10), 6] }
            1 -> 0
            2 -> Dictionary<IProperty, int> { [Property: UserRoles.UserId (Guid) Required PK FK AfterSave:Throw, 7], [Property: UserRoles.RoleId (Guid) Required PK FK Index AfterSave:Throw, 8] }
            3 -> Dictionary<IProperty, int> { [Property: Users.Id (Guid) Required PK AfterSave:Throw ValueGenerated.OnAdd, 9], [Property: Users.Avatar (string), 10], [Property: Users.CreationTime (DateTime) Required, 11], [Property: Users.DeletionTime (DateTime?), 12], [Property: Users.Email (string), 13], [Property: Users.Gender (Gender) Required, 14], [Property: Users.IsDeleted (bool) Required Index, 15], [Property: Users.LastModificationTime (DateTime?), 16], [Property: Users.Password (string) Required MaxLength(100) ANSI, 17], [Property: Users.Phone (string), 18], [Property: Users.Username (string) Required Index MaxLength(10), 19] }
            4 -> 7
            5 -> 8
            6 -> 9
        SELECT r.Id, r.CreationTime, r.DeletionTime, r.IsDeleted, r.LastModificationTime, r.RoleDesc, r.RoleName, t0.UserId, t0.RoleId, t0.Id, t0.Avatar, t0.CreationTime, t0.DeletionTime, t0.Email, t0.Gender, t0.IsDeleted, t0.LastModificationTime, t0.Password, t0.Phone, t0.Username
        FROM Roles AS r
        LEFT JOIN 
        (
            SELECT u.UserId, u.RoleId, t.Id, t.Avatar, t.CreationTime, t.DeletionTime, t.Email, t.Gender, t.IsDeleted, t.LastModificationTime, t.Password, t.Phone, t.Username
            FROM Users_Roles AS u
            INNER JOIN 
            (
                SELECT u0.Id, u0.Avatar, u0.CreationTime, u0.DeletionTime, u0.Email, u0.Gender, u0.IsDeleted, u0.LastModificationTime, u0.Password, u0.Phone, u0.Username
                FROM Users AS u0
                WHERE u0.IsDeleted == FALSE
            ) AS t ON u.UserId == t.Id
        ) AS t0 ON r.Id == t0.RoleId
        WHERE r.IsDeleted == FALSE
        ORDER BY r.Id ASC, t0.UserId ASC, t0.RoleId ASC), 
    null, 
    Func<QueryContext, DbDataReader, ResultContext, SingleQueryResultCoordinator, Roles>, 
    User.Infrastructure.UserDbContext, 
    False, 
    False, 
    True
)' 
2024-04-05 11:59:31.1429|DEBUG|Microsoft.EntityFrameworkCore.Database.Connection|Creating DbConnection. 
2024-04-05 11:59:31.1429|DEBUG|Microsoft.EntityFrameworkCore.Database.Connection|Created DbConnection. (0ms). 
2024-04-05 11:59:31.1429|DEBUG|Microsoft.EntityFrameworkCore.Database.Connection|Opening connection to database 'LitZhu' on server 'localhost'. 
2024-04-05 11:59:31.1554|DEBUG|Microsoft.EntityFrameworkCore.Database.Connection|Opened connection to database 'LitZhu' on server 'localhost'. 
2024-04-05 11:59:31.1554|DEBUG|Microsoft.EntityFrameworkCore.Database.Command|Creating DbCommand for 'ExecuteReader'. 
2024-04-05 11:59:31.1554|DEBUG|Microsoft.EntityFrameworkCore.Database.Command|Created DbCommand for 'ExecuteReader' (0ms). 
2024-04-05 11:59:31.1554|DEBUG|Microsoft.EntityFrameworkCore.Database.Command|Initialized DbCommand for 'ExecuteReader' (0ms). 
2024-04-05 11:59:31.1554|DEBUG|Microsoft.EntityFrameworkCore.Database.Command|Executing DbCommand [Parameters=[], CommandType='Text', CommandTimeout='30']
SELECT `r`.`Id`, `r`.`CreationTime`, `r`.`DeletionTime`, `r`.`IsDeleted`, `r`.`LastModificationTime`, `r`.`RoleDesc`, `r`.`RoleName`, `t0`.`UserId`, `t0`.`RoleId`, `t0`.`Id`, `t0`.`Avatar`, `t0`.`CreationTime`, `t0`.`DeletionTime`, `t0`.`Email`, `t0`.`Gender`, `t0`.`IsDeleted`, `t0`.`LastModificationTime`, `t0`.`Password`, `t0`.`Phone`, `t0`.`Username`
FROM `Roles` AS `r`
LEFT JOIN (
    SELECT `u`.`UserId`, `u`.`RoleId`, `t`.`Id`, `t`.`Avatar`, `t`.`CreationTime`, `t`.`DeletionTime`, `t`.`Email`, `t`.`Gender`, `t`.`IsDeleted`, `t`.`LastModificationTime`, `t`.`Password`, `t`.`Phone`, `t`.`Username`
    FROM `Users_Roles` AS `u`
    INNER JOIN (
        SELECT `u0`.`Id`, `u0`.`Avatar`, `u0`.`CreationTime`, `u0`.`DeletionTime`, `u0`.`Email`, `u0`.`Gender`, `u0`.`IsDeleted`, `u0`.`LastModificationTime`, `u0`.`Password`, `u0`.`Phone`, `u0`.`Username`
        FROM `Users` AS `u0`
        WHERE NOT (`u0`.`IsDeleted`)
    ) AS `t` ON `u`.`UserId` = `t`.`Id`
) AS `t0` ON `r`.`Id` = `t0`.`RoleId`
WHERE NOT (`r`.`IsDeleted`)
ORDER BY `r`.`Id`, `t0`.`UserId`, `t0`.`RoleId` 
2024-04-05 11:59:31.1554|INFO|Microsoft.EntityFrameworkCore.Database.Command|Executed DbCommand (8ms) [Parameters=[], CommandType='Text', CommandTimeout='30']
SELECT `r`.`Id`, `r`.`CreationTime`, `r`.`DeletionTime`, `r`.`IsDeleted`, `r`.`LastModificationTime`, `r`.`RoleDesc`, `r`.`RoleName`, `t0`.`UserId`, `t0`.`RoleId`, `t0`.`Id`, `t0`.`Avatar`, `t0`.`CreationTime`, `t0`.`DeletionTime`, `t0`.`Email`, `t0`.`Gender`, `t0`.`IsDeleted`, `t0`.`LastModificationTime`, `t0`.`Password`, `t0`.`Phone`, `t0`.`Username`
FROM `Roles` AS `r`
LEFT JOIN (
    SELECT `u`.`UserId`, `u`.`RoleId`, `t`.`Id`, `t`.`Avatar`, `t`.`CreationTime`, `t`.`DeletionTime`, `t`.`Email`, `t`.`Gender`, `t`.`IsDeleted`, `t`.`LastModificationTime`, `t`.`Password`, `t`.`Phone`, `t`.`Username`
    FROM `Users_Roles` AS `u`
    INNER JOIN (
        SELECT `u0`.`Id`, `u0`.`Avatar`, `u0`.`CreationTime`, `u0`.`DeletionTime`, `u0`.`Email`, `u0`.`Gender`, `u0`.`IsDeleted`, `u0`.`LastModificationTime`, `u0`.`Password`, `u0`.`Phone`, `u0`.`Username`
        FROM `Users` AS `u0`
        WHERE NOT (`u0`.`IsDeleted`)
    ) AS `t` ON `u`.`UserId` = `t`.`Id`
) AS `t0` ON `r`.`Id` = `t0`.`RoleId`
WHERE NOT (`r`.`IsDeleted`)
ORDER BY `r`.`Id`, `t0`.`UserId`, `t0`.`RoleId` 
2024-04-05 11:59:31.1554|DEBUG|Microsoft.EntityFrameworkCore.Database.Command|Closing data reader to 'LitZhu' on server 'localhost'. 
2024-04-05 11:59:31.1554|DEBUG|Microsoft.EntityFrameworkCore.Database.Command|A data reader for 'LitZhu' on server 'localhost' is being disposed after spending 0ms reading results. 
2024-04-05 11:59:31.1554|DEBUG|Microsoft.EntityFrameworkCore.Database.Connection|Closing connection to database 'LitZhu' on server 'localhost'. 
2024-04-05 11:59:31.1554|DEBUG|Microsoft.EntityFrameworkCore.Database.Connection|Closed connection to database 'LitZhu' on server 'localhost' (0ms). 
2024-04-05 11:59:31.1554|INFO|Microsoft.AspNetCore.Mvc.Infrastructure.ControllerActionInvoker|Executed action method LitZhu.WebApi.Controllers.User.RoleController.GetRole (LitZhu.WebApi), returned result Microsoft.AspNetCore.Mvc.OkObjectResult in 40.8533ms. 
2024-04-05 11:59:31.1554|TRACE|Microsoft.AspNetCore.Mvc.Infrastructure.ControllerActionInvoker|Action Filter: Before executing OnActionExecuted on filter Microsoft.AspNetCore.Mvc.Infrastructure.ModelStateInvalidFilter. 
2024-04-05 11:59:31.1554|TRACE|Microsoft.AspNetCore.Mvc.Infrastructure.ControllerActionInvoker|Action Filter: After executing OnActionExecuted on filter Microsoft.AspNetCore.Mvc.Infrastructure.ModelStateInvalidFilter. 
2024-04-05 11:59:31.1554|TRACE|Microsoft.AspNetCore.Mvc.Infrastructure.ControllerActionInvoker|Action Filter: Before executing OnActionExecuted on filter Microsoft.AspNetCore.Mvc.ModelBinding.UnsupportedContentTypeFilter. 
2024-04-05 11:59:31.1554|TRACE|Microsoft.AspNetCore.Mvc.Infrastructure.ControllerActionInvoker|Action Filter: After executing OnActionExecuted on filter Microsoft.AspNetCore.Mvc.ModelBinding.UnsupportedContentTypeFilter. 
2024-04-05 11:59:31.1554|TRACE|Microsoft.AspNetCore.Mvc.Infrastructure.ControllerActionInvoker|Result Filter: Before executing OnResultExecuting on filter Microsoft.AspNetCore.Mvc.Infrastructure.ClientErrorResultFilter. 
2024-04-05 11:59:31.1554|TRACE|Microsoft.AspNetCore.Mvc.Infrastructure.ControllerActionInvoker|Result Filter: After executing OnResultExecuting on filter Microsoft.AspNetCore.Mvc.Infrastructure.ClientErrorResultFilter. 
2024-04-05 11:59:31.1554|TRACE|Microsoft.AspNetCore.Mvc.Infrastructure.ControllerActionInvoker|Before executing action result Microsoft.AspNetCore.Mvc.OkObjectResult. 
2024-04-05 11:59:31.1554|DEBUG|Microsoft.AspNetCore.Mvc.Infrastructure.DefaultOutputFormatterSelector|List of registered output formatters, in the following order: Microsoft.AspNetCore.Mvc.Formatters.HttpNoContentOutputFormatter, Microsoft.AspNetCore.Mvc.Formatters.StringOutputFormatter, Microsoft.AspNetCore.Mvc.Formatters.StreamOutputFormatter, Microsoft.AspNetCore.Mvc.Formatters.NewtonsoftJsonOutputFormatter 
2024-04-05 11:59:31.1554|DEBUG|Microsoft.AspNetCore.Mvc.Infrastructure.DefaultOutputFormatterSelector|Attempting to select an output formatter based on Accept header 'text/plain'. 
2024-04-05 11:59:31.1554|DEBUG|Microsoft.AspNetCore.Mvc.Infrastructure.DefaultOutputFormatterSelector|Could not find an output formatter based on content negotiation. Accepted types were (text/plain) 
2024-04-05 11:59:31.1554|DEBUG|Microsoft.AspNetCore.Mvc.Infrastructure.DefaultOutputFormatterSelector|Attempting to select an output formatter without using a content type as no explicit content types were specified for the response. 
2024-04-05 11:59:31.1554|DEBUG|Microsoft.AspNetCore.Mvc.Infrastructure.DefaultOutputFormatterSelector|Attempting to select the first formatter in the output formatters list which can write the result. 
2024-04-05 11:59:31.1554|DEBUG|Microsoft.AspNetCore.Mvc.Infrastructure.DefaultOutputFormatterSelector|Selected output formatter 'Microsoft.AspNetCore.Mvc.Formatters.NewtonsoftJsonOutputFormatter' and content type 'application/json' to write the response. 
2024-04-05 11:59:31.1554|INFO|Microsoft.AspNetCore.Mvc.Infrastructure.ObjectResultExecutor|Executing OkObjectResult, writing value of type 'LitZhu.WebApi.R'. 
2024-04-05 11:59:31.1554|TRACE|Microsoft.AspNetCore.Mvc.Infrastructure.ControllerActionInvoker|After executing action result Microsoft.AspNetCore.Mvc.OkObjectResult. 
2024-04-05 11:59:31.1554|TRACE|Microsoft.AspNetCore.Mvc.Infrastructure.ControllerActionInvoker|Result Filter: Before executing OnResultExecuted on filter Microsoft.AspNetCore.Mvc.Infrastructure.ClientErrorResultFilter. 
2024-04-05 11:59:31.1554|TRACE|Microsoft.AspNetCore.Server.Kestrel.Http2|Connection id "0HN2L4IA1HNR8" sending HEADERS frame for stream ID 5 with length 39 and flags END_HEADERS. 
2024-04-05 11:59:31.1554|TRACE|Microsoft.AspNetCore.Mvc.Infrastructure.ControllerActionInvoker|Result Filter: After executing OnResultExecuted on filter Microsoft.AspNetCore.Mvc.Infrastructure.ClientErrorResultFilter. 
2024-04-05 11:59:31.1554|TRACE|Microsoft.AspNetCore.Server.Kestrel.Http2|Connection id "0HN2L4IA1HNR8" sending DATA frame for stream ID 5 with length 42 and flags NONE. 
2024-04-05 11:59:31.1554|INFO|Microsoft.AspNetCore.Mvc.Infrastructure.ControllerActionInvoker|Executed action LitZhu.WebApi.Controllers.User.RoleController.GetRole (LitZhu.WebApi) in 121.2382ms 
2024-04-05 11:59:31.1554|INFO|Microsoft.AspNetCore.Routing.EndpointMiddleware|Executed endpoint 'LitZhu.WebApi.Controllers.User.RoleController.GetRole (LitZhu.WebApi)' 
2024-04-05 11:59:31.1554|TRACE|Microsoft.AspNetCore.Server.Kestrel.Http2|Connection id "0HN2L4IA1HNR8" sending DATA frame for stream ID 5 with length 0 and flags END_STREAM. 
2024-04-05 11:59:31.1554|DEBUG|Microsoft.EntityFrameworkCore.Infrastructure|'UserDbContext' disposed. 
2024-04-05 11:59:31.1554|DEBUG|Microsoft.EntityFrameworkCore.Database.Connection|Disposing connection to database 'LitZhu' on server 'localhost'. 
2024-04-05 11:59:31.1554|DEBUG|Microsoft.EntityFrameworkCore.Database.Connection|Disposed connection to database 'LitZhu' on server 'localhost' (0ms). 
2024-04-05 11:59:31.1554|INFO|Microsoft.AspNetCore.Hosting.Diagnostics|Request finished HTTP/2 GET https://localhost:7290/api/Role - 200 42 application/json;+charset=utf-8 131.9325ms 
2024-04-05 11:59:31.1718|TRACE|Microsoft.AspNetCore.Server.Kestrel.Http2|Connection id "0HN2L4IA1HNR8" received WINDOW_UPDATE frame for stream ID 0 with length 4 and flags 0x0. 
2024-04-05 11:59:32.1927|TRACE|Microsoft.AspNetCore.Server.Kestrel.Http2|Connection id "0HN2L4IA1HNR8" received HEADERS frame for stream ID 7 with length 28 and flags END_STREAM, END_HEADERS, PRIORITY. 
2024-04-05 11:59:32.1927|INFO|Microsoft.AspNetCore.Hosting.Diagnostics|Request starting HTTP/2 GET https://localhost:7290/api/Role - - - 
2024-04-05 11:59:32.1927|TRACE|Microsoft.AspNetCore.HostFiltering.HostFilteringMiddleware|All hosts are allowed. 
2024-04-05 11:59:32.1927|DEBUG|Microsoft.AspNetCore.Routing.Matching.DfaMatcher|1 candidate(s) found for the request path '/api/Role' 
2024-04-05 11:59:32.1927|DEBUG|Microsoft.AspNetCore.Routing.Matching.DfaMatcher|Endpoint 'LitZhu.WebApi.Controllers.User.RoleController.GetRole (LitZhu.WebApi)' with route pattern 'api/Role' is valid for the request path '/api/Role' 
2024-04-05 11:59:32.1927|DEBUG|Microsoft.AspNetCore.Routing.EndpointRoutingMiddleware|Request matched endpoint 'LitZhu.WebApi.Controllers.User.RoleController.GetRole (LitZhu.WebApi)' 
2024-04-05 11:59:32.1927|TRACE|Microsoft.AspNetCore.Routing.EndpointRoutingMiddleware|The endpoint does not specify the IRequestSizeLimitMetadata. 
2024-04-05 11:59:32.1927|DEBUG|Microsoft.AspNetCore.StaticFiles.StaticFileMiddleware|Static files was skipped as the request already matched an endpoint. 
2024-04-05 11:59:32.1927|DEBUG|Microsoft.AspNetCore.Authentication.JwtBearer.JwtBearerHandler|AuthenticationScheme: Bearer was not authenticated. 
2024-04-05 11:59:32.1927|INFO|Microsoft.AspNetCore.Routing.EndpointMiddleware|Executing endpoint 'LitZhu.WebApi.Controllers.User.RoleController.GetRole (LitZhu.WebApi)' 
2024-04-05 11:59:32.1927|INFO|Microsoft.AspNetCore.Mvc.Infrastructure.ControllerActionInvoker|Route matched with {action = "GetRole", controller = "Role"}. Executing controller action with signature System.Threading.Tasks.Task`1[Microsoft.AspNetCore.Mvc.ActionResult`1[System.Collections.Generic.List`1[User.Domain.DTO.RoleDto]]] GetRole() on controller LitZhu.WebApi.Controllers.User.RoleController (LitZhu.WebApi). 
2024-04-05 11:59:32.1927|DEBUG|Microsoft.AspNetCore.Mvc.Infrastructure.ControllerActionInvoker|Execution plan of authorization filters (in the following order): None 
2024-04-05 11:59:32.1927|DEBUG|Microsoft.AspNetCore.Mvc.Infrastructure.ControllerActionInvoker|Execution plan of resource filters (in the following order): None 
2024-04-05 11:59:32.1927|DEBUG|Microsoft.AspNetCore.Mvc.Infrastructure.ControllerActionInvoker|Execution plan of action filters (in the following order): Microsoft.AspNetCore.Mvc.ModelBinding.UnsupportedContentTypeFilter (Order: -3000), Microsoft.AspNetCore.Mvc.Infrastructure.ModelStateInvalidFilter (Order: -2000) 
2024-04-05 11:59:32.1927|DEBUG|Microsoft.AspNetCore.Mvc.Infrastructure.ControllerActionInvoker|Execution plan of exception filters (in the following order): None 
2024-04-05 11:59:32.1927|DEBUG|Microsoft.AspNetCore.Mvc.Infrastructure.ControllerActionInvoker|Execution plan of result filters (in the following order): Microsoft.AspNetCore.Mvc.Infrastructure.ClientErrorResultFilter (Order: -2000) 
2024-04-05 11:59:32.1927|DEBUG|Microsoft.AspNetCore.Mvc.Infrastructure.ControllerActionInvoker|Executing controller factory for controller LitZhu.WebApi.Controllers.User.RoleController (LitZhu.WebApi) 
2024-04-05 11:59:32.2472|DEBUG|Microsoft.EntityFrameworkCore.Infrastructure|Entity Framework Core 8.0.1 initialized 'UserDbContext' using provider 'Pomelo.EntityFrameworkCore.MySql:8.0.1' with options: ServerVersion=8.0.23-mysql  
2024-04-05 11:59:32.2472|DEBUG|Microsoft.AspNetCore.Mvc.Infrastructure.ControllerActionInvoker|Executed controller factory for controller LitZhu.WebApi.Controllers.User.RoleController (LitZhu.WebApi) 
2024-04-05 11:59:32.2472|TRACE|Microsoft.AspNetCore.Mvc.Infrastructure.ControllerActionInvoker|Action Filter: Before executing OnActionExecuting on filter Microsoft.AspNetCore.Mvc.ModelBinding.UnsupportedContentTypeFilter. 
2024-04-05 11:59:32.2472|TRACE|Microsoft.AspNetCore.Mvc.Infrastructure.ControllerActionInvoker|Action Filter: After executing OnActionExecuting on filter Microsoft.AspNetCore.Mvc.ModelBinding.UnsupportedContentTypeFilter. 
2024-04-05 11:59:32.2472|TRACE|Microsoft.AspNetCore.Mvc.Infrastructure.ControllerActionInvoker|Action Filter: Before executing OnActionExecuting on filter Microsoft.AspNetCore.Mvc.Infrastructure.ModelStateInvalidFilter. 
2024-04-05 11:59:32.2472|TRACE|Microsoft.AspNetCore.Mvc.Infrastructure.ControllerActionInvoker|Action Filter: After executing OnActionExecuting on filter Microsoft.AspNetCore.Mvc.Infrastructure.ModelStateInvalidFilter. 
2024-04-05 11:59:32.2472|INFO|Microsoft.AspNetCore.Mvc.Infrastructure.ControllerActionInvoker|Executing action method LitZhu.WebApi.Controllers.User.RoleController.GetRole (LitZhu.WebApi) - Validation state: Valid 
2024-04-05 11:59:32.2472|DEBUG|Microsoft.EntityFrameworkCore.Database.Connection|Creating DbConnection. 
2024-04-05 11:59:32.2472|DEBUG|Microsoft.EntityFrameworkCore.Database.Connection|Created DbConnection. (0ms). 
2024-04-05 11:59:32.2472|DEBUG|Microsoft.EntityFrameworkCore.Database.Connection|Opening connection to database 'LitZhu' on server 'localhost'. 
2024-04-05 11:59:32.2537|DEBUG|Microsoft.EntityFrameworkCore.Database.Connection|Opened connection to database 'LitZhu' on server 'localhost'. 
2024-04-05 11:59:32.2537|DEBUG|Microsoft.EntityFrameworkCore.Database.Command|Creating DbCommand for 'ExecuteReader'. 
2024-04-05 11:59:32.2537|DEBUG|Microsoft.EntityFrameworkCore.Database.Command|Created DbCommand for 'ExecuteReader' (0ms). 
2024-04-05 11:59:32.2537|DEBUG|Microsoft.EntityFrameworkCore.Database.Command|Initialized DbCommand for 'ExecuteReader' (0ms). 
2024-04-05 11:59:32.2537|DEBUG|Microsoft.EntityFrameworkCore.Database.Command|Executing DbCommand [Parameters=[], CommandType='Text', CommandTimeout='30']
SELECT `r`.`Id`, `r`.`CreationTime`, `r`.`DeletionTime`, `r`.`IsDeleted`, `r`.`LastModificationTime`, `r`.`RoleDesc`, `r`.`RoleName`, `t0`.`UserId`, `t0`.`RoleId`, `t0`.`Id`, `t0`.`Avatar`, `t0`.`CreationTime`, `t0`.`DeletionTime`, `t0`.`Email`, `t0`.`Gender`, `t0`.`IsDeleted`, `t0`.`LastModificationTime`, `t0`.`Password`, `t0`.`Phone`, `t0`.`Username`
FROM `Roles` AS `r`
LEFT JOIN (
    SELECT `u`.`UserId`, `u`.`RoleId`, `t`.`Id`, `t`.`Avatar`, `t`.`CreationTime`, `t`.`DeletionTime`, `t`.`Email`, `t`.`Gender`, `t`.`IsDeleted`, `t`.`LastModificationTime`, `t`.`Password`, `t`.`Phone`, `t`.`Username`
    FROM `Users_Roles` AS `u`
    INNER JOIN (
        SELECT `u0`.`Id`, `u0`.`Avatar`, `u0`.`CreationTime`, `u0`.`DeletionTime`, `u0`.`Email`, `u0`.`Gender`, `u0`.`IsDeleted`, `u0`.`LastModificationTime`, `u0`.`Password`, `u0`.`Phone`, `u0`.`Username`
        FROM `Users` AS `u0`
        WHERE NOT (`u0`.`IsDeleted`)
    ) AS `t` ON `u`.`UserId` = `t`.`Id`
) AS `t0` ON `r`.`Id` = `t0`.`RoleId`
WHERE NOT (`r`.`IsDeleted`)
ORDER BY `r`.`Id`, `t0`.`UserId`, `t0`.`RoleId` 
2024-04-05 11:59:32.2537|INFO|Microsoft.EntityFrameworkCore.Database.Command|Executed DbCommand (4ms) [Parameters=[], CommandType='Text', CommandTimeout='30']
SELECT `r`.`Id`, `r`.`CreationTime`, `r`.`DeletionTime`, `r`.`IsDeleted`, `r`.`LastModificationTime`, `r`.`RoleDesc`, `r`.`RoleName`, `t0`.`UserId`, `t0`.`RoleId`, `t0`.`Id`, `t0`.`Avatar`, `t0`.`CreationTime`, `t0`.`DeletionTime`, `t0`.`Email`, `t0`.`Gender`, `t0`.`IsDeleted`, `t0`.`LastModificationTime`, `t0`.`Password`, `t0`.`Phone`, `t0`.`Username`
FROM `Roles` AS `r`
LEFT JOIN (
    SELECT `u`.`UserId`, `u`.`RoleId`, `t`.`Id`, `t`.`Avatar`, `t`.`CreationTime`, `t`.`DeletionTime`, `t`.`Email`, `t`.`Gender`, `t`.`IsDeleted`, `t`.`LastModificationTime`, `t`.`Password`, `t`.`Phone`, `t`.`Username`
    FROM `Users_Roles` AS `u`
    INNER JOIN (
        SELECT `u0`.`Id`, `u0`.`Avatar`, `u0`.`CreationTime`, `u0`.`DeletionTime`, `u0`.`Email`, `u0`.`Gender`, `u0`.`IsDeleted`, `u0`.`LastModificationTime`, `u0`.`Password`, `u0`.`Phone`, `u0`.`Username`
        FROM `Users` AS `u0`
        WHERE NOT (`u0`.`IsDeleted`)
    ) AS `t` ON `u`.`UserId` = `t`.`Id`
) AS `t0` ON `r`.`Id` = `t0`.`RoleId`
WHERE NOT (`r`.`IsDeleted`)
ORDER BY `r`.`Id`, `t0`.`UserId`, `t0`.`RoleId` 
2024-04-05 11:59:32.2537|DEBUG|Microsoft.EntityFrameworkCore.Database.Command|Closing data reader to 'LitZhu' on server 'localhost'. 
2024-04-05 11:59:32.2537|DEBUG|Microsoft.EntityFrameworkCore.Database.Command|A data reader for 'LitZhu' on server 'localhost' is being disposed after spending 0ms reading results. 
2024-04-05 11:59:32.2537|DEBUG|Microsoft.EntityFrameworkCore.Database.Connection|Closing connection to database 'LitZhu' on server 'localhost'. 
2024-04-05 11:59:32.2537|DEBUG|Microsoft.EntityFrameworkCore.Database.Connection|Closed connection to database 'LitZhu' on server 'localhost' (0ms). 
2024-04-05 11:59:32.2537|INFO|Microsoft.AspNetCore.Mvc.Infrastructure.ControllerActionInvoker|Executed action method LitZhu.WebApi.Controllers.User.RoleController.GetRole (LitZhu.WebApi), returned result Microsoft.AspNetCore.Mvc.OkObjectResult in 13.7261ms. 
2024-04-05 11:59:32.2537|TRACE|Microsoft.AspNetCore.Mvc.Infrastructure.ControllerActionInvoker|Action Filter: Before executing OnActionExecuted on filter Microsoft.AspNetCore.Mvc.Infrastructure.ModelStateInvalidFilter. 
2024-04-05 11:59:32.2537|TRACE|Microsoft.AspNetCore.Mvc.Infrastructure.ControllerActionInvoker|Action Filter: After executing OnActionExecuted on filter Microsoft.AspNetCore.Mvc.Infrastructure.ModelStateInvalidFilter. 
2024-04-05 11:59:32.2537|TRACE|Microsoft.AspNetCore.Mvc.Infrastructure.ControllerActionInvoker|Action Filter: Before executing OnActionExecuted on filter Microsoft.AspNetCore.Mvc.ModelBinding.UnsupportedContentTypeFilter. 
2024-04-05 11:59:32.2537|TRACE|Microsoft.AspNetCore.Mvc.Infrastructure.ControllerActionInvoker|Action Filter: After executing OnActionExecuted on filter Microsoft.AspNetCore.Mvc.ModelBinding.UnsupportedContentTypeFilter. 
2024-04-05 11:59:32.2537|TRACE|Microsoft.AspNetCore.Mvc.Infrastructure.ControllerActionInvoker|Result Filter: Before executing OnResultExecuting on filter Microsoft.AspNetCore.Mvc.Infrastructure.ClientErrorResultFilter. 
2024-04-05 11:59:32.2537|TRACE|Microsoft.AspNetCore.Mvc.Infrastructure.ControllerActionInvoker|Result Filter: After executing OnResultExecuting on filter Microsoft.AspNetCore.Mvc.Infrastructure.ClientErrorResultFilter. 
2024-04-05 11:59:32.2537|TRACE|Microsoft.AspNetCore.Mvc.Infrastructure.ControllerActionInvoker|Before executing action result Microsoft.AspNetCore.Mvc.OkObjectResult. 
2024-04-05 11:59:32.2537|DEBUG|Microsoft.AspNetCore.Mvc.Infrastructure.DefaultOutputFormatterSelector|List of registered output formatters, in the following order: Microsoft.AspNetCore.Mvc.Formatters.HttpNoContentOutputFormatter, Microsoft.AspNetCore.Mvc.Formatters.StringOutputFormatter, Microsoft.AspNetCore.Mvc.Formatters.StreamOutputFormatter, Microsoft.AspNetCore.Mvc.Formatters.NewtonsoftJsonOutputFormatter 
2024-04-05 11:59:32.2537|DEBUG|Microsoft.AspNetCore.Mvc.Infrastructure.DefaultOutputFormatterSelector|Attempting to select an output formatter based on Accept header 'text/plain'. 
2024-04-05 11:59:32.2537|DEBUG|Microsoft.AspNetCore.Mvc.Infrastructure.DefaultOutputFormatterSelector|Could not find an output formatter based on content negotiation. Accepted types were (text/plain) 
2024-04-05 11:59:32.2537|DEBUG|Microsoft.AspNetCore.Mvc.Infrastructure.DefaultOutputFormatterSelector|Attempting to select an output formatter without using a content type as no explicit content types were specified for the response. 
2024-04-05 11:59:32.2537|DEBUG|Microsoft.AspNetCore.Mvc.Infrastructure.DefaultOutputFormatterSelector|Attempting to select the first formatter in the output formatters list which can write the result. 
2024-04-05 11:59:32.2537|DEBUG|Microsoft.AspNetCore.Mvc.Infrastructure.DefaultOutputFormatterSelector|Selected output formatter 'Microsoft.AspNetCore.Mvc.Formatters.NewtonsoftJsonOutputFormatter' and content type 'application/json' to write the response. 
2024-04-05 11:59:32.2537|INFO|Microsoft.AspNetCore.Mvc.Infrastructure.ObjectResultExecutor|Executing OkObjectResult, writing value of type 'LitZhu.WebApi.R'. 
2024-04-05 11:59:32.2537|TRACE|Microsoft.AspNetCore.Mvc.Infrastructure.ControllerActionInvoker|After executing action result Microsoft.AspNetCore.Mvc.OkObjectResult. 
2024-04-05 11:59:32.2537|TRACE|Microsoft.AspNetCore.Mvc.Infrastructure.ControllerActionInvoker|Result Filter: Before executing OnResultExecuted on filter Microsoft.AspNetCore.Mvc.Infrastructure.ClientErrorResultFilter. 
2024-04-05 11:59:32.2537|TRACE|Microsoft.AspNetCore.Mvc.Infrastructure.ControllerActionInvoker|Result Filter: After executing OnResultExecuted on filter Microsoft.AspNetCore.Mvc.Infrastructure.ClientErrorResultFilter. 
2024-04-05 11:59:32.2537|TRACE|Microsoft.AspNetCore.Server.Kestrel.Http2|Connection id "0HN2L4IA1HNR8" sending HEADERS frame for stream ID 7 with length 39 and flags END_HEADERS. 
2024-04-05 11:59:32.2537|INFO|Microsoft.AspNetCore.Mvc.Infrastructure.ControllerActionInvoker|Executed action LitZhu.WebApi.Controllers.User.RoleController.GetRole (LitZhu.WebApi) in 67.3242ms 
2024-04-05 11:59:32.2537|TRACE|Microsoft.AspNetCore.Server.Kestrel.Http2|Connection id "0HN2L4IA1HNR8" sending DATA frame for stream ID 7 with length 42 and flags NONE. 
2024-04-05 11:59:32.2537|INFO|Microsoft.AspNetCore.Routing.EndpointMiddleware|Executed endpoint 'LitZhu.WebApi.Controllers.User.RoleController.GetRole (LitZhu.WebApi)' 
2024-04-05 11:59:32.2537|DEBUG|Microsoft.EntityFrameworkCore.Infrastructure|'UserDbContext' disposed. 
2024-04-05 11:59:32.2537|TRACE|Microsoft.AspNetCore.Server.Kestrel.Http2|Connection id "0HN2L4IA1HNR8" sending DATA frame for stream ID 7 with length 0 and flags END_STREAM. 
2024-04-05 11:59:32.2537|DEBUG|Microsoft.EntityFrameworkCore.Database.Connection|Disposing connection to database 'LitZhu' on server 'localhost'. 
2024-04-05 11:59:32.2537|DEBUG|Microsoft.EntityFrameworkCore.Database.Connection|Disposed connection to database 'LitZhu' on server 'localhost' (0ms). 
2024-04-05 11:59:32.2537|INFO|Microsoft.AspNetCore.Hosting.Diagnostics|Request finished HTTP/2 GET https://localhost:7290/api/Role - 200 42 application/json;+charset=utf-8 70.0078ms 
2024-04-05 11:59:32.9736|TRACE|Microsoft.AspNetCore.Server.Kestrel.Http2|Connection id "0HN2L4IA1HNR8" received HEADERS frame for stream ID 9 with length 28 and flags END_STREAM, END_HEADERS, PRIORITY. 
2024-04-05 11:59:32.9736|INFO|Microsoft.AspNetCore.Hosting.Diagnostics|Request starting HTTP/2 GET https://localhost:7290/api/Role - - - 
2024-04-05 11:59:32.9736|TRACE|Microsoft.AspNetCore.HostFiltering.HostFilteringMiddleware|All hosts are allowed. 
2024-04-05 11:59:32.9736|DEBUG|Microsoft.AspNetCore.Routing.Matching.DfaMatcher|1 candidate(s) found for the request path '/api/Role' 
2024-04-05 11:59:32.9736|DEBUG|Microsoft.AspNetCore.Routing.Matching.DfaMatcher|Endpoint 'LitZhu.WebApi.Controllers.User.RoleController.GetRole (LitZhu.WebApi)' with route pattern 'api/Role' is valid for the request path '/api/Role' 
2024-04-05 11:59:32.9736|DEBUG|Microsoft.AspNetCore.Routing.EndpointRoutingMiddleware|Request matched endpoint 'LitZhu.WebApi.Controllers.User.RoleController.GetRole (LitZhu.WebApi)' 
2024-04-05 11:59:32.9736|TRACE|Microsoft.AspNetCore.Routing.EndpointRoutingMiddleware|The endpoint does not specify the IRequestSizeLimitMetadata. 
2024-04-05 11:59:32.9736|DEBUG|Microsoft.AspNetCore.StaticFiles.StaticFileMiddleware|Static files was skipped as the request already matched an endpoint. 
2024-04-05 11:59:32.9736|DEBUG|Microsoft.AspNetCore.Authentication.JwtBearer.JwtBearerHandler|AuthenticationScheme: Bearer was not authenticated. 
2024-04-05 11:59:32.9736|INFO|Microsoft.AspNetCore.Routing.EndpointMiddleware|Executing endpoint 'LitZhu.WebApi.Controllers.User.RoleController.GetRole (LitZhu.WebApi)' 
2024-04-05 11:59:32.9736|INFO|Microsoft.AspNetCore.Mvc.Infrastructure.ControllerActionInvoker|Route matched with {action = "GetRole", controller = "Role"}. Executing controller action with signature System.Threading.Tasks.Task`1[Microsoft.AspNetCore.Mvc.ActionResult`1[System.Collections.Generic.List`1[User.Domain.DTO.RoleDto]]] GetRole() on controller LitZhu.WebApi.Controllers.User.RoleController (LitZhu.WebApi). 
2024-04-05 11:59:32.9736|DEBUG|Microsoft.AspNetCore.Mvc.Infrastructure.ControllerActionInvoker|Execution plan of authorization filters (in the following order): None 
2024-04-05 11:59:32.9736|DEBUG|Microsoft.AspNetCore.Mvc.Infrastructure.ControllerActionInvoker|Execution plan of resource filters (in the following order): None 
2024-04-05 11:59:32.9736|DEBUG|Microsoft.AspNetCore.Mvc.Infrastructure.ControllerActionInvoker|Execution plan of action filters (in the following order): Microsoft.AspNetCore.Mvc.ModelBinding.UnsupportedContentTypeFilter (Order: -3000), Microsoft.AspNetCore.Mvc.Infrastructure.ModelStateInvalidFilter (Order: -2000) 
2024-04-05 11:59:32.9736|DEBUG|Microsoft.AspNetCore.Mvc.Infrastructure.ControllerActionInvoker|Execution plan of exception filters (in the following order): None 
2024-04-05 11:59:32.9736|DEBUG|Microsoft.AspNetCore.Mvc.Infrastructure.ControllerActionInvoker|Execution plan of result filters (in the following order): Microsoft.AspNetCore.Mvc.Infrastructure.ClientErrorResultFilter (Order: -2000) 
2024-04-05 11:59:32.9736|DEBUG|Microsoft.AspNetCore.Mvc.Infrastructure.ControllerActionInvoker|Executing controller factory for controller LitZhu.WebApi.Controllers.User.RoleController (LitZhu.WebApi) 
2024-04-05 11:59:32.9736|DEBUG|Microsoft.EntityFrameworkCore.Infrastructure|Entity Framework Core 8.0.1 initialized 'UserDbContext' using provider 'Pomelo.EntityFrameworkCore.MySql:8.0.1' with options: ServerVersion=8.0.23-mysql  
2024-04-05 11:59:32.9736|DEBUG|Microsoft.AspNetCore.Mvc.Infrastructure.ControllerActionInvoker|Executed controller factory for controller LitZhu.WebApi.Controllers.User.RoleController (LitZhu.WebApi) 
2024-04-05 11:59:32.9736|TRACE|Microsoft.AspNetCore.Mvc.Infrastructure.ControllerActionInvoker|Action Filter: Before executing OnActionExecuting on filter Microsoft.AspNetCore.Mvc.ModelBinding.UnsupportedContentTypeFilter. 
2024-04-05 11:59:32.9736|TRACE|Microsoft.AspNetCore.Mvc.Infrastructure.ControllerActionInvoker|Action Filter: After executing OnActionExecuting on filter Microsoft.AspNetCore.Mvc.ModelBinding.UnsupportedContentTypeFilter. 
2024-04-05 11:59:32.9736|TRACE|Microsoft.AspNetCore.Mvc.Infrastructure.ControllerActionInvoker|Action Filter: Before executing OnActionExecuting on filter Microsoft.AspNetCore.Mvc.Infrastructure.ModelStateInvalidFilter. 
2024-04-05 11:59:32.9736|TRACE|Microsoft.AspNetCore.Mvc.Infrastructure.ControllerActionInvoker|Action Filter: After executing OnActionExecuting on filter Microsoft.AspNetCore.Mvc.Infrastructure.ModelStateInvalidFilter. 
2024-04-05 11:59:32.9736|INFO|Microsoft.AspNetCore.Mvc.Infrastructure.ControllerActionInvoker|Executing action method LitZhu.WebApi.Controllers.User.RoleController.GetRole (LitZhu.WebApi) - Validation state: Valid 
2024-04-05 11:59:32.9736|DEBUG|Microsoft.EntityFrameworkCore.Database.Connection|Creating DbConnection. 
2024-04-05 11:59:32.9736|DEBUG|Microsoft.EntityFrameworkCore.Database.Connection|Created DbConnection. (0ms). 
2024-04-05 11:59:32.9736|DEBUG|Microsoft.EntityFrameworkCore.Database.Connection|Opening connection to database 'LitZhu' on server 'localhost'. 
2024-04-05 11:59:32.9736|DEBUG|Microsoft.EntityFrameworkCore.Database.Connection|Opened connection to database 'LitZhu' on server 'localhost'. 
2024-04-05 11:59:32.9736|DEBUG|Microsoft.EntityFrameworkCore.Database.Command|Creating DbCommand for 'ExecuteReader'. 
2024-04-05 11:59:32.9736|DEBUG|Microsoft.EntityFrameworkCore.Database.Command|Created DbCommand for 'ExecuteReader' (0ms). 
2024-04-05 11:59:32.9736|DEBUG|Microsoft.EntityFrameworkCore.Database.Command|Initialized DbCommand for 'ExecuteReader' (1ms). 
2024-04-05 11:59:32.9736|DEBUG|Microsoft.EntityFrameworkCore.Database.Command|Executing DbCommand [Parameters=[], CommandType='Text', CommandTimeout='30']
SELECT `r`.`Id`, `r`.`CreationTime`, `r`.`DeletionTime`, `r`.`IsDeleted`, `r`.`LastModificationTime`, `r`.`RoleDesc`, `r`.`RoleName`, `t0`.`UserId`, `t0`.`RoleId`, `t0`.`Id`, `t0`.`Avatar`, `t0`.`CreationTime`, `t0`.`DeletionTime`, `t0`.`Email`, `t0`.`Gender`, `t0`.`IsDeleted`, `t0`.`LastModificationTime`, `t0`.`Password`, `t0`.`Phone`, `t0`.`Username`
FROM `Roles` AS `r`
LEFT JOIN (
    SELECT `u`.`UserId`, `u`.`RoleId`, `t`.`Id`, `t`.`Avatar`, `t`.`CreationTime`, `t`.`DeletionTime`, `t`.`Email`, `t`.`Gender`, `t`.`IsDeleted`, `t`.`LastModificationTime`, `t`.`Password`, `t`.`Phone`, `t`.`Username`
    FROM `Users_Roles` AS `u`
    INNER JOIN (
        SELECT `u0`.`Id`, `u0`.`Avatar`, `u0`.`CreationTime`, `u0`.`DeletionTime`, `u0`.`Email`, `u0`.`Gender`, `u0`.`IsDeleted`, `u0`.`LastModificationTime`, `u0`.`Password`, `u0`.`Phone`, `u0`.`Username`
        FROM `Users` AS `u0`
        WHERE NOT (`u0`.`IsDeleted`)
    ) AS `t` ON `u`.`UserId` = `t`.`Id`
) AS `t0` ON `r`.`Id` = `t0`.`RoleId`
WHERE NOT (`r`.`IsDeleted`)
ORDER BY `r`.`Id`, `t0`.`UserId`, `t0`.`RoleId` 
2024-04-05 11:59:32.9919|INFO|Microsoft.EntityFrameworkCore.Database.Command|Executed DbCommand (5ms) [Parameters=[], CommandType='Text', CommandTimeout='30']
SELECT `r`.`Id`, `r`.`CreationTime`, `r`.`DeletionTime`, `r`.`IsDeleted`, `r`.`LastModificationTime`, `r`.`RoleDesc`, `r`.`RoleName`, `t0`.`UserId`, `t0`.`RoleId`, `t0`.`Id`, `t0`.`Avatar`, `t0`.`CreationTime`, `t0`.`DeletionTime`, `t0`.`Email`, `t0`.`Gender`, `t0`.`IsDeleted`, `t0`.`LastModificationTime`, `t0`.`Password`, `t0`.`Phone`, `t0`.`Username`
FROM `Roles` AS `r`
LEFT JOIN (
    SELECT `u`.`UserId`, `u`.`RoleId`, `t`.`Id`, `t`.`Avatar`, `t`.`CreationTime`, `t`.`DeletionTime`, `t`.`Email`, `t`.`Gender`, `t`.`IsDeleted`, `t`.`LastModificationTime`, `t`.`Password`, `t`.`Phone`, `t`.`Username`
    FROM `Users_Roles` AS `u`
    INNER JOIN (
        SELECT `u0`.`Id`, `u0`.`Avatar`, `u0`.`CreationTime`, `u0`.`DeletionTime`, `u0`.`Email`, `u0`.`Gender`, `u0`.`IsDeleted`, `u0`.`LastModificationTime`, `u0`.`Password`, `u0`.`Phone`, `u0`.`Username`
        FROM `Users` AS `u0`
        WHERE NOT (`u0`.`IsDeleted`)
    ) AS `t` ON `u`.`UserId` = `t`.`Id`
) AS `t0` ON `r`.`Id` = `t0`.`RoleId`
WHERE NOT (`r`.`IsDeleted`)
ORDER BY `r`.`Id`, `t0`.`UserId`, `t0`.`RoleId` 
2024-04-05 11:59:32.9919|DEBUG|Microsoft.EntityFrameworkCore.Database.Command|Closing data reader to 'LitZhu' on server 'localhost'. 
2024-04-05 11:59:32.9919|DEBUG|Microsoft.EntityFrameworkCore.Database.Command|A data reader for 'LitZhu' on server 'localhost' is being disposed after spending 0ms reading results. 
2024-04-05 11:59:32.9919|DEBUG|Microsoft.EntityFrameworkCore.Database.Connection|Closing connection to database 'LitZhu' on server 'localhost'. 
2024-04-05 11:59:32.9919|DEBUG|Microsoft.EntityFrameworkCore.Database.Connection|Closed connection to database 'LitZhu' on server 'localhost' (1ms). 
2024-04-05 11:59:32.9919|INFO|Microsoft.AspNetCore.Mvc.Infrastructure.ControllerActionInvoker|Executed action method LitZhu.WebApi.Controllers.User.RoleController.GetRole (LitZhu.WebApi), returned result Microsoft.AspNetCore.Mvc.OkObjectResult in 18.9462ms. 
2024-04-05 11:59:32.9919|TRACE|Microsoft.AspNetCore.Mvc.Infrastructure.ControllerActionInvoker|Action Filter: Before executing OnActionExecuted on filter Microsoft.AspNetCore.Mvc.Infrastructure.ModelStateInvalidFilter. 
2024-04-05 11:59:32.9919|TRACE|Microsoft.AspNetCore.Mvc.Infrastructure.ControllerActionInvoker|Action Filter: After executing OnActionExecuted on filter Microsoft.AspNetCore.Mvc.Infrastructure.ModelStateInvalidFilter. 
2024-04-05 11:59:32.9919|TRACE|Microsoft.AspNetCore.Mvc.Infrastructure.ControllerActionInvoker|Action Filter: Before executing OnActionExecuted on filter Microsoft.AspNetCore.Mvc.ModelBinding.UnsupportedContentTypeFilter. 
2024-04-05 11:59:32.9919|TRACE|Microsoft.AspNetCore.Mvc.Infrastructure.ControllerActionInvoker|Action Filter: After executing OnActionExecuted on filter Microsoft.AspNetCore.Mvc.ModelBinding.UnsupportedContentTypeFilter. 
2024-04-05 11:59:32.9919|TRACE|Microsoft.AspNetCore.Mvc.Infrastructure.ControllerActionInvoker|Result Filter: Before executing OnResultExecuting on filter Microsoft.AspNetCore.Mvc.Infrastructure.ClientErrorResultFilter. 
2024-04-05 11:59:32.9919|TRACE|Microsoft.AspNetCore.Mvc.Infrastructure.ControllerActionInvoker|Result Filter: After executing OnResultExecuting on filter Microsoft.AspNetCore.Mvc.Infrastructure.ClientErrorResultFilter. 
2024-04-05 11:59:32.9919|TRACE|Microsoft.AspNetCore.Mvc.Infrastructure.ControllerActionInvoker|Before executing action result Microsoft.AspNetCore.Mvc.OkObjectResult. 
2024-04-05 11:59:32.9919|DEBUG|Microsoft.AspNetCore.Mvc.Infrastructure.DefaultOutputFormatterSelector|List of registered output formatters, in the following order: Microsoft.AspNetCore.Mvc.Formatters.HttpNoContentOutputFormatter, Microsoft.AspNetCore.Mvc.Formatters.StringOutputFormatter, Microsoft.AspNetCore.Mvc.Formatters.StreamOutputFormatter, Microsoft.AspNetCore.Mvc.Formatters.NewtonsoftJsonOutputFormatter 
2024-04-05 11:59:32.9919|DEBUG|Microsoft.AspNetCore.Mvc.Infrastructure.DefaultOutputFormatterSelector|Attempting to select an output formatter based on Accept header 'text/plain'. 
2024-04-05 11:59:32.9919|DEBUG|Microsoft.AspNetCore.Mvc.Infrastructure.DefaultOutputFormatterSelector|Could not find an output formatter based on content negotiation. Accepted types were (text/plain) 
2024-04-05 11:59:32.9919|DEBUG|Microsoft.AspNetCore.Mvc.Infrastructure.DefaultOutputFormatterSelector|Attempting to select an output formatter without using a content type as no explicit content types were specified for the response. 
2024-04-05 11:59:32.9919|DEBUG|Microsoft.AspNetCore.Mvc.Infrastructure.DefaultOutputFormatterSelector|Attempting to select the first formatter in the output formatters list which can write the result. 
2024-04-05 11:59:32.9919|DEBUG|Microsoft.AspNetCore.Mvc.Infrastructure.DefaultOutputFormatterSelector|Selected output formatter 'Microsoft.AspNetCore.Mvc.Formatters.NewtonsoftJsonOutputFormatter' and content type 'application/json' to write the response. 
2024-04-05 11:59:32.9919|INFO|Microsoft.AspNetCore.Mvc.Infrastructure.ObjectResultExecutor|Executing OkObjectResult, writing value of type 'LitZhu.WebApi.R'. 
2024-04-05 11:59:32.9919|TRACE|Microsoft.AspNetCore.Mvc.Infrastructure.ControllerActionInvoker|After executing action result Microsoft.AspNetCore.Mvc.OkObjectResult. 
2024-04-05 11:59:32.9919|TRACE|Microsoft.AspNetCore.Mvc.Infrastructure.ControllerActionInvoker|Result Filter: Before executing OnResultExecuted on filter Microsoft.AspNetCore.Mvc.Infrastructure.ClientErrorResultFilter. 
2024-04-05 11:59:32.9919|TRACE|Microsoft.AspNetCore.Mvc.Infrastructure.ControllerActionInvoker|Result Filter: After executing OnResultExecuted on filter Microsoft.AspNetCore.Mvc.Infrastructure.ClientErrorResultFilter. 
2024-04-05 11:59:32.9919|TRACE|Microsoft.AspNetCore.Server.Kestrel.Http2|Connection id "0HN2L4IA1HNR8" sending HEADERS frame for stream ID 9 with length 39 and flags END_HEADERS. 
2024-04-05 11:59:32.9919|TRACE|Microsoft.AspNetCore.Server.Kestrel.Http2|Connection id "0HN2L4IA1HNR8" sending DATA frame for stream ID 9 with length 42 and flags NONE. 
2024-04-05 11:59:32.9919|INFO|Microsoft.AspNetCore.Mvc.Infrastructure.ControllerActionInvoker|Executed action LitZhu.WebApi.Controllers.User.RoleController.GetRole (LitZhu.WebApi) in 24.805ms 
2024-04-05 11:59:32.9919|INFO|Microsoft.AspNetCore.Routing.EndpointMiddleware|Executed endpoint 'LitZhu.WebApi.Controllers.User.RoleController.GetRole (LitZhu.WebApi)' 
2024-04-05 11:59:32.9919|DEBUG|Microsoft.EntityFrameworkCore.Infrastructure|'UserDbContext' disposed. 
2024-04-05 11:59:32.9919|TRACE|Microsoft.AspNetCore.Server.Kestrel.Http2|Connection id "0HN2L4IA1HNR8" sending DATA frame for stream ID 9 with length 0 and flags END_STREAM. 
2024-04-05 11:59:32.9919|DEBUG|Microsoft.EntityFrameworkCore.Database.Connection|Disposing connection to database 'LitZhu' on server 'localhost'. 
2024-04-05 11:59:32.9919|DEBUG|Microsoft.EntityFrameworkCore.Database.Connection|Disposed connection to database 'LitZhu' on server 'localhost' (0ms). 
2024-04-05 11:59:32.9919|INFO|Microsoft.AspNetCore.Hosting.Diagnostics|Request finished HTTP/2 GET https://localhost:7290/api/Role - 200 42 application/json;+charset=utf-8 27.1523ms 
2024-04-05 11:59:43.5747|TRACE|Microsoft.AspNetCore.Server.Kestrel.Http2|Connection id "0HN2L4IA1HNR8" received HEADERS frame for stream ID 11 with length 27 and flags END_STREAM, END_HEADERS, PRIORITY. 
2024-04-05 11:59:43.5747|TRACE|Microsoft.AspNetCore.Server.Kestrel.Http2|Connection id "0HN2L4IA1HNR8" received PING frame for stream ID 0 with length 8 and flags NONE. 
2024-04-05 11:59:43.5747|TRACE|Microsoft.AspNetCore.Server.Kestrel.Http2|Connection id "0HN2L4IA1HNR8" sending PING frame for stream ID 0 with length 8 and flags ACK. 
2024-04-05 11:59:43.5747|INFO|Microsoft.AspNetCore.Hosting.Diagnostics|Request starting HTTP/2 GET https://localhost:7290/api/Tag - - - 
2024-04-05 11:59:43.5762|TRACE|Microsoft.AspNetCore.HostFiltering.HostFilteringMiddleware|All hosts are allowed. 
2024-04-05 11:59:43.5762|DEBUG|Microsoft.AspNetCore.Routing.Matching.DfaMatcher|1 candidate(s) found for the request path '/api/Tag' 
2024-04-05 11:59:43.5762|DEBUG|Microsoft.AspNetCore.Routing.Matching.DfaMatcher|Endpoint 'LitZhu.WebApi.Controllers.Article.TagController.GetTags (LitZhu.WebApi)' with route pattern 'api/Tag' is valid for the request path '/api/Tag' 
2024-04-05 11:59:43.5762|DEBUG|Microsoft.AspNetCore.Routing.EndpointRoutingMiddleware|Request matched endpoint 'LitZhu.WebApi.Controllers.Article.TagController.GetTags (LitZhu.WebApi)' 
2024-04-05 11:59:43.5762|TRACE|Microsoft.AspNetCore.Routing.EndpointRoutingMiddleware|The endpoint does not specify the IRequestSizeLimitMetadata. 
2024-04-05 11:59:43.5762|DEBUG|Microsoft.AspNetCore.StaticFiles.StaticFileMiddleware|Static files was skipped as the request already matched an endpoint. 
2024-04-05 11:59:43.5762|DEBUG|Microsoft.AspNetCore.Authentication.JwtBearer.JwtBearerHandler|AuthenticationScheme: Bearer was not authenticated. 
2024-04-05 11:59:43.5762|INFO|Microsoft.AspNetCore.Routing.EndpointMiddleware|Executing endpoint 'LitZhu.WebApi.Controllers.Article.TagController.GetTags (LitZhu.WebApi)' 
2024-04-05 11:59:43.5762|INFO|Microsoft.AspNetCore.Mvc.Infrastructure.ControllerActionInvoker|Route matched with {action = "GetTags", controller = "Tag"}. Executing controller action with signature System.Threading.Tasks.Task`1[Microsoft.AspNetCore.Mvc.ActionResult`1[System.Collections.Generic.List`1[Article.Domain.DTO.TagDto]]] GetTags() on controller LitZhu.WebApi.Controllers.Article.TagController (LitZhu.WebApi). 
2024-04-05 11:59:43.5762|DEBUG|Microsoft.AspNetCore.Mvc.Infrastructure.ControllerActionInvoker|Execution plan of authorization filters (in the following order): None 
2024-04-05 11:59:43.5762|DEBUG|Microsoft.AspNetCore.Mvc.Infrastructure.ControllerActionInvoker|Execution plan of resource filters (in the following order): None 
2024-04-05 11:59:43.5762|DEBUG|Microsoft.AspNetCore.Mvc.Infrastructure.ControllerActionInvoker|Execution plan of action filters (in the following order): Microsoft.AspNetCore.Mvc.ModelBinding.UnsupportedContentTypeFilter (Order: -3000), Microsoft.AspNetCore.Mvc.Infrastructure.ModelStateInvalidFilter (Order: -2000) 
2024-04-05 11:59:43.5762|DEBUG|Microsoft.AspNetCore.Mvc.Infrastructure.ControllerActionInvoker|Execution plan of exception filters (in the following order): None 
2024-04-05 11:59:43.5762|DEBUG|Microsoft.AspNetCore.Mvc.Infrastructure.ControllerActionInvoker|Execution plan of result filters (in the following order): Microsoft.AspNetCore.Mvc.Infrastructure.ClientErrorResultFilter (Order: -2000) 
2024-04-05 11:59:43.5762|DEBUG|Microsoft.AspNetCore.Mvc.Infrastructure.ControllerActionInvoker|Executing controller factory for controller LitZhu.WebApi.Controllers.Article.TagController (LitZhu.WebApi) 
2024-04-05 11:59:43.5762|DEBUG|Microsoft.EntityFrameworkCore.Infrastructure|Entity Framework Core 8.0.1 initialized 'ArticleDbContext' using provider 'Pomelo.EntityFrameworkCore.MySql:8.0.1' with options: ServerVersion=8.0.23-mysql  
2024-04-05 11:59:43.5762|DEBUG|Microsoft.AspNetCore.Mvc.Infrastructure.ControllerActionInvoker|Executed controller factory for controller LitZhu.WebApi.Controllers.Article.TagController (LitZhu.WebApi) 
2024-04-05 11:59:43.5762|TRACE|Microsoft.AspNetCore.Mvc.Infrastructure.ControllerActionInvoker|Action Filter: Before executing OnActionExecuting on filter Microsoft.AspNetCore.Mvc.ModelBinding.UnsupportedContentTypeFilter. 
2024-04-05 11:59:43.5762|TRACE|Microsoft.AspNetCore.Mvc.Infrastructure.ControllerActionInvoker|Action Filter: After executing OnActionExecuting on filter Microsoft.AspNetCore.Mvc.ModelBinding.UnsupportedContentTypeFilter. 
2024-04-05 11:59:43.5762|TRACE|Microsoft.AspNetCore.Mvc.Infrastructure.ControllerActionInvoker|Action Filter: Before executing OnActionExecuting on filter Microsoft.AspNetCore.Mvc.Infrastructure.ModelStateInvalidFilter. 
2024-04-05 11:59:43.5762|TRACE|Microsoft.AspNetCore.Mvc.Infrastructure.ControllerActionInvoker|Action Filter: After executing OnActionExecuting on filter Microsoft.AspNetCore.Mvc.Infrastructure.ModelStateInvalidFilter. 
2024-04-05 11:59:43.5762|INFO|Microsoft.AspNetCore.Mvc.Infrastructure.ControllerActionInvoker|Executing action method LitZhu.WebApi.Controllers.Article.TagController.GetTags (LitZhu.WebApi) - Validation state: Valid 
2024-04-05 11:59:43.5762|DEBUG|Microsoft.EntityFrameworkCore.Query|Compiling query expression: 
'DbSet<Tags>()
    .Include(x => x.ArticleTagsList)
    .ThenInclude(at => at.Articles)' 
2024-04-05 11:59:43.5762|DEBUG|Microsoft.EntityFrameworkCore.Query|Including navigation: 'Tags.ArticleTagsList'. 
2024-04-05 11:59:43.5762|DEBUG|Microsoft.EntityFrameworkCore.Query|Including navigation: 'ArticleTags.Articles'. 
2024-04-05 11:59:43.6060|DEBUG|Microsoft.EntityFrameworkCore.Query|Generated query execution expression: 
'queryContext => new SingleQueryingEnumerable<Tags>(
    (RelationalQueryContext)queryContext, 
    RelationalCommandCache.QueryExpression(
        Client Projections:
            0 -> Dictionary<IProperty, int> { [Property: Tags.Id (Guid) Required PK AfterSave:Throw ValueGenerated.OnAdd, 0], [Property: Tags.CreationTime (DateTime) Required, 1], [Property: Tags.DeletionTime (DateTime?), 2], [Property: Tags.IsDeleted (bool) Required Index, 3], [Property: Tags.LastModificationTime (DateTime?), 4], [Property: Tags.TagName (string) Required MaxLength(10), 5] }
            1 -> 0
            2 -> Dictionary<IProperty, int> { [Property: ArticleTags.ArticleId (Guid) Required PK FK AfterSave:Throw, 6], [Property: ArticleTags.TagId (Guid) Required PK FK Index AfterSave:Throw, 7] }
            3 -> Dictionary<IProperty, int> { [Property: Articles.Id (Guid) Required PK AfterSave:Throw ValueGenerated.OnAdd, 8], [Property: Articles.Content (string) Required, 9], [Property: Articles.CreationTime (DateTime) Required, 10], [Property: Articles.DeletionTime (DateTime?), 11], [Property: Articles.Desc (string) Required, 12], [Property: Articles.Image (string) Required, 13], [Property: Articles.IsDeleted (bool) Required Index, 14], [Property: Articles.LastModificationTime (DateTime?), 15], [Property: Articles.Likes (int) Required, 16], [Property: Articles.Title (string) Required Index MaxLength(20), 17], [Property: Articles.UserId (Guid) Required, 18], [Property: Articles.Views (int) Required, 19] }
            4 -> 6
            5 -> 7
            6 -> 8
        SELECT t.Id, t.CreationTime, t.DeletionTime, t.IsDeleted, t.LastModificationTime, t.TagName, t0.ArticleId, t0.TagId, t0.Id, t0.Content, t0.CreationTime, t0.DeletionTime, t0.Desc, t0.Image, t0.IsDeleted, t0.LastModificationTime, t0.Likes, t0.Title, t0.UserId, t0.Views
        FROM Tags AS t
        LEFT JOIN 
        (
            SELECT a.ArticleId, a.TagId, t1.Id, t1.Content, t1.CreationTime, t1.DeletionTime, t1.Desc, t1.Image, t1.IsDeleted, t1.LastModificationTime, t1.Likes, t1.Title, t1.UserId, t1.Views
            FROM Articles_Tags AS a
            INNER JOIN 
            (
                SELECT a0.Id, a0.Content, a0.CreationTime, a0.DeletionTime, a0.Desc, a0.Image, a0.IsDeleted, a0.LastModificationTime, a0.Likes, a0.Title, a0.UserId, a0.Views
                FROM Articles AS a0
                WHERE a0.IsDeleted == FALSE
            ) AS t1 ON a.ArticleId == t1.Id
        ) AS t0 ON t.Id == t0.TagId
        WHERE t.IsDeleted == FALSE
        ORDER BY t.Id ASC, t0.ArticleId ASC, t0.TagId ASC), 
    null, 
    Func<QueryContext, DbDataReader, ResultContext, SingleQueryResultCoordinator, Tags>, 
    Article.Infrastructure.ArticleDbContext, 
    False, 
    False, 
    True
)' 
2024-04-05 11:59:43.6060|DEBUG|Microsoft.EntityFrameworkCore.Database.Connection|Creating DbConnection. 
2024-04-05 11:59:43.6060|DEBUG|Microsoft.EntityFrameworkCore.Database.Connection|Created DbConnection. (0ms). 
2024-04-05 11:59:43.6060|DEBUG|Microsoft.EntityFrameworkCore.Database.Connection|Opening connection to database 'LitZhu' on server 'localhost'. 
2024-04-05 11:59:43.6060|DEBUG|Microsoft.EntityFrameworkCore.Database.Connection|Opened connection to database 'LitZhu' on server 'localhost'. 
2024-04-05 11:59:43.6060|DEBUG|Microsoft.EntityFrameworkCore.Database.Command|Creating DbCommand for 'ExecuteReader'. 
2024-04-05 11:59:43.6060|DEBUG|Microsoft.EntityFrameworkCore.Database.Command|Created DbCommand for 'ExecuteReader' (0ms). 
2024-04-05 11:59:43.6060|DEBUG|Microsoft.EntityFrameworkCore.Database.Command|Initialized DbCommand for 'ExecuteReader' (0ms). 
2024-04-05 11:59:43.6060|DEBUG|Microsoft.EntityFrameworkCore.Database.Command|Executing DbCommand [Parameters=[], CommandType='Text', CommandTimeout='30']
SELECT `t`.`Id`, `t`.`CreationTime`, `t`.`DeletionTime`, `t`.`IsDeleted`, `t`.`LastModificationTime`, `t`.`TagName`, `t0`.`ArticleId`, `t0`.`TagId`, `t0`.`Id`, `t0`.`Content`, `t0`.`CreationTime`, `t0`.`DeletionTime`, `t0`.`Desc`, `t0`.`Image`, `t0`.`IsDeleted`, `t0`.`LastModificationTime`, `t0`.`Likes`, `t0`.`Title`, `t0`.`UserId`, `t0`.`Views`
FROM `Tags` AS `t`
LEFT JOIN (
    SELECT `a`.`ArticleId`, `a`.`TagId`, `t1`.`Id`, `t1`.`Content`, `t1`.`CreationTime`, `t1`.`DeletionTime`, `t1`.`Desc`, `t1`.`Image`, `t1`.`IsDeleted`, `t1`.`LastModificationTime`, `t1`.`Likes`, `t1`.`Title`, `t1`.`UserId`, `t1`.`Views`
    FROM `Articles_Tags` AS `a`
    INNER JOIN (
        SELECT `a0`.`Id`, `a0`.`Content`, `a0`.`CreationTime`, `a0`.`DeletionTime`, `a0`.`Desc`, `a0`.`Image`, `a0`.`IsDeleted`, `a0`.`LastModificationTime`, `a0`.`Likes`, `a0`.`Title`, `a0`.`UserId`, `a0`.`Views`
        FROM `Articles` AS `a0`
        WHERE NOT (`a0`.`IsDeleted`)
    ) AS `t1` ON `a`.`ArticleId` = `t1`.`Id`
) AS `t0` ON `t`.`Id` = `t0`.`TagId`
WHERE NOT (`t`.`IsDeleted`)
ORDER BY `t`.`Id`, `t0`.`ArticleId`, `t0`.`TagId` 
2024-04-05 11:59:43.6060|INFO|Microsoft.EntityFrameworkCore.Database.Command|Executed DbCommand (4ms) [Parameters=[], CommandType='Text', CommandTimeout='30']
SELECT `t`.`Id`, `t`.`CreationTime`, `t`.`DeletionTime`, `t`.`IsDeleted`, `t`.`LastModificationTime`, `t`.`TagName`, `t0`.`ArticleId`, `t0`.`TagId`, `t0`.`Id`, `t0`.`Content`, `t0`.`CreationTime`, `t0`.`DeletionTime`, `t0`.`Desc`, `t0`.`Image`, `t0`.`IsDeleted`, `t0`.`LastModificationTime`, `t0`.`Likes`, `t0`.`Title`, `t0`.`UserId`, `t0`.`Views`
FROM `Tags` AS `t`
LEFT JOIN (
    SELECT `a`.`ArticleId`, `a`.`TagId`, `t1`.`Id`, `t1`.`Content`, `t1`.`CreationTime`, `t1`.`DeletionTime`, `t1`.`Desc`, `t1`.`Image`, `t1`.`IsDeleted`, `t1`.`LastModificationTime`, `t1`.`Likes`, `t1`.`Title`, `t1`.`UserId`, `t1`.`Views`
    FROM `Articles_Tags` AS `a`
    INNER JOIN (
        SELECT `a0`.`Id`, `a0`.`Content`, `a0`.`CreationTime`, `a0`.`DeletionTime`, `a0`.`Desc`, `a0`.`Image`, `a0`.`IsDeleted`, `a0`.`LastModificationTime`, `a0`.`Likes`, `a0`.`Title`, `a0`.`UserId`, `a0`.`Views`
        FROM `Articles` AS `a0`
        WHERE NOT (`a0`.`IsDeleted`)
    ) AS `t1` ON `a`.`ArticleId` = `t1`.`Id`
) AS `t0` ON `t`.`Id` = `t0`.`TagId`
WHERE NOT (`t`.`IsDeleted`)
ORDER BY `t`.`Id`, `t0`.`ArticleId`, `t0`.`TagId` 
2024-04-05 11:59:43.6060|DEBUG|Microsoft.EntityFrameworkCore.ChangeTracking|Context 'ArticleDbContext' started tracking 'Tags' entity. Consider using 'DbContextOptionsBuilder.EnableSensitiveDataLogging' to see key values. 
2024-04-05 11:59:43.6060|DEBUG|Microsoft.EntityFrameworkCore.ChangeTracking|Context 'ArticleDbContext' started tracking 'ArticleTags' entity. Consider using 'DbContextOptionsBuilder.EnableSensitiveDataLogging' to see key values. 
2024-04-05 11:59:43.6060|DEBUG|Microsoft.EntityFrameworkCore.ChangeTracking|The navigation 'ArticleTags.Articles' was detected as changed. Consider using 'DbContextOptionsBuilder.EnableSensitiveDataLogging' to see key values. 
2024-04-05 11:59:43.6060|DEBUG|Microsoft.EntityFrameworkCore.ChangeTracking|Context 'ArticleDbContext' started tracking 'Articles' entity. Consider using 'DbContextOptionsBuilder.EnableSensitiveDataLogging' to see key values. 
2024-04-05 11:59:43.6060|DEBUG|Microsoft.EntityFrameworkCore.ChangeTracking|Context 'ArticleDbContext' started tracking 'Tags' entity. Consider using 'DbContextOptionsBuilder.EnableSensitiveDataLogging' to see key values. 
2024-04-05 11:59:43.6060|DEBUG|Microsoft.EntityFrameworkCore.ChangeTracking|Context 'ArticleDbContext' started tracking 'Tags' entity. Consider using 'DbContextOptionsBuilder.EnableSensitiveDataLogging' to see key values. 
2024-04-05 11:59:43.6060|DEBUG|Microsoft.EntityFrameworkCore.ChangeTracking|Context 'ArticleDbContext' started tracking 'Tags' entity. Consider using 'DbContextOptionsBuilder.EnableSensitiveDataLogging' to see key values. 
2024-04-05 11:59:43.6060|DEBUG|Microsoft.EntityFrameworkCore.ChangeTracking|Context 'ArticleDbContext' started tracking 'Tags' entity. Consider using 'DbContextOptionsBuilder.EnableSensitiveDataLogging' to see key values. 
2024-04-05 11:59:43.6060|DEBUG|Microsoft.EntityFrameworkCore.ChangeTracking|The navigation 'ArticleTags.Tags' was detected as changed. Consider using 'DbContextOptionsBuilder.EnableSensitiveDataLogging' to see key values. 
2024-04-05 11:59:43.6060|DEBUG|Microsoft.EntityFrameworkCore.ChangeTracking|Context 'ArticleDbContext' started tracking 'ArticleTags' entity. Consider using 'DbContextOptionsBuilder.EnableSensitiveDataLogging' to see key values. 
2024-04-05 11:59:43.6060|DEBUG|Microsoft.EntityFrameworkCore.Database.Command|Closing data reader to 'LitZhu' on server 'localhost'. 
2024-04-05 11:59:43.6060|DEBUG|Microsoft.EntityFrameworkCore.Database.Command|A data reader for 'LitZhu' on server 'localhost' is being disposed after spending 1ms reading results. 
2024-04-05 11:59:43.6060|DEBUG|Microsoft.EntityFrameworkCore.Database.Connection|Closing connection to database 'LitZhu' on server 'localhost'. 
2024-04-05 11:59:43.6060|DEBUG|Microsoft.EntityFrameworkCore.Database.Connection|Closed connection to database 'LitZhu' on server 'localhost' (0ms). 
2024-04-05 11:59:43.6213|INFO|Microsoft.AspNetCore.Mvc.Infrastructure.ControllerActionInvoker|Executed action method LitZhu.WebApi.Controllers.Article.TagController.GetTags (LitZhu.WebApi), returned result Microsoft.AspNetCore.Mvc.OkObjectResult in 35.754ms. 
2024-04-05 11:59:43.6213|TRACE|Microsoft.AspNetCore.Mvc.Infrastructure.ControllerActionInvoker|Action Filter: Before executing OnActionExecuted on filter Microsoft.AspNetCore.Mvc.Infrastructure.ModelStateInvalidFilter. 
2024-04-05 11:59:43.6213|TRACE|Microsoft.AspNetCore.Mvc.Infrastructure.ControllerActionInvoker|Action Filter: After executing OnActionExecuted on filter Microsoft.AspNetCore.Mvc.Infrastructure.ModelStateInvalidFilter. 
2024-04-05 11:59:43.6213|TRACE|Microsoft.AspNetCore.Mvc.Infrastructure.ControllerActionInvoker|Action Filter: Before executing OnActionExecuted on filter Microsoft.AspNetCore.Mvc.ModelBinding.UnsupportedContentTypeFilter. 
2024-04-05 11:59:43.6213|TRACE|Microsoft.AspNetCore.Mvc.Infrastructure.ControllerActionInvoker|Action Filter: After executing OnActionExecuted on filter Microsoft.AspNetCore.Mvc.ModelBinding.UnsupportedContentTypeFilter. 
2024-04-05 11:59:43.6213|TRACE|Microsoft.AspNetCore.Mvc.Infrastructure.ControllerActionInvoker|Result Filter: Before executing OnResultExecuting on filter Microsoft.AspNetCore.Mvc.Infrastructure.ClientErrorResultFilter. 
2024-04-05 11:59:43.6213|TRACE|Microsoft.AspNetCore.Mvc.Infrastructure.ControllerActionInvoker|Result Filter: After executing OnResultExecuting on filter Microsoft.AspNetCore.Mvc.Infrastructure.ClientErrorResultFilter. 
2024-04-05 11:59:43.6213|TRACE|Microsoft.AspNetCore.Mvc.Infrastructure.ControllerActionInvoker|Before executing action result Microsoft.AspNetCore.Mvc.OkObjectResult. 
2024-04-05 11:59:43.6213|DEBUG|Microsoft.AspNetCore.Mvc.Infrastructure.DefaultOutputFormatterSelector|List of registered output formatters, in the following order: Microsoft.AspNetCore.Mvc.Formatters.HttpNoContentOutputFormatter, Microsoft.AspNetCore.Mvc.Formatters.StringOutputFormatter, Microsoft.AspNetCore.Mvc.Formatters.StreamOutputFormatter, Microsoft.AspNetCore.Mvc.Formatters.NewtonsoftJsonOutputFormatter 
2024-04-05 11:59:43.6213|DEBUG|Microsoft.AspNetCore.Mvc.Infrastructure.DefaultOutputFormatterSelector|Attempting to select an output formatter based on Accept header 'text/plain'. 
2024-04-05 11:59:43.6213|DEBUG|Microsoft.AspNetCore.Mvc.Infrastructure.DefaultOutputFormatterSelector|Could not find an output formatter based on content negotiation. Accepted types were (text/plain) 
2024-04-05 11:59:43.6213|DEBUG|Microsoft.AspNetCore.Mvc.Infrastructure.DefaultOutputFormatterSelector|Attempting to select an output formatter without using a content type as no explicit content types were specified for the response. 
2024-04-05 11:59:43.6213|DEBUG|Microsoft.AspNetCore.Mvc.Infrastructure.DefaultOutputFormatterSelector|Attempting to select the first formatter in the output formatters list which can write the result. 
2024-04-05 11:59:43.6213|DEBUG|Microsoft.AspNetCore.Mvc.Infrastructure.DefaultOutputFormatterSelector|Selected output formatter 'Microsoft.AspNetCore.Mvc.Formatters.NewtonsoftJsonOutputFormatter' and content type 'application/json' to write the response. 
2024-04-05 11:59:43.6213|INFO|Microsoft.AspNetCore.Mvc.Infrastructure.ObjectResultExecutor|Executing OkObjectResult, writing value of type 'LitZhu.WebApi.R'. 
2024-04-05 11:59:43.6213|TRACE|Microsoft.AspNetCore.Mvc.Infrastructure.ControllerActionInvoker|After executing action result Microsoft.AspNetCore.Mvc.OkObjectResult. 
2024-04-05 11:59:43.6213|TRACE|Microsoft.AspNetCore.Server.Kestrel.Http2|Connection id "0HN2L4IA1HNR8" sending HEADERS frame for stream ID 11 with length 40 and flags END_HEADERS. 
2024-04-05 11:59:43.6213|TRACE|Microsoft.AspNetCore.Mvc.Infrastructure.ControllerActionInvoker|Result Filter: Before executing OnResultExecuted on filter Microsoft.AspNetCore.Mvc.Infrastructure.ClientErrorResultFilter. 
2024-04-05 11:59:43.6213|TRACE|Microsoft.AspNetCore.Mvc.Infrastructure.ControllerActionInvoker|Result Filter: After executing OnResultExecuted on filter Microsoft.AspNetCore.Mvc.Infrastructure.ClientErrorResultFilter. 
2024-04-05 11:59:43.6213|TRACE|Microsoft.AspNetCore.Server.Kestrel.Http2|Connection id "0HN2L4IA1HNR8" sending DATA frame for stream ID 11 with length 423 and flags NONE. 
2024-04-05 11:59:43.6213|INFO|Microsoft.AspNetCore.Mvc.Infrastructure.ControllerActionInvoker|Executed action LitZhu.WebApi.Controllers.Article.TagController.GetTags (LitZhu.WebApi) in 42.8365ms 
2024-04-05 11:59:43.6213|INFO|Microsoft.AspNetCore.Routing.EndpointMiddleware|Executed endpoint 'LitZhu.WebApi.Controllers.Article.TagController.GetTags (LitZhu.WebApi)' 
2024-04-05 11:59:43.6213|TRACE|Microsoft.AspNetCore.Server.Kestrel.Http2|Connection id "0HN2L4IA1HNR8" sending DATA frame for stream ID 11 with length 0 and flags END_STREAM. 
2024-04-05 11:59:43.6213|DEBUG|Microsoft.EntityFrameworkCore.Infrastructure|'ArticleDbContext' disposed. 
2024-04-05 11:59:43.6213|DEBUG|Microsoft.EntityFrameworkCore.Database.Connection|Disposing connection to database 'LitZhu' on server 'localhost'. 
2024-04-05 11:59:43.6213|DEBUG|Microsoft.EntityFrameworkCore.Database.Connection|Disposed connection to database 'LitZhu' on server 'localhost' (0ms). 
2024-04-05 11:59:43.6213|INFO|Microsoft.AspNetCore.Hosting.Diagnostics|Request finished HTTP/2 GET https://localhost:7290/api/Tag - 200 423 application/json;+charset=utf-8 49.5778ms 
2024-04-05 11:59:43.6213|TRACE|Microsoft.AspNetCore.Server.Kestrel.Http2|Connection id "0HN2L4IA1HNR8" received WINDOW_UPDATE frame for stream ID 0 with length 4 and flags 0x0. 
2024-04-05 18:37:53.2881|DEBUG|Microsoft.AspNetCore.Mvc.ModelBinding.ModelBinderFactory|Registered model binder providers, in the following order: Microsoft.AspNetCore.Mvc.ModelBinding.Binders.BinderTypeModelBinderProvider, Microsoft.AspNetCore.Mvc.ModelBinding.Binders.ServicesModelBinderProvider, Microsoft.AspNetCore.Mvc.ModelBinding.Binders.BodyModelBinderProvider, Microsoft.AspNetCore.Mvc.ModelBinding.Binders.HeaderModelBinderProvider, Microsoft.AspNetCore.Mvc.ModelBinding.Binders.FloatingPointTypeModelBinderProvider, Microsoft.AspNetCore.Mvc.ModelBinding.Binders.EnumTypeModelBinderProvider, Microsoft.AspNetCore.Mvc.ModelBinding.Binders.DateTimeModelBinderProvider, Microsoft.AspNetCore.Mvc.ModelBinding.Binders.SimpleTypeModelBinderProvider, Microsoft.AspNetCore.Mvc.ModelBinding.Binders.TryParseModelBinderProvider, Microsoft.AspNetCore.Mvc.ModelBinding.Binders.CancellationTokenModelBinderProvider, Microsoft.AspNetCore.Mvc.ModelBinding.Binders.ByteArrayModelBinderProvider, Microsoft.AspNetCore.Mvc.ModelBinding.Binders.FormFileModelBinderProvider, Microsoft.AspNetCore.Mvc.ModelBinding.Binders.FormCollectionModelBinderProvider, Microsoft.AspNetCore.Mvc.ModelBinding.Binders.KeyValuePairModelBinderProvider, Microsoft.AspNetCore.Mvc.ModelBinding.Binders.DictionaryModelBinderProvider, Microsoft.AspNetCore.Mvc.ModelBinding.Binders.ArrayModelBinderProvider, Microsoft.AspNetCore.Mvc.ModelBinding.Binders.CollectionModelBinderProvider, Microsoft.AspNetCore.Mvc.ModelBinding.Binders.ComplexObjectModelBinderProvider 
2024-04-05 18:37:53.3781|DEBUG|Microsoft.Extensions.Hosting.Internal.Host|Hosting starting 
2024-04-05 18:37:53.4131|INFO|Microsoft.AspNetCore.DataProtection.KeyManagement.XmlKeyManager|User profile is available. Using 'C:\Users\25968\AppData\Local\ASP.NET\DataProtection-Keys' as key repository and Windows DPAPI to encrypt keys at rest. 
2024-04-05 18:37:53.4131|DEBUG|Microsoft.AspNetCore.DataProtection.Repositories.FileSystemXmlRepository|Reading data from file 'C:\Users\25968\AppData\Local\ASP.NET\DataProtection-Keys\key-04331095-e001-4e86-a2a5-ac77c623d11c.xml'. 
2024-04-05 18:37:53.4251|DEBUG|Microsoft.AspNetCore.DataProtection.KeyManagement.XmlKeyManager|Found key {04331095-e001-4e86-a2a5-ac77c623d11c}. 
2024-04-05 18:37:53.4251|DEBUG|Microsoft.AspNetCore.DataProtection.KeyManagement.DefaultKeyResolver|Considering key {04331095-e001-4e86-a2a5-ac77c623d11c} with expiration date 2024-04-11 12:24:14Z as default key. 
2024-04-05 18:37:53.4251|DEBUG|Microsoft.AspNetCore.DataProtection.TypeForwardingActivator|Forwarded activator type request from Microsoft.AspNetCore.DataProtection.XmlEncryption.DpapiXmlDecryptor, Microsoft.AspNetCore.DataProtection, Version=8.0.0.0, Culture=neutral, PublicKeyToken=adb9793829ddae60 to Microsoft.AspNetCore.DataProtection.XmlEncryption.DpapiXmlDecryptor, Microsoft.AspNetCore.DataProtection, Culture=neutral, PublicKeyToken=adb9793829ddae60 
2024-04-05 18:37:53.4251|DEBUG|Microsoft.AspNetCore.DataProtection.XmlEncryption.DpapiXmlDecryptor|Decrypting secret element using Windows DPAPI. 
2024-04-05 18:37:53.4385|DEBUG|Microsoft.AspNetCore.DataProtection.TypeForwardingActivator|Forwarded activator type request from Microsoft.AspNetCore.DataProtection.AuthenticatedEncryption.ConfigurationModel.AuthenticatedEncryptorDescriptorDeserializer, Microsoft.AspNetCore.DataProtection, Version=8.0.0.0, Culture=neutral, PublicKeyToken=adb9793829ddae60 to Microsoft.AspNetCore.DataProtection.AuthenticatedEncryption.ConfigurationModel.AuthenticatedEncryptorDescriptorDeserializer, Microsoft.AspNetCore.DataProtection, Culture=neutral, PublicKeyToken=adb9793829ddae60 
2024-04-05 18:37:53.4385|DEBUG|Microsoft.AspNetCore.DataProtection.AuthenticatedEncryption.CngCbcAuthenticatedEncryptorFactory|Opening CNG algorithm 'AES' from provider '(null)' with chaining mode CBC. 
2024-04-05 18:37:53.4385|DEBUG|Microsoft.AspNetCore.DataProtection.AuthenticatedEncryption.CngCbcAuthenticatedEncryptorFactory|Opening CNG algorithm 'SHA256' from provider '(null)' with HMAC. 
2024-04-05 18:37:53.4385|DEBUG|Microsoft.AspNetCore.DataProtection.KeyManagement.KeyRingProvider|Using key {04331095-e001-4e86-a2a5-ac77c623d11c} as the default key. 
2024-04-05 18:37:53.4385|DEBUG|Microsoft.AspNetCore.DataProtection.Internal.DataProtectionHostedService|Key ring with default key {04331095-e001-4e86-a2a5-ac77c623d11c} was loaded during application startup. 
2024-04-05 18:37:53.6688|INFO|Microsoft.Hosting.Lifetime|Now listening on: https://localhost:7290 
2024-04-05 18:37:53.6688|INFO|Microsoft.Hosting.Lifetime|Now listening on: http://localhost:5167 
2024-04-05 18:37:53.6688|DEBUG|Microsoft.AspNetCore.Hosting.Diagnostics|Loaded hosting startup assembly LitZhu.WebApi 
2024-04-05 18:37:53.6688|DEBUG|Microsoft.AspNetCore.Hosting.Diagnostics|Loaded hosting startup assembly Microsoft.AspNetCore.Watch.BrowserRefresh 
2024-04-05 18:37:53.6688|DEBUG|Microsoft.AspNetCore.Hosting.Diagnostics|Loaded hosting startup assembly Microsoft.WebTools.BrowserLink.Net 
2024-04-05 18:37:53.6688|INFO|Microsoft.Hosting.Lifetime|Application started. Press Ctrl+C to shut down. 
2024-04-05 18:37:53.6786|INFO|Microsoft.Hosting.Lifetime|Hosting environment: Development 
2024-04-05 18:37:53.6786|INFO|Microsoft.Hosting.Lifetime|Content root path: D:\Desktop\website\litzhu\LitZhu_backend\LitZhu.WebApi 
2024-04-05 18:37:53.6786|DEBUG|Microsoft.Extensions.Hosting.Internal.Host|Hosting started 
2024-04-05 18:37:53.9943|DEBUG|Microsoft.AspNetCore.Server.Kestrel.Connections|Connection id "0HN2LBHPL60V3" accepted. 
2024-04-05 18:37:53.9943|DEBUG|Microsoft.AspNetCore.Server.Kestrel.Connections|Connection id "0HN2LBHPL60V3" started. 
2024-04-05 18:37:54.0053|DEBUG|Microsoft.AspNetCore.Server.Kestrel.Connections|Connection id "0HN2LBHPL60V4" accepted. 
2024-04-05 18:37:54.0053|DEBUG|Microsoft.AspNetCore.Server.Kestrel.Connections|Connection id "0HN2LBHPL60V4" started. 
2024-04-05 18:37:54.0365|DEBUG|Microsoft.AspNetCore.Server.Kestrel.Transport.Sockets|Connection id "0HN2LBHPL60V3" received FIN. 
2024-04-05 18:37:54.0365|DEBUG|Microsoft.AspNetCore.Server.Kestrel.Transport.Sockets|Connection id "0HN2LBHPL60V4" received FIN. 
2024-04-05 18:37:54.0498|DEBUG|Microsoft.AspNetCore.Server.Kestrel.Https.Internal.HttpsConnectionMiddleware|Failed to authenticate HTTPS connection. System.IO.IOException: Received an unexpected EOF or 0 bytes from the transport stream.
   at System.Net.Security.SslStream.ReceiveHandshakeFrameAsync[TIOAdapter](CancellationToken cancellationToken)
   at System.Net.Security.SslStream.ForceAuthenticationAsync[TIOAdapter](Boolean receiveFirst, Byte[] reAuthenticationData, CancellationToken cancellationToken)
   at System.Net.Security.SslStream.ProcessAuthenticationWithTelemetryAsync(Boolean isAsync, CancellationToken cancellationToken)
   at Microsoft.AspNetCore.Server.Kestrel.Https.Internal.HttpsConnectionMiddleware.OnConnectionAsync(ConnectionContext context)
2024-04-05 18:37:54.0498|DEBUG|Microsoft.AspNetCore.Server.Kestrel.Https.Internal.HttpsConnectionMiddleware|Failed to authenticate HTTPS connection. System.IO.IOException: Received an unexpected EOF or 0 bytes from the transport stream.
   at System.Net.Security.SslStream.ReceiveHandshakeFrameAsync[TIOAdapter](CancellationToken cancellationToken)
   at System.Net.Security.SslStream.ForceAuthenticationAsync[TIOAdapter](Boolean receiveFirst, Byte[] reAuthenticationData, CancellationToken cancellationToken)
   at System.Net.Security.SslStream.ProcessAuthenticationWithTelemetryAsync(Boolean isAsync, CancellationToken cancellationToken)
   at Microsoft.AspNetCore.Server.Kestrel.Https.Internal.HttpsConnectionMiddleware.OnConnectionAsync(ConnectionContext context)
2024-04-05 18:37:54.0878|DEBUG|Microsoft.AspNetCore.Server.Kestrel.Connections|Connection id "0HN2LBHPL60V4" stopped. 
2024-04-05 18:37:54.0878|DEBUG|Microsoft.AspNetCore.Server.Kestrel.Connections|Connection id "0HN2LBHPL60V3" stopped. 
2024-04-05 18:37:54.0878|DEBUG|Microsoft.AspNetCore.Server.Kestrel.Transport.Sockets|Connection id "0HN2LBHPL60V4" sending FIN because: "The Socket transport's send loop completed gracefully." 
2024-04-05 18:37:54.0878|DEBUG|Microsoft.AspNetCore.Server.Kestrel.Transport.Sockets|Connection id "0HN2LBHPL60V3" sending FIN because: "The Socket transport's send loop completed gracefully." 
2024-04-05 18:37:57.6594|DEBUG|Microsoft.AspNetCore.Server.Kestrel.Connections|Connection id "0HN2LBHPL60V5" accepted. 
2024-04-05 18:37:57.6594|DEBUG|Microsoft.AspNetCore.Server.Kestrel.Connections|Connection id "0HN2LBHPL60V5" started. 
2024-04-05 18:37:57.7287|DEBUG|Microsoft.AspNetCore.Server.Kestrel.Https.Internal.HttpsConnectionMiddleware|Connection 0HN2LBHPL60V5 established using the following protocol: Tls13 
2024-04-05 18:37:57.7683|TRACE|Microsoft.AspNetCore.Server.Kestrel.Http2|Connection id "0HN2LBHPL60V5" sending SETTINGS frame for stream ID 0 with length 24 and flags NONE. 
2024-04-05 18:37:57.7683|TRACE|Microsoft.AspNetCore.Server.Kestrel.Http2|Connection id "0HN2LBHPL60V5" sending WINDOW_UPDATE frame for stream ID 0 with length 4 and flags 0x0. 
2024-04-05 18:37:57.7683|TRACE|Microsoft.AspNetCore.Server.Kestrel.Http2|Connection id "0HN2LBHPL60V5" received SETTINGS frame for stream ID 0 with length 24 and flags NONE. 
2024-04-05 18:37:57.7683|TRACE|Microsoft.AspNetCore.Server.Kestrel.Http2|Connection id "0HN2LBHPL60V5" sending SETTINGS frame for stream ID 0 with length 0 and flags ACK. 
2024-04-05 18:37:57.7683|TRACE|Microsoft.AspNetCore.Server.Kestrel.Http2|Connection id "0HN2LBHPL60V5" received WINDOW_UPDATE frame for stream ID 0 with length 4 and flags 0x0. 
2024-04-05 18:37:57.7683|TRACE|Microsoft.AspNetCore.Server.Kestrel.Http2|Connection id "0HN2LBHPL60V5" received HEADERS frame for stream ID 1 with length 462 and flags END_STREAM, END_HEADERS, PRIORITY. 
2024-04-05 18:37:57.8052|TRACE|Microsoft.AspNetCore.Server.Kestrel.Http2|Connection id "0HN2LBHPL60V5" received SETTINGS frame for stream ID 0 with length 0 and flags ACK. 
2024-04-05 18:37:57.8239|INFO|Microsoft.AspNetCore.Hosting.Diagnostics|Request starting HTTP/2 GET https://localhost:7290/swagger/index.html - - - 
2024-04-05 18:37:58.0425|DEBUG|Microsoft.AspNetCore.HostFiltering.HostFilteringMiddleware|Wildcard detected, all requests with hosts will be allowed. 
2024-04-05 18:37:58.0425|TRACE|Microsoft.AspNetCore.HostFiltering.HostFilteringMiddleware|All hosts are allowed. 
2024-04-05 18:37:58.0757|DEBUG|Microsoft.AspNetCore.Routing.Matching.DfaMatcher|No candidates found for the request path '/swagger/index.html' 
2024-04-05 18:37:58.0757|DEBUG|Microsoft.AspNetCore.Routing.EndpointRoutingMiddleware|Request did not match any endpoints 
2024-04-05 18:37:58.1433|DEBUG|Microsoft.AspNetCore.Watch.BrowserRefresh.BrowserRefreshMiddleware|Response markup is scheduled to include browser refresh script injection. 
2024-04-05 18:37:58.1453|TRACE|Microsoft.AspNetCore.Server.Kestrel.Http2|Connection id "0HN2LBHPL60V5" sending HEADERS frame for stream ID 1 with length 66 and flags END_HEADERS. 
2024-04-05 18:37:58.1453|TRACE|Microsoft.AspNetCore.Server.Kestrel.Http2|Connection id "0HN2LBHPL60V5" sending DATA frame for stream ID 1 with length 4096 and flags NONE. 
2024-04-05 18:37:58.1622|TRACE|Microsoft.AspNetCore.Server.Kestrel.Http2|Connection id "0HN2LBHPL60V5" sending DATA frame for stream ID 1 with length 992 and flags NONE. 
2024-04-05 18:37:58.1622|TRACE|Microsoft.AspNetCore.Server.Kestrel.Http2|Connection id "0HN2LBHPL60V5" sending DATA frame for stream ID 1 with length 81 and flags NONE. 
2024-04-05 18:37:58.1622|DEBUG|Microsoft.AspNetCore.Watch.BrowserRefresh.BrowserRefreshMiddleware|Response markup was updated to include browser refresh script injection. 
2024-04-05 18:37:58.1622|TRACE|Microsoft.AspNetCore.Server.Kestrel.Http2|Connection id "0HN2LBHPL60V5" sending DATA frame for stream ID 1 with length 0 and flags END_STREAM. 
2024-04-05 18:37:58.1622|INFO|Microsoft.AspNetCore.Hosting.Diagnostics|Request finished HTTP/2 GET https://localhost:7290/swagger/index.html - 200 - text/html;charset=utf-8 356.9107ms 
2024-04-05 18:37:58.1892|TRACE|Microsoft.AspNetCore.Server.Kestrel.Http2|Connection id "0HN2LBHPL60V5" received HEADERS frame for stream ID 3 with length 109 and flags END_STREAM, END_HEADERS, PRIORITY. 
2024-04-05 18:37:58.1932|INFO|Microsoft.AspNetCore.Hosting.Diagnostics|Request starting HTTP/2 GET https://localhost:7290/_framework/aspnetcore-browser-refresh.js - - - 
2024-04-05 18:37:58.1932|TRACE|Microsoft.AspNetCore.Server.Kestrel.Http2|Connection id "0HN2LBHPL60V5" sending HEADERS frame for stream ID 3 with length 60 and flags END_HEADERS. 
2024-04-05 18:37:58.1932|TRACE|Microsoft.AspNetCore.Server.Kestrel.Http2|Connection id "0HN2LBHPL60V5" sending DATA frame for stream ID 3 with length 13761 and flags NONE. 
2024-04-05 18:37:58.1932|TRACE|Microsoft.AspNetCore.Server.Kestrel.Http2|Connection id "0HN2LBHPL60V5" sending DATA frame for stream ID 3 with length 0 and flags END_STREAM. 
2024-04-05 18:37:58.1932|INFO|Microsoft.AspNetCore.Hosting.Diagnostics|Request finished HTTP/2 GET https://localhost:7290/_framework/aspnetcore-browser-refresh.js - 200 13761 application/javascript;+charset=utf-8 10.9004ms 
2024-04-05 18:37:58.3031|TRACE|Microsoft.AspNetCore.Server.Kestrel.Http2|Connection id "0HN2LBHPL60V5" received HEADERS frame for stream ID 5 with length 57 and flags END_STREAM, END_HEADERS, PRIORITY. 
2024-04-05 18:37:58.3031|INFO|Microsoft.AspNetCore.Hosting.Diagnostics|Request starting HTTP/2 GET https://localhost:7290/_vs/browserLink - - - 
2024-04-05 18:37:58.3391|TRACE|Microsoft.AspNetCore.Server.Kestrel.Http2|Connection id "0HN2LBHPL60V5" sending HEADERS frame for stream ID 5 with length 149 and flags END_HEADERS. 
2024-04-05 18:37:58.3391|TRACE|Microsoft.AspNetCore.Server.Kestrel.Http2|Connection id "0HN2LBHPL60V5" sending DATA frame for stream ID 5 with length 9986 and flags NONE. 
2024-04-05 18:37:58.3391|TRACE|Microsoft.AspNetCore.Server.Kestrel.Http2|Connection id "0HN2LBHPL60V5" sending DATA frame for stream ID 5 with length 10240 and flags NONE. 
2024-04-05 18:37:58.3442|TRACE|Microsoft.AspNetCore.Server.Kestrel.Http2|Connection id "0HN2LBHPL60V5" sending DATA frame for stream ID 5 with length 10240 and flags NONE. 
2024-04-05 18:37:58.3442|TRACE|Microsoft.AspNetCore.Server.Kestrel.Http2|Connection id "0HN2LBHPL60V5" sending DATA frame for stream ID 5 with length 10240 and flags NONE. 
2024-04-05 18:37:58.3442|TRACE|Microsoft.AspNetCore.Server.Kestrel.Http2|Connection id "0HN2LBHPL60V5" sending DATA frame for stream ID 5 with length 10240 and flags NONE. 
2024-04-05 18:37:58.3442|TRACE|Microsoft.AspNetCore.Server.Kestrel.Http2|Connection id "0HN2LBHPL60V5" sending DATA frame for stream ID 5 with length 10240 and flags NONE. 
2024-04-05 18:37:58.3442|TRACE|Microsoft.AspNetCore.Server.Kestrel.Http2|Connection id "0HN2LBHPL60V5" sending DATA frame for stream ID 5 with length 10240 and flags NONE. 
2024-04-05 18:37:58.3442|TRACE|Microsoft.AspNetCore.Server.Kestrel.Http2|Connection id "0HN2LBHPL60V5" sending DATA frame for stream ID 5 with length 10240 and flags NONE. 
2024-04-05 18:37:58.3442|TRACE|Microsoft.AspNetCore.Server.Kestrel.Http2|Connection id "0HN2LBHPL60V5" sending DATA frame for stream ID 5 with length 10240 and flags NONE. 
2024-04-05 18:37:58.3442|TRACE|Microsoft.AspNetCore.Server.Kestrel.Http2|Connection id "0HN2LBHPL60V5" sending DATA frame for stream ID 5 with length 10240 and flags NONE. 
2024-04-05 18:37:58.3442|TRACE|Microsoft.AspNetCore.Server.Kestrel.Http2|Connection id "0HN2LBHPL60V5" sending DATA frame for stream ID 5 with length 10240 and flags NONE. 
2024-04-05 18:37:58.3442|TRACE|Microsoft.AspNetCore.Server.Kestrel.Http2|Connection id "0HN2LBHPL60V5" sending DATA frame for stream ID 5 with length 10240 and flags NONE. 
2024-04-05 18:37:58.3442|TRACE|Microsoft.AspNetCore.Server.Kestrel.Http2|Connection id "0HN2LBHPL60V5" sending DATA frame for stream ID 5 with length 10240 and flags NONE. 
2024-04-05 18:37:58.3442|TRACE|Microsoft.AspNetCore.Server.Kestrel.Http2|Connection id "0HN2LBHPL60V5" sending DATA frame for stream ID 5 with length 10240 and flags NONE. 
2024-04-05 18:37:58.3442|TRACE|Microsoft.AspNetCore.Server.Kestrel.Http2|Connection id "0HN2LBHPL60V5" sending DATA frame for stream ID 5 with length 10240 and flags NONE. 
2024-04-05 18:37:58.3442|TRACE|Microsoft.AspNetCore.Server.Kestrel.Http2|Connection id "0HN2LBHPL60V5" sending DATA frame for stream ID 5 with length 160 and flags NONE. 
2024-04-05 18:37:58.3442|TRACE|Microsoft.AspNetCore.Server.Kestrel.Http2|Connection id "0HN2LBHPL60V5" sending DATA frame for stream ID 5 with length 0 and flags END_STREAM. 
2024-04-05 18:37:58.3442|INFO|Microsoft.AspNetCore.Hosting.Diagnostics|Request finished HTTP/2 GET https://localhost:7290/_vs/browserLink - 200 - text/javascript;+charset=UTF-8 53.9355ms 
2024-04-05 18:37:58.8148|TRACE|Microsoft.AspNetCore.Server.Kestrel.Http2|Connection id "0HN2LBHPL60V5" received HEADERS frame for stream ID 7 with length 66 and flags END_STREAM, END_HEADERS, PRIORITY. 
2024-04-05 18:37:58.8148|INFO|Microsoft.AspNetCore.Hosting.Diagnostics|Request starting HTTP/2 GET https://localhost:7290/swagger/v1/swagger.json - - - 
2024-04-05 18:37:58.8148|TRACE|Microsoft.AspNetCore.HostFiltering.HostFilteringMiddleware|All hosts are allowed. 
2024-04-05 18:37:58.8148|DEBUG|Microsoft.AspNetCore.Routing.Matching.DfaMatcher|No candidates found for the request path '/swagger/v1/swagger.json' 
2024-04-05 18:37:58.8148|DEBUG|Microsoft.AspNetCore.Routing.EndpointRoutingMiddleware|Request did not match any endpoints 
2024-04-05 18:37:59.2101|TRACE|Microsoft.AspNetCore.Server.Kestrel.Http2|Connection id "0HN2LBHPL60V5" sending HEADERS frame for stream ID 7 with length 35 and flags END_HEADERS. 
2024-04-05 18:37:59.2101|TRACE|Microsoft.AspNetCore.Server.Kestrel.Http2|Connection id "0HN2LBHPL60V5" sending DATA frame for stream ID 7 with length 16384 and flags NONE. 
2024-04-05 18:37:59.2101|TRACE|Microsoft.AspNetCore.Server.Kestrel.Http2|Connection id "0HN2LBHPL60V5" sending DATA frame for stream ID 7 with length 16384 and flags NONE. 
2024-04-05 18:37:59.2101|TRACE|Microsoft.AspNetCore.Server.Kestrel.Http2|Connection id "0HN2LBHPL60V5" sending DATA frame for stream ID 7 with length 16384 and flags NONE. 
2024-04-05 18:37:59.2101|TRACE|Microsoft.AspNetCore.Server.Kestrel.Http2|Connection id "0HN2LBHPL60V5" sending DATA frame for stream ID 7 with length 9384 and flags NONE. 
2024-04-05 18:37:59.2101|TRACE|Microsoft.AspNetCore.Server.Kestrel.Http2|Connection id "0HN2LBHPL60V5" sending DATA frame for stream ID 7 with length 0 and flags END_STREAM. 
2024-04-05 18:37:59.2101|INFO|Microsoft.AspNetCore.Hosting.Diagnostics|Request finished HTTP/2 GET https://localhost:7290/swagger/v1/swagger.json - 200 - application/json;charset=utf-8 400.3836ms 
2024-04-05 18:38:00.2088|DEBUG|Microsoft.AspNetCore.Server.Kestrel.Transport.Sockets|Connection id "0HN2LBHPL60V5" received FIN. 
2024-04-05 18:38:00.2088|DEBUG|Microsoft.AspNetCore.Server.Kestrel.Http2|The connection queue processing loop for 0HN2LBHPL60V5 completed. 
2024-04-05 18:38:00.2088|DEBUG|Microsoft.AspNetCore.Server.Kestrel.Http2|Connection id "0HN2LBHPL60V5" is closed. The last processed stream ID was 7. 
2024-04-05 18:38:00.2088|DEBUG|Microsoft.AspNetCore.Server.Kestrel.Transport.Sockets|Connection id "0HN2LBHPL60V5" sending FIN because: "The Socket transport's send loop completed gracefully." 
2024-04-05 18:38:00.2331|DEBUG|Microsoft.AspNetCore.Server.Kestrel.Connections|Connection id "0HN2LBHPL60V5" stopped. 
2024-04-05 18:38:11.7603|DEBUG|Microsoft.AspNetCore.Server.Kestrel.Connections|Connection id "0HN2LBHPL60V6" accepted. 
2024-04-05 18:38:11.7603|DEBUG|Microsoft.AspNetCore.Server.Kestrel.Connections|Connection id "0HN2LBHPL60V6" started. 
2024-04-05 18:38:11.7698|DEBUG|Microsoft.AspNetCore.Server.Kestrel.Https.Internal.HttpsConnectionMiddleware|Connection 0HN2LBHPL60V6 established using the following protocol: Tls13 
2024-04-05 18:38:11.7698|INFO|Microsoft.AspNetCore.Hosting.Diagnostics|Request starting HTTP/1.1 GET https://localhost:7290/api/Auth/Show?token=eyJhbGciOiJodHRwOi8vd3d3LnczLm9yZy8yMDAxLzA0L3htbGRzaWctbW9yZSNobWFjLXNoYTI1NiIsInR5cCI6IkpXVCJ9.eyJodHRwOi8vc2NoZW1hcy54bWxzb2FwLm9yZy93cy8yMDA1LzA1L2lkZW50aXR5L2NsYWltcy9uYW1laWRlbnRpZmllciI6IjRmMjU2ZjU0LTcyNDEtNDk5NS1iZDk2LWViMDc0NDk5NGRlMCIsImh0dHA6Ly9zY2hlbWFzLnhtbHNvYXAub3JnL3dzLzIwMDUvMDUvaWRlbnRpdHkvY2xhaW1zL25hbWUiOiJxd2UiLCJleHAiOjE3MTE5NjYyMTIsImlzcyI6IkxpdFpodSIsImF1ZCI6IkxpdFpodSJ9.0mrwPw0dfQwyC_eLSeeJc0on6h3ETpg5j7CqF6_A3-Y - - - 
2024-04-05 18:38:11.7698|TRACE|Microsoft.AspNetCore.HostFiltering.HostFilteringMiddleware|All hosts are allowed. 
2024-04-05 18:38:11.7873|DEBUG|Microsoft.AspNetCore.Routing.Matching.DfaMatcher|1 candidate(s) found for the request path '/api/Auth/Show' 
2024-04-05 18:38:11.7873|DEBUG|Microsoft.AspNetCore.Routing.Matching.DfaMatcher|Endpoint 'LitZhu.WebApi.Controllers.User.AuthController.ShowAuthUser (LitZhu.WebApi)' with route pattern 'api/Auth/Show' is valid for the request path '/api/Auth/Show' 
2024-04-05 18:38:11.7873|DEBUG|Microsoft.AspNetCore.Routing.EndpointRoutingMiddleware|Request matched endpoint 'LitZhu.WebApi.Controllers.User.AuthController.ShowAuthUser (LitZhu.WebApi)' 
2024-04-05 18:38:11.7873|TRACE|Microsoft.AspNetCore.Routing.EndpointRoutingMiddleware|The endpoint does not specify the IRequestSizeLimitMetadata. 
2024-04-05 18:38:11.7983|DEBUG|Microsoft.AspNetCore.StaticFiles.StaticFileMiddleware|Static files was skipped as the request already matched an endpoint. 
2024-04-05 18:38:11.9071|DEBUG|Microsoft.AspNetCore.Authentication.JwtBearer.JwtBearerHandler|AuthenticationScheme: Bearer was not authenticated. 
2024-04-05 18:38:11.9071|INFO|Microsoft.AspNetCore.Routing.EndpointMiddleware|Executing endpoint 'LitZhu.WebApi.Controllers.User.AuthController.ShowAuthUser (LitZhu.WebApi)' 
2024-04-05 18:38:11.9344|INFO|Microsoft.AspNetCore.Mvc.Infrastructure.ControllerActionInvoker|Route matched with {action = "ShowAuthUser", controller = "Auth"}. Executing controller action with signature Microsoft.AspNetCore.Mvc.IActionResult ShowAuthUser(System.String) on controller LitZhu.WebApi.Controllers.User.AuthController (LitZhu.WebApi). 
2024-04-05 18:38:11.9356|DEBUG|Microsoft.AspNetCore.Mvc.Infrastructure.ControllerActionInvoker|Execution plan of authorization filters (in the following order): None 
2024-04-05 18:38:11.9356|DEBUG|Microsoft.AspNetCore.Mvc.Infrastructure.ControllerActionInvoker|Execution plan of resource filters (in the following order): None 
2024-04-05 18:38:11.9356|DEBUG|Microsoft.AspNetCore.Mvc.Infrastructure.ControllerActionInvoker|Execution plan of action filters (in the following order): Microsoft.AspNetCore.Mvc.ModelBinding.UnsupportedContentTypeFilter (Order: -3000), Microsoft.AspNetCore.Mvc.Infrastructure.ModelStateInvalidFilter (Order: -2000) 
2024-04-05 18:38:11.9356|DEBUG|Microsoft.AspNetCore.Mvc.Infrastructure.ControllerActionInvoker|Execution plan of exception filters (in the following order): None 
2024-04-05 18:38:11.9356|DEBUG|Microsoft.AspNetCore.Mvc.Infrastructure.ControllerActionInvoker|Execution plan of result filters (in the following order): Microsoft.AspNetCore.Mvc.Infrastructure.ClientErrorResultFilter (Order: -2000) 
2024-04-05 18:38:11.9356|DEBUG|Microsoft.AspNetCore.Mvc.Infrastructure.ControllerActionInvoker|Executing controller factory for controller LitZhu.WebApi.Controllers.User.AuthController (LitZhu.WebApi) 
2024-04-05 18:38:12.1958|DEBUG|Microsoft.EntityFrameworkCore.Infrastructure|An additional 'IServiceProvider' was created for internal use by Entity Framework. An existing service provider was not used due to the following configuration changes: configuration changed for 'Core:ConfigureWarnings', configuration added for 'Pomelo.EntityFrameworkCore.MySql:ServerVersion', configuration added for 'Pomelo.EntityFrameworkCore.MySql:DisableBackslashEscaping', configuration added for 'Pomelo.EntityFrameworkCore.MySql:SetSqlModeOnOpen', configuration added for 'Pomelo.EntityFrameworkCore.MySql:DisableLineBreakToCharSubstition', configuration added for 'Pomelo.EntityFrameworkCore.MySql:DefaultDataTypeMappings', configuration added for 'Pomelo.EntityFrameworkCore.MySql:SchemaBehavior', configuration added for 'Pomelo.EntityFrameworkCore.MySql:SchemaNameTranslator', configuration added for 'Pomelo.EntityFrameworkCore.MySql:EnableIndexOptimizedBooleanColumns', configuration added for 'Pomelo.EntityFrameworkCore.MySql:LimitKeyedOrIndexedStringColumnLength', configuration added for 'Pomelo.EntityFrameworkCore.MySql:EnableStringComparisonTranslations', configuration added for 'Pomelo.EntityFrameworkCore.MySql:EnablePrimitiveCollectionsSupport'. 
2024-04-05 18:38:12.7986|DEBUG|Microsoft.EntityFrameworkCore.Model|The index {'UserId'} was not created on entity type 'UserRoles' as the properties are already covered by the index {'UserId', 'RoleId'}. 
2024-04-05 18:38:12.9090|WARN|Microsoft.EntityFrameworkCore.Model.Validation|Entity 'Users' has a global query filter defined and is the required end of a relationship with the entity 'UserAccessFail'. This may lead to unexpected results when the required entity is filtered out. Either configure the navigation as optional, or define matching query filters for both entities in the navigation. See https://go.microsoft.com/fwlink/?linkid=2131316 for more information. 
2024-04-05 18:38:12.9090|WARN|Microsoft.EntityFrameworkCore.Model.Validation|Entity 'Roles' has a global query filter defined and is the required end of a relationship with the entity 'UserRoles'. This may lead to unexpected results when the required entity is filtered out. Either configure the navigation as optional, or define matching query filters for both entities in the navigation. See https://go.microsoft.com/fwlink/?linkid=2131316 for more information. 
2024-04-05 18:38:13.1879|DEBUG|Microsoft.EntityFrameworkCore.Infrastructure|Entity Framework Core 8.0.1 initialized 'UserDbContext' using provider 'Pomelo.EntityFrameworkCore.MySql:8.0.1' with options: ServerVersion=8.0.23-mysql  
2024-04-05 18:38:13.4331|DEBUG|Microsoft.AspNetCore.Mvc.Infrastructure.ControllerActionInvoker|Executed controller factory for controller LitZhu.WebApi.Controllers.User.AuthController (LitZhu.WebApi) 
2024-04-05 18:38:13.4433|DEBUG|Microsoft.AspNetCore.Mvc.ModelBinding.ParameterBinder|Attempting to bind parameter 'token' of type 'System.String' ... 
2024-04-05 18:38:13.4433|DEBUG|Microsoft.AspNetCore.Mvc.ModelBinding.Binders.SimpleTypeModelBinder|Attempting to bind parameter 'token' of type 'System.String' using the name 'token' in request data ... 
2024-04-05 18:38:13.4433|DEBUG|Microsoft.AspNetCore.Mvc.ModelBinding.Binders.SimpleTypeModelBinder|Done attempting to bind parameter 'token' of type 'System.String'. 
2024-04-05 18:38:13.4433|DEBUG|Microsoft.AspNetCore.Mvc.ModelBinding.ParameterBinder|Done attempting to bind parameter 'token' of type 'System.String'. 
2024-04-05 18:38:13.4433|DEBUG|Microsoft.AspNetCore.Mvc.ModelBinding.ParameterBinder|Attempting to validate the bound parameter 'token' of type 'System.String' ... 
2024-04-05 18:38:13.4535|DEBUG|Microsoft.AspNetCore.Mvc.ModelBinding.ParameterBinder|Done attempting to validate the bound parameter 'token' of type 'System.String'. 
2024-04-05 18:38:13.4535|TRACE|Microsoft.AspNetCore.Mvc.Infrastructure.ControllerActionInvoker|Action Filter: Before executing OnActionExecuting on filter Microsoft.AspNetCore.Mvc.ModelBinding.UnsupportedContentTypeFilter. 
2024-04-05 18:38:13.4535|TRACE|Microsoft.AspNetCore.Mvc.Infrastructure.ControllerActionInvoker|Action Filter: After executing OnActionExecuting on filter Microsoft.AspNetCore.Mvc.ModelBinding.UnsupportedContentTypeFilter. 
2024-04-05 18:38:13.4535|TRACE|Microsoft.AspNetCore.Mvc.Infrastructure.ControllerActionInvoker|Action Filter: Before executing OnActionExecuting on filter Microsoft.AspNetCore.Mvc.Infrastructure.ModelStateInvalidFilter. 
2024-04-05 18:38:13.4535|TRACE|Microsoft.AspNetCore.Mvc.Infrastructure.ControllerActionInvoker|Action Filter: After executing OnActionExecuting on filter Microsoft.AspNetCore.Mvc.Infrastructure.ModelStateInvalidFilter. 
2024-04-05 18:38:13.4535|INFO|Microsoft.AspNetCore.Mvc.Infrastructure.ControllerActionInvoker|Executing action method LitZhu.WebApi.Controllers.User.AuthController.ShowAuthUser (LitZhu.WebApi) - Validation state: Valid 
2024-04-05 18:38:13.4535|TRACE|Microsoft.AspNetCore.Mvc.Infrastructure.ControllerActionInvoker|Executing action method LitZhu.WebApi.Controllers.User.AuthController.ShowAuthUser (LitZhu.WebApi) with arguments (eyJhbGciOiJodHRwOi8vd3d3LnczLm9yZy8yMDAxLzA0L3htbGRzaWctbW9yZSNobWFjLXNoYTI1NiIsInR5cCI6IkpXVCJ9.eyJodHRwOi8vc2NoZW1hcy54bWxzb2FwLm9yZy93cy8yMDA1LzA1L2lkZW50aXR5L2NsYWltcy9uYW1laWRlbnRpZmllciI6IjRmMjU2ZjU0LTcyNDEtNDk5NS1iZDk2LWViMDc0NDk5NGRlMCIsImh0dHA6Ly9zY2hlbWFzLnhtbHNvYXAub3JnL3dzLzIwMDUvMDUvaWRlbnRpdHkvY2xhaW1zL25hbWUiOiJxd2UiLCJleHAiOjE3MTE5NjYyMTIsImlzcyI6IkxpdFpodSIsImF1ZCI6IkxpdFpodSJ9.0mrwPw0dfQwyC_eLSeeJc0on6h3ETpg5j7CqF6_A3-Y) 
2024-04-05 18:38:19.6086|TRACE|Microsoft.AspNetCore.Mvc.Infrastructure.ControllerActionInvoker|Action Filter: Before executing OnActionExecuted on filter Microsoft.AspNetCore.Mvc.Infrastructure.ModelStateInvalidFilter. 
2024-04-05 18:38:19.6086|TRACE|Microsoft.AspNetCore.Mvc.Infrastructure.ControllerActionInvoker|Action Filter: After executing OnActionExecuted on filter Microsoft.AspNetCore.Mvc.Infrastructure.ModelStateInvalidFilter. 
2024-04-05 18:38:19.6086|TRACE|Microsoft.AspNetCore.Mvc.Infrastructure.ControllerActionInvoker|Action Filter: Before executing OnActionExecuted on filter Microsoft.AspNetCore.Mvc.ModelBinding.UnsupportedContentTypeFilter. 
2024-04-05 18:38:19.6086|TRACE|Microsoft.AspNetCore.Mvc.Infrastructure.ControllerActionInvoker|Action Filter: After executing OnActionExecuted on filter Microsoft.AspNetCore.Mvc.ModelBinding.UnsupportedContentTypeFilter. 
2024-04-05 18:38:19.6086|INFO|Microsoft.AspNetCore.Mvc.Infrastructure.ControllerActionInvoker|Executed action LitZhu.WebApi.Controllers.User.AuthController.ShowAuthUser (LitZhu.WebApi) in 7675.6066ms 
2024-04-05 18:38:19.6086|INFO|Microsoft.AspNetCore.Routing.EndpointMiddleware|Executed endpoint 'LitZhu.WebApi.Controllers.User.AuthController.ShowAuthUser (LitZhu.WebApi)' 
2024-04-05 18:38:19.6457|ERROR|Microsoft.AspNetCore.Diagnostics.DeveloperExceptionPageMiddleware|An unhandled exception has occurred while executing the request. Microsoft.IdentityModel.Tokens.SecurityTokenExpiredException: IDX10223: Lifetime validation failed. The token is expired. ValidTo (UTC): '2024/4/1 10:10:12', Current time (UTC): '2024/4/5 10:38:13'.
   at Microsoft.IdentityModel.Tokens.Validators.ValidateLifetime(Nullable`1 notBefore, Nullable`1 expires, SecurityToken securityToken, TokenValidationParameters validationParameters)
   at System.IdentityModel.Tokens.Jwt.JwtSecurityTokenHandler.ValidateLifetime(Nullable`1 notBefore, Nullable`1 expires, JwtSecurityToken jwtToken, TokenValidationParameters validationParameters)
   at System.IdentityModel.Tokens.Jwt.JwtSecurityTokenHandler.ValidateTokenPayload(JwtSecurityToken jwtToken, TokenValidationParameters validationParameters, BaseConfiguration configuration)
   at System.IdentityModel.Tokens.Jwt.JwtSecurityTokenHandler.ValidateJWS(String token, TokenValidationParameters validationParameters, BaseConfiguration currentConfiguration, SecurityToken& signatureValidatedToken, ExceptionDispatchInfo& exceptionThrown)
--- End of stack trace from previous location ---
   at System.IdentityModel.Tokens.Jwt.JwtSecurityTokenHandler.ValidateToken(String token, JwtSecurityToken outerToken, TokenValidationParameters validationParameters, SecurityToken& signatureValidatedToken)
   at System.IdentityModel.Tokens.Jwt.JwtSecurityTokenHandler.ValidateToken(String token, TokenValidationParameters validationParameters, SecurityToken& validatedToken)
   at LitZhu.JWT.JwtService.ParseToken(String token, JWTOptions jwtOpt) in D:\Desktop\website\litzhu\LitZhu_backend\Commons\LitZhu.JWT\JwtService.cs:line 42
   at User.Domain.UserDomainService.ParseToken(String token) in D:\Desktop\website\litzhu\LitZhu_backend\User.Domain\UserDomainService.cs:line 176
   at LitZhu.WebApi.Controllers.User.AuthController.ShowAuthUser(String token) in D:\Desktop\website\litzhu\LitZhu_backend\LitZhu.WebApi\Controllers\User\AuthController.cs:line 120
   at lambda_method14(Closure, Object, Object[])
   at Microsoft.AspNetCore.Mvc.Infrastructure.ActionMethodExecutor.SyncActionResultExecutor.Execute(ActionContext actionContext, IActionResultTypeMapper mapper, ObjectMethodExecutor executor, Object controller, Object[] arguments)
   at Microsoft.AspNetCore.Mvc.Infrastructure.ControllerActionInvoker.<InvokeActionMethodAsync>g__Logged|12_1(ControllerActionInvoker invoker)
   at Microsoft.AspNetCore.Mvc.Infrastructure.ControllerActionInvoker.<InvokeNextActionFilterAsync>g__Awaited|10_0(ControllerActionInvoker invoker, Task lastTask, State next, Scope scope, Object state, Boolean isCompleted)
   at Microsoft.AspNetCore.Mvc.Infrastructure.ControllerActionInvoker.Rethrow(ActionExecutedContextSealed context)
   at Microsoft.AspNetCore.Mvc.Infrastructure.ControllerActionInvoker.Next(State& next, Scope& scope, Object& state, Boolean& isCompleted)
   at Microsoft.AspNetCore.Mvc.Infrastructure.ControllerActionInvoker.InvokeInnerFilterAsync()
--- End of stack trace from previous location ---
   at Microsoft.AspNetCore.Mvc.Infrastructure.ResourceInvoker.<InvokeFilterPipelineAsync>g__Awaited|20_0(ResourceInvoker invoker, Task lastTask, State next, Scope scope, Object state, Boolean isCompleted)
   at Microsoft.AspNetCore.Mvc.Infrastructure.ResourceInvoker.<InvokeAsync>g__Logged|17_1(ResourceInvoker invoker)
   at Microsoft.AspNetCore.Mvc.Infrastructure.ResourceInvoker.<InvokeAsync>g__Logged|17_1(ResourceInvoker invoker)
   at Microsoft.AspNetCore.Routing.EndpointMiddleware.<Invoke>g__AwaitRequestTask|7_0(Endpoint endpoint, Task requestTask, ILogger logger)
   at Microsoft.AspNetCore.Authorization.AuthorizationMiddleware.Invoke(HttpContext context)
   at Microsoft.AspNetCore.Authentication.AuthenticationMiddleware.Invoke(HttpContext context)
   at Swashbuckle.AspNetCore.SwaggerUI.SwaggerUIMiddleware.Invoke(HttpContext httpContext)
   at Swashbuckle.AspNetCore.Swagger.SwaggerMiddleware.Invoke(HttpContext httpContext, ISwaggerProvider swaggerProvider)
   at Microsoft.AspNetCore.Diagnostics.DeveloperExceptionPageMiddlewareImpl.Invoke(HttpContext context)
2024-04-05 18:38:19.6718|DEBUG|Microsoft.AspNetCore.Server.Kestrel.Connections|Connection id "0HN2LBHPL60V6" completed keep alive response. 
2024-04-05 18:38:19.6718|DEBUG|Microsoft.EntityFrameworkCore.Infrastructure|'UserDbContext' disposed. 
2024-04-05 18:38:19.6718|INFO|Microsoft.AspNetCore.Hosting.Diagnostics|Request finished HTTP/1.1 GET https://localhost:7290/api/Auth/Show?token=eyJhbGciOiJodHRwOi8vd3d3LnczLm9yZy8yMDAxLzA0L3htbGRzaWctbW9yZSNobWFjLXNoYTI1NiIsInR5cCI6IkpXVCJ9.eyJodHRwOi8vc2NoZW1hcy54bWxzb2FwLm9yZy93cy8yMDA1LzA1L2lkZW50aXR5L2NsYWltcy9uYW1laWRlbnRpZmllciI6IjRmMjU2ZjU0LTcyNDEtNDk5NS1iZDk2LWViMDc0NDk5NGRlMCIsImh0dHA6Ly9zY2hlbWFzLnhtbHNvYXAub3JnL3dzLzIwMDUvMDUvaWRlbnRpdHkvY2xhaW1zL25hbWUiOiJxd2UiLCJleHAiOjE3MTE5NjYyMTIsImlzcyI6IkxpdFpodSIsImF1ZCI6IkxpdFpodSJ9.0mrwPw0dfQwyC_eLSeeJc0on6h3ETpg5j7CqF6_A3-Y - 500 - text/plain;+charset=utf-8 7904.4471ms 
2024-04-05 18:38:19.6861|DEBUG|Microsoft.AspNetCore.Server.Kestrel.Transport.Sockets|Connection id "0HN2LBHPL60V6" received FIN. 
2024-04-05 18:38:19.6861|DEBUG|Microsoft.AspNetCore.Server.Kestrel.Transport.Sockets|Connection id "0HN2LBHPL60V6" sending FIN because: "The Socket transport's send loop completed gracefully." 
2024-04-05 18:38:19.6861|DEBUG|Microsoft.AspNetCore.Server.Kestrel.Connections|Connection id "0HN2LBHPL60V6" disconnecting. 
2024-04-05 18:38:19.6861|DEBUG|Microsoft.AspNetCore.Server.Kestrel.Connections|Connection id "0HN2LBHPL60V6" stopped. 
2024-04-05 18:38:23.7776|DEBUG|Microsoft.AspNetCore.Server.Kestrel.Connections|Connection id "0HN2LBHPL60V7" accepted. 
2024-04-05 18:38:23.7776|DEBUG|Microsoft.AspNetCore.Server.Kestrel.Connections|Connection id "0HN2LBHPL60V7" started. 
2024-04-05 18:38:23.8234|DEBUG|Microsoft.AspNetCore.Server.Kestrel.Https.Internal.HttpsConnectionMiddleware|Connection 0HN2LBHPL60V7 established using the following protocol: Tls13 
2024-04-05 18:38:23.8234|INFO|Microsoft.AspNetCore.Hosting.Diagnostics|Request starting HTTP/1.1 POST https://localhost:7290/api/Auth/Login - application/json 47 
2024-04-05 18:38:23.8234|TRACE|Microsoft.AspNetCore.HostFiltering.HostFilteringMiddleware|All hosts are allowed. 
2024-04-05 18:38:23.8320|DEBUG|Microsoft.AspNetCore.Routing.Matching.DfaMatcher|1 candidate(s) found for the request path '/api/Auth/Login' 
2024-04-05 18:38:23.8320|DEBUG|Microsoft.AspNetCore.Routing.Matching.DfaMatcher|Endpoint 'LitZhu.WebApi.Controllers.User.AuthController.VerifyLoginUsernamePassword (LitZhu.WebApi)' with route pattern 'api/Auth/Login' is valid for the request path '/api/Auth/Login' 
2024-04-05 18:38:23.8320|DEBUG|Microsoft.AspNetCore.Routing.EndpointRoutingMiddleware|Request matched endpoint 'LitZhu.WebApi.Controllers.User.AuthController.VerifyLoginUsernamePassword (LitZhu.WebApi)' 
2024-04-05 18:38:23.8320|TRACE|Microsoft.AspNetCore.Routing.EndpointRoutingMiddleware|The endpoint does not specify the IRequestSizeLimitMetadata. 
2024-04-05 18:38:23.8320|DEBUG|Microsoft.AspNetCore.StaticFiles.StaticFileMiddleware|Static files was skipped as the request already matched an endpoint. 
2024-04-05 18:38:23.8320|DEBUG|Microsoft.AspNetCore.Authentication.JwtBearer.JwtBearerHandler|AuthenticationScheme: Bearer was not authenticated. 
2024-04-05 18:38:23.8320|INFO|Microsoft.AspNetCore.Routing.EndpointMiddleware|Executing endpoint 'LitZhu.WebApi.Controllers.User.AuthController.VerifyLoginUsernamePassword (LitZhu.WebApi)' 
2024-04-05 18:38:23.8514|INFO|Microsoft.AspNetCore.Mvc.Infrastructure.ControllerActionInvoker|Route matched with {action = "VerifyLoginUsernamePassword", controller = "Auth"}. Executing controller action with signature System.Threading.Tasks.Task`1[Microsoft.AspNetCore.Mvc.ActionResult`1[System.String]] VerifyLoginUsernamePassword(LitZhu.WebApi.Controllers.User.VerifyLoginUsernamePasswordRequest) on controller LitZhu.WebApi.Controllers.User.AuthController (LitZhu.WebApi). 
2024-04-05 18:38:23.8514|DEBUG|Microsoft.AspNetCore.Mvc.Infrastructure.ControllerActionInvoker|Execution plan of authorization filters (in the following order): None 
2024-04-05 18:38:23.8514|DEBUG|Microsoft.AspNetCore.Mvc.Infrastructure.ControllerActionInvoker|Execution plan of resource filters (in the following order): None 
2024-04-05 18:38:23.8514|DEBUG|Microsoft.AspNetCore.Mvc.Infrastructure.ControllerActionInvoker|Execution plan of action filters (in the following order): Microsoft.AspNetCore.Mvc.ModelBinding.UnsupportedContentTypeFilter (Order: -3000), Microsoft.AspNetCore.Mvc.Infrastructure.ModelStateInvalidFilter (Order: -2000) 
2024-04-05 18:38:23.8514|DEBUG|Microsoft.AspNetCore.Mvc.Infrastructure.ControllerActionInvoker|Execution plan of exception filters (in the following order): None 
2024-04-05 18:38:23.8514|DEBUG|Microsoft.AspNetCore.Mvc.Infrastructure.ControllerActionInvoker|Execution plan of result filters (in the following order): Microsoft.AspNetCore.Mvc.Infrastructure.ClientErrorResultFilter (Order: -2000) 
2024-04-05 18:38:23.8514|DEBUG|Microsoft.AspNetCore.Mvc.Infrastructure.ControllerActionInvoker|Executing controller factory for controller LitZhu.WebApi.Controllers.User.AuthController (LitZhu.WebApi) 
2024-04-05 18:38:23.9034|DEBUG|Microsoft.EntityFrameworkCore.Infrastructure|Entity Framework Core 8.0.1 initialized 'UserDbContext' using provider 'Pomelo.EntityFrameworkCore.MySql:8.0.1' with options: ServerVersion=8.0.23-mysql  
2024-04-05 18:38:23.9034|DEBUG|Microsoft.AspNetCore.Mvc.Infrastructure.ControllerActionInvoker|Executed controller factory for controller LitZhu.WebApi.Controllers.User.AuthController (LitZhu.WebApi) 
2024-04-05 18:38:23.9034|DEBUG|Microsoft.AspNetCore.Mvc.ModelBinding.ParameterBinder|Attempting to bind parameter 'req' of type 'LitZhu.WebApi.Controllers.User.VerifyLoginUsernamePasswordRequest' ... 
2024-04-05 18:38:23.9034|DEBUG|Microsoft.AspNetCore.Mvc.ModelBinding.Binders.BodyModelBinder|Attempting to bind parameter 'req' of type 'LitZhu.WebApi.Controllers.User.VerifyLoginUsernamePasswordRequest' using the name '' in request data ... 
2024-04-05 18:38:23.9034|DEBUG|Microsoft.AspNetCore.Mvc.ModelBinding.Binders.BodyModelBinder|Rejected input formatter 'Microsoft.AspNetCore.Mvc.Formatters.NewtonsoftJsonPatchInputFormatter' for content type 'application/json'. 
2024-04-05 18:38:23.9117|DEBUG|Microsoft.AspNetCore.Mvc.ModelBinding.Binders.BodyModelBinder|Selected input formatter 'Microsoft.AspNetCore.Mvc.Formatters.NewtonsoftJsonInputFormatter' for content type 'application/json'. 
2024-04-05 18:38:23.9117|DEBUG|Microsoft.AspNetCore.Server.Kestrel|Connection id "0HN2LBHPL60V7", Request id "0HN2LBHPL60V7:00000001": started reading request body. 
2024-04-05 18:38:23.9117|DEBUG|Microsoft.AspNetCore.Server.Kestrel|Connection id "0HN2LBHPL60V7", Request id "0HN2LBHPL60V7:00000001": done reading request body. 
2024-04-05 18:38:24.1109|DEBUG|Microsoft.AspNetCore.Mvc.ModelBinding.Binders.BodyModelBinder|Done attempting to bind parameter 'req' of type 'LitZhu.WebApi.Controllers.User.VerifyLoginUsernamePasswordRequest'. 
2024-04-05 18:38:24.1109|DEBUG|Microsoft.AspNetCore.Mvc.ModelBinding.ParameterBinder|Done attempting to bind parameter 'req' of type 'LitZhu.WebApi.Controllers.User.VerifyLoginUsernamePasswordRequest'. 
2024-04-05 18:38:24.1109|DEBUG|Microsoft.AspNetCore.Mvc.ModelBinding.ParameterBinder|Attempting to validate the bound parameter 'req' of type 'LitZhu.WebApi.Controllers.User.VerifyLoginUsernamePasswordRequest' ... 
2024-04-05 18:38:24.1156|DEBUG|Microsoft.AspNetCore.Mvc.ModelBinding.ParameterBinder|Done attempting to validate the bound parameter 'req' of type 'LitZhu.WebApi.Controllers.User.VerifyLoginUsernamePasswordRequest'. 
2024-04-05 18:38:24.1156|TRACE|Microsoft.AspNetCore.Mvc.Infrastructure.ControllerActionInvoker|Action Filter: Before executing OnActionExecuting on filter Microsoft.AspNetCore.Mvc.ModelBinding.UnsupportedContentTypeFilter. 
2024-04-05 18:38:24.1156|TRACE|Microsoft.AspNetCore.Mvc.Infrastructure.ControllerActionInvoker|Action Filter: After executing OnActionExecuting on filter Microsoft.AspNetCore.Mvc.ModelBinding.UnsupportedContentTypeFilter. 
2024-04-05 18:38:24.1156|TRACE|Microsoft.AspNetCore.Mvc.Infrastructure.ControllerActionInvoker|Action Filter: Before executing OnActionExecuting on filter Microsoft.AspNetCore.Mvc.Infrastructure.ModelStateInvalidFilter. 
2024-04-05 18:38:24.1156|TRACE|Microsoft.AspNetCore.Mvc.Infrastructure.ControllerActionInvoker|Action Filter: After executing OnActionExecuting on filter Microsoft.AspNetCore.Mvc.Infrastructure.ModelStateInvalidFilter. 
2024-04-05 18:38:24.1156|INFO|Microsoft.AspNetCore.Mvc.Infrastructure.ControllerActionInvoker|Executing action method LitZhu.WebApi.Controllers.User.AuthController.VerifyLoginUsernamePassword (LitZhu.WebApi) - Validation state: Valid 
2024-04-05 18:38:24.1156|TRACE|Microsoft.AspNetCore.Mvc.Infrastructure.ControllerActionInvoker|Executing action method LitZhu.WebApi.Controllers.User.AuthController.VerifyLoginUsernamePassword (LitZhu.WebApi) with arguments (VerifyLoginUsernamePasswordRequest { Username = qwe, Password = qwe }) 
2024-04-05 18:38:24.2107|DEBUG|Microsoft.EntityFrameworkCore.Query|Compiling query expression: 
'DbSet<Users>()
    .Include(x => x.UserAccessFail)
    .Include(x => x.UserRoles)
    .ThenInclude(ur => ur.Roles)
    .FirstOrDefault(x => x.Username == __username_0)' 
2024-04-05 18:38:24.3820|DEBUG|Microsoft.EntityFrameworkCore.Query|Including navigation: 'Users.UserAccessFail'. 
2024-04-05 18:38:24.3820|DEBUG|Microsoft.EntityFrameworkCore.Query|Including navigation: 'Users.UserRoles'. 
2024-04-05 18:38:24.3955|DEBUG|Microsoft.EntityFrameworkCore.Query|Including navigation: 'UserRoles.Roles'. 
2024-04-05 18:38:24.7722|DEBUG|Microsoft.EntityFrameworkCore.Query|Generated query execution expression: 
'queryContext => ShapedQueryCompilingExpressionVisitor.SingleOrDefaultAsync<Users>(
    asyncEnumerable: new SingleQueryingEnumerable<Users>(
        (RelationalQueryContext)queryContext, 
        RelationalCommandCache.QueryExpression(
            Client Projections:
                0 -> Dictionary<IProperty, int> { [Property: Users.Id (Guid) Required PK AfterSave:Throw ValueGenerated.OnAdd, 0], [Property: Users.Avatar (string), 1], [Property: Users.CreationTime (DateTime) Required, 2], [Property: Users.DeletionTime (DateTime?), 3], [Property: Users.Email (string), 4], [Property: Users.Gender (Gender) Required, 5], [Property: Users.IsDeleted (bool) Required Index, 6], [Property: Users.LastModificationTime (DateTime?), 7], [Property: Users.Password (string) Required MaxLength(100) ANSI, 8], [Property: Users.Phone (string), 9], [Property: Users.Username (string) Required Index MaxLength(10), 10] }
                1 -> Dictionary<IProperty, int> { [Property: UserAccessFail.Id (Guid) Required PK AfterSave:Throw ValueGenerated.OnAdd, 11], [Property: UserAccessFail.AccessFailedCount (int) Required, 12], [Property: UserAccessFail.CreationTime (DateTime) Required, 13], [Property: UserAccessFail.IsLockOut (bool) Required, 14], [Property: UserAccessFail.LockOutEnd (DateTime?), 15], [Property: UserAccessFail.UserId (Guid) Required FK Index, 16] }
                2 -> 0
                3 -> 11
                4 -> Dictionary<IProperty, int> { [Property: UserRoles.UserId (Guid) Required PK FK AfterSave:Throw, 17], [Property: UserRoles.RoleId (Guid) Required PK FK Index AfterSave:Throw, 18] }
                5 -> Dictionary<IProperty, int> { [Property: Roles.Id (Guid) Required PK AfterSave:Throw ValueGenerated.OnAdd, 19], [Property: Roles.CreationTime (DateTime) Required, 20], [Property: Roles.DeletionTime (DateTime?), 21], [Property: Roles.IsDeleted (bool) Required Index, 22], [Property: Roles.LastModificationTime (DateTime?), 23], [Property: Roles.RoleDesc (string) Required, 24], [Property: Roles.RoleName (string) Required MaxLength(10), 25] }
                6 -> 17
                7 -> 18
                8 -> 19
            SELECT t.Id, t.Avatar, t.CreationTime, t.DeletionTime, t.Email, t.Gender, t.IsDeleted, t.LastModificationTime, t.Password, t.Phone, t.Username, t.Id0, t.AccessFailedCount, t.CreationTime0, t.IsLockOut, t.LockOutEnd, t.UserId, t0.UserId, t0.RoleId, t0.Id, t0.CreationTime, t0.DeletionTime, t0.IsDeleted, t0.LastModificationTime, t0.RoleDesc, t0.RoleName
            FROM 
            (
                SELECT TOP(1) u.Id, u.Avatar, u.CreationTime, u.DeletionTime, u.Email, u.Gender, u.IsDeleted, u.LastModificationTime, u.Password, u.Phone, u.Username, u0.Id AS Id0, u0.AccessFailedCount, u0.CreationTime AS CreationTime0, u0.IsLockOut, u0.LockOutEnd, u0.UserId
                FROM Users AS u
                LEFT JOIN UserAccessFails AS u0 ON u.Id == u0.UserId
                WHERE (u.IsDeleted == FALSE) && (u.Username == @__username_0)
            ) AS t
            LEFT JOIN 
            (
                SELECT u1.UserId, u1.RoleId, t1.Id, t1.CreationTime, t1.DeletionTime, t1.IsDeleted, t1.LastModificationTime, t1.RoleDesc, t1.RoleName
                FROM Users_Roles AS u1
                INNER JOIN 
                (
                    SELECT r.Id, r.CreationTime, r.DeletionTime, r.IsDeleted, r.LastModificationTime, r.RoleDesc, r.RoleName
                    FROM Roles AS r
                    WHERE r.IsDeleted == FALSE
                ) AS t1 ON u1.RoleId == t1.Id
            ) AS t0 ON t.Id == t0.UserId
            ORDER BY t.Id ASC, t.Id0 ASC, t0.UserId ASC, t0.RoleId ASC), 
        null, 
        Func<QueryContext, DbDataReader, ResultContext, SingleQueryResultCoordinator, Users>, 
        User.Infrastructure.UserDbContext, 
        False, 
        False, 
        True
    ), 
    cancellationToken: queryContext.CancellationToken)' 
2024-04-05 18:38:24.8163|DEBUG|Microsoft.EntityFrameworkCore.Database.Connection|Creating DbConnection. 
2024-04-05 18:38:24.8275|DEBUG|Microsoft.EntityFrameworkCore.Database.Connection|Created DbConnection. (6ms). 
2024-04-05 18:38:24.8443|DEBUG|Microsoft.EntityFrameworkCore.Database.Connection|Opening connection to database 'LitZhu' on server 'localhost'. 
2024-04-05 18:38:24.9886|DEBUG|Microsoft.EntityFrameworkCore.Database.Connection|Opened connection to database 'LitZhu' on server 'localhost'. 
2024-04-05 18:38:24.9886|DEBUG|Microsoft.EntityFrameworkCore.Database.Command|Creating DbCommand for 'ExecuteReader'. 
2024-04-05 18:38:24.9886|DEBUG|Microsoft.EntityFrameworkCore.Database.Command|Created DbCommand for 'ExecuteReader' (3ms). 
2024-04-05 18:38:25.0184|DEBUG|Microsoft.EntityFrameworkCore.Database.Command|Initialized DbCommand for 'ExecuteReader' (24ms). 
2024-04-05 18:38:25.0262|DEBUG|Microsoft.EntityFrameworkCore.Database.Command|Executing DbCommand [Parameters=[@__username_0='?' (Size = 10)], CommandType='Text', CommandTimeout='30']
SELECT `t`.`Id`, `t`.`Avatar`, `t`.`CreationTime`, `t`.`DeletionTime`, `t`.`Email`, `t`.`Gender`, `t`.`IsDeleted`, `t`.`LastModificationTime`, `t`.`Password`, `t`.`Phone`, `t`.`Username`, `t`.`Id0`, `t`.`AccessFailedCount`, `t`.`CreationTime0`, `t`.`IsLockOut`, `t`.`LockOutEnd`, `t`.`UserId`, `t0`.`UserId`, `t0`.`RoleId`, `t0`.`Id`, `t0`.`CreationTime`, `t0`.`DeletionTime`, `t0`.`IsDeleted`, `t0`.`LastModificationTime`, `t0`.`RoleDesc`, `t0`.`RoleName`
FROM (
    SELECT `u`.`Id`, `u`.`Avatar`, `u`.`CreationTime`, `u`.`DeletionTime`, `u`.`Email`, `u`.`Gender`, `u`.`IsDeleted`, `u`.`LastModificationTime`, `u`.`Password`, `u`.`Phone`, `u`.`Username`, `u0`.`Id` AS `Id0`, `u0`.`AccessFailedCount`, `u0`.`CreationTime` AS `CreationTime0`, `u0`.`IsLockOut`, `u0`.`LockOutEnd`, `u0`.`UserId`
    FROM `Users` AS `u`
    LEFT JOIN `UserAccessFails` AS `u0` ON `u`.`Id` = `u0`.`UserId`
    WHERE NOT (`u`.`IsDeleted`) AND (`u`.`Username` = @__username_0)
    LIMIT 1
) AS `t`
LEFT JOIN (
    SELECT `u1`.`UserId`, `u1`.`RoleId`, `t1`.`Id`, `t1`.`CreationTime`, `t1`.`DeletionTime`, `t1`.`IsDeleted`, `t1`.`LastModificationTime`, `t1`.`RoleDesc`, `t1`.`RoleName`
    FROM `Users_Roles` AS `u1`
    INNER JOIN (
        SELECT `r`.`Id`, `r`.`CreationTime`, `r`.`DeletionTime`, `r`.`IsDeleted`, `r`.`LastModificationTime`, `r`.`RoleDesc`, `r`.`RoleName`
        FROM `Roles` AS `r`
        WHERE NOT (`r`.`IsDeleted`)
    ) AS `t1` ON `u1`.`RoleId` = `t1`.`Id`
) AS `t0` ON `t`.`Id` = `t0`.`UserId`
ORDER BY `t`.`Id`, `t`.`Id0`, `t0`.`UserId`, `t0`.`RoleId` 
2024-04-05 18:38:25.1260|INFO|Microsoft.EntityFrameworkCore.Database.Command|Executed DbCommand (92ms) [Parameters=[@__username_0='?' (Size = 10)], CommandType='Text', CommandTimeout='30']
SELECT `t`.`Id`, `t`.`Avatar`, `t`.`CreationTime`, `t`.`DeletionTime`, `t`.`Email`, `t`.`Gender`, `t`.`IsDeleted`, `t`.`LastModificationTime`, `t`.`Password`, `t`.`Phone`, `t`.`Username`, `t`.`Id0`, `t`.`AccessFailedCount`, `t`.`CreationTime0`, `t`.`IsLockOut`, `t`.`LockOutEnd`, `t`.`UserId`, `t0`.`UserId`, `t0`.`RoleId`, `t0`.`Id`, `t0`.`CreationTime`, `t0`.`DeletionTime`, `t0`.`IsDeleted`, `t0`.`LastModificationTime`, `t0`.`RoleDesc`, `t0`.`RoleName`
FROM (
    SELECT `u`.`Id`, `u`.`Avatar`, `u`.`CreationTime`, `u`.`DeletionTime`, `u`.`Email`, `u`.`Gender`, `u`.`IsDeleted`, `u`.`LastModificationTime`, `u`.`Password`, `u`.`Phone`, `u`.`Username`, `u0`.`Id` AS `Id0`, `u0`.`AccessFailedCount`, `u0`.`CreationTime` AS `CreationTime0`, `u0`.`IsLockOut`, `u0`.`LockOutEnd`, `u0`.`UserId`
    FROM `Users` AS `u`
    LEFT JOIN `UserAccessFails` AS `u0` ON `u`.`Id` = `u0`.`UserId`
    WHERE NOT (`u`.`IsDeleted`) AND (`u`.`Username` = @__username_0)
    LIMIT 1
) AS `t`
LEFT JOIN (
    SELECT `u1`.`UserId`, `u1`.`RoleId`, `t1`.`Id`, `t1`.`CreationTime`, `t1`.`DeletionTime`, `t1`.`IsDeleted`, `t1`.`LastModificationTime`, `t1`.`RoleDesc`, `t1`.`RoleName`
    FROM `Users_Roles` AS `u1`
    INNER JOIN (
        SELECT `r`.`Id`, `r`.`CreationTime`, `r`.`DeletionTime`, `r`.`IsDeleted`, `r`.`LastModificationTime`, `r`.`RoleDesc`, `r`.`RoleName`
        FROM `Roles` AS `r`
        WHERE NOT (`r`.`IsDeleted`)
    ) AS `t1` ON `u1`.`RoleId` = `t1`.`Id`
) AS `t0` ON `t`.`Id` = `t0`.`UserId`
ORDER BY `t`.`Id`, `t`.`Id0`, `t0`.`UserId`, `t0`.`RoleId` 
2024-04-05 18:38:25.1947|DEBUG|Microsoft.EntityFrameworkCore.ChangeTracking|Context 'UserDbContext' started tracking 'Users' entity. Consider using 'DbContextOptionsBuilder.EnableSensitiveDataLogging' to see key values. 
2024-04-05 18:38:25.2544|DEBUG|Microsoft.EntityFrameworkCore.ChangeTracking|The navigation 'Users.UserAccessFail' was detected as changed. Consider using 'DbContextOptionsBuilder.EnableSensitiveDataLogging' to see key values. 
2024-04-05 18:38:25.2544|DEBUG|Microsoft.EntityFrameworkCore.ChangeTracking|Context 'UserDbContext' started tracking 'UserAccessFail' entity. Consider using 'DbContextOptionsBuilder.EnableSensitiveDataLogging' to see key values. 
2024-04-05 18:38:25.2805|DEBUG|Microsoft.EntityFrameworkCore.Database.Command|Closing data reader to 'LitZhu' on server 'localhost'. 
2024-04-05 18:38:25.2896|DEBUG|Microsoft.EntityFrameworkCore.Database.Command|A data reader for 'LitZhu' on server 'localhost' is being disposed after spending 158ms reading results. 
2024-04-05 18:38:25.2896|DEBUG|Microsoft.EntityFrameworkCore.Database.Connection|Closing connection to database 'LitZhu' on server 'localhost'. 
2024-04-05 18:38:25.2896|DEBUG|Microsoft.EntityFrameworkCore.Database.Connection|Closed connection to database 'LitZhu' on server 'localhost' (4ms). 
2024-04-05 18:38:25.3146|DEBUG|Microsoft.EntityFrameworkCore.Database.Connection|Opening connection to database 'LitZhu' on server 'localhost'. 
2024-04-05 18:38:25.3274|DEBUG|Microsoft.EntityFrameworkCore.Database.Connection|Opened connection to database 'LitZhu' on server 'localhost'. 
2024-04-05 18:38:25.3274|DEBUG|Microsoft.EntityFrameworkCore.Database.Command|Creating DbCommand for 'ExecuteReader'. 
2024-04-05 18:38:25.3274|DEBUG|Microsoft.EntityFrameworkCore.Database.Command|Created DbCommand for 'ExecuteReader' (0ms). 
2024-04-05 18:38:25.3274|DEBUG|Microsoft.EntityFrameworkCore.Database.Command|Initialized DbCommand for 'ExecuteReader' (0ms). 
2024-04-05 18:38:25.3274|DEBUG|Microsoft.EntityFrameworkCore.Database.Command|Executing DbCommand [Parameters=[@__username_0='?' (Size = 10)], CommandType='Text', CommandTimeout='30']
SELECT `t`.`Id`, `t`.`Avatar`, `t`.`CreationTime`, `t`.`DeletionTime`, `t`.`Email`, `t`.`Gender`, `t`.`IsDeleted`, `t`.`LastModificationTime`, `t`.`Password`, `t`.`Phone`, `t`.`Username`, `t`.`Id0`, `t`.`AccessFailedCount`, `t`.`CreationTime0`, `t`.`IsLockOut`, `t`.`LockOutEnd`, `t`.`UserId`, `t0`.`UserId`, `t0`.`RoleId`, `t0`.`Id`, `t0`.`CreationTime`, `t0`.`DeletionTime`, `t0`.`IsDeleted`, `t0`.`LastModificationTime`, `t0`.`RoleDesc`, `t0`.`RoleName`
FROM (
    SELECT `u`.`Id`, `u`.`Avatar`, `u`.`CreationTime`, `u`.`DeletionTime`, `u`.`Email`, `u`.`Gender`, `u`.`IsDeleted`, `u`.`LastModificationTime`, `u`.`Password`, `u`.`Phone`, `u`.`Username`, `u0`.`Id` AS `Id0`, `u0`.`AccessFailedCount`, `u0`.`CreationTime` AS `CreationTime0`, `u0`.`IsLockOut`, `u0`.`LockOutEnd`, `u0`.`UserId`
    FROM `Users` AS `u`
    LEFT JOIN `UserAccessFails` AS `u0` ON `u`.`Id` = `u0`.`UserId`
    WHERE NOT (`u`.`IsDeleted`) AND (`u`.`Username` = @__username_0)
    LIMIT 1
) AS `t`
LEFT JOIN (
    SELECT `u1`.`UserId`, `u1`.`RoleId`, `t1`.`Id`, `t1`.`CreationTime`, `t1`.`DeletionTime`, `t1`.`IsDeleted`, `t1`.`LastModificationTime`, `t1`.`RoleDesc`, `t1`.`RoleName`
    FROM `Users_Roles` AS `u1`
    INNER JOIN (
        SELECT `r`.`Id`, `r`.`CreationTime`, `r`.`DeletionTime`, `r`.`IsDeleted`, `r`.`LastModificationTime`, `r`.`RoleDesc`, `r`.`RoleName`
        FROM `Roles` AS `r`
        WHERE NOT (`r`.`IsDeleted`)
    ) AS `t1` ON `u1`.`RoleId` = `t1`.`Id`
) AS `t0` ON `t`.`Id` = `t0`.`UserId`
ORDER BY `t`.`Id`, `t`.`Id0`, `t0`.`UserId`, `t0`.`RoleId` 
2024-04-05 18:38:25.3274|INFO|Microsoft.EntityFrameworkCore.Database.Command|Executed DbCommand (3ms) [Parameters=[@__username_0='?' (Size = 10)], CommandType='Text', CommandTimeout='30']
SELECT `t`.`Id`, `t`.`Avatar`, `t`.`CreationTime`, `t`.`DeletionTime`, `t`.`Email`, `t`.`Gender`, `t`.`IsDeleted`, `t`.`LastModificationTime`, `t`.`Password`, `t`.`Phone`, `t`.`Username`, `t`.`Id0`, `t`.`AccessFailedCount`, `t`.`CreationTime0`, `t`.`IsLockOut`, `t`.`LockOutEnd`, `t`.`UserId`, `t0`.`UserId`, `t0`.`RoleId`, `t0`.`Id`, `t0`.`CreationTime`, `t0`.`DeletionTime`, `t0`.`IsDeleted`, `t0`.`LastModificationTime`, `t0`.`RoleDesc`, `t0`.`RoleName`
FROM (
    SELECT `u`.`Id`, `u`.`Avatar`, `u`.`CreationTime`, `u`.`DeletionTime`, `u`.`Email`, `u`.`Gender`, `u`.`IsDeleted`, `u`.`LastModificationTime`, `u`.`Password`, `u`.`Phone`, `u`.`Username`, `u0`.`Id` AS `Id0`, `u0`.`AccessFailedCount`, `u0`.`CreationTime` AS `CreationTime0`, `u0`.`IsLockOut`, `u0`.`LockOutEnd`, `u0`.`UserId`
    FROM `Users` AS `u`
    LEFT JOIN `UserAccessFails` AS `u0` ON `u`.`Id` = `u0`.`UserId`
    WHERE NOT (`u`.`IsDeleted`) AND (`u`.`Username` = @__username_0)
    LIMIT 1
) AS `t`
LEFT JOIN (
    SELECT `u1`.`UserId`, `u1`.`RoleId`, `t1`.`Id`, `t1`.`CreationTime`, `t1`.`DeletionTime`, `t1`.`IsDeleted`, `t1`.`LastModificationTime`, `t1`.`RoleDesc`, `t1`.`RoleName`
    FROM `Users_Roles` AS `u1`
    INNER JOIN (
        SELECT `r`.`Id`, `r`.`CreationTime`, `r`.`DeletionTime`, `r`.`IsDeleted`, `r`.`LastModificationTime`, `r`.`RoleDesc`, `r`.`RoleName`
        FROM `Roles` AS `r`
        WHERE NOT (`r`.`IsDeleted`)
    ) AS `t1` ON `u1`.`RoleId` = `t1`.`Id`
) AS `t0` ON `t`.`Id` = `t0`.`UserId`
ORDER BY `t`.`Id`, `t`.`Id0`, `t0`.`UserId`, `t0`.`RoleId` 
2024-04-05 18:38:25.3274|DEBUG|Microsoft.EntityFrameworkCore.Database.Command|Closing data reader to 'LitZhu' on server 'localhost'. 
2024-04-05 18:38:25.3274|DEBUG|Microsoft.EntityFrameworkCore.Database.Command|A data reader for 'LitZhu' on server 'localhost' is being disposed after spending 0ms reading results. 
2024-04-05 18:38:25.3274|DEBUG|Microsoft.EntityFrameworkCore.Database.Connection|Closing connection to database 'LitZhu' on server 'localhost'. 
2024-04-05 18:38:25.3274|DEBUG|Microsoft.EntityFrameworkCore.Database.Connection|Closed connection to database 'LitZhu' on server 'localhost' (0ms). 
2024-04-05 18:38:25.3611|DEBUG|Microsoft.EntityFrameworkCore.ChangeTracking|'UserDbContext' generated a temporary value for the property 'UserLoginHistory.Id'. Consider using 'DbContextOptionsBuilder.EnableSensitiveDataLogging' to see key values. 
2024-04-05 18:38:25.3890|DEBUG|Microsoft.EntityFrameworkCore.ChangeTracking|Context 'UserDbContext' started tracking 'UserLoginHistory' entity. Consider using 'DbContextOptionsBuilder.EnableSensitiveDataLogging' to see key values. 
2024-04-05 18:38:25.3942|DEBUG|Microsoft.EntityFrameworkCore.Update|SaveChanges starting for 'UserDbContext'. 
2024-04-05 18:38:25.3942|DEBUG|Microsoft.EntityFrameworkCore.ChangeTracking|DetectChanges starting for 'UserDbContext'. 
2024-04-05 18:38:25.4435|DEBUG|Microsoft.EntityFrameworkCore.ChangeTracking|DetectChanges completed for 'UserDbContext'. 
2024-04-05 18:38:25.5149|DEBUG|Microsoft.EntityFrameworkCore.Database.Connection|Opening connection to database 'LitZhu' on server 'localhost'. 
2024-04-05 18:38:25.5149|DEBUG|Microsoft.EntityFrameworkCore.Database.Connection|Opened connection to database 'LitZhu' on server 'localhost'. 
2024-04-05 18:38:25.5240|DEBUG|Microsoft.EntityFrameworkCore.Database.Transaction|Beginning transaction with isolation level 'Unspecified'. 
2024-04-05 18:38:25.5434|DEBUG|Microsoft.EntityFrameworkCore.Database.Transaction|Began transaction with isolation level 'Unspecified'. 
2024-04-05 18:38:25.5434|DEBUG|Microsoft.EntityFrameworkCore.Database.Command|Creating DbCommand for 'ExecuteReader'. 
2024-04-05 18:38:25.5434|DEBUG|Microsoft.EntityFrameworkCore.Database.Command|Created DbCommand for 'ExecuteReader' (0ms). 
2024-04-05 18:38:25.5434|DEBUG|Microsoft.EntityFrameworkCore.Database.Command|Initialized DbCommand for 'ExecuteReader' (0ms). 
2024-04-05 18:38:25.5434|DEBUG|Microsoft.EntityFrameworkCore.Database.Command|Executing DbCommand [Parameters=[@p0='?' (Size = 4000), @p1='?' (DbType = DateTime), @p2='?' (Size = 4000), @p3='?' (DbType = Guid), @p4='?' (Size = 4000)], CommandType='Text', CommandTimeout='30']
INSERT INTO `UserLoginHistories` (`Email`, `LoginTime`, `Message`, `UserId`, `Username`)
VALUES (@p0, @p1, @p2, @p3, @p4);
SELECT `Id`
FROM `UserLoginHistories`
WHERE ROW_COUNT() = 1 AND `Id` = LAST_INSERT_ID(); 
2024-04-05 18:38:25.5617|INFO|Microsoft.EntityFrameworkCore.Database.Command|Executed DbCommand (14ms) [Parameters=[@p0='?' (Size = 4000), @p1='?' (DbType = DateTime), @p2='?' (Size = 4000), @p3='?' (DbType = Guid), @p4='?' (Size = 4000)], CommandType='Text', CommandTimeout='30']
INSERT INTO `UserLoginHistories` (`Email`, `LoginTime`, `Message`, `UserId`, `Username`)
VALUES (@p0, @p1, @p2, @p3, @p4);
SELECT `Id`
FROM `UserLoginHistories`
WHERE ROW_COUNT() = 1 AND `Id` = LAST_INSERT_ID(); 
2024-04-05 18:38:25.5752|DEBUG|Microsoft.EntityFrameworkCore.ChangeTracking|The foreign key property 'UserLoginHistory.Id' was detected as changed. Consider using 'DbContextOptionsBuilder.EnableSensitiveDataLogging' to see property values. 
2024-04-05 18:38:25.5752|DEBUG|Microsoft.EntityFrameworkCore.Database.Command|Closing data reader to 'LitZhu' on server 'localhost'. 
2024-04-05 18:38:25.5752|DEBUG|Microsoft.EntityFrameworkCore.Database.Command|A data reader for 'LitZhu' on server 'localhost' is being disposed after spending 18ms reading results. 
2024-04-05 18:38:25.5752|DEBUG|Microsoft.EntityFrameworkCore.Database.Transaction|Committing transaction. 
2024-04-05 18:38:25.5898|DEBUG|Microsoft.EntityFrameworkCore.Database.Transaction|Committed transaction. 
2024-04-05 18:38:25.5898|DEBUG|Microsoft.EntityFrameworkCore.Database.Connection|Closing connection to database 'LitZhu' on server 'localhost'. 
2024-04-05 18:38:25.5898|DEBUG|Microsoft.EntityFrameworkCore.Database.Connection|Closed connection to database 'LitZhu' on server 'localhost' (0ms). 
2024-04-05 18:38:25.5898|DEBUG|Microsoft.EntityFrameworkCore.Database.Transaction|Disposing transaction. 
2024-04-05 18:38:25.6067|DEBUG|Microsoft.EntityFrameworkCore.ChangeTracking|An entity of type 'UserLoginHistory' tracked by 'UserDbContext' changed state from 'Added' to 'Unchanged'. Consider using 'DbContextOptionsBuilder.EnableSensitiveDataLogging' to see key values. 
2024-04-05 18:38:25.6097|DEBUG|Microsoft.EntityFrameworkCore.Update|SaveChanges completed for 'UserDbContext' with 1 entities written to the database. 
2024-04-05 18:38:25.6097|DEBUG|LitZhu.WebApi.Controllers.User.AuthController|进行登录 
2024-04-05 18:38:25.6305|INFO|Microsoft.AspNetCore.Mvc.Infrastructure.ControllerActionInvoker|Executed action method LitZhu.WebApi.Controllers.User.AuthController.VerifyLoginUsernamePassword (LitZhu.WebApi), returned result Microsoft.AspNetCore.Mvc.OkObjectResult in 1508.8463ms. 
2024-04-05 18:38:25.6305|TRACE|Microsoft.AspNetCore.Mvc.Infrastructure.ControllerActionInvoker|Action Filter: Before executing OnActionExecuted on filter Microsoft.AspNetCore.Mvc.Infrastructure.ModelStateInvalidFilter. 
2024-04-05 18:38:25.6305|TRACE|Microsoft.AspNetCore.Mvc.Infrastructure.ControllerActionInvoker|Action Filter: After executing OnActionExecuted on filter Microsoft.AspNetCore.Mvc.Infrastructure.ModelStateInvalidFilter. 
2024-04-05 18:38:25.6305|TRACE|Microsoft.AspNetCore.Mvc.Infrastructure.ControllerActionInvoker|Action Filter: Before executing OnActionExecuted on filter Microsoft.AspNetCore.Mvc.ModelBinding.UnsupportedContentTypeFilter. 
2024-04-05 18:38:25.6305|TRACE|Microsoft.AspNetCore.Mvc.Infrastructure.ControllerActionInvoker|Action Filter: After executing OnActionExecuted on filter Microsoft.AspNetCore.Mvc.ModelBinding.UnsupportedContentTypeFilter. 
2024-04-05 18:38:25.6305|TRACE|Microsoft.AspNetCore.Mvc.Infrastructure.ControllerActionInvoker|Result Filter: Before executing OnResultExecuting on filter Microsoft.AspNetCore.Mvc.Infrastructure.ClientErrorResultFilter. 
2024-04-05 18:38:25.6305|TRACE|Microsoft.AspNetCore.Mvc.Infrastructure.ControllerActionInvoker|Result Filter: After executing OnResultExecuting on filter Microsoft.AspNetCore.Mvc.Infrastructure.ClientErrorResultFilter. 
2024-04-05 18:38:25.6305|TRACE|Microsoft.AspNetCore.Mvc.Infrastructure.ControllerActionInvoker|Before executing action result Microsoft.AspNetCore.Mvc.OkObjectResult. 
2024-04-05 18:38:25.6305|DEBUG|Microsoft.AspNetCore.Mvc.Infrastructure.DefaultOutputFormatterSelector|List of registered output formatters, in the following order: Microsoft.AspNetCore.Mvc.Formatters.HttpNoContentOutputFormatter, Microsoft.AspNetCore.Mvc.Formatters.StringOutputFormatter, Microsoft.AspNetCore.Mvc.Formatters.StreamOutputFormatter, Microsoft.AspNetCore.Mvc.Formatters.NewtonsoftJsonOutputFormatter 
2024-04-05 18:38:25.6305|DEBUG|Microsoft.AspNetCore.Mvc.Infrastructure.DefaultOutputFormatterSelector|No information found on request to perform content negotiation. 
2024-04-05 18:38:25.6305|DEBUG|Microsoft.AspNetCore.Mvc.Infrastructure.DefaultOutputFormatterSelector|Attempting to select an output formatter without using a content type as no explicit content types were specified for the response. 
2024-04-05 18:38:25.6305|DEBUG|Microsoft.AspNetCore.Mvc.Infrastructure.DefaultOutputFormatterSelector|Attempting to select the first formatter in the output formatters list which can write the result. 
2024-04-05 18:38:25.6395|DEBUG|Microsoft.AspNetCore.Mvc.Infrastructure.DefaultOutputFormatterSelector|Selected output formatter 'Microsoft.AspNetCore.Mvc.Formatters.NewtonsoftJsonOutputFormatter' and content type 'application/json' to write the response. 
2024-04-05 18:38:25.6395|INFO|Microsoft.AspNetCore.Mvc.Infrastructure.ObjectResultExecutor|Executing OkObjectResult, writing value of type 'LitZhu.WebApi.R'. 
2024-04-05 18:38:25.6851|TRACE|Microsoft.AspNetCore.Mvc.Infrastructure.ControllerActionInvoker|After executing action result Microsoft.AspNetCore.Mvc.OkObjectResult. 
2024-04-05 18:38:25.6851|TRACE|Microsoft.AspNetCore.Mvc.Infrastructure.ControllerActionInvoker|Result Filter: Before executing OnResultExecuted on filter Microsoft.AspNetCore.Mvc.Infrastructure.ClientErrorResultFilter. 
2024-04-05 18:38:25.6851|TRACE|Microsoft.AspNetCore.Mvc.Infrastructure.ControllerActionInvoker|Result Filter: After executing OnResultExecuted on filter Microsoft.AspNetCore.Mvc.Infrastructure.ClientErrorResultFilter. 
2024-04-05 18:38:25.6851|INFO|Microsoft.AspNetCore.Mvc.Infrastructure.ControllerActionInvoker|Executed action LitZhu.WebApi.Controllers.User.AuthController.VerifyLoginUsernamePassword (LitZhu.WebApi) in 1833.8959ms 
2024-04-05 18:38:25.6851|INFO|Microsoft.AspNetCore.Routing.EndpointMiddleware|Executed endpoint 'LitZhu.WebApi.Controllers.User.AuthController.VerifyLoginUsernamePassword (LitZhu.WebApi)' 
2024-04-05 18:38:25.6874|DEBUG|Microsoft.AspNetCore.Server.Kestrel.Connections|Connection id "0HN2LBHPL60V7" completed keep alive response. 
2024-04-05 18:38:25.6874|DEBUG|Microsoft.AspNetCore.Server.Kestrel.Transport.Sockets|Connection id "0HN2LBHPL60V7" received FIN. 
2024-04-05 18:38:25.6874|DEBUG|Microsoft.EntityFrameworkCore.Infrastructure|'UserDbContext' disposed. 
2024-04-05 18:38:25.6874|DEBUG|Microsoft.AspNetCore.Server.Kestrel.Transport.Sockets|Connection id "0HN2LBHPL60V7" sending FIN because: "The Socket transport's send loop completed gracefully." 
2024-04-05 18:38:25.6874|DEBUG|Microsoft.AspNetCore.Server.Kestrel.Connections|Connection id "0HN2LBHPL60V7" disconnecting. 
2024-04-05 18:38:25.6874|DEBUG|Microsoft.EntityFrameworkCore.Database.Connection|Disposing connection to database 'LitZhu' on server 'localhost'. 
2024-04-05 18:38:25.6874|DEBUG|Microsoft.EntityFrameworkCore.Database.Connection|Disposed connection to database 'LitZhu' on server 'localhost' (3ms). 
2024-04-05 18:38:25.6874|INFO|Microsoft.AspNetCore.Hosting.Diagnostics|Request finished HTTP/1.1 POST https://localhost:7290/api/Auth/Login - 200 511 application/json;+charset=utf-8 1867.9296ms 
2024-04-05 18:38:25.6874|DEBUG|Microsoft.AspNetCore.Server.Kestrel.Connections|Connection id "0HN2LBHPL60V7" stopped. 
2024-04-05 18:38:35.4302|DEBUG|Microsoft.AspNetCore.Server.Kestrel.Connections|Connection id "0HN2LBHPL60V8" accepted. 
2024-04-05 18:38:35.4302|DEBUG|Microsoft.AspNetCore.Server.Kestrel.Connections|Connection id "0HN2LBHPL60V8" started. 
2024-04-05 18:38:35.4367|DEBUG|Microsoft.AspNetCore.Server.Kestrel.Https.Internal.HttpsConnectionMiddleware|Connection 0HN2LBHPL60V8 established using the following protocol: Tls13 
2024-04-05 18:38:35.4367|INFO|Microsoft.AspNetCore.Hosting.Diagnostics|Request starting HTTP/1.1 GET https://localhost:7290/api/Auth/Show?token=eyJhbGciOiJodHRwOi8vd3d3LnczLm9yZy8yMDAxLzA0L3htbGRzaWctbW9yZSNobWFjLXNoYTI1NiIsInR5cCI6IkpXVCJ9.eyJodHRwOi8vc2NoZW1hcy54bWxzb2FwLm9yZy93cy8yMDA1LzA1L2lkZW50aXR5L2NsYWltcy9uYW1laWRlbnRpZmllciI6IjRmMjU2ZjU0LTcyNDEtNDk5NS1iZDk2LWViMDc0NDk5NGRlMCIsImh0dHA6Ly9zY2hlbWFzLnhtbHNvYXAub3JnL3dzLzIwMDUvMDUvaWRlbnRpdHkvY2xhaW1zL25hbWUiOiJxd2UiLCJleHAiOjE3MTIzMTcxMDUsImlzcyI6IkxpdFpodSIsImF1ZCI6IkxpdFpodSJ9.ARibKmtUrNj2q5DjiYM6YG8zhGvbVfHUuQqnwgG7kx0 - - - 
2024-04-05 18:38:35.4367|TRACE|Microsoft.AspNetCore.HostFiltering.HostFilteringMiddleware|All hosts are allowed. 
2024-04-05 18:38:35.4367|DEBUG|Microsoft.AspNetCore.Routing.Matching.DfaMatcher|1 candidate(s) found for the request path '/api/Auth/Show' 
2024-04-05 18:38:35.4367|DEBUG|Microsoft.AspNetCore.Routing.Matching.DfaMatcher|Endpoint 'LitZhu.WebApi.Controllers.User.AuthController.ShowAuthUser (LitZhu.WebApi)' with route pattern 'api/Auth/Show' is valid for the request path '/api/Auth/Show' 
2024-04-05 18:38:35.4367|DEBUG|Microsoft.AspNetCore.Routing.EndpointRoutingMiddleware|Request matched endpoint 'LitZhu.WebApi.Controllers.User.AuthController.ShowAuthUser (LitZhu.WebApi)' 
2024-04-05 18:38:35.4367|TRACE|Microsoft.AspNetCore.Routing.EndpointRoutingMiddleware|The endpoint does not specify the IRequestSizeLimitMetadata. 
2024-04-05 18:38:35.4367|DEBUG|Microsoft.AspNetCore.StaticFiles.StaticFileMiddleware|Static files was skipped as the request already matched an endpoint. 
2024-04-05 18:38:35.4367|DEBUG|Microsoft.AspNetCore.Authentication.JwtBearer.JwtBearerHandler|AuthenticationScheme: Bearer was not authenticated. 
2024-04-05 18:38:35.4367|INFO|Microsoft.AspNetCore.Routing.EndpointMiddleware|Executing endpoint 'LitZhu.WebApi.Controllers.User.AuthController.ShowAuthUser (LitZhu.WebApi)' 
2024-04-05 18:38:35.4367|INFO|Microsoft.AspNetCore.Mvc.Infrastructure.ControllerActionInvoker|Route matched with {action = "ShowAuthUser", controller = "Auth"}. Executing controller action with signature Microsoft.AspNetCore.Mvc.IActionResult ShowAuthUser(System.String) on controller LitZhu.WebApi.Controllers.User.AuthController (LitZhu.WebApi). 
2024-04-05 18:38:35.4367|DEBUG|Microsoft.AspNetCore.Mvc.Infrastructure.ControllerActionInvoker|Execution plan of authorization filters (in the following order): None 
2024-04-05 18:38:35.4367|DEBUG|Microsoft.AspNetCore.Mvc.Infrastructure.ControllerActionInvoker|Execution plan of resource filters (in the following order): None 
2024-04-05 18:38:35.4367|DEBUG|Microsoft.AspNetCore.Mvc.Infrastructure.ControllerActionInvoker|Execution plan of action filters (in the following order): Microsoft.AspNetCore.Mvc.ModelBinding.UnsupportedContentTypeFilter (Order: -3000), Microsoft.AspNetCore.Mvc.Infrastructure.ModelStateInvalidFilter (Order: -2000) 
2024-04-05 18:38:35.4367|DEBUG|Microsoft.AspNetCore.Mvc.Infrastructure.ControllerActionInvoker|Execution plan of exception filters (in the following order): None 
2024-04-05 18:38:35.4367|DEBUG|Microsoft.AspNetCore.Mvc.Infrastructure.ControllerActionInvoker|Execution plan of result filters (in the following order): Microsoft.AspNetCore.Mvc.Infrastructure.ClientErrorResultFilter (Order: -2000) 
2024-04-05 18:38:35.4367|DEBUG|Microsoft.AspNetCore.Mvc.Infrastructure.ControllerActionInvoker|Executing controller factory for controller LitZhu.WebApi.Controllers.User.AuthController (LitZhu.WebApi) 
2024-04-05 18:38:35.5371|DEBUG|Microsoft.EntityFrameworkCore.Infrastructure|Entity Framework Core 8.0.1 initialized 'UserDbContext' using provider 'Pomelo.EntityFrameworkCore.MySql:8.0.1' with options: ServerVersion=8.0.23-mysql  
2024-04-05 18:38:35.5371|DEBUG|Microsoft.AspNetCore.Mvc.Infrastructure.ControllerActionInvoker|Executed controller factory for controller LitZhu.WebApi.Controllers.User.AuthController (LitZhu.WebApi) 
2024-04-05 18:38:35.5371|DEBUG|Microsoft.AspNetCore.Mvc.ModelBinding.ParameterBinder|Attempting to bind parameter 'token' of type 'System.String' ... 
2024-04-05 18:38:35.5371|DEBUG|Microsoft.AspNetCore.Mvc.ModelBinding.Binders.SimpleTypeModelBinder|Attempting to bind parameter 'token' of type 'System.String' using the name 'token' in request data ... 
2024-04-05 18:38:35.5371|DEBUG|Microsoft.AspNetCore.Mvc.ModelBinding.Binders.SimpleTypeModelBinder|Done attempting to bind parameter 'token' of type 'System.String'. 
2024-04-05 18:38:35.5371|DEBUG|Microsoft.AspNetCore.Mvc.ModelBinding.ParameterBinder|Done attempting to bind parameter 'token' of type 'System.String'. 
2024-04-05 18:38:35.5371|DEBUG|Microsoft.AspNetCore.Mvc.ModelBinding.ParameterBinder|Attempting to validate the bound parameter 'token' of type 'System.String' ... 
2024-04-05 18:38:35.5371|DEBUG|Microsoft.AspNetCore.Mvc.ModelBinding.ParameterBinder|Done attempting to validate the bound parameter 'token' of type 'System.String'. 
2024-04-05 18:38:35.5371|TRACE|Microsoft.AspNetCore.Mvc.Infrastructure.ControllerActionInvoker|Action Filter: Before executing OnActionExecuting on filter Microsoft.AspNetCore.Mvc.ModelBinding.UnsupportedContentTypeFilter. 
2024-04-05 18:38:35.5371|TRACE|Microsoft.AspNetCore.Mvc.Infrastructure.ControllerActionInvoker|Action Filter: After executing OnActionExecuting on filter Microsoft.AspNetCore.Mvc.ModelBinding.UnsupportedContentTypeFilter. 
2024-04-05 18:38:35.5371|TRACE|Microsoft.AspNetCore.Mvc.Infrastructure.ControllerActionInvoker|Action Filter: Before executing OnActionExecuting on filter Microsoft.AspNetCore.Mvc.Infrastructure.ModelStateInvalidFilter. 
2024-04-05 18:38:35.5371|TRACE|Microsoft.AspNetCore.Mvc.Infrastructure.ControllerActionInvoker|Action Filter: After executing OnActionExecuting on filter Microsoft.AspNetCore.Mvc.Infrastructure.ModelStateInvalidFilter. 
2024-04-05 18:38:35.5371|INFO|Microsoft.AspNetCore.Mvc.Infrastructure.ControllerActionInvoker|Executing action method LitZhu.WebApi.Controllers.User.AuthController.ShowAuthUser (LitZhu.WebApi) - Validation state: Valid 
2024-04-05 18:38:35.5371|TRACE|Microsoft.AspNetCore.Mvc.Infrastructure.ControllerActionInvoker|Executing action method LitZhu.WebApi.Controllers.User.AuthController.ShowAuthUser (LitZhu.WebApi) with arguments (eyJhbGciOiJodHRwOi8vd3d3LnczLm9yZy8yMDAxLzA0L3htbGRzaWctbW9yZSNobWFjLXNoYTI1NiIsInR5cCI6IkpXVCJ9.eyJodHRwOi8vc2NoZW1hcy54bWxzb2FwLm9yZy93cy8yMDA1LzA1L2lkZW50aXR5L2NsYWltcy9uYW1laWRlbnRpZmllciI6IjRmMjU2ZjU0LTcyNDEtNDk5NS1iZDk2LWViMDc0NDk5NGRlMCIsImh0dHA6Ly9zY2hlbWFzLnhtbHNvYXAub3JnL3dzLzIwMDUvMDUvaWRlbnRpdHkvY2xhaW1zL25hbWUiOiJxd2UiLCJleHAiOjE3MTIzMTcxMDUsImlzcyI6IkxpdFpodSIsImF1ZCI6IkxpdFpodSJ9.ARibKmtUrNj2q5DjiYM6YG8zhGvbVfHUuQqnwgG7kx0) 
2024-04-05 18:38:35.5557|INFO|Microsoft.AspNetCore.Mvc.Infrastructure.ControllerActionInvoker|Executed action method LitZhu.WebApi.Controllers.User.AuthController.ShowAuthUser (LitZhu.WebApi), returned result Microsoft.AspNetCore.Mvc.OkObjectResult in 12.5337ms. 
2024-04-05 18:38:35.5557|TRACE|Microsoft.AspNetCore.Mvc.Infrastructure.ControllerActionInvoker|Action Filter: Before executing OnActionExecuted on filter Microsoft.AspNetCore.Mvc.Infrastructure.ModelStateInvalidFilter. 
2024-04-05 18:38:35.5557|TRACE|Microsoft.AspNetCore.Mvc.Infrastructure.ControllerActionInvoker|Action Filter: After executing OnActionExecuted on filter Microsoft.AspNetCore.Mvc.Infrastructure.ModelStateInvalidFilter. 
2024-04-05 18:38:35.5557|TRACE|Microsoft.AspNetCore.Mvc.Infrastructure.ControllerActionInvoker|Action Filter: Before executing OnActionExecuted on filter Microsoft.AspNetCore.Mvc.ModelBinding.UnsupportedContentTypeFilter. 
2024-04-05 18:38:35.5557|TRACE|Microsoft.AspNetCore.Mvc.Infrastructure.ControllerActionInvoker|Action Filter: After executing OnActionExecuted on filter Microsoft.AspNetCore.Mvc.ModelBinding.UnsupportedContentTypeFilter. 
2024-04-05 18:38:35.5557|TRACE|Microsoft.AspNetCore.Mvc.Infrastructure.ControllerActionInvoker|Result Filter: Before executing OnResultExecuting on filter Microsoft.AspNetCore.Mvc.Infrastructure.ClientErrorResultFilter. 
2024-04-05 18:38:35.5557|TRACE|Microsoft.AspNetCore.Mvc.Infrastructure.ControllerActionInvoker|Result Filter: After executing OnResultExecuting on filter Microsoft.AspNetCore.Mvc.Infrastructure.ClientErrorResultFilter. 
2024-04-05 18:38:35.5557|TRACE|Microsoft.AspNetCore.Mvc.Infrastructure.ControllerActionInvoker|Before executing action result Microsoft.AspNetCore.Mvc.OkObjectResult. 
2024-04-05 18:38:35.5557|DEBUG|Microsoft.AspNetCore.Mvc.Infrastructure.DefaultOutputFormatterSelector|List of registered output formatters, in the following order: Microsoft.AspNetCore.Mvc.Formatters.HttpNoContentOutputFormatter, Microsoft.AspNetCore.Mvc.Formatters.StringOutputFormatter, Microsoft.AspNetCore.Mvc.Formatters.StreamOutputFormatter, Microsoft.AspNetCore.Mvc.Formatters.NewtonsoftJsonOutputFormatter 
2024-04-05 18:38:35.5557|DEBUG|Microsoft.AspNetCore.Mvc.Infrastructure.DefaultOutputFormatterSelector|No information found on request to perform content negotiation. 
2024-04-05 18:38:35.5557|DEBUG|Microsoft.AspNetCore.Mvc.Infrastructure.DefaultOutputFormatterSelector|Attempting to select an output formatter without using a content type as no explicit content types were specified for the response. 
2024-04-05 18:38:35.5557|DEBUG|Microsoft.AspNetCore.Mvc.Infrastructure.DefaultOutputFormatterSelector|Attempting to select the first formatter in the output formatters list which can write the result. 
2024-04-05 18:38:35.5557|DEBUG|Microsoft.AspNetCore.Mvc.Infrastructure.DefaultOutputFormatterSelector|Selected output formatter 'Microsoft.AspNetCore.Mvc.Formatters.NewtonsoftJsonOutputFormatter' and content type 'application/json' to write the response. 
2024-04-05 18:38:35.5557|INFO|Microsoft.AspNetCore.Mvc.Infrastructure.ObjectResultExecutor|Executing OkObjectResult, writing value of type 'LitZhu.WebApi.R'. 
2024-04-05 18:38:35.5557|TRACE|Microsoft.AspNetCore.Mvc.Infrastructure.ControllerActionInvoker|After executing action result Microsoft.AspNetCore.Mvc.OkObjectResult. 
2024-04-05 18:38:35.5557|TRACE|Microsoft.AspNetCore.Mvc.Infrastructure.ControllerActionInvoker|Result Filter: Before executing OnResultExecuted on filter Microsoft.AspNetCore.Mvc.Infrastructure.ClientErrorResultFilter. 
2024-04-05 18:38:35.5557|TRACE|Microsoft.AspNetCore.Mvc.Infrastructure.ControllerActionInvoker|Result Filter: After executing OnResultExecuted on filter Microsoft.AspNetCore.Mvc.Infrastructure.ClientErrorResultFilter. 
2024-04-05 18:38:35.5557|INFO|Microsoft.AspNetCore.Mvc.Infrastructure.ControllerActionInvoker|Executed action LitZhu.WebApi.Controllers.User.AuthController.ShowAuthUser (LitZhu.WebApi) in 111.616ms 
2024-04-05 18:38:35.5557|INFO|Microsoft.AspNetCore.Routing.EndpointMiddleware|Executed endpoint 'LitZhu.WebApi.Controllers.User.AuthController.ShowAuthUser (LitZhu.WebApi)' 
2024-04-05 18:38:35.5557|DEBUG|Microsoft.AspNetCore.Server.Kestrel.Connections|Connection id "0HN2LBHPL60V8" completed keep alive response. 
2024-04-05 18:38:35.5557|DEBUG|Microsoft.EntityFrameworkCore.Infrastructure|'UserDbContext' disposed. 
2024-04-05 18:38:35.5557|INFO|Microsoft.AspNetCore.Hosting.Diagnostics|Request finished HTTP/1.1 GET https://localhost:7290/api/Auth/Show?token=eyJhbGciOiJodHRwOi8vd3d3LnczLm9yZy8yMDAxLzA0L3htbGRzaWctbW9yZSNobWFjLXNoYTI1NiIsInR5cCI6IkpXVCJ9.eyJodHRwOi8vc2NoZW1hcy54bWxzb2FwLm9yZy93cy8yMDA1LzA1L2lkZW50aXR5L2NsYWltcy9uYW1laWRlbnRpZmllciI6IjRmMjU2ZjU0LTcyNDEtNDk5NS1iZDk2LWViMDc0NDk5NGRlMCIsImh0dHA6Ly9zY2hlbWFzLnhtbHNvYXAub3JnL3dzLzIwMDUvMDUvaWRlbnRpdHkvY2xhaW1zL25hbWUiOiJxd2UiLCJleHAiOjE3MTIzMTcxMDUsImlzcyI6IkxpdFpodSIsImF1ZCI6IkxpdFpodSJ9.ARibKmtUrNj2q5DjiYM6YG8zhGvbVfHUuQqnwgG7kx0 - 200 45 application/json;+charset=utf-8 121.0225ms 
2024-04-05 18:38:35.5557|DEBUG|Microsoft.AspNetCore.Server.Kestrel.Transport.Sockets|Connection id "0HN2LBHPL60V8" received FIN. 
2024-04-05 18:38:35.5557|DEBUG|Microsoft.AspNetCore.Server.Kestrel.Transport.Sockets|Connection id "0HN2LBHPL60V8" sending FIN because: "The Socket transport's send loop completed gracefully." 
2024-04-05 18:38:35.5614|DEBUG|Microsoft.AspNetCore.Server.Kestrel.Connections|Connection id "0HN2LBHPL60V8" disconnecting. 
2024-04-05 18:38:35.5614|DEBUG|Microsoft.AspNetCore.Server.Kestrel.Connections|Connection id "0HN2LBHPL60V8" stopped. 
2024-04-05 18:39:18.7123|DEBUG|Microsoft.AspNetCore.Server.Kestrel.Connections|Connection id "0HN2LBHPL60V9" accepted. 
2024-04-05 18:39:18.7123|DEBUG|Microsoft.AspNetCore.Server.Kestrel.Connections|Connection id "0HN2LBHPL60V9" started. 
2024-04-05 18:39:18.7482|DEBUG|Microsoft.AspNetCore.Server.Kestrel.Https.Internal.HttpsConnectionMiddleware|Connection 0HN2LBHPL60V9 established using the following protocol: Tls13 
2024-04-05 18:39:18.7487|INFO|Microsoft.AspNetCore.Hosting.Diagnostics|Request starting HTTP/1.1 GET https://localhost:7290/api/Auth/Show?token=eyJhbGciOiJodHRwOi8vd3d3LnczLm9yZy8yMDAxLzA0L3htbGRzaWctbW9yZSNobWFjLXNoYTI1NiIsInR5cCI6IkpXVCJ9.eyJodHRwOi8vc2NoZW1hcy54bWxzb2FwLm9yZy93cy8yMDA1LzA1L2lkZW50aXR5L2NsYWltcy9uYW1laWRlbnRpZmllciI6IjRmMjU2ZjU0LTcyNDEtNDk5NS1iZDk2LWViMDc0NDk5NGRlMCIsImh0dHA6Ly9zY2hlbWFzLnhtbHNvYXAub3JnL3dzLzIwMDUvMDUvaWRlbnRpdHkvY2xhaW1zL25hbWUiOiJxd2UiLCJleHAiOjE3MTIzMTcxMDUsImlzcyI6IkxpdFpodSIsImF1ZCI6IkxpdFpodSJ9.ARibKmtUrNj2q5DjiYM6YG8zhGvbVfHUuQqnwgG7kx0 - - - 
2024-04-05 18:39:18.7487|TRACE|Microsoft.AspNetCore.HostFiltering.HostFilteringMiddleware|All hosts are allowed. 
2024-04-05 18:39:18.7487|DEBUG|Microsoft.AspNetCore.Routing.Matching.DfaMatcher|1 candidate(s) found for the request path '/api/Auth/Show' 
2024-04-05 18:39:18.7487|DEBUG|Microsoft.AspNetCore.Routing.Matching.DfaMatcher|Endpoint 'LitZhu.WebApi.Controllers.User.AuthController.ShowAuthUser (LitZhu.WebApi)' with route pattern 'api/Auth/Show' is valid for the request path '/api/Auth/Show' 
2024-04-05 18:39:18.7487|DEBUG|Microsoft.AspNetCore.Routing.EndpointRoutingMiddleware|Request matched endpoint 'LitZhu.WebApi.Controllers.User.AuthController.ShowAuthUser (LitZhu.WebApi)' 
2024-04-05 18:39:18.7487|TRACE|Microsoft.AspNetCore.Routing.EndpointRoutingMiddleware|The endpoint does not specify the IRequestSizeLimitMetadata. 
2024-04-05 18:39:18.7487|DEBUG|Microsoft.AspNetCore.StaticFiles.StaticFileMiddleware|Static files was skipped as the request already matched an endpoint. 
2024-04-05 18:39:18.7487|DEBUG|Microsoft.AspNetCore.Authentication.JwtBearer.JwtBearerHandler|AuthenticationScheme: Bearer was not authenticated. 
2024-04-05 18:39:18.7487|INFO|Microsoft.AspNetCore.Routing.EndpointMiddleware|Executing endpoint 'LitZhu.WebApi.Controllers.User.AuthController.ShowAuthUser (LitZhu.WebApi)' 
2024-04-05 18:39:18.7487|INFO|Microsoft.AspNetCore.Mvc.Infrastructure.ControllerActionInvoker|Route matched with {action = "ShowAuthUser", controller = "Auth"}. Executing controller action with signature Microsoft.AspNetCore.Mvc.IActionResult ShowAuthUser(System.String) on controller LitZhu.WebApi.Controllers.User.AuthController (LitZhu.WebApi). 
2024-04-05 18:39:18.7487|DEBUG|Microsoft.AspNetCore.Mvc.Infrastructure.ControllerActionInvoker|Execution plan of authorization filters (in the following order): None 
2024-04-05 18:39:18.7487|DEBUG|Microsoft.AspNetCore.Mvc.Infrastructure.ControllerActionInvoker|Execution plan of resource filters (in the following order): None 
2024-04-05 18:39:18.7487|DEBUG|Microsoft.AspNetCore.Mvc.Infrastructure.ControllerActionInvoker|Execution plan of action filters (in the following order): Microsoft.AspNetCore.Mvc.ModelBinding.UnsupportedContentTypeFilter (Order: -3000), Microsoft.AspNetCore.Mvc.Infrastructure.ModelStateInvalidFilter (Order: -2000) 
2024-04-05 18:39:18.7487|DEBUG|Microsoft.AspNetCore.Mvc.Infrastructure.ControllerActionInvoker|Execution plan of exception filters (in the following order): None 
2024-04-05 18:39:18.7487|DEBUG|Microsoft.AspNetCore.Mvc.Infrastructure.ControllerActionInvoker|Execution plan of result filters (in the following order): Microsoft.AspNetCore.Mvc.Infrastructure.ClientErrorResultFilter (Order: -2000) 
2024-04-05 18:39:18.7487|DEBUG|Microsoft.AspNetCore.Mvc.Infrastructure.ControllerActionInvoker|Executing controller factory for controller LitZhu.WebApi.Controllers.User.AuthController (LitZhu.WebApi) 
2024-04-05 18:39:18.7487|DEBUG|Microsoft.EntityFrameworkCore.Infrastructure|Entity Framework Core 8.0.1 initialized 'UserDbContext' using provider 'Pomelo.EntityFrameworkCore.MySql:8.0.1' with options: ServerVersion=8.0.23-mysql  
2024-04-05 18:39:18.7487|DEBUG|Microsoft.AspNetCore.Mvc.Infrastructure.ControllerActionInvoker|Executed controller factory for controller LitZhu.WebApi.Controllers.User.AuthController (LitZhu.WebApi) 
2024-04-05 18:39:18.7487|DEBUG|Microsoft.AspNetCore.Mvc.ModelBinding.ParameterBinder|Attempting to bind parameter 'token' of type 'System.String' ... 
2024-04-05 18:39:18.7487|DEBUG|Microsoft.AspNetCore.Mvc.ModelBinding.Binders.SimpleTypeModelBinder|Attempting to bind parameter 'token' of type 'System.String' using the name 'token' in request data ... 
2024-04-05 18:39:18.7487|DEBUG|Microsoft.AspNetCore.Mvc.ModelBinding.Binders.SimpleTypeModelBinder|Done attempting to bind parameter 'token' of type 'System.String'. 
2024-04-05 18:39:18.7487|DEBUG|Microsoft.AspNetCore.Mvc.ModelBinding.ParameterBinder|Done attempting to bind parameter 'token' of type 'System.String'. 
2024-04-05 18:39:18.7487|DEBUG|Microsoft.AspNetCore.Mvc.ModelBinding.ParameterBinder|Attempting to validate the bound parameter 'token' of type 'System.String' ... 
2024-04-05 18:39:18.7487|DEBUG|Microsoft.AspNetCore.Mvc.ModelBinding.ParameterBinder|Done attempting to validate the bound parameter 'token' of type 'System.String'. 
2024-04-05 18:39:18.7487|TRACE|Microsoft.AspNetCore.Mvc.Infrastructure.ControllerActionInvoker|Action Filter: Before executing OnActionExecuting on filter Microsoft.AspNetCore.Mvc.ModelBinding.UnsupportedContentTypeFilter. 
2024-04-05 18:39:18.7487|TRACE|Microsoft.AspNetCore.Mvc.Infrastructure.ControllerActionInvoker|Action Filter: After executing OnActionExecuting on filter Microsoft.AspNetCore.Mvc.ModelBinding.UnsupportedContentTypeFilter. 
2024-04-05 18:39:18.7487|TRACE|Microsoft.AspNetCore.Mvc.Infrastructure.ControllerActionInvoker|Action Filter: Before executing OnActionExecuting on filter Microsoft.AspNetCore.Mvc.Infrastructure.ModelStateInvalidFilter. 
2024-04-05 18:39:18.7487|TRACE|Microsoft.AspNetCore.Mvc.Infrastructure.ControllerActionInvoker|Action Filter: After executing OnActionExecuting on filter Microsoft.AspNetCore.Mvc.Infrastructure.ModelStateInvalidFilter. 
2024-04-05 18:39:18.7487|INFO|Microsoft.AspNetCore.Mvc.Infrastructure.ControllerActionInvoker|Executing action method LitZhu.WebApi.Controllers.User.AuthController.ShowAuthUser (LitZhu.WebApi) - Validation state: Valid 
2024-04-05 18:39:18.7487|TRACE|Microsoft.AspNetCore.Mvc.Infrastructure.ControllerActionInvoker|Executing action method LitZhu.WebApi.Controllers.User.AuthController.ShowAuthUser (LitZhu.WebApi) with arguments (eyJhbGciOiJodHRwOi8vd3d3LnczLm9yZy8yMDAxLzA0L3htbGRzaWctbW9yZSNobWFjLXNoYTI1NiIsInR5cCI6IkpXVCJ9.eyJodHRwOi8vc2NoZW1hcy54bWxzb2FwLm9yZy93cy8yMDA1LzA1L2lkZW50aXR5L2NsYWltcy9uYW1laWRlbnRpZmllciI6IjRmMjU2ZjU0LTcyNDEtNDk5NS1iZDk2LWViMDc0NDk5NGRlMCIsImh0dHA6Ly9zY2hlbWFzLnhtbHNvYXAub3JnL3dzLzIwMDUvMDUvaWRlbnRpdHkvY2xhaW1zL25hbWUiOiJxd2UiLCJleHAiOjE3MTIzMTcxMDUsImlzcyI6IkxpdFpodSIsImF1ZCI6IkxpdFpodSJ9.ARibKmtUrNj2q5DjiYM6YG8zhGvbVfHUuQqnwgG7kx0) 
2024-04-05 18:40:17.1302|INFO|Microsoft.AspNetCore.Mvc.Infrastructure.ControllerActionInvoker|Executed action method LitZhu.WebApi.Controllers.User.AuthController.ShowAuthUser (LitZhu.WebApi), returned result Microsoft.AspNetCore.Mvc.OkObjectResult in 58378.5354ms. 
2024-04-05 18:40:17.1302|TRACE|Microsoft.AspNetCore.Mvc.Infrastructure.ControllerActionInvoker|Action Filter: Before executing OnActionExecuted on filter Microsoft.AspNetCore.Mvc.Infrastructure.ModelStateInvalidFilter. 
2024-04-05 18:40:17.1302|TRACE|Microsoft.AspNetCore.Mvc.Infrastructure.ControllerActionInvoker|Action Filter: After executing OnActionExecuted on filter Microsoft.AspNetCore.Mvc.Infrastructure.ModelStateInvalidFilter. 
2024-04-05 18:40:17.1302|TRACE|Microsoft.AspNetCore.Mvc.Infrastructure.ControllerActionInvoker|Action Filter: Before executing OnActionExecuted on filter Microsoft.AspNetCore.Mvc.ModelBinding.UnsupportedContentTypeFilter. 
2024-04-05 18:40:17.1302|TRACE|Microsoft.AspNetCore.Mvc.Infrastructure.ControllerActionInvoker|Action Filter: After executing OnActionExecuted on filter Microsoft.AspNetCore.Mvc.ModelBinding.UnsupportedContentTypeFilter. 
2024-04-05 18:40:17.1302|TRACE|Microsoft.AspNetCore.Mvc.Infrastructure.ControllerActionInvoker|Result Filter: Before executing OnResultExecuting on filter Microsoft.AspNetCore.Mvc.Infrastructure.ClientErrorResultFilter. 
2024-04-05 18:40:17.1302|TRACE|Microsoft.AspNetCore.Mvc.Infrastructure.ControllerActionInvoker|Result Filter: After executing OnResultExecuting on filter Microsoft.AspNetCore.Mvc.Infrastructure.ClientErrorResultFilter. 
2024-04-05 18:40:17.1302|TRACE|Microsoft.AspNetCore.Mvc.Infrastructure.ControllerActionInvoker|Before executing action result Microsoft.AspNetCore.Mvc.OkObjectResult. 
2024-04-05 18:40:17.1302|DEBUG|Microsoft.AspNetCore.Mvc.Infrastructure.DefaultOutputFormatterSelector|List of registered output formatters, in the following order: Microsoft.AspNetCore.Mvc.Formatters.HttpNoContentOutputFormatter, Microsoft.AspNetCore.Mvc.Formatters.StringOutputFormatter, Microsoft.AspNetCore.Mvc.Formatters.StreamOutputFormatter, Microsoft.AspNetCore.Mvc.Formatters.NewtonsoftJsonOutputFormatter 
2024-04-05 18:40:17.1302|DEBUG|Microsoft.AspNetCore.Mvc.Infrastructure.DefaultOutputFormatterSelector|No information found on request to perform content negotiation. 
2024-04-05 18:40:17.1302|DEBUG|Microsoft.AspNetCore.Mvc.Infrastructure.DefaultOutputFormatterSelector|Attempting to select an output formatter without using a content type as no explicit content types were specified for the response. 
2024-04-05 18:40:17.1302|DEBUG|Microsoft.AspNetCore.Mvc.Infrastructure.DefaultOutputFormatterSelector|Attempting to select the first formatter in the output formatters list which can write the result. 
2024-04-05 18:40:17.1302|DEBUG|Microsoft.AspNetCore.Mvc.Infrastructure.DefaultOutputFormatterSelector|Selected output formatter 'Microsoft.AspNetCore.Mvc.Formatters.NewtonsoftJsonOutputFormatter' and content type 'application/json' to write the response. 
2024-04-05 18:40:17.1302|INFO|Microsoft.AspNetCore.Mvc.Infrastructure.ObjectResultExecutor|Executing OkObjectResult, writing value of type 'LitZhu.WebApi.R'. 
2024-04-05 18:40:17.1302|TRACE|Microsoft.AspNetCore.Mvc.Infrastructure.ControllerActionInvoker|After executing action result Microsoft.AspNetCore.Mvc.OkObjectResult. 
2024-04-05 18:40:17.1302|TRACE|Microsoft.AspNetCore.Mvc.Infrastructure.ControllerActionInvoker|Result Filter: Before executing OnResultExecuted on filter Microsoft.AspNetCore.Mvc.Infrastructure.ClientErrorResultFilter. 
2024-04-05 18:40:17.1302|TRACE|Microsoft.AspNetCore.Mvc.Infrastructure.ControllerActionInvoker|Result Filter: After executing OnResultExecuted on filter Microsoft.AspNetCore.Mvc.Infrastructure.ClientErrorResultFilter. 
2024-04-05 18:40:17.1302|INFO|Microsoft.AspNetCore.Mvc.Infrastructure.ControllerActionInvoker|Executed action LitZhu.WebApi.Controllers.User.AuthController.ShowAuthUser (LitZhu.WebApi) in 58386.4384ms 
2024-04-05 18:40:17.1302|INFO|Microsoft.AspNetCore.Routing.EndpointMiddleware|Executed endpoint 'LitZhu.WebApi.Controllers.User.AuthController.ShowAuthUser (LitZhu.WebApi)' 
2024-04-05 18:40:17.1302|DEBUG|Microsoft.AspNetCore.Server.Kestrel.Connections|Connection id "0HN2LBHPL60V9" completed keep alive response. 
2024-04-05 18:40:17.1302|DEBUG|Microsoft.EntityFrameworkCore.Infrastructure|'UserDbContext' disposed. 
2024-04-05 18:40:17.1302|INFO|Microsoft.AspNetCore.Hosting.Diagnostics|Request finished HTTP/1.1 GET https://localhost:7290/api/Auth/Show?token=eyJhbGciOiJodHRwOi8vd3d3LnczLm9yZy8yMDAxLzA0L3htbGRzaWctbW9yZSNobWFjLXNoYTI1NiIsInR5cCI6IkpXVCJ9.eyJodHRwOi8vc2NoZW1hcy54bWxzb2FwLm9yZy93cy8yMDA1LzA1L2lkZW50aXR5L2NsYWltcy9uYW1laWRlbnRpZmllciI6IjRmMjU2ZjU0LTcyNDEtNDk5NS1iZDk2LWViMDc0NDk5NGRlMCIsImh0dHA6Ly9zY2hlbWFzLnhtbHNvYXAub3JnL3dzLzIwMDUvMDUvaWRlbnRpdHkvY2xhaW1zL25hbWUiOiJxd2UiLCJleHAiOjE3MTIzMTcxMDUsImlzcyI6IkxpdFpodSIsImF1ZCI6IkxpdFpodSJ9.ARibKmtUrNj2q5DjiYM6YG8zhGvbVfHUuQqnwgG7kx0 - 200 45 application/json;+charset=utf-8 58387.8557ms 
2024-04-05 18:40:17.1435|DEBUG|Microsoft.AspNetCore.Server.Kestrel.Transport.Sockets|Connection id "0HN2LBHPL60V9" received FIN. 
2024-04-05 18:40:17.1435|DEBUG|Microsoft.AspNetCore.Server.Kestrel.Transport.Sockets|Connection id "0HN2LBHPL60V9" sending FIN because: "The Socket transport's send loop completed gracefully." 
2024-04-05 18:40:17.1435|DEBUG|Microsoft.AspNetCore.Server.Kestrel.Connections|Connection id "0HN2LBHPL60V9" disconnecting. 
2024-04-05 18:40:17.1435|DEBUG|Microsoft.AspNetCore.Server.Kestrel.Connections|Connection id "0HN2LBHPL60V9" stopped. 
2024-04-05 18:40:54.2389|DEBUG|Microsoft.AspNetCore.Server.Kestrel.Connections|Connection id "0HN2LBHPL60VA" accepted. 
2024-04-05 18:40:54.2389|DEBUG|Microsoft.AspNetCore.Server.Kestrel.Connections|Connection id "0HN2LBHPL60VA" started. 
2024-04-05 18:40:54.2489|DEBUG|Microsoft.AspNetCore.Server.Kestrel.Https.Internal.HttpsConnectionMiddleware|Connection 0HN2LBHPL60VA established using the following protocol: Tls13 
2024-04-05 18:40:54.2489|INFO|Microsoft.AspNetCore.Hosting.Diagnostics|Request starting HTTP/1.1 GET https://localhost:7290/api/Auth/Show?token=eyJhbGciOiJodHRwOi8vd3d3LnczLm9yZy8yMDAxLzA0L3htbGRzaWctbW9yZSNobWFjLXNoYTI1NiIsInR5cCI6IkpXVCJ9.eyJodHRwOi8vc2NoZW1hcy54bWxzb2FwLm9yZy93cy8yMDA1LzA1L2lkZW50aXR5L2NsYWltcy9uYW1laWRlbnRpZmllciI6IjRmMjU2ZjU0LTcyNDEtNDk5NS1iZDk2LWViMDc0NDk5NGRlMCIsImh0dHA6Ly9zY2hlbWFzLnhtbHNvYXAub3JnL3dzLzIwMDUvMDUvaWRlbnRpdHkvY2xhaW1zL25hbWUiOiJxd2UiLCJleHAiOjE3MTIzMTcxMDUsImlzcyI6IkxpdFpodSIsImF1ZCI6IkxpdFpodSJ9.ARibKmtUrNj2q5DjiYM6YG8zhGvbVfHUuQqnwgG7kx0 - - - 
2024-04-05 18:40:54.2489|TRACE|Microsoft.AspNetCore.HostFiltering.HostFilteringMiddleware|All hosts are allowed. 
2024-04-05 18:40:54.2489|DEBUG|Microsoft.AspNetCore.Routing.Matching.DfaMatcher|1 candidate(s) found for the request path '/api/Auth/Show' 
2024-04-05 18:40:54.2489|DEBUG|Microsoft.AspNetCore.Routing.Matching.DfaMatcher|Endpoint 'LitZhu.WebApi.Controllers.User.AuthController.ShowAuthUser (LitZhu.WebApi)' with route pattern 'api/Auth/Show' is valid for the request path '/api/Auth/Show' 
2024-04-05 18:40:54.2489|DEBUG|Microsoft.AspNetCore.Routing.EndpointRoutingMiddleware|Request matched endpoint 'LitZhu.WebApi.Controllers.User.AuthController.ShowAuthUser (LitZhu.WebApi)' 
2024-04-05 18:40:54.2489|TRACE|Microsoft.AspNetCore.Routing.EndpointRoutingMiddleware|The endpoint does not specify the IRequestSizeLimitMetadata. 
2024-04-05 18:40:54.2489|DEBUG|Microsoft.AspNetCore.StaticFiles.StaticFileMiddleware|Static files was skipped as the request already matched an endpoint. 
2024-04-05 18:40:54.2489|DEBUG|Microsoft.AspNetCore.Authentication.JwtBearer.JwtBearerHandler|AuthenticationScheme: Bearer was not authenticated. 
2024-04-05 18:40:54.2489|INFO|Microsoft.AspNetCore.Routing.EndpointMiddleware|Executing endpoint 'LitZhu.WebApi.Controllers.User.AuthController.ShowAuthUser (LitZhu.WebApi)' 
2024-04-05 18:40:54.2489|INFO|Microsoft.AspNetCore.Mvc.Infrastructure.ControllerActionInvoker|Route matched with {action = "ShowAuthUser", controller = "Auth"}. Executing controller action with signature Microsoft.AspNetCore.Mvc.IActionResult ShowAuthUser(System.String) on controller LitZhu.WebApi.Controllers.User.AuthController (LitZhu.WebApi). 
2024-04-05 18:40:54.2489|DEBUG|Microsoft.AspNetCore.Mvc.Infrastructure.ControllerActionInvoker|Execution plan of authorization filters (in the following order): None 
2024-04-05 18:40:54.2489|DEBUG|Microsoft.AspNetCore.Mvc.Infrastructure.ControllerActionInvoker|Execution plan of resource filters (in the following order): None 
2024-04-05 18:40:54.2489|DEBUG|Microsoft.AspNetCore.Mvc.Infrastructure.ControllerActionInvoker|Execution plan of action filters (in the following order): Microsoft.AspNetCore.Mvc.ModelBinding.UnsupportedContentTypeFilter (Order: -3000), Microsoft.AspNetCore.Mvc.Infrastructure.ModelStateInvalidFilter (Order: -2000) 
2024-04-05 18:40:54.2489|DEBUG|Microsoft.AspNetCore.Mvc.Infrastructure.ControllerActionInvoker|Execution plan of exception filters (in the following order): None 
2024-04-05 18:40:54.2489|DEBUG|Microsoft.AspNetCore.Mvc.Infrastructure.ControllerActionInvoker|Execution plan of result filters (in the following order): Microsoft.AspNetCore.Mvc.Infrastructure.ClientErrorResultFilter (Order: -2000) 
2024-04-05 18:40:54.2489|DEBUG|Microsoft.AspNetCore.Mvc.Infrastructure.ControllerActionInvoker|Executing controller factory for controller LitZhu.WebApi.Controllers.User.AuthController (LitZhu.WebApi) 
2024-04-05 18:40:54.2489|DEBUG|Microsoft.EntityFrameworkCore.Infrastructure|Entity Framework Core 8.0.1 initialized 'UserDbContext' using provider 'Pomelo.EntityFrameworkCore.MySql:8.0.1' with options: ServerVersion=8.0.23-mysql  
2024-04-05 18:40:54.2489|DEBUG|Microsoft.AspNetCore.Mvc.Infrastructure.ControllerActionInvoker|Executed controller factory for controller LitZhu.WebApi.Controllers.User.AuthController (LitZhu.WebApi) 
2024-04-05 18:40:54.2489|DEBUG|Microsoft.AspNetCore.Mvc.ModelBinding.ParameterBinder|Attempting to bind parameter 'token' of type 'System.String' ... 
2024-04-05 18:40:54.2489|DEBUG|Microsoft.AspNetCore.Mvc.ModelBinding.Binders.SimpleTypeModelBinder|Attempting to bind parameter 'token' of type 'System.String' using the name 'token' in request data ... 
2024-04-05 18:40:54.2489|DEBUG|Microsoft.AspNetCore.Mvc.ModelBinding.Binders.SimpleTypeModelBinder|Done attempting to bind parameter 'token' of type 'System.String'. 
2024-04-05 18:40:54.2489|DEBUG|Microsoft.AspNetCore.Mvc.ModelBinding.ParameterBinder|Done attempting to bind parameter 'token' of type 'System.String'. 
2024-04-05 18:40:54.2489|DEBUG|Microsoft.AspNetCore.Mvc.ModelBinding.ParameterBinder|Attempting to validate the bound parameter 'token' of type 'System.String' ... 
2024-04-05 18:40:54.2489|DEBUG|Microsoft.AspNetCore.Mvc.ModelBinding.ParameterBinder|Done attempting to validate the bound parameter 'token' of type 'System.String'. 
2024-04-05 18:40:54.2489|TRACE|Microsoft.AspNetCore.Mvc.Infrastructure.ControllerActionInvoker|Action Filter: Before executing OnActionExecuting on filter Microsoft.AspNetCore.Mvc.ModelBinding.UnsupportedContentTypeFilter. 
2024-04-05 18:40:54.2489|TRACE|Microsoft.AspNetCore.Mvc.Infrastructure.ControllerActionInvoker|Action Filter: After executing OnActionExecuting on filter Microsoft.AspNetCore.Mvc.ModelBinding.UnsupportedContentTypeFilter. 
2024-04-05 18:40:54.2489|TRACE|Microsoft.AspNetCore.Mvc.Infrastructure.ControllerActionInvoker|Action Filter: Before executing OnActionExecuting on filter Microsoft.AspNetCore.Mvc.Infrastructure.ModelStateInvalidFilter. 
2024-04-05 18:40:54.2489|TRACE|Microsoft.AspNetCore.Mvc.Infrastructure.ControllerActionInvoker|Action Filter: After executing OnActionExecuting on filter Microsoft.AspNetCore.Mvc.Infrastructure.ModelStateInvalidFilter. 
2024-04-05 18:40:54.2489|INFO|Microsoft.AspNetCore.Mvc.Infrastructure.ControllerActionInvoker|Executing action method LitZhu.WebApi.Controllers.User.AuthController.ShowAuthUser (LitZhu.WebApi) - Validation state: Valid 
2024-04-05 18:40:54.2489|TRACE|Microsoft.AspNetCore.Mvc.Infrastructure.ControllerActionInvoker|Executing action method LitZhu.WebApi.Controllers.User.AuthController.ShowAuthUser (LitZhu.WebApi) with arguments (eyJhbGciOiJodHRwOi8vd3d3LnczLm9yZy8yMDAxLzA0L3htbGRzaWctbW9yZSNobWFjLXNoYTI1NiIsInR5cCI6IkpXVCJ9.eyJodHRwOi8vc2NoZW1hcy54bWxzb2FwLm9yZy93cy8yMDA1LzA1L2lkZW50aXR5L2NsYWltcy9uYW1laWRlbnRpZmllciI6IjRmMjU2ZjU0LTcyNDEtNDk5NS1iZDk2LWViMDc0NDk5NGRlMCIsImh0dHA6Ly9zY2hlbWFzLnhtbHNvYXAub3JnL3dzLzIwMDUvMDUvaWRlbnRpdHkvY2xhaW1zL25hbWUiOiJxd2UiLCJleHAiOjE3MTIzMTcxMDUsImlzcyI6IkxpdFpodSIsImF1ZCI6IkxpdFpodSJ9.ARibKmtUrNj2q5DjiYM6YG8zhGvbVfHUuQqnwgG7kx0) 
2024-04-05 18:41:56.2141|INFO|Microsoft.AspNetCore.Mvc.Infrastructure.ControllerActionInvoker|Executed action method LitZhu.WebApi.Controllers.User.AuthController.ShowAuthUser (LitZhu.WebApi), returned result Microsoft.AspNetCore.Mvc.OkObjectResult in 61957.6657ms. 
2024-04-05 18:41:56.2141|TRACE|Microsoft.AspNetCore.Mvc.Infrastructure.ControllerActionInvoker|Action Filter: Before executing OnActionExecuted on filter Microsoft.AspNetCore.Mvc.Infrastructure.ModelStateInvalidFilter. 
2024-04-05 18:41:56.2141|TRACE|Microsoft.AspNetCore.Mvc.Infrastructure.ControllerActionInvoker|Action Filter: After executing OnActionExecuted on filter Microsoft.AspNetCore.Mvc.Infrastructure.ModelStateInvalidFilter. 
2024-04-05 18:41:56.2141|TRACE|Microsoft.AspNetCore.Mvc.Infrastructure.ControllerActionInvoker|Action Filter: Before executing OnActionExecuted on filter Microsoft.AspNetCore.Mvc.ModelBinding.UnsupportedContentTypeFilter. 
2024-04-05 18:41:56.2141|TRACE|Microsoft.AspNetCore.Mvc.Infrastructure.ControllerActionInvoker|Action Filter: After executing OnActionExecuted on filter Microsoft.AspNetCore.Mvc.ModelBinding.UnsupportedContentTypeFilter. 
2024-04-05 18:41:56.2141|TRACE|Microsoft.AspNetCore.Mvc.Infrastructure.ControllerActionInvoker|Result Filter: Before executing OnResultExecuting on filter Microsoft.AspNetCore.Mvc.Infrastructure.ClientErrorResultFilter. 
2024-04-05 18:41:56.2141|TRACE|Microsoft.AspNetCore.Mvc.Infrastructure.ControllerActionInvoker|Result Filter: After executing OnResultExecuting on filter Microsoft.AspNetCore.Mvc.Infrastructure.ClientErrorResultFilter. 
2024-04-05 18:41:56.2141|TRACE|Microsoft.AspNetCore.Mvc.Infrastructure.ControllerActionInvoker|Before executing action result Microsoft.AspNetCore.Mvc.OkObjectResult. 
2024-04-05 18:41:56.2141|DEBUG|Microsoft.AspNetCore.Mvc.Infrastructure.DefaultOutputFormatterSelector|List of registered output formatters, in the following order: Microsoft.AspNetCore.Mvc.Formatters.HttpNoContentOutputFormatter, Microsoft.AspNetCore.Mvc.Formatters.StringOutputFormatter, Microsoft.AspNetCore.Mvc.Formatters.StreamOutputFormatter, Microsoft.AspNetCore.Mvc.Formatters.NewtonsoftJsonOutputFormatter 
2024-04-05 18:41:56.2141|DEBUG|Microsoft.AspNetCore.Mvc.Infrastructure.DefaultOutputFormatterSelector|No information found on request to perform content negotiation. 
2024-04-05 18:41:56.2141|DEBUG|Microsoft.AspNetCore.Mvc.Infrastructure.DefaultOutputFormatterSelector|Attempting to select an output formatter without using a content type as no explicit content types were specified for the response. 
2024-04-05 18:41:56.2141|DEBUG|Microsoft.AspNetCore.Mvc.Infrastructure.DefaultOutputFormatterSelector|Attempting to select the first formatter in the output formatters list which can write the result. 
2024-04-05 18:41:56.2209|DEBUG|Microsoft.AspNetCore.Mvc.Infrastructure.DefaultOutputFormatterSelector|Selected output formatter 'Microsoft.AspNetCore.Mvc.Formatters.NewtonsoftJsonOutputFormatter' and content type 'application/json' to write the response. 
2024-04-05 18:41:56.2209|INFO|Microsoft.AspNetCore.Mvc.Infrastructure.ObjectResultExecutor|Executing OkObjectResult, writing value of type 'LitZhu.WebApi.R'. 
2024-04-05 18:41:56.2209|TRACE|Microsoft.AspNetCore.Mvc.Infrastructure.ControllerActionInvoker|After executing action result Microsoft.AspNetCore.Mvc.OkObjectResult. 
2024-04-05 18:41:56.2209|TRACE|Microsoft.AspNetCore.Mvc.Infrastructure.ControllerActionInvoker|Result Filter: Before executing OnResultExecuted on filter Microsoft.AspNetCore.Mvc.Infrastructure.ClientErrorResultFilter. 
2024-04-05 18:41:56.2209|TRACE|Microsoft.AspNetCore.Mvc.Infrastructure.ControllerActionInvoker|Result Filter: After executing OnResultExecuted on filter Microsoft.AspNetCore.Mvc.Infrastructure.ClientErrorResultFilter. 
2024-04-05 18:41:56.2209|INFO|Microsoft.AspNetCore.Mvc.Infrastructure.ControllerActionInvoker|Executed action LitZhu.WebApi.Controllers.User.AuthController.ShowAuthUser (LitZhu.WebApi) in 61969.3833ms 
2024-04-05 18:41:56.2209|INFO|Microsoft.AspNetCore.Routing.EndpointMiddleware|Executed endpoint 'LitZhu.WebApi.Controllers.User.AuthController.ShowAuthUser (LitZhu.WebApi)' 
2024-04-05 18:41:56.2209|DEBUG|Microsoft.AspNetCore.Server.Kestrel.Connections|Connection id "0HN2LBHPL60VA" completed keep alive response. 
2024-04-05 18:41:56.2209|DEBUG|Microsoft.EntityFrameworkCore.Infrastructure|'UserDbContext' disposed. 
2024-04-05 18:41:56.2209|INFO|Microsoft.AspNetCore.Hosting.Diagnostics|Request finished HTTP/1.1 GET https://localhost:7290/api/Auth/Show?token=eyJhbGciOiJodHRwOi8vd3d3LnczLm9yZy8yMDAxLzA0L3htbGRzaWctbW9yZSNobWFjLXNoYTI1NiIsInR5cCI6IkpXVCJ9.eyJodHRwOi8vc2NoZW1hcy54bWxzb2FwLm9yZy93cy8yMDA1LzA1L2lkZW50aXR5L2NsYWltcy9uYW1laWRlbnRpZmllciI6IjRmMjU2ZjU0LTcyNDEtNDk5NS1iZDk2LWViMDc0NDk5NGRlMCIsImh0dHA6Ly9zY2hlbWFzLnhtbHNvYXAub3JnL3dzLzIwMDUvMDUvaWRlbnRpdHkvY2xhaW1zL25hbWUiOiJxd2UiLCJleHAiOjE3MTIzMTcxMDUsImlzcyI6IkxpdFpodSIsImF1ZCI6IkxpdFpodSJ9.ARibKmtUrNj2q5DjiYM6YG8zhGvbVfHUuQqnwgG7kx0 - 200 45 application/json;+charset=utf-8 61975.1886ms 
2024-04-05 18:41:56.2446|DEBUG|Microsoft.AspNetCore.Server.Kestrel.Transport.Sockets|Connection id "0HN2LBHPL60VA" received FIN. 
2024-04-05 18:41:56.2446|DEBUG|Microsoft.AspNetCore.Server.Kestrel.Transport.Sockets|Connection id "0HN2LBHPL60VA" sending FIN because: "The Socket transport's send loop completed gracefully." 
2024-04-05 18:41:56.2446|DEBUG|Microsoft.AspNetCore.Server.Kestrel.Connections|Connection id "0HN2LBHPL60VA" disconnecting. 
2024-04-05 18:41:56.2446|DEBUG|Microsoft.AspNetCore.Server.Kestrel.Connections|Connection id "0HN2LBHPL60VA" stopped. 
2024-04-05 18:45:12.6787|DEBUG|Microsoft.AspNetCore.Mvc.ModelBinding.ModelBinderFactory|Registered model binder providers, in the following order: Microsoft.AspNetCore.Mvc.ModelBinding.Binders.BinderTypeModelBinderProvider, Microsoft.AspNetCore.Mvc.ModelBinding.Binders.ServicesModelBinderProvider, Microsoft.AspNetCore.Mvc.ModelBinding.Binders.BodyModelBinderProvider, Microsoft.AspNetCore.Mvc.ModelBinding.Binders.HeaderModelBinderProvider, Microsoft.AspNetCore.Mvc.ModelBinding.Binders.FloatingPointTypeModelBinderProvider, Microsoft.AspNetCore.Mvc.ModelBinding.Binders.EnumTypeModelBinderProvider, Microsoft.AspNetCore.Mvc.ModelBinding.Binders.DateTimeModelBinderProvider, Microsoft.AspNetCore.Mvc.ModelBinding.Binders.SimpleTypeModelBinderProvider, Microsoft.AspNetCore.Mvc.ModelBinding.Binders.TryParseModelBinderProvider, Microsoft.AspNetCore.Mvc.ModelBinding.Binders.CancellationTokenModelBinderProvider, Microsoft.AspNetCore.Mvc.ModelBinding.Binders.ByteArrayModelBinderProvider, Microsoft.AspNetCore.Mvc.ModelBinding.Binders.FormFileModelBinderProvider, Microsoft.AspNetCore.Mvc.ModelBinding.Binders.FormCollectionModelBinderProvider, Microsoft.AspNetCore.Mvc.ModelBinding.Binders.KeyValuePairModelBinderProvider, Microsoft.AspNetCore.Mvc.ModelBinding.Binders.DictionaryModelBinderProvider, Microsoft.AspNetCore.Mvc.ModelBinding.Binders.ArrayModelBinderProvider, Microsoft.AspNetCore.Mvc.ModelBinding.Binders.CollectionModelBinderProvider, Microsoft.AspNetCore.Mvc.ModelBinding.Binders.ComplexObjectModelBinderProvider 
2024-04-05 18:45:12.7794|DEBUG|Microsoft.Extensions.Hosting.Internal.Host|Hosting starting 
2024-04-05 18:45:12.8405|INFO|Microsoft.AspNetCore.DataProtection.KeyManagement.XmlKeyManager|User profile is available. Using 'C:\Users\25968\AppData\Local\ASP.NET\DataProtection-Keys' as key repository and Windows DPAPI to encrypt keys at rest. 
2024-04-05 18:45:12.8570|DEBUG|Microsoft.AspNetCore.DataProtection.Repositories.FileSystemXmlRepository|Reading data from file 'C:\Users\25968\AppData\Local\ASP.NET\DataProtection-Keys\key-04331095-e001-4e86-a2a5-ac77c623d11c.xml'. 
2024-04-05 18:45:12.8691|DEBUG|Microsoft.AspNetCore.DataProtection.KeyManagement.XmlKeyManager|Found key {04331095-e001-4e86-a2a5-ac77c623d11c}. 
2024-04-05 18:45:12.8855|DEBUG|Microsoft.AspNetCore.DataProtection.KeyManagement.DefaultKeyResolver|Considering key {04331095-e001-4e86-a2a5-ac77c623d11c} with expiration date 2024-04-11 12:24:14Z as default key. 
2024-04-05 18:45:12.8894|DEBUG|Microsoft.AspNetCore.DataProtection.TypeForwardingActivator|Forwarded activator type request from Microsoft.AspNetCore.DataProtection.XmlEncryption.DpapiXmlDecryptor, Microsoft.AspNetCore.DataProtection, Version=8.0.0.0, Culture=neutral, PublicKeyToken=adb9793829ddae60 to Microsoft.AspNetCore.DataProtection.XmlEncryption.DpapiXmlDecryptor, Microsoft.AspNetCore.DataProtection, Culture=neutral, PublicKeyToken=adb9793829ddae60 
2024-04-05 18:45:12.8894|DEBUG|Microsoft.AspNetCore.DataProtection.XmlEncryption.DpapiXmlDecryptor|Decrypting secret element using Windows DPAPI. 
2024-04-05 18:45:12.8894|DEBUG|Microsoft.AspNetCore.DataProtection.TypeForwardingActivator|Forwarded activator type request from Microsoft.AspNetCore.DataProtection.AuthenticatedEncryption.ConfigurationModel.AuthenticatedEncryptorDescriptorDeserializer, Microsoft.AspNetCore.DataProtection, Version=8.0.0.0, Culture=neutral, PublicKeyToken=adb9793829ddae60 to Microsoft.AspNetCore.DataProtection.AuthenticatedEncryption.ConfigurationModel.AuthenticatedEncryptorDescriptorDeserializer, Microsoft.AspNetCore.DataProtection, Culture=neutral, PublicKeyToken=adb9793829ddae60 
2024-04-05 18:45:12.8894|DEBUG|Microsoft.AspNetCore.DataProtection.AuthenticatedEncryption.CngCbcAuthenticatedEncryptorFactory|Opening CNG algorithm 'AES' from provider '(null)' with chaining mode CBC. 
2024-04-05 18:45:12.8894|DEBUG|Microsoft.AspNetCore.DataProtection.AuthenticatedEncryption.CngCbcAuthenticatedEncryptorFactory|Opening CNG algorithm 'SHA256' from provider '(null)' with HMAC. 
2024-04-05 18:45:12.8894|DEBUG|Microsoft.AspNetCore.DataProtection.KeyManagement.KeyRingProvider|Using key {04331095-e001-4e86-a2a5-ac77c623d11c} as the default key. 
2024-04-05 18:45:12.8894|DEBUG|Microsoft.AspNetCore.DataProtection.Internal.DataProtectionHostedService|Key ring with default key {04331095-e001-4e86-a2a5-ac77c623d11c} was loaded during application startup. 
2024-04-05 18:45:13.1837|INFO|Microsoft.Hosting.Lifetime|Now listening on: https://localhost:7290 
2024-04-05 18:45:13.1863|INFO|Microsoft.Hosting.Lifetime|Now listening on: http://localhost:5167 
2024-04-05 18:45:13.1863|DEBUG|Microsoft.AspNetCore.Hosting.Diagnostics|Loaded hosting startup assembly LitZhu.WebApi 
2024-04-05 18:45:13.1863|DEBUG|Microsoft.AspNetCore.Hosting.Diagnostics|Loaded hosting startup assembly Microsoft.AspNetCore.Watch.BrowserRefresh 
2024-04-05 18:45:13.1863|DEBUG|Microsoft.AspNetCore.Hosting.Diagnostics|Loaded hosting startup assembly Microsoft.WebTools.BrowserLink.Net 
2024-04-05 18:45:13.1863|INFO|Microsoft.Hosting.Lifetime|Application started. Press Ctrl+C to shut down. 
2024-04-05 18:45:13.1863|INFO|Microsoft.Hosting.Lifetime|Hosting environment: Development 
2024-04-05 18:45:13.1863|INFO|Microsoft.Hosting.Lifetime|Content root path: D:\Desktop\website\litzhu\LitZhu_backend\LitZhu.WebApi 
2024-04-05 18:45:13.1863|DEBUG|Microsoft.Extensions.Hosting.Internal.Host|Hosting started 
2024-04-05 18:45:13.5175|DEBUG|Microsoft.AspNetCore.Server.Kestrel.Transport.Sockets|Connection id "0HN2LBLSKPSTG" received FIN. 
2024-04-05 18:45:13.5175|DEBUG|Microsoft.AspNetCore.Server.Kestrel.Connections|Connection id "0HN2LBLSKPSTG" accepted. 
2024-04-05 18:45:13.5175|DEBUG|Microsoft.AspNetCore.Server.Kestrel.Connections|Connection id "0HN2LBLSKPSTG" started. 
2024-04-05 18:45:13.5413|DEBUG|Microsoft.AspNetCore.Server.Kestrel.Https.Internal.HttpsConnectionMiddleware|Failed to authenticate HTTPS connection. System.IO.IOException: Received an unexpected EOF or 0 bytes from the transport stream.
   at System.Net.Security.SslStream.ReceiveHandshakeFrameAsync[TIOAdapter](CancellationToken cancellationToken)
   at System.Net.Security.SslStream.ForceAuthenticationAsync[TIOAdapter](Boolean receiveFirst, Byte[] reAuthenticationData, CancellationToken cancellationToken)
   at System.Net.Security.SslStream.ProcessAuthenticationWithTelemetryAsync(Boolean isAsync, CancellationToken cancellationToken)
   at Microsoft.AspNetCore.Server.Kestrel.Https.Internal.HttpsConnectionMiddleware.OnConnectionAsync(ConnectionContext context)
2024-04-05 18:45:13.5807|DEBUG|Microsoft.AspNetCore.Server.Kestrel.Connections|Connection id "0HN2LBLSKPSTG" stopped. 
2024-04-05 18:45:13.5807|DEBUG|Microsoft.AspNetCore.Server.Kestrel.Transport.Sockets|Connection id "0HN2LBLSKPSTG" sending FIN because: "The Socket transport's send loop completed gracefully." 
2024-04-05 18:45:13.9885|DEBUG|Microsoft.AspNetCore.Server.Kestrel.Connections|Connection id "0HN2LBLSKPSTH" accepted. 
2024-04-05 18:45:13.9885|DEBUG|Microsoft.AspNetCore.Server.Kestrel.Connections|Connection id "0HN2LBLSKPSTH" started. 
2024-04-05 18:45:14.0362|DEBUG|Microsoft.AspNetCore.Server.Kestrel.Https.Internal.HttpsConnectionMiddleware|Connection 0HN2LBLSKPSTH established using the following protocol: Tls13 
2024-04-05 18:45:14.0504|INFO|Microsoft.AspNetCore.Hosting.Diagnostics|Request starting HTTP/1.1 GET https://localhost:7290/api/Auth/Show?token=eyJhbGciOiJodHRwOi8vd3d3LnczLm9yZy8yMDAxLzA0L3htbGRzaWctbW9yZSNobWFjLXNoYTI1NiIsInR5cCI6IkpXVCJ9.eyJodHRwOi8vc2NoZW1hcy54bWxzb2FwLm9yZy93cy8yMDA1LzA1L2lkZW50aXR5L2NsYWltcy9uYW1laWRlbnRpZmllciI6IjRmMjU2ZjU0LTcyNDEtNDk5NS1iZDk2LWViMDc0NDk5NGRlMCIsImh0dHA6Ly9zY2hlbWFzLnhtbHNvYXAub3JnL3dzLzIwMDUvMDUvaWRlbnRpdHkvY2xhaW1zL25hbWUiOiJxd2UiLCJleHAiOjE3MTIzMTcxMDUsImlzcyI6IkxpdFpodSIsImF1ZCI6IkxpdFpodSJ9.ARibKmtUrNj2q5DjiYM6YG8zhGvbVfHUuQqnwgG7kx0 - - - 
2024-04-05 18:45:14.0504|DEBUG|Microsoft.AspNetCore.HostFiltering.HostFilteringMiddleware|Wildcard detected, all requests with hosts will be allowed. 
2024-04-05 18:45:14.0504|TRACE|Microsoft.AspNetCore.HostFiltering.HostFilteringMiddleware|All hosts are allowed. 
2024-04-05 18:45:14.0745|DEBUG|Microsoft.AspNetCore.Routing.Matching.DfaMatcher|1 candidate(s) found for the request path '/api/Auth/Show' 
2024-04-05 18:45:14.0745|DEBUG|Microsoft.AspNetCore.Routing.Matching.DfaMatcher|Endpoint 'LitZhu.WebApi.Controllers.User.AuthController.ShowAuthUser (LitZhu.WebApi)' with route pattern 'api/Auth/Show' is valid for the request path '/api/Auth/Show' 
2024-04-05 18:45:14.0767|DEBUG|Microsoft.AspNetCore.Routing.EndpointRoutingMiddleware|Request matched endpoint 'LitZhu.WebApi.Controllers.User.AuthController.ShowAuthUser (LitZhu.WebApi)' 
2024-04-05 18:45:14.0767|TRACE|Microsoft.AspNetCore.Routing.EndpointRoutingMiddleware|The endpoint does not specify the IRequestSizeLimitMetadata. 
2024-04-05 18:45:14.0767|DEBUG|Microsoft.AspNetCore.StaticFiles.StaticFileMiddleware|Static files was skipped as the request already matched an endpoint. 
2024-04-05 18:45:14.1475|DEBUG|Microsoft.AspNetCore.Authentication.JwtBearer.JwtBearerHandler|AuthenticationScheme: Bearer was not authenticated. 
2024-04-05 18:45:14.1475|INFO|Microsoft.AspNetCore.Routing.EndpointMiddleware|Executing endpoint 'LitZhu.WebApi.Controllers.User.AuthController.ShowAuthUser (LitZhu.WebApi)' 
2024-04-05 18:45:14.1620|INFO|Microsoft.AspNetCore.Mvc.Infrastructure.ControllerActionInvoker|Route matched with {action = "ShowAuthUser", controller = "Auth"}. Executing controller action with signature Microsoft.AspNetCore.Mvc.IActionResult ShowAuthUser(System.String) on controller LitZhu.WebApi.Controllers.User.AuthController (LitZhu.WebApi). 
2024-04-05 18:45:14.1620|DEBUG|Microsoft.AspNetCore.Mvc.Infrastructure.ControllerActionInvoker|Execution plan of authorization filters (in the following order): None 
2024-04-05 18:45:14.1620|DEBUG|Microsoft.AspNetCore.Mvc.Infrastructure.ControllerActionInvoker|Execution plan of resource filters (in the following order): None 
2024-04-05 18:45:14.1620|DEBUG|Microsoft.AspNetCore.Mvc.Infrastructure.ControllerActionInvoker|Execution plan of action filters (in the following order): Microsoft.AspNetCore.Mvc.ModelBinding.UnsupportedContentTypeFilter (Order: -3000), Microsoft.AspNetCore.Mvc.Infrastructure.ModelStateInvalidFilter (Order: -2000) 
2024-04-05 18:45:14.1620|DEBUG|Microsoft.AspNetCore.Mvc.Infrastructure.ControllerActionInvoker|Execution plan of exception filters (in the following order): None 
2024-04-05 18:45:14.1620|DEBUG|Microsoft.AspNetCore.Mvc.Infrastructure.ControllerActionInvoker|Execution plan of result filters (in the following order): Microsoft.AspNetCore.Mvc.Infrastructure.ClientErrorResultFilter (Order: -2000) 
2024-04-05 18:45:14.1620|DEBUG|Microsoft.AspNetCore.Mvc.Infrastructure.ControllerActionInvoker|Executing controller factory for controller LitZhu.WebApi.Controllers.User.AuthController (LitZhu.WebApi) 
2024-04-05 18:45:14.2988|DEBUG|Microsoft.EntityFrameworkCore.Infrastructure|An additional 'IServiceProvider' was created for internal use by Entity Framework. An existing service provider was not used due to the following configuration changes: configuration changed for 'Core:ConfigureWarnings', configuration added for 'Pomelo.EntityFrameworkCore.MySql:ServerVersion', configuration added for 'Pomelo.EntityFrameworkCore.MySql:DisableBackslashEscaping', configuration added for 'Pomelo.EntityFrameworkCore.MySql:SetSqlModeOnOpen', configuration added for 'Pomelo.EntityFrameworkCore.MySql:DisableLineBreakToCharSubstition', configuration added for 'Pomelo.EntityFrameworkCore.MySql:DefaultDataTypeMappings', configuration added for 'Pomelo.EntityFrameworkCore.MySql:SchemaBehavior', configuration added for 'Pomelo.EntityFrameworkCore.MySql:SchemaNameTranslator', configuration added for 'Pomelo.EntityFrameworkCore.MySql:EnableIndexOptimizedBooleanColumns', configuration added for 'Pomelo.EntityFrameworkCore.MySql:LimitKeyedOrIndexedStringColumnLength', configuration added for 'Pomelo.EntityFrameworkCore.MySql:EnableStringComparisonTranslations', configuration added for 'Pomelo.EntityFrameworkCore.MySql:EnablePrimitiveCollectionsSupport'. 
2024-04-05 18:45:14.7015|DEBUG|Microsoft.EntityFrameworkCore.Model|The index {'UserId'} was not created on entity type 'UserRoles' as the properties are already covered by the index {'UserId', 'RoleId'}. 
2024-04-05 18:45:14.7789|WARN|Microsoft.EntityFrameworkCore.Model.Validation|Entity 'Users' has a global query filter defined and is the required end of a relationship with the entity 'UserAccessFail'. This may lead to unexpected results when the required entity is filtered out. Either configure the navigation as optional, or define matching query filters for both entities in the navigation. See https://go.microsoft.com/fwlink/?linkid=2131316 for more information. 
2024-04-05 18:45:14.7855|WARN|Microsoft.EntityFrameworkCore.Model.Validation|Entity 'Roles' has a global query filter defined and is the required end of a relationship with the entity 'UserRoles'. This may lead to unexpected results when the required entity is filtered out. Either configure the navigation as optional, or define matching query filters for both entities in the navigation. See https://go.microsoft.com/fwlink/?linkid=2131316 for more information. 
2024-04-05 18:45:14.9558|DEBUG|Microsoft.EntityFrameworkCore.Infrastructure|Entity Framework Core 8.0.1 initialized 'UserDbContext' using provider 'Pomelo.EntityFrameworkCore.MySql:8.0.1' with options: ServerVersion=8.0.23-mysql  
2024-04-05 18:45:15.1161|DEBUG|Microsoft.AspNetCore.Mvc.Infrastructure.ControllerActionInvoker|Executed controller factory for controller LitZhu.WebApi.Controllers.User.AuthController (LitZhu.WebApi) 
2024-04-05 18:45:15.1161|DEBUG|Microsoft.AspNetCore.Mvc.ModelBinding.ParameterBinder|Attempting to bind parameter 'token' of type 'System.String' ... 
2024-04-05 18:45:15.1161|DEBUG|Microsoft.AspNetCore.Mvc.ModelBinding.Binders.SimpleTypeModelBinder|Attempting to bind parameter 'token' of type 'System.String' using the name 'token' in request data ... 
2024-04-05 18:45:15.1258|DEBUG|Microsoft.AspNetCore.Mvc.ModelBinding.Binders.SimpleTypeModelBinder|Done attempting to bind parameter 'token' of type 'System.String'. 
2024-04-05 18:45:15.1258|DEBUG|Microsoft.AspNetCore.Mvc.ModelBinding.ParameterBinder|Done attempting to bind parameter 'token' of type 'System.String'. 
2024-04-05 18:45:15.1258|DEBUG|Microsoft.AspNetCore.Mvc.ModelBinding.ParameterBinder|Attempting to validate the bound parameter 'token' of type 'System.String' ... 
2024-04-05 18:45:15.1258|DEBUG|Microsoft.AspNetCore.Mvc.ModelBinding.ParameterBinder|Done attempting to validate the bound parameter 'token' of type 'System.String'. 
2024-04-05 18:45:15.1258|TRACE|Microsoft.AspNetCore.Mvc.Infrastructure.ControllerActionInvoker|Action Filter: Before executing OnActionExecuting on filter Microsoft.AspNetCore.Mvc.ModelBinding.UnsupportedContentTypeFilter. 
2024-04-05 18:45:15.1258|TRACE|Microsoft.AspNetCore.Mvc.Infrastructure.ControllerActionInvoker|Action Filter: After executing OnActionExecuting on filter Microsoft.AspNetCore.Mvc.ModelBinding.UnsupportedContentTypeFilter. 
2024-04-05 18:45:15.1258|TRACE|Microsoft.AspNetCore.Mvc.Infrastructure.ControllerActionInvoker|Action Filter: Before executing OnActionExecuting on filter Microsoft.AspNetCore.Mvc.Infrastructure.ModelStateInvalidFilter. 
2024-04-05 18:45:15.1258|TRACE|Microsoft.AspNetCore.Mvc.Infrastructure.ControllerActionInvoker|Action Filter: After executing OnActionExecuting on filter Microsoft.AspNetCore.Mvc.Infrastructure.ModelStateInvalidFilter. 
2024-04-05 18:45:15.1258|INFO|Microsoft.AspNetCore.Mvc.Infrastructure.ControllerActionInvoker|Executing action method LitZhu.WebApi.Controllers.User.AuthController.ShowAuthUser (LitZhu.WebApi) - Validation state: Valid 
2024-04-05 18:45:15.1258|TRACE|Microsoft.AspNetCore.Mvc.Infrastructure.ControllerActionInvoker|Executing action method LitZhu.WebApi.Controllers.User.AuthController.ShowAuthUser (LitZhu.WebApi) with arguments (eyJhbGciOiJodHRwOi8vd3d3LnczLm9yZy8yMDAxLzA0L3htbGRzaWctbW9yZSNobWFjLXNoYTI1NiIsInR5cCI6IkpXVCJ9.eyJodHRwOi8vc2NoZW1hcy54bWxzb2FwLm9yZy93cy8yMDA1LzA1L2lkZW50aXR5L2NsYWltcy9uYW1laWRlbnRpZmllciI6IjRmMjU2ZjU0LTcyNDEtNDk5NS1iZDk2LWViMDc0NDk5NGRlMCIsImh0dHA6Ly9zY2hlbWFzLnhtbHNvYXAub3JnL3dzLzIwMDUvMDUvaWRlbnRpdHkvY2xhaW1zL25hbWUiOiJxd2UiLCJleHAiOjE3MTIzMTcxMDUsImlzcyI6IkxpdFpodSIsImF1ZCI6IkxpdFpodSJ9.ARibKmtUrNj2q5DjiYM6YG8zhGvbVfHUuQqnwgG7kx0) 
2024-04-05 18:45:15.3416|INFO|Microsoft.AspNetCore.Mvc.Infrastructure.ControllerActionInvoker|Executed action method LitZhu.WebApi.Controllers.User.AuthController.ShowAuthUser (LitZhu.WebApi), returned result Microsoft.AspNetCore.Mvc.OkObjectResult in 201.915ms. 
2024-04-05 18:45:15.3418|TRACE|Microsoft.AspNetCore.Mvc.Infrastructure.ControllerActionInvoker|Action Filter: Before executing OnActionExecuted on filter Microsoft.AspNetCore.Mvc.Infrastructure.ModelStateInvalidFilter. 
2024-04-05 18:45:15.3418|TRACE|Microsoft.AspNetCore.Mvc.Infrastructure.ControllerActionInvoker|Action Filter: After executing OnActionExecuted on filter Microsoft.AspNetCore.Mvc.Infrastructure.ModelStateInvalidFilter. 
2024-04-05 18:45:15.3418|TRACE|Microsoft.AspNetCore.Mvc.Infrastructure.ControllerActionInvoker|Action Filter: Before executing OnActionExecuted on filter Microsoft.AspNetCore.Mvc.ModelBinding.UnsupportedContentTypeFilter. 
2024-04-05 18:45:15.3418|TRACE|Microsoft.AspNetCore.Mvc.Infrastructure.ControllerActionInvoker|Action Filter: After executing OnActionExecuted on filter Microsoft.AspNetCore.Mvc.ModelBinding.UnsupportedContentTypeFilter. 
2024-04-05 18:45:15.3418|TRACE|Microsoft.AspNetCore.Mvc.Infrastructure.ControllerActionInvoker|Result Filter: Before executing OnResultExecuting on filter Microsoft.AspNetCore.Mvc.Infrastructure.ClientErrorResultFilter. 
2024-04-05 18:45:15.3418|TRACE|Microsoft.AspNetCore.Mvc.Infrastructure.ControllerActionInvoker|Result Filter: After executing OnResultExecuting on filter Microsoft.AspNetCore.Mvc.Infrastructure.ClientErrorResultFilter. 
2024-04-05 18:45:15.3418|TRACE|Microsoft.AspNetCore.Mvc.Infrastructure.ControllerActionInvoker|Before executing action result Microsoft.AspNetCore.Mvc.OkObjectResult. 
2024-04-05 18:45:15.3418|DEBUG|Microsoft.AspNetCore.Mvc.Infrastructure.DefaultOutputFormatterSelector|List of registered output formatters, in the following order: Microsoft.AspNetCore.Mvc.Formatters.HttpNoContentOutputFormatter, Microsoft.AspNetCore.Mvc.Formatters.StringOutputFormatter, Microsoft.AspNetCore.Mvc.Formatters.StreamOutputFormatter, Microsoft.AspNetCore.Mvc.Formatters.NewtonsoftJsonOutputFormatter 
2024-04-05 18:45:15.3418|DEBUG|Microsoft.AspNetCore.Mvc.Infrastructure.DefaultOutputFormatterSelector|No information found on request to perform content negotiation. 
2024-04-05 18:45:15.3418|DEBUG|Microsoft.AspNetCore.Mvc.Infrastructure.DefaultOutputFormatterSelector|Attempting to select an output formatter without using a content type as no explicit content types were specified for the response. 
2024-04-05 18:45:15.3418|DEBUG|Microsoft.AspNetCore.Mvc.Infrastructure.DefaultOutputFormatterSelector|Attempting to select the first formatter in the output formatters list which can write the result. 
2024-04-05 18:45:15.3418|DEBUG|Microsoft.AspNetCore.Mvc.Infrastructure.DefaultOutputFormatterSelector|Selected output formatter 'Microsoft.AspNetCore.Mvc.Formatters.NewtonsoftJsonOutputFormatter' and content type 'application/json' to write the response. 
2024-04-05 18:45:15.3418|INFO|Microsoft.AspNetCore.Mvc.Infrastructure.ObjectResultExecutor|Executing OkObjectResult, writing value of type 'LitZhu.WebApi.R'. 
2024-04-05 18:45:15.4199|TRACE|Microsoft.AspNetCore.Mvc.Infrastructure.ControllerActionInvoker|After executing action result Microsoft.AspNetCore.Mvc.OkObjectResult. 
2024-04-05 18:45:15.4199|TRACE|Microsoft.AspNetCore.Mvc.Infrastructure.ControllerActionInvoker|Result Filter: Before executing OnResultExecuted on filter Microsoft.AspNetCore.Mvc.Infrastructure.ClientErrorResultFilter. 
2024-04-05 18:45:15.4199|TRACE|Microsoft.AspNetCore.Mvc.Infrastructure.ControllerActionInvoker|Result Filter: After executing OnResultExecuted on filter Microsoft.AspNetCore.Mvc.Infrastructure.ClientErrorResultFilter. 
2024-04-05 18:45:15.4228|DEBUG|Microsoft.AspNetCore.Server.Kestrel.Transport.Sockets|Connection id "0HN2LBLSKPSTH" received FIN. 
2024-04-05 18:45:15.4228|DEBUG|Microsoft.AspNetCore.Server.Kestrel.Transport.Sockets|Connection id "0HN2LBLSKPSTH" sending FIN because: "The Socket transport's send loop completed gracefully." 
2024-04-05 18:45:15.4228|DEBUG|Microsoft.AspNetCore.Server.Kestrel.Connections|Connection id "0HN2LBLSKPSTH" disconnecting. 
2024-04-05 18:45:15.4228|INFO|Microsoft.AspNetCore.Mvc.Infrastructure.ControllerActionInvoker|Executed action LitZhu.WebApi.Controllers.User.AuthController.ShowAuthUser (LitZhu.WebApi) in 1257.8552ms 
2024-04-05 18:45:15.4228|INFO|Microsoft.AspNetCore.Routing.EndpointMiddleware|Executed endpoint 'LitZhu.WebApi.Controllers.User.AuthController.ShowAuthUser (LitZhu.WebApi)' 
2024-04-05 18:45:15.4228|DEBUG|Microsoft.EntityFrameworkCore.Infrastructure|'UserDbContext' disposed. 
2024-04-05 18:45:15.4228|INFO|Microsoft.AspNetCore.Hosting.Diagnostics|Request finished HTTP/1.1 GET https://localhost:7290/api/Auth/Show?token=eyJhbGciOiJodHRwOi8vd3d3LnczLm9yZy8yMDAxLzA0L3htbGRzaWctbW9yZSNobWFjLXNoYTI1NiIsInR5cCI6IkpXVCJ9.eyJodHRwOi8vc2NoZW1hcy54bWxzb2FwLm9yZy93cy8yMDA1LzA1L2lkZW50aXR5L2NsYWltcy9uYW1laWRlbnRpZmllciI6IjRmMjU2ZjU0LTcyNDEtNDk5NS1iZDk2LWViMDc0NDk5NGRlMCIsImh0dHA6Ly9zY2hlbWFzLnhtbHNvYXAub3JnL3dzLzIwMDUvMDUvaWRlbnRpdHkvY2xhaW1zL25hbWUiOiJxd2UiLCJleHAiOjE3MTIzMTcxMDUsImlzcyI6IkxpdFpodSIsImF1ZCI6IkxpdFpodSJ9.ARibKmtUrNj2q5DjiYM6YG8zhGvbVfHUuQqnwgG7kx0 - 200 72 application/json;+charset=utf-8 1383.2760ms 
2024-04-05 18:45:15.4228|DEBUG|Microsoft.AspNetCore.Server.Kestrel.Connections|Connection id "0HN2LBLSKPSTH" stopped. 
2024-04-05 18:45:18.0574|DEBUG|Microsoft.AspNetCore.Server.Kestrel.Connections|Connection id "0HN2LBLSKPSTI" accepted. 
2024-04-05 18:45:18.0574|DEBUG|Microsoft.AspNetCore.Server.Kestrel.Connections|Connection id "0HN2LBLSKPSTI" started. 
2024-04-05 18:45:18.1420|DEBUG|Microsoft.AspNetCore.Server.Kestrel.Https.Internal.HttpsConnectionMiddleware|Connection 0HN2LBLSKPSTI established using the following protocol: Tls13 
2024-04-05 18:45:18.1786|TRACE|Microsoft.AspNetCore.Server.Kestrel.Http2|Connection id "0HN2LBLSKPSTI" sending SETTINGS frame for stream ID 0 with length 24 and flags NONE. 
2024-04-05 18:45:18.1786|TRACE|Microsoft.AspNetCore.Server.Kestrel.Http2|Connection id "0HN2LBLSKPSTI" sending WINDOW_UPDATE frame for stream ID 0 with length 4 and flags 0x0. 
2024-04-05 18:45:18.1786|TRACE|Microsoft.AspNetCore.Server.Kestrel.Http2|Connection id "0HN2LBLSKPSTI" received SETTINGS frame for stream ID 0 with length 24 and flags NONE. 
2024-04-05 18:45:18.1786|TRACE|Microsoft.AspNetCore.Server.Kestrel.Http2|Connection id "0HN2LBLSKPSTI" sending SETTINGS frame for stream ID 0 with length 0 and flags ACK. 
2024-04-05 18:45:18.1786|TRACE|Microsoft.AspNetCore.Server.Kestrel.Http2|Connection id "0HN2LBLSKPSTI" received WINDOW_UPDATE frame for stream ID 0 with length 4 and flags 0x0. 
2024-04-05 18:45:18.1786|TRACE|Microsoft.AspNetCore.Server.Kestrel.Http2|Connection id "0HN2LBLSKPSTI" received HEADERS frame for stream ID 1 with length 462 and flags END_STREAM, END_HEADERS, PRIORITY. 
2024-04-05 18:45:18.1966|TRACE|Microsoft.AspNetCore.Server.Kestrel.Http2|Connection id "0HN2LBLSKPSTI" received SETTINGS frame for stream ID 0 with length 0 and flags ACK. 
2024-04-05 18:45:18.1966|INFO|Microsoft.AspNetCore.Hosting.Diagnostics|Request starting HTTP/2 GET https://localhost:7290/swagger/index.html - - - 
2024-04-05 18:45:18.4579|TRACE|Microsoft.AspNetCore.HostFiltering.HostFilteringMiddleware|All hosts are allowed. 
2024-04-05 18:45:18.4579|DEBUG|Microsoft.AspNetCore.Routing.Matching.DfaMatcher|No candidates found for the request path '/swagger/index.html' 
2024-04-05 18:45:18.4579|DEBUG|Microsoft.AspNetCore.Routing.EndpointRoutingMiddleware|Request did not match any endpoints 
2024-04-05 18:45:18.6152|DEBUG|Microsoft.AspNetCore.Watch.BrowserRefresh.BrowserRefreshMiddleware|Response markup is scheduled to include browser refresh script injection. 
2024-04-05 18:45:18.6152|TRACE|Microsoft.AspNetCore.Server.Kestrel.Http2|Connection id "0HN2LBLSKPSTI" sending HEADERS frame for stream ID 1 with length 66 and flags END_HEADERS. 
2024-04-05 18:45:18.6306|TRACE|Microsoft.AspNetCore.Server.Kestrel.Http2|Connection id "0HN2LBLSKPSTI" sending DATA frame for stream ID 1 with length 4096 and flags NONE. 
2024-04-05 18:45:18.6403|TRACE|Microsoft.AspNetCore.Server.Kestrel.Http2|Connection id "0HN2LBLSKPSTI" sending DATA frame for stream ID 1 with length 992 and flags NONE. 
2024-04-05 18:45:18.6403|TRACE|Microsoft.AspNetCore.Server.Kestrel.Http2|Connection id "0HN2LBLSKPSTI" sending DATA frame for stream ID 1 with length 81 and flags NONE. 
2024-04-05 18:45:18.6403|DEBUG|Microsoft.AspNetCore.Watch.BrowserRefresh.BrowserRefreshMiddleware|Response markup was updated to include browser refresh script injection. 
2024-04-05 18:45:18.6403|TRACE|Microsoft.AspNetCore.Server.Kestrel.Http2|Connection id "0HN2LBLSKPSTI" sending DATA frame for stream ID 1 with length 0 and flags END_STREAM. 
2024-04-05 18:45:18.6403|INFO|Microsoft.AspNetCore.Hosting.Diagnostics|Request finished HTTP/2 GET https://localhost:7290/swagger/index.html - 200 - text/html;charset=utf-8 449.1045ms 
2024-04-05 18:45:18.8799|TRACE|Microsoft.AspNetCore.Server.Kestrel.Http2|Connection id "0HN2LBLSKPSTI" received HEADERS frame for stream ID 3 with length 109 and flags END_STREAM, END_HEADERS, PRIORITY. 
2024-04-05 18:45:18.8799|TRACE|Microsoft.AspNetCore.Server.Kestrel.Http2|Connection id "0HN2LBLSKPSTI" received HEADERS frame for stream ID 5 with length 57 and flags END_STREAM, END_HEADERS, PRIORITY. 
2024-04-05 18:45:18.8799|INFO|Microsoft.AspNetCore.Hosting.Diagnostics|Request starting HTTP/2 GET https://localhost:7290/_framework/aspnetcore-browser-refresh.js - - - 
2024-04-05 18:45:18.8799|INFO|Microsoft.AspNetCore.Hosting.Diagnostics|Request starting HTTP/2 GET https://localhost:7290/_vs/browserLink - - - 
2024-04-05 18:45:18.8799|TRACE|Microsoft.AspNetCore.Server.Kestrel.Http2|Connection id "0HN2LBLSKPSTI" sending HEADERS frame for stream ID 3 with length 60 and flags END_HEADERS. 
2024-04-05 18:45:18.8799|TRACE|Microsoft.AspNetCore.Server.Kestrel.Http2|Connection id "0HN2LBLSKPSTI" sending DATA frame for stream ID 3 with length 13761 and flags NONE. 
2024-04-05 18:45:18.9465|TRACE|Microsoft.AspNetCore.Server.Kestrel.Http2|Connection id "0HN2LBLSKPSTI" sending DATA frame for stream ID 3 with length 0 and flags END_STREAM. 
2024-04-05 18:45:18.9465|INFO|Microsoft.AspNetCore.Hosting.Diagnostics|Request finished HTTP/2 GET https://localhost:7290/_framework/aspnetcore-browser-refresh.js - 200 13761 application/javascript;+charset=utf-8 65.0752ms 
2024-04-05 18:45:18.9767|TRACE|Microsoft.AspNetCore.Server.Kestrel.Http2|Connection id "0HN2LBLSKPSTI" sending HEADERS frame for stream ID 5 with length 119 and flags END_HEADERS. 
2024-04-05 18:45:18.9767|TRACE|Microsoft.AspNetCore.Server.Kestrel.Http2|Connection id "0HN2LBLSKPSTI" sending DATA frame for stream ID 5 with length 9986 and flags NONE. 
2024-04-05 18:45:18.9767|TRACE|Microsoft.AspNetCore.Server.Kestrel.Http2|Connection id "0HN2LBLSKPSTI" sending DATA frame for stream ID 5 with length 10240 and flags NONE. 
2024-04-05 18:45:18.9767|TRACE|Microsoft.AspNetCore.Server.Kestrel.Http2|Connection id "0HN2LBLSKPSTI" sending DATA frame for stream ID 5 with length 10240 and flags NONE. 
2024-04-05 18:45:18.9767|TRACE|Microsoft.AspNetCore.Server.Kestrel.Http2|Connection id "0HN2LBLSKPSTI" sending DATA frame for stream ID 5 with length 10240 and flags NONE. 
2024-04-05 18:45:18.9767|TRACE|Microsoft.AspNetCore.Server.Kestrel.Http2|Connection id "0HN2LBLSKPSTI" sending DATA frame for stream ID 5 with length 10240 and flags NONE. 
2024-04-05 18:45:18.9767|TRACE|Microsoft.AspNetCore.Server.Kestrel.Http2|Connection id "0HN2LBLSKPSTI" sending DATA frame for stream ID 5 with length 10240 and flags NONE. 
2024-04-05 18:45:18.9767|TRACE|Microsoft.AspNetCore.Server.Kestrel.Http2|Connection id "0HN2LBLSKPSTI" sending DATA frame for stream ID 5 with length 10240 and flags NONE. 
2024-04-05 18:45:18.9767|TRACE|Microsoft.AspNetCore.Server.Kestrel.Http2|Connection id "0HN2LBLSKPSTI" sending DATA frame for stream ID 5 with length 10240 and flags NONE. 
2024-04-05 18:45:18.9767|TRACE|Microsoft.AspNetCore.Server.Kestrel.Http2|Connection id "0HN2LBLSKPSTI" sending DATA frame for stream ID 5 with length 10240 and flags NONE. 
2024-04-05 18:45:18.9767|TRACE|Microsoft.AspNetCore.Server.Kestrel.Http2|Connection id "0HN2LBLSKPSTI" sending DATA frame for stream ID 5 with length 10240 and flags NONE. 
2024-04-05 18:45:18.9884|TRACE|Microsoft.AspNetCore.Server.Kestrel.Http2|Connection id "0HN2LBLSKPSTI" sending DATA frame for stream ID 5 with length 10240 and flags NONE. 
2024-04-05 18:45:18.9884|TRACE|Microsoft.AspNetCore.Server.Kestrel.Http2|Connection id "0HN2LBLSKPSTI" sending DATA frame for stream ID 5 with length 10240 and flags NONE. 
2024-04-05 18:45:18.9884|TRACE|Microsoft.AspNetCore.Server.Kestrel.Http2|Connection id "0HN2LBLSKPSTI" sending DATA frame for stream ID 5 with length 10240 and flags NONE. 
2024-04-05 18:45:18.9884|TRACE|Microsoft.AspNetCore.Server.Kestrel.Http2|Connection id "0HN2LBLSKPSTI" sending DATA frame for stream ID 5 with length 10240 and flags NONE. 
2024-04-05 18:45:18.9884|TRACE|Microsoft.AspNetCore.Server.Kestrel.Http2|Connection id "0HN2LBLSKPSTI" sending DATA frame for stream ID 5 with length 10240 and flags NONE. 
2024-04-05 18:45:18.9884|TRACE|Microsoft.AspNetCore.Server.Kestrel.Http2|Connection id "0HN2LBLSKPSTI" sending DATA frame for stream ID 5 with length 160 and flags NONE. 
2024-04-05 18:45:18.9884|TRACE|Microsoft.AspNetCore.Server.Kestrel.Http2|Connection id "0HN2LBLSKPSTI" sending DATA frame for stream ID 5 with length 0 and flags END_STREAM. 
2024-04-05 18:45:18.9884|INFO|Microsoft.AspNetCore.Hosting.Diagnostics|Request finished HTTP/2 GET https://localhost:7290/_vs/browserLink - 200 - text/javascript;+charset=UTF-8 110.4372ms 
2024-04-05 18:45:19.2818|TRACE|Microsoft.AspNetCore.Server.Kestrel.Http2|Connection id "0HN2LBLSKPSTI" received HEADERS frame for stream ID 7 with length 66 and flags END_STREAM, END_HEADERS, PRIORITY. 
2024-04-05 18:45:19.2818|INFO|Microsoft.AspNetCore.Hosting.Diagnostics|Request starting HTTP/2 GET https://localhost:7290/swagger/v1/swagger.json - - - 
2024-04-05 18:45:19.2818|TRACE|Microsoft.AspNetCore.HostFiltering.HostFilteringMiddleware|All hosts are allowed. 
2024-04-05 18:45:19.2818|DEBUG|Microsoft.AspNetCore.Routing.Matching.DfaMatcher|No candidates found for the request path '/swagger/v1/swagger.json' 
2024-04-05 18:45:19.2818|DEBUG|Microsoft.AspNetCore.Routing.EndpointRoutingMiddleware|Request did not match any endpoints 
2024-04-05 18:45:19.3998|TRACE|Microsoft.AspNetCore.Server.Kestrel.Http2|Connection id "0HN2LBLSKPSTI" sending HEADERS frame for stream ID 7 with length 65 and flags END_HEADERS. 
2024-04-05 18:45:19.3998|TRACE|Microsoft.AspNetCore.Server.Kestrel.Http2|Connection id "0HN2LBLSKPSTI" sending DATA frame for stream ID 7 with length 16384 and flags NONE. 
2024-04-05 18:45:19.3998|TRACE|Microsoft.AspNetCore.Server.Kestrel.Http2|Connection id "0HN2LBLSKPSTI" sending DATA frame for stream ID 7 with length 16384 and flags NONE. 
2024-04-05 18:45:19.3998|TRACE|Microsoft.AspNetCore.Server.Kestrel.Http2|Connection id "0HN2LBLSKPSTI" sending DATA frame for stream ID 7 with length 16384 and flags NONE. 
2024-04-05 18:45:19.3998|TRACE|Microsoft.AspNetCore.Server.Kestrel.Http2|Connection id "0HN2LBLSKPSTI" sending DATA frame for stream ID 7 with length 9384 and flags NONE. 
2024-04-05 18:45:19.3998|TRACE|Microsoft.AspNetCore.Server.Kestrel.Http2|Connection id "0HN2LBLSKPSTI" sending DATA frame for stream ID 7 with length 0 and flags END_STREAM. 
2024-04-05 18:45:19.3998|INFO|Microsoft.AspNetCore.Hosting.Diagnostics|Request finished HTTP/2 GET https://localhost:7290/swagger/v1/swagger.json - 200 - application/json;charset=utf-8 122.5811ms 
2024-04-05 18:45:20.4190|DEBUG|Microsoft.AspNetCore.Server.Kestrel.Transport.Sockets|Connection id "0HN2LBLSKPSTI" received FIN. 
2024-04-05 18:45:20.4239|DEBUG|Microsoft.AspNetCore.Server.Kestrel.Http2|The connection queue processing loop for 0HN2LBLSKPSTI completed. 
2024-04-05 18:45:20.4239|DEBUG|Microsoft.AspNetCore.Server.Kestrel.Http2|Connection id "0HN2LBLSKPSTI" is closed. The last processed stream ID was 7. 
2024-04-05 18:45:20.4239|DEBUG|Microsoft.AspNetCore.Server.Kestrel.Transport.Sockets|Connection id "0HN2LBLSKPSTI" sending FIN because: "The Socket transport's send loop completed gracefully." 
2024-04-05 18:45:20.4239|DEBUG|Microsoft.AspNetCore.Server.Kestrel.Connections|Connection id "0HN2LBLSKPSTI" stopped. 
2024-04-05 22:52:25.1899|DEBUG|Microsoft.AspNetCore.Mvc.ModelBinding.ModelBinderFactory|Registered model binder providers, in the following order: Microsoft.AspNetCore.Mvc.ModelBinding.Binders.BinderTypeModelBinderProvider, Microsoft.AspNetCore.Mvc.ModelBinding.Binders.ServicesModelBinderProvider, Microsoft.AspNetCore.Mvc.ModelBinding.Binders.BodyModelBinderProvider, Microsoft.AspNetCore.Mvc.ModelBinding.Binders.HeaderModelBinderProvider, Microsoft.AspNetCore.Mvc.ModelBinding.Binders.FloatingPointTypeModelBinderProvider, Microsoft.AspNetCore.Mvc.ModelBinding.Binders.EnumTypeModelBinderProvider, Microsoft.AspNetCore.Mvc.ModelBinding.Binders.DateTimeModelBinderProvider, Microsoft.AspNetCore.Mvc.ModelBinding.Binders.SimpleTypeModelBinderProvider, Microsoft.AspNetCore.Mvc.ModelBinding.Binders.TryParseModelBinderProvider, Microsoft.AspNetCore.Mvc.ModelBinding.Binders.CancellationTokenModelBinderProvider, Microsoft.AspNetCore.Mvc.ModelBinding.Binders.ByteArrayModelBinderProvider, Microsoft.AspNetCore.Mvc.ModelBinding.Binders.FormFileModelBinderProvider, Microsoft.AspNetCore.Mvc.ModelBinding.Binders.FormCollectionModelBinderProvider, Microsoft.AspNetCore.Mvc.ModelBinding.Binders.KeyValuePairModelBinderProvider, Microsoft.AspNetCore.Mvc.ModelBinding.Binders.DictionaryModelBinderProvider, Microsoft.AspNetCore.Mvc.ModelBinding.Binders.ArrayModelBinderProvider, Microsoft.AspNetCore.Mvc.ModelBinding.Binders.CollectionModelBinderProvider, Microsoft.AspNetCore.Mvc.ModelBinding.Binders.ComplexObjectModelBinderProvider 
2024-04-05 22:52:25.2774|DEBUG|Microsoft.Extensions.Hosting.Internal.Host|Hosting starting 
2024-04-05 22:52:25.3118|INFO|Microsoft.AspNetCore.DataProtection.KeyManagement.XmlKeyManager|User profile is available. Using 'C:\Users\25968\AppData\Local\ASP.NET\DataProtection-Keys' as key repository and Windows DPAPI to encrypt keys at rest. 
2024-04-05 22:52:25.3118|DEBUG|Microsoft.AspNetCore.DataProtection.Repositories.FileSystemXmlRepository|Reading data from file 'C:\Users\25968\AppData\Local\ASP.NET\DataProtection-Keys\key-04331095-e001-4e86-a2a5-ac77c623d11c.xml'. 
2024-04-05 22:52:25.3290|DEBUG|Microsoft.AspNetCore.DataProtection.KeyManagement.XmlKeyManager|Found key {04331095-e001-4e86-a2a5-ac77c623d11c}. 
2024-04-05 22:52:25.3290|DEBUG|Microsoft.AspNetCore.DataProtection.KeyManagement.DefaultKeyResolver|Considering key {04331095-e001-4e86-a2a5-ac77c623d11c} with expiration date 2024-04-11 12:24:14Z as default key. 
2024-04-05 22:52:25.3290|DEBUG|Microsoft.AspNetCore.DataProtection.TypeForwardingActivator|Forwarded activator type request from Microsoft.AspNetCore.DataProtection.XmlEncryption.DpapiXmlDecryptor, Microsoft.AspNetCore.DataProtection, Version=8.0.0.0, Culture=neutral, PublicKeyToken=adb9793829ddae60 to Microsoft.AspNetCore.DataProtection.XmlEncryption.DpapiXmlDecryptor, Microsoft.AspNetCore.DataProtection, Culture=neutral, PublicKeyToken=adb9793829ddae60 
2024-04-05 22:52:25.3428|DEBUG|Microsoft.AspNetCore.DataProtection.XmlEncryption.DpapiXmlDecryptor|Decrypting secret element using Windows DPAPI. 
2024-04-05 22:52:25.3428|DEBUG|Microsoft.AspNetCore.DataProtection.TypeForwardingActivator|Forwarded activator type request from Microsoft.AspNetCore.DataProtection.AuthenticatedEncryption.ConfigurationModel.AuthenticatedEncryptorDescriptorDeserializer, Microsoft.AspNetCore.DataProtection, Version=8.0.0.0, Culture=neutral, PublicKeyToken=adb9793829ddae60 to Microsoft.AspNetCore.DataProtection.AuthenticatedEncryption.ConfigurationModel.AuthenticatedEncryptorDescriptorDeserializer, Microsoft.AspNetCore.DataProtection, Culture=neutral, PublicKeyToken=adb9793829ddae60 
2024-04-05 22:52:25.3428|DEBUG|Microsoft.AspNetCore.DataProtection.AuthenticatedEncryption.CngCbcAuthenticatedEncryptorFactory|Opening CNG algorithm 'AES' from provider '(null)' with chaining mode CBC. 
2024-04-05 22:52:25.3428|DEBUG|Microsoft.AspNetCore.DataProtection.AuthenticatedEncryption.CngCbcAuthenticatedEncryptorFactory|Opening CNG algorithm 'SHA256' from provider '(null)' with HMAC. 
2024-04-05 22:52:25.3428|DEBUG|Microsoft.AspNetCore.DataProtection.KeyManagement.KeyRingProvider|Using key {04331095-e001-4e86-a2a5-ac77c623d11c} as the default key. 
2024-04-05 22:52:25.3428|DEBUG|Microsoft.AspNetCore.DataProtection.Internal.DataProtectionHostedService|Key ring with default key {04331095-e001-4e86-a2a5-ac77c623d11c} was loaded during application startup. 
2024-04-05 22:52:25.5966|INFO|Microsoft.Hosting.Lifetime|Now listening on: https://localhost:7290 
2024-04-05 22:52:25.5966|INFO|Microsoft.Hosting.Lifetime|Now listening on: http://localhost:5167 
2024-04-05 22:52:25.5966|DEBUG|Microsoft.AspNetCore.Hosting.Diagnostics|Loaded hosting startup assembly LitZhu.WebApi 
2024-04-05 22:52:25.5966|DEBUG|Microsoft.AspNetCore.Hosting.Diagnostics|Loaded hosting startup assembly Microsoft.AspNetCore.Watch.BrowserRefresh 
2024-04-05 22:52:25.5966|DEBUG|Microsoft.AspNetCore.Hosting.Diagnostics|Loaded hosting startup assembly Microsoft.WebTools.BrowserLink.Net 
2024-04-05 22:52:25.5966|INFO|Microsoft.Hosting.Lifetime|Application started. Press Ctrl+C to shut down. 
2024-04-05 22:52:25.5966|INFO|Microsoft.Hosting.Lifetime|Hosting environment: Development 
2024-04-05 22:52:25.5966|INFO|Microsoft.Hosting.Lifetime|Content root path: D:\Desktop\website\litzhu\LitZhu_backend\LitZhu.WebApi 
2024-04-05 22:52:25.5966|DEBUG|Microsoft.Extensions.Hosting.Internal.Host|Hosting started 
2024-04-05 22:52:25.6269|DEBUG|Microsoft.AspNetCore.Server.Kestrel.Connections|Connection id "0HN2LG00UQE9U" accepted. 
2024-04-05 22:52:25.6269|DEBUG|Microsoft.AspNetCore.Server.Kestrel.Connections|Connection id "0HN2LG00UQE9U" started. 
2024-04-05 22:52:25.6407|DEBUG|Microsoft.AspNetCore.Server.Kestrel.Transport.Sockets|Connection id "0HN2LG00UQE9V" received FIN. 
2024-04-05 22:52:25.6407|DEBUG|Microsoft.AspNetCore.Server.Kestrel.Transport.Sockets|Connection id "0HN2LG00UQE9U" received FIN. 
2024-04-05 22:52:25.6407|DEBUG|Microsoft.AspNetCore.Server.Kestrel.Connections|Connection id "0HN2LG00UQE9V" accepted. 
2024-04-05 22:52:25.6407|DEBUG|Microsoft.AspNetCore.Server.Kestrel.Connections|Connection id "0HN2LG00UQE9V" started. 
2024-04-05 22:52:25.6568|DEBUG|Microsoft.AspNetCore.Server.Kestrel.Https.Internal.HttpsConnectionMiddleware|Failed to authenticate HTTPS connection. System.IO.IOException: Received an unexpected EOF or 0 bytes from the transport stream.
   at System.Net.Security.SslStream.ReceiveHandshakeFrameAsync[TIOAdapter](CancellationToken cancellationToken)
   at System.Net.Security.SslStream.ForceAuthenticationAsync[TIOAdapter](Boolean receiveFirst, Byte[] reAuthenticationData, CancellationToken cancellationToken)
   at System.Net.Security.SslStream.ProcessAuthenticationWithTelemetryAsync(Boolean isAsync, CancellationToken cancellationToken)
   at Microsoft.AspNetCore.Server.Kestrel.Https.Internal.HttpsConnectionMiddleware.OnConnectionAsync(ConnectionContext context)
2024-04-05 22:52:25.6568|DEBUG|Microsoft.AspNetCore.Server.Kestrel.Https.Internal.HttpsConnectionMiddleware|Failed to authenticate HTTPS connection. System.IO.IOException: Received an unexpected EOF or 0 bytes from the transport stream.
   at System.Net.Security.SslStream.ReceiveHandshakeFrameAsync[TIOAdapter](CancellationToken cancellationToken)
   at System.Net.Security.SslStream.ForceAuthenticationAsync[TIOAdapter](Boolean receiveFirst, Byte[] reAuthenticationData, CancellationToken cancellationToken)
   at System.Net.Security.SslStream.ProcessAuthenticationWithTelemetryAsync(Boolean isAsync, CancellationToken cancellationToken)
   at Microsoft.AspNetCore.Server.Kestrel.Https.Internal.HttpsConnectionMiddleware.OnConnectionAsync(ConnectionContext context)
2024-04-05 22:52:25.7005|DEBUG|Microsoft.AspNetCore.Server.Kestrel.Connections|Connection id "0HN2LG00UQE9V" stopped. 
2024-04-05 22:52:25.7005|DEBUG|Microsoft.AspNetCore.Server.Kestrel.Connections|Connection id "0HN2LG00UQE9U" stopped. 
2024-04-05 22:52:25.7031|DEBUG|Microsoft.AspNetCore.Server.Kestrel.Transport.Sockets|Connection id "0HN2LG00UQE9U" sending FIN because: "The Socket transport's send loop completed gracefully." 
2024-04-05 22:52:25.7031|DEBUG|Microsoft.AspNetCore.Server.Kestrel.Transport.Sockets|Connection id "0HN2LG00UQE9V" sending FIN because: "The Socket transport's send loop completed gracefully." 
2024-04-05 22:52:26.4574|DEBUG|Microsoft.AspNetCore.Server.Kestrel.Connections|Connection id "0HN2LG00UQEA0" accepted. 
2024-04-05 22:52:26.4574|DEBUG|Microsoft.AspNetCore.Server.Kestrel.Connections|Connection id "0HN2LG00UQEA0" started. 
2024-04-05 22:52:26.5450|DEBUG|Microsoft.AspNetCore.Server.Kestrel.Https.Internal.HttpsConnectionMiddleware|Connection 0HN2LG00UQEA0 established using the following protocol: Tls13 
2024-04-05 22:52:26.5869|TRACE|Microsoft.AspNetCore.Server.Kestrel.Http2|Connection id "0HN2LG00UQEA0" sending SETTINGS frame for stream ID 0 with length 24 and flags NONE. 
2024-04-05 22:52:26.5869|TRACE|Microsoft.AspNetCore.Server.Kestrel.Http2|Connection id "0HN2LG00UQEA0" sending WINDOW_UPDATE frame for stream ID 0 with length 4 and flags 0x0. 
2024-04-05 22:52:26.5933|TRACE|Microsoft.AspNetCore.Server.Kestrel.Http2|Connection id "0HN2LG00UQEA0" received SETTINGS frame for stream ID 0 with length 24 and flags NONE. 
2024-04-05 22:52:26.5933|TRACE|Microsoft.AspNetCore.Server.Kestrel.Http2|Connection id "0HN2LG00UQEA0" sending SETTINGS frame for stream ID 0 with length 0 and flags ACK. 
2024-04-05 22:52:26.5933|TRACE|Microsoft.AspNetCore.Server.Kestrel.Http2|Connection id "0HN2LG00UQEA0" received WINDOW_UPDATE frame for stream ID 0 with length 4 and flags 0x0. 
2024-04-05 22:52:26.5933|TRACE|Microsoft.AspNetCore.Server.Kestrel.Http2|Connection id "0HN2LG00UQEA0" received HEADERS frame for stream ID 1 with length 462 and flags END_STREAM, END_HEADERS, PRIORITY. 
2024-04-05 22:52:26.6263|TRACE|Microsoft.AspNetCore.Server.Kestrel.Http2|Connection id "0HN2LG00UQEA0" received SETTINGS frame for stream ID 0 with length 0 and flags ACK. 
2024-04-05 22:52:26.6467|INFO|Microsoft.AspNetCore.Hosting.Diagnostics|Request starting HTTP/2 GET https://localhost:7290/swagger/index.html - - - 
2024-04-05 22:52:26.8455|DEBUG|Microsoft.AspNetCore.HostFiltering.HostFilteringMiddleware|Wildcard detected, all requests with hosts will be allowed. 
2024-04-05 22:52:26.8455|TRACE|Microsoft.AspNetCore.HostFiltering.HostFilteringMiddleware|All hosts are allowed. 
2024-04-05 22:52:26.8957|DEBUG|Microsoft.AspNetCore.Routing.Matching.DfaMatcher|No candidates found for the request path '/swagger/index.html' 
2024-04-05 22:52:26.8957|DEBUG|Microsoft.AspNetCore.Routing.EndpointRoutingMiddleware|Request did not match any endpoints 
2024-04-05 22:52:27.0091|DEBUG|Microsoft.AspNetCore.Watch.BrowserRefresh.BrowserRefreshMiddleware|Response markup is scheduled to include browser refresh script injection. 
2024-04-05 22:52:27.0091|TRACE|Microsoft.AspNetCore.Server.Kestrel.Http2|Connection id "0HN2LG00UQEA0" sending HEADERS frame for stream ID 1 with length 66 and flags END_HEADERS. 
2024-04-05 22:52:27.0204|TRACE|Microsoft.AspNetCore.Server.Kestrel.Http2|Connection id "0HN2LG00UQEA0" sending DATA frame for stream ID 1 with length 4096 and flags NONE. 
2024-04-05 22:52:27.0204|TRACE|Microsoft.AspNetCore.Server.Kestrel.Http2|Connection id "0HN2LG00UQEA0" sending DATA frame for stream ID 1 with length 992 and flags NONE. 
2024-04-05 22:52:27.0204|TRACE|Microsoft.AspNetCore.Server.Kestrel.Http2|Connection id "0HN2LG00UQEA0" sending DATA frame for stream ID 1 with length 81 and flags NONE. 
2024-04-05 22:52:27.0204|DEBUG|Microsoft.AspNetCore.Watch.BrowserRefresh.BrowserRefreshMiddleware|Response markup was updated to include browser refresh script injection. 
2024-04-05 22:52:27.0204|TRACE|Microsoft.AspNetCore.Server.Kestrel.Http2|Connection id "0HN2LG00UQEA0" sending DATA frame for stream ID 1 with length 0 and flags END_STREAM. 
2024-04-05 22:52:27.0302|INFO|Microsoft.AspNetCore.Hosting.Diagnostics|Request finished HTTP/2 GET https://localhost:7290/swagger/index.html - 200 - text/html;charset=utf-8 398.2849ms 
2024-04-05 22:52:27.0678|TRACE|Microsoft.AspNetCore.Server.Kestrel.Http2|Connection id "0HN2LG00UQEA0" received HEADERS frame for stream ID 3 with length 109 and flags END_STREAM, END_HEADERS, PRIORITY. 
2024-04-05 22:52:27.0678|INFO|Microsoft.AspNetCore.Hosting.Diagnostics|Request starting HTTP/2 GET https://localhost:7290/_framework/aspnetcore-browser-refresh.js - - - 
2024-04-05 22:52:27.0769|TRACE|Microsoft.AspNetCore.Server.Kestrel.Http2|Connection id "0HN2LG00UQEA0" sending HEADERS frame for stream ID 3 with length 60 and flags END_HEADERS. 
2024-04-05 22:52:27.0769|TRACE|Microsoft.AspNetCore.Server.Kestrel.Http2|Connection id "0HN2LG00UQEA0" sending DATA frame for stream ID 3 with length 13761 and flags NONE. 
2024-04-05 22:52:27.0769|TRACE|Microsoft.AspNetCore.Server.Kestrel.Http2|Connection id "0HN2LG00UQEA0" sending DATA frame for stream ID 3 with length 0 and flags END_STREAM. 
2024-04-05 22:52:27.0769|INFO|Microsoft.AspNetCore.Hosting.Diagnostics|Request finished HTTP/2 GET https://localhost:7290/_framework/aspnetcore-browser-refresh.js - 200 13761 application/javascript;+charset=utf-8 8.0832ms 
2024-04-05 22:52:27.1401|TRACE|Microsoft.AspNetCore.Server.Kestrel.Http2|Connection id "0HN2LG00UQEA0" received HEADERS frame for stream ID 5 with length 57 and flags END_STREAM, END_HEADERS, PRIORITY. 
2024-04-05 22:52:27.1401|INFO|Microsoft.AspNetCore.Hosting.Diagnostics|Request starting HTTP/2 GET https://localhost:7290/_vs/browserLink - - - 
2024-04-05 22:52:27.2081|TRACE|Microsoft.AspNetCore.Server.Kestrel.Http2|Connection id "0HN2LG00UQEA0" sending HEADERS frame for stream ID 5 with length 119 and flags END_HEADERS. 
2024-04-05 22:52:27.2081|TRACE|Microsoft.AspNetCore.Server.Kestrel.Http2|Connection id "0HN2LG00UQEA0" sending DATA frame for stream ID 5 with length 9986 and flags NONE. 
2024-04-05 22:52:27.2081|TRACE|Microsoft.AspNetCore.Server.Kestrel.Http2|Connection id "0HN2LG00UQEA0" sending DATA frame for stream ID 5 with length 10240 and flags NONE. 
2024-04-05 22:52:27.2081|TRACE|Microsoft.AspNetCore.Server.Kestrel.Http2|Connection id "0HN2LG00UQEA0" sending DATA frame for stream ID 5 with length 10240 and flags NONE. 
2024-04-05 22:52:27.2081|TRACE|Microsoft.AspNetCore.Server.Kestrel.Http2|Connection id "0HN2LG00UQEA0" sending DATA frame for stream ID 5 with length 10240 and flags NONE. 
2024-04-05 22:52:27.2081|TRACE|Microsoft.AspNetCore.Server.Kestrel.Http2|Connection id "0HN2LG00UQEA0" sending DATA frame for stream ID 5 with length 10240 and flags NONE. 
2024-04-05 22:52:27.2081|TRACE|Microsoft.AspNetCore.Server.Kestrel.Http2|Connection id "0HN2LG00UQEA0" sending DATA frame for stream ID 5 with length 10240 and flags NONE. 
2024-04-05 22:52:27.2177|TRACE|Microsoft.AspNetCore.Server.Kestrel.Http2|Connection id "0HN2LG00UQEA0" sending DATA frame for stream ID 5 with length 10240 and flags NONE. 
2024-04-05 22:52:27.2177|TRACE|Microsoft.AspNetCore.Server.Kestrel.Http2|Connection id "0HN2LG00UQEA0" sending DATA frame for stream ID 5 with length 10240 and flags NONE. 
2024-04-05 22:52:27.2177|TRACE|Microsoft.AspNetCore.Server.Kestrel.Http2|Connection id "0HN2LG00UQEA0" sending DATA frame for stream ID 5 with length 10240 and flags NONE. 
2024-04-05 22:52:27.2177|TRACE|Microsoft.AspNetCore.Server.Kestrel.Http2|Connection id "0HN2LG00UQEA0" sending DATA frame for stream ID 5 with length 10240 and flags NONE. 
2024-04-05 22:52:27.2177|TRACE|Microsoft.AspNetCore.Server.Kestrel.Http2|Connection id "0HN2LG00UQEA0" sending DATA frame for stream ID 5 with length 10240 and flags NONE. 
2024-04-05 22:52:27.2177|TRACE|Microsoft.AspNetCore.Server.Kestrel.Http2|Connection id "0HN2LG00UQEA0" sending DATA frame for stream ID 5 with length 10240 and flags NONE. 
2024-04-05 22:52:27.2177|TRACE|Microsoft.AspNetCore.Server.Kestrel.Http2|Connection id "0HN2LG00UQEA0" sending DATA frame for stream ID 5 with length 10240 and flags NONE. 
2024-04-05 22:52:27.2177|TRACE|Microsoft.AspNetCore.Server.Kestrel.Http2|Connection id "0HN2LG00UQEA0" sending DATA frame for stream ID 5 with length 10240 and flags NONE. 
2024-04-05 22:52:27.2177|TRACE|Microsoft.AspNetCore.Server.Kestrel.Http2|Connection id "0HN2LG00UQEA0" sending DATA frame for stream ID 5 with length 10240 and flags NONE. 
2024-04-05 22:52:27.2177|TRACE|Microsoft.AspNetCore.Server.Kestrel.Http2|Connection id "0HN2LG00UQEA0" sending DATA frame for stream ID 5 with length 160 and flags NONE. 
2024-04-05 22:52:27.2177|TRACE|Microsoft.AspNetCore.Server.Kestrel.Http2|Connection id "0HN2LG00UQEA0" sending DATA frame for stream ID 5 with length 0 and flags END_STREAM. 
2024-04-05 22:52:27.2177|INFO|Microsoft.AspNetCore.Hosting.Diagnostics|Request finished HTTP/2 GET https://localhost:7290/_vs/browserLink - 200 - text/javascript;+charset=UTF-8 84.9988ms 
2024-04-05 22:52:27.4706|TRACE|Microsoft.AspNetCore.Server.Kestrel.Http2|Connection id "0HN2LG00UQEA0" received HEADERS frame for stream ID 7 with length 66 and flags END_STREAM, END_HEADERS, PRIORITY. 
2024-04-05 22:52:27.4706|INFO|Microsoft.AspNetCore.Hosting.Diagnostics|Request starting HTTP/2 GET https://localhost:7290/swagger/v1/swagger.json - - - 
2024-04-05 22:52:27.4706|TRACE|Microsoft.AspNetCore.HostFiltering.HostFilteringMiddleware|All hosts are allowed. 
2024-04-05 22:52:27.4706|DEBUG|Microsoft.AspNetCore.Routing.Matching.DfaMatcher|No candidates found for the request path '/swagger/v1/swagger.json' 
2024-04-05 22:52:27.4706|DEBUG|Microsoft.AspNetCore.Routing.EndpointRoutingMiddleware|Request did not match any endpoints 
2024-04-05 22:52:27.7835|TRACE|Microsoft.AspNetCore.Server.Kestrel.Http2|Connection id "0HN2LG00UQEA0" sending HEADERS frame for stream ID 7 with length 65 and flags END_HEADERS. 
2024-04-05 22:52:27.7835|TRACE|Microsoft.AspNetCore.Server.Kestrel.Http2|Connection id "0HN2LG00UQEA0" sending DATA frame for stream ID 7 with length 16384 and flags NONE. 
2024-04-05 22:52:27.7835|TRACE|Microsoft.AspNetCore.Server.Kestrel.Http2|Connection id "0HN2LG00UQEA0" sending DATA frame for stream ID 7 with length 16384 and flags NONE. 
2024-04-05 22:52:27.7835|TRACE|Microsoft.AspNetCore.Server.Kestrel.Http2|Connection id "0HN2LG00UQEA0" sending DATA frame for stream ID 7 with length 16384 and flags NONE. 
2024-04-05 22:52:27.7835|TRACE|Microsoft.AspNetCore.Server.Kestrel.Http2|Connection id "0HN2LG00UQEA0" sending DATA frame for stream ID 7 with length 9384 and flags NONE. 
2024-04-05 22:52:27.7835|TRACE|Microsoft.AspNetCore.Server.Kestrel.Http2|Connection id "0HN2LG00UQEA0" sending DATA frame for stream ID 7 with length 0 and flags END_STREAM. 
2024-04-05 22:52:27.7835|INFO|Microsoft.AspNetCore.Hosting.Diagnostics|Request finished HTTP/2 GET https://localhost:7290/swagger/v1/swagger.json - 200 - application/json;charset=utf-8 317.2314ms 
2024-04-05 22:52:28.5949|DEBUG|Microsoft.AspNetCore.Server.Kestrel.Transport.Sockets|Connection id "0HN2LG00UQEA0" received FIN. 
2024-04-05 22:52:28.5949|DEBUG|Microsoft.AspNetCore.Server.Kestrel.Http2|The connection queue processing loop for 0HN2LG00UQEA0 completed. 
2024-04-05 22:52:28.5949|DEBUG|Microsoft.AspNetCore.Server.Kestrel.Http2|Connection id "0HN2LG00UQEA0" is closed. The last processed stream ID was 7. 
2024-04-05 22:52:28.5949|DEBUG|Microsoft.AspNetCore.Server.Kestrel.Transport.Sockets|Connection id "0HN2LG00UQEA0" sending FIN because: "The Socket transport's send loop completed gracefully." 
2024-04-05 22:52:28.6149|DEBUG|Microsoft.AspNetCore.Server.Kestrel.Connections|Connection id "0HN2LG00UQEA0" stopped. 
2024-04-05 22:52:29.7785|DEBUG|Microsoft.AspNetCore.Server.Kestrel.Connections|Connection id "0HN2LG00UQEA1" accepted. 
2024-04-05 22:52:29.7785|DEBUG|Microsoft.AspNetCore.Server.Kestrel.Connections|Connection id "0HN2LG00UQEA1" started. 
2024-04-05 22:52:29.7848|DEBUG|Microsoft.AspNetCore.Server.Kestrel.Https.Internal.HttpsConnectionMiddleware|Connection 0HN2LG00UQEA1 established using the following protocol: Tls13 
2024-04-05 22:52:29.7848|INFO|Microsoft.AspNetCore.Hosting.Diagnostics|Request starting HTTP/1.1 PATCH https://localhost:7290/api/User/2ffcbf6d-21cf-4815-9234-a207bc86caa5 - application/json 160 
2024-04-05 22:52:29.7848|TRACE|Microsoft.AspNetCore.HostFiltering.HostFilteringMiddleware|All hosts are allowed. 
2024-04-05 22:52:29.7848|DEBUG|Microsoft.AspNetCore.Routing.Matching.DfaMatcher|1 candidate(s) found for the request path '/api/User/2ffcbf6d-21cf-4815-9234-a207bc86caa5' 
2024-04-05 22:52:29.7969|DEBUG|Microsoft.AspNetCore.Routing.Matching.DfaMatcher|Endpoint 'LitZhu.WebApi.Controllers.User.UserController.UpdateUser (LitZhu.WebApi)' with route pattern 'api/User/{userId}' is valid for the request path '/api/User/2ffcbf6d-21cf-4815-9234-a207bc86caa5' 
2024-04-05 22:52:29.7969|DEBUG|Microsoft.AspNetCore.Routing.EndpointRoutingMiddleware|Request matched endpoint 'LitZhu.WebApi.Controllers.User.UserController.UpdateUser (LitZhu.WebApi)' 
2024-04-05 22:52:29.7969|TRACE|Microsoft.AspNetCore.Routing.EndpointRoutingMiddleware|The endpoint does not specify the IRequestSizeLimitMetadata. 
2024-04-05 22:52:29.7969|DEBUG|Microsoft.AspNetCore.StaticFiles.StaticFileMiddleware|Static files was skipped as the request already matched an endpoint. 
2024-04-05 22:52:29.8846|DEBUG|Microsoft.AspNetCore.Authentication.JwtBearer.JwtBearerHandler|AuthenticationScheme: Bearer was not authenticated. 
2024-04-05 22:52:29.8846|INFO|Microsoft.AspNetCore.Routing.EndpointMiddleware|Executing endpoint 'LitZhu.WebApi.Controllers.User.UserController.UpdateUser (LitZhu.WebApi)' 
2024-04-05 22:52:29.9093|INFO|Microsoft.AspNetCore.Mvc.Infrastructure.ControllerActionInvoker|Route matched with {action = "UpdateUser", controller = "User"}. Executing controller action with signature System.Threading.Tasks.Task`1[Microsoft.AspNetCore.Mvc.ActionResult`1[User.Domain.DTO.UserDto]] UpdateUser(System.Guid, System.Collections.Generic.Dictionary`2[System.String,System.String]) on controller LitZhu.WebApi.Controllers.User.UserController (LitZhu.WebApi). 
2024-04-05 22:52:29.9093|DEBUG|Microsoft.AspNetCore.Mvc.Infrastructure.ControllerActionInvoker|Execution plan of authorization filters (in the following order): None 
2024-04-05 22:52:29.9093|DEBUG|Microsoft.AspNetCore.Mvc.Infrastructure.ControllerActionInvoker|Execution plan of resource filters (in the following order): None 
2024-04-05 22:52:29.9093|DEBUG|Microsoft.AspNetCore.Mvc.Infrastructure.ControllerActionInvoker|Execution plan of action filters (in the following order): Microsoft.AspNetCore.Mvc.ModelBinding.UnsupportedContentTypeFilter (Order: -3000), Microsoft.AspNetCore.Mvc.Infrastructure.ModelStateInvalidFilter (Order: -2000) 
2024-04-05 22:52:29.9093|DEBUG|Microsoft.AspNetCore.Mvc.Infrastructure.ControllerActionInvoker|Execution plan of exception filters (in the following order): None 
2024-04-05 22:52:29.9093|DEBUG|Microsoft.AspNetCore.Mvc.Infrastructure.ControllerActionInvoker|Execution plan of result filters (in the following order): Microsoft.AspNetCore.Mvc.Infrastructure.ClientErrorResultFilter (Order: -2000) 
2024-04-05 22:52:29.9093|DEBUG|Microsoft.AspNetCore.Mvc.Infrastructure.ControllerActionInvoker|Executing controller factory for controller LitZhu.WebApi.Controllers.User.UserController (LitZhu.WebApi) 
2024-04-05 22:52:30.1389|DEBUG|Microsoft.EntityFrameworkCore.Infrastructure|An additional 'IServiceProvider' was created for internal use by Entity Framework. An existing service provider was not used due to the following configuration changes: configuration changed for 'Core:ConfigureWarnings', configuration added for 'Pomelo.EntityFrameworkCore.MySql:ServerVersion', configuration added for 'Pomelo.EntityFrameworkCore.MySql:DisableBackslashEscaping', configuration added for 'Pomelo.EntityFrameworkCore.MySql:SetSqlModeOnOpen', configuration added for 'Pomelo.EntityFrameworkCore.MySql:DisableLineBreakToCharSubstition', configuration added for 'Pomelo.EntityFrameworkCore.MySql:DefaultDataTypeMappings', configuration added for 'Pomelo.EntityFrameworkCore.MySql:SchemaBehavior', configuration added for 'Pomelo.EntityFrameworkCore.MySql:SchemaNameTranslator', configuration added for 'Pomelo.EntityFrameworkCore.MySql:EnableIndexOptimizedBooleanColumns', configuration added for 'Pomelo.EntityFrameworkCore.MySql:LimitKeyedOrIndexedStringColumnLength', configuration added for 'Pomelo.EntityFrameworkCore.MySql:EnableStringComparisonTranslations', configuration added for 'Pomelo.EntityFrameworkCore.MySql:EnablePrimitiveCollectionsSupport'. 
2024-04-05 22:52:30.7516|DEBUG|Microsoft.EntityFrameworkCore.Model|The index {'UserId'} was not created on entity type 'UserRoles' as the properties are already covered by the index {'UserId', 'RoleId'}. 
2024-04-05 22:52:30.8499|WARN|Microsoft.EntityFrameworkCore.Model.Validation|Entity 'Users' has a global query filter defined and is the required end of a relationship with the entity 'UserAccessFail'. This may lead to unexpected results when the required entity is filtered out. Either configure the navigation as optional, or define matching query filters for both entities in the navigation. See https://go.microsoft.com/fwlink/?linkid=2131316 for more information. 
2024-04-05 22:52:30.8593|WARN|Microsoft.EntityFrameworkCore.Model.Validation|Entity 'Roles' has a global query filter defined and is the required end of a relationship with the entity 'UserRoles'. This may lead to unexpected results when the required entity is filtered out. Either configure the navigation as optional, or define matching query filters for both entities in the navigation. See https://go.microsoft.com/fwlink/?linkid=2131316 for more information. 
2024-04-05 22:52:31.0708|DEBUG|Microsoft.EntityFrameworkCore.Infrastructure|Entity Framework Core 8.0.1 initialized 'UserDbContext' using provider 'Pomelo.EntityFrameworkCore.MySql:8.0.1' with options: ServerVersion=8.0.23-mysql  
2024-04-05 22:52:31.1776|DEBUG|Microsoft.AspNetCore.Mvc.Infrastructure.ControllerActionInvoker|Executed controller factory for controller LitZhu.WebApi.Controllers.User.UserController (LitZhu.WebApi) 
2024-04-05 22:52:31.1776|DEBUG|Microsoft.AspNetCore.Mvc.ModelBinding.ParameterBinder|Attempting to bind parameter 'userId' of type 'System.Guid' ... 
2024-04-05 22:52:31.1776|DEBUG|Microsoft.AspNetCore.Mvc.ModelBinding.Binders.SimpleTypeModelBinder|Attempting to bind parameter 'userId' of type 'System.Guid' using the name 'userId' in request data ... 
2024-04-05 22:52:31.1776|DEBUG|Microsoft.AspNetCore.Mvc.ModelBinding.Binders.SimpleTypeModelBinder|Done attempting to bind parameter 'userId' of type 'System.Guid'. 
2024-04-05 22:52:31.1776|DEBUG|Microsoft.AspNetCore.Mvc.ModelBinding.ParameterBinder|Done attempting to bind parameter 'userId' of type 'System.Guid'. 
2024-04-05 22:52:31.1776|DEBUG|Microsoft.AspNetCore.Mvc.ModelBinding.ParameterBinder|Attempting to validate the bound parameter 'userId' of type 'System.Guid' ... 
2024-04-05 22:52:31.1776|DEBUG|Microsoft.AspNetCore.Mvc.ModelBinding.ParameterBinder|Done attempting to validate the bound parameter 'userId' of type 'System.Guid'. 
2024-04-05 22:52:31.1776|DEBUG|Microsoft.AspNetCore.Mvc.ModelBinding.ParameterBinder|Attempting to bind parameter 'updateDto' of type 'System.Collections.Generic.Dictionary`2[System.String,System.String]' ... 
2024-04-05 22:52:31.1862|DEBUG|Microsoft.AspNetCore.Mvc.ModelBinding.Binders.BodyModelBinder|Attempting to bind parameter 'updateDto' of type 'System.Collections.Generic.Dictionary`2[System.String,System.String]' using the name '' in request data ... 
2024-04-05 22:52:31.1862|DEBUG|Microsoft.AspNetCore.Mvc.ModelBinding.Binders.BodyModelBinder|Rejected input formatter 'Microsoft.AspNetCore.Mvc.Formatters.NewtonsoftJsonPatchInputFormatter' for content type 'application/json'. 
2024-04-05 22:52:31.1862|DEBUG|Microsoft.AspNetCore.Mvc.ModelBinding.Binders.BodyModelBinder|Selected input formatter 'Microsoft.AspNetCore.Mvc.Formatters.NewtonsoftJsonInputFormatter' for content type 'application/json'. 
2024-04-05 22:52:31.1862|DEBUG|Microsoft.AspNetCore.Server.Kestrel|Connection id "0HN2LG00UQEA1", Request id "0HN2LG00UQEA1:00000001": started reading request body. 
2024-04-05 22:52:31.1862|DEBUG|Microsoft.AspNetCore.Server.Kestrel|Connection id "0HN2LG00UQEA1", Request id "0HN2LG00UQEA1:00000001": done reading request body. 
2024-04-05 22:52:31.2676|DEBUG|Microsoft.AspNetCore.Mvc.ModelBinding.Binders.BodyModelBinder|Done attempting to bind parameter 'updateDto' of type 'System.Collections.Generic.Dictionary`2[System.String,System.String]'. 
2024-04-05 22:52:31.2676|DEBUG|Microsoft.AspNetCore.Mvc.ModelBinding.ParameterBinder|Done attempting to bind parameter 'updateDto' of type 'System.Collections.Generic.Dictionary`2[System.String,System.String]'. 
2024-04-05 22:52:31.2676|DEBUG|Microsoft.AspNetCore.Mvc.ModelBinding.ParameterBinder|Attempting to validate the bound parameter 'updateDto' of type 'System.Collections.Generic.Dictionary`2[System.String,System.String]' ... 
2024-04-05 22:52:31.2676|DEBUG|Microsoft.AspNetCore.Mvc.ModelBinding.ParameterBinder|Done attempting to validate the bound parameter 'updateDto' of type 'System.Collections.Generic.Dictionary`2[System.String,System.String]'. 
2024-04-05 22:52:31.2676|TRACE|Microsoft.AspNetCore.Mvc.Infrastructure.ControllerActionInvoker|Action Filter: Before executing OnActionExecuting on filter Microsoft.AspNetCore.Mvc.ModelBinding.UnsupportedContentTypeFilter. 
2024-04-05 22:52:31.2676|TRACE|Microsoft.AspNetCore.Mvc.Infrastructure.ControllerActionInvoker|Action Filter: After executing OnActionExecuting on filter Microsoft.AspNetCore.Mvc.ModelBinding.UnsupportedContentTypeFilter. 
2024-04-05 22:52:31.2676|TRACE|Microsoft.AspNetCore.Mvc.Infrastructure.ControllerActionInvoker|Action Filter: Before executing OnActionExecuting on filter Microsoft.AspNetCore.Mvc.Infrastructure.ModelStateInvalidFilter. 
2024-04-05 22:52:31.2676|TRACE|Microsoft.AspNetCore.Mvc.Infrastructure.ControllerActionInvoker|Action Filter: After executing OnActionExecuting on filter Microsoft.AspNetCore.Mvc.Infrastructure.ModelStateInvalidFilter. 
2024-04-05 22:52:31.2808|INFO|Microsoft.AspNetCore.Mvc.Infrastructure.ControllerActionInvoker|Executing action method LitZhu.WebApi.Controllers.User.UserController.UpdateUser (LitZhu.WebApi) - Validation state: Valid 
2024-04-05 22:52:31.2808|TRACE|Microsoft.AspNetCore.Mvc.Infrastructure.ControllerActionInvoker|Executing action method LitZhu.WebApi.Controllers.User.UserController.UpdateUser (LitZhu.WebApi) with arguments (2ffcbf6d-21cf-4815-9234-a207bc86caa5, System.Collections.Generic.Dictionary`2[System.String,System.String]) 
2024-04-05 22:52:31.3338|DEBUG|Microsoft.EntityFrameworkCore.Query|Compiling query expression: 
'DbSet<Users>()
    .Include(x => x.UserAccessFail)
    .Include(x => x.UserRoles)
    .ThenInclude(ur => ur.Roles)
    .FirstOrDefault(x => x.Id == __userId_0)' 
2024-04-05 22:52:31.3992|DEBUG|Microsoft.EntityFrameworkCore.Query|Including navigation: 'Users.UserAccessFail'. 
2024-04-05 22:52:31.3992|DEBUG|Microsoft.EntityFrameworkCore.Query|Including navigation: 'Users.UserRoles'. 
2024-04-05 22:52:31.4050|DEBUG|Microsoft.EntityFrameworkCore.Query|Including navigation: 'UserRoles.Roles'. 
2024-04-05 22:52:31.6526|DEBUG|Microsoft.EntityFrameworkCore.Query|Generated query execution expression: 
'queryContext => ShapedQueryCompilingExpressionVisitor.SingleOrDefaultAsync<Users>(
    asyncEnumerable: new SingleQueryingEnumerable<Users>(
        (RelationalQueryContext)queryContext, 
        RelationalCommandCache.QueryExpression(
            Client Projections:
                0 -> Dictionary<IProperty, int> { [Property: Users.Id (Guid) Required PK AfterSave:Throw ValueGenerated.OnAdd, 0], [Property: Users.Avatar (string), 1], [Property: Users.CreationTime (DateTime) Required, 2], [Property: Users.DeletionTime (DateTime?), 3], [Property: Users.Email (string), 4], [Property: Users.Gender (Gender) Required, 5], [Property: Users.IsDeleted (bool) Required Index, 6], [Property: Users.LastModificationTime (DateTime?), 7], [Property: Users.Password (string) Required MaxLength(100) ANSI, 8], [Property: Users.Phone (string), 9], [Property: Users.Username (string) Required Index MaxLength(10), 10] }
                1 -> Dictionary<IProperty, int> { [Property: UserAccessFail.Id (Guid) Required PK AfterSave:Throw ValueGenerated.OnAdd, 11], [Property: UserAccessFail.AccessFailedCount (int) Required, 12], [Property: UserAccessFail.CreationTime (DateTime) Required, 13], [Property: UserAccessFail.IsLockOut (bool) Required, 14], [Property: UserAccessFail.LockOutEnd (DateTime?), 15], [Property: UserAccessFail.UserId (Guid) Required FK Index, 16] }
                2 -> 0
                3 -> 11
                4 -> Dictionary<IProperty, int> { [Property: UserRoles.UserId (Guid) Required PK FK AfterSave:Throw, 17], [Property: UserRoles.RoleId (Guid) Required PK FK Index AfterSave:Throw, 18] }
                5 -> Dictionary<IProperty, int> { [Property: Roles.Id (Guid) Required PK AfterSave:Throw ValueGenerated.OnAdd, 19], [Property: Roles.CreationTime (DateTime) Required, 20], [Property: Roles.DeletionTime (DateTime?), 21], [Property: Roles.IsDeleted (bool) Required Index, 22], [Property: Roles.LastModificationTime (DateTime?), 23], [Property: Roles.RoleDesc (string) Required, 24], [Property: Roles.RoleName (string) Required MaxLength(10), 25] }
                6 -> 17
                7 -> 18
                8 -> 19
            SELECT t.Id, t.Avatar, t.CreationTime, t.DeletionTime, t.Email, t.Gender, t.IsDeleted, t.LastModificationTime, t.Password, t.Phone, t.Username, t.Id0, t.AccessFailedCount, t.CreationTime0, t.IsLockOut, t.LockOutEnd, t.UserId, t0.UserId, t0.RoleId, t0.Id, t0.CreationTime, t0.DeletionTime, t0.IsDeleted, t0.LastModificationTime, t0.RoleDesc, t0.RoleName
            FROM 
            (
                SELECT TOP(1) u.Id, u.Avatar, u.CreationTime, u.DeletionTime, u.Email, u.Gender, u.IsDeleted, u.LastModificationTime, u.Password, u.Phone, u.Username, u0.Id AS Id0, u0.AccessFailedCount, u0.CreationTime AS CreationTime0, u0.IsLockOut, u0.LockOutEnd, u0.UserId
                FROM Users AS u
                LEFT JOIN UserAccessFails AS u0 ON u.Id == u0.UserId
                WHERE (u.IsDeleted == FALSE) && (u.Id == @__userId_0)
            ) AS t
            LEFT JOIN 
            (
                SELECT u1.UserId, u1.RoleId, t1.Id, t1.CreationTime, t1.DeletionTime, t1.IsDeleted, t1.LastModificationTime, t1.RoleDesc, t1.RoleName
                FROM Users_Roles AS u1
                INNER JOIN 
                (
                    SELECT r.Id, r.CreationTime, r.DeletionTime, r.IsDeleted, r.LastModificationTime, r.RoleDesc, r.RoleName
                    FROM Roles AS r
                    WHERE r.IsDeleted == FALSE
                ) AS t1 ON u1.RoleId == t1.Id
            ) AS t0 ON t.Id == t0.UserId
            ORDER BY t.Id ASC, t.Id0 ASC, t0.UserId ASC, t0.RoleId ASC), 
        null, 
        Func<QueryContext, DbDataReader, ResultContext, SingleQueryResultCoordinator, Users>, 
        User.Infrastructure.UserDbContext, 
        False, 
        False, 
        True
    ), 
    cancellationToken: queryContext.CancellationToken)' 
2024-04-05 22:52:31.6888|DEBUG|Microsoft.EntityFrameworkCore.Database.Connection|Creating DbConnection. 
2024-04-05 22:52:31.6888|DEBUG|Microsoft.EntityFrameworkCore.Database.Connection|Created DbConnection. (5ms). 
2024-04-05 22:52:31.7027|DEBUG|Microsoft.EntityFrameworkCore.Database.Connection|Opening connection to database 'LitZhu' on server 'localhost'. 
2024-04-05 22:52:31.8035|DEBUG|Microsoft.EntityFrameworkCore.Database.Connection|Opened connection to database 'LitZhu' on server 'localhost'. 
2024-04-05 22:52:31.8035|DEBUG|Microsoft.EntityFrameworkCore.Database.Command|Creating DbCommand for 'ExecuteReader'. 
2024-04-05 22:52:31.8035|DEBUG|Microsoft.EntityFrameworkCore.Database.Command|Created DbCommand for 'ExecuteReader' (1ms). 
2024-04-05 22:52:31.8188|DEBUG|Microsoft.EntityFrameworkCore.Database.Command|Initialized DbCommand for 'ExecuteReader' (13ms). 
2024-04-05 22:52:31.8188|DEBUG|Microsoft.EntityFrameworkCore.Database.Command|Executing DbCommand [Parameters=[@__userId_0='?' (DbType = Guid)], CommandType='Text', CommandTimeout='30']
SELECT `t`.`Id`, `t`.`Avatar`, `t`.`CreationTime`, `t`.`DeletionTime`, `t`.`Email`, `t`.`Gender`, `t`.`IsDeleted`, `t`.`LastModificationTime`, `t`.`Password`, `t`.`Phone`, `t`.`Username`, `t`.`Id0`, `t`.`AccessFailedCount`, `t`.`CreationTime0`, `t`.`IsLockOut`, `t`.`LockOutEnd`, `t`.`UserId`, `t0`.`UserId`, `t0`.`RoleId`, `t0`.`Id`, `t0`.`CreationTime`, `t0`.`DeletionTime`, `t0`.`IsDeleted`, `t0`.`LastModificationTime`, `t0`.`RoleDesc`, `t0`.`RoleName`
FROM (
    SELECT `u`.`Id`, `u`.`Avatar`, `u`.`CreationTime`, `u`.`DeletionTime`, `u`.`Email`, `u`.`Gender`, `u`.`IsDeleted`, `u`.`LastModificationTime`, `u`.`Password`, `u`.`Phone`, `u`.`Username`, `u0`.`Id` AS `Id0`, `u0`.`AccessFailedCount`, `u0`.`CreationTime` AS `CreationTime0`, `u0`.`IsLockOut`, `u0`.`LockOutEnd`, `u0`.`UserId`
    FROM `Users` AS `u`
    LEFT JOIN `UserAccessFails` AS `u0` ON `u`.`Id` = `u0`.`UserId`
    WHERE NOT (`u`.`IsDeleted`) AND (`u`.`Id` = @__userId_0)
    LIMIT 1
) AS `t`
LEFT JOIN (
    SELECT `u1`.`UserId`, `u1`.`RoleId`, `t1`.`Id`, `t1`.`CreationTime`, `t1`.`DeletionTime`, `t1`.`IsDeleted`, `t1`.`LastModificationTime`, `t1`.`RoleDesc`, `t1`.`RoleName`
    FROM `Users_Roles` AS `u1`
    INNER JOIN (
        SELECT `r`.`Id`, `r`.`CreationTime`, `r`.`DeletionTime`, `r`.`IsDeleted`, `r`.`LastModificationTime`, `r`.`RoleDesc`, `r`.`RoleName`
        FROM `Roles` AS `r`
        WHERE NOT (`r`.`IsDeleted`)
    ) AS `t1` ON `u1`.`RoleId` = `t1`.`Id`
) AS `t0` ON `t`.`Id` = `t0`.`UserId`
ORDER BY `t`.`Id`, `t`.`Id0`, `t0`.`UserId`, `t0`.`RoleId` 
2024-04-05 22:52:31.8817|INFO|Microsoft.EntityFrameworkCore.Database.Command|Executed DbCommand (54ms) [Parameters=[@__userId_0='?' (DbType = Guid)], CommandType='Text', CommandTimeout='30']
SELECT `t`.`Id`, `t`.`Avatar`, `t`.`CreationTime`, `t`.`DeletionTime`, `t`.`Email`, `t`.`Gender`, `t`.`IsDeleted`, `t`.`LastModificationTime`, `t`.`Password`, `t`.`Phone`, `t`.`Username`, `t`.`Id0`, `t`.`AccessFailedCount`, `t`.`CreationTime0`, `t`.`IsLockOut`, `t`.`LockOutEnd`, `t`.`UserId`, `t0`.`UserId`, `t0`.`RoleId`, `t0`.`Id`, `t0`.`CreationTime`, `t0`.`DeletionTime`, `t0`.`IsDeleted`, `t0`.`LastModificationTime`, `t0`.`RoleDesc`, `t0`.`RoleName`
FROM (
    SELECT `u`.`Id`, `u`.`Avatar`, `u`.`CreationTime`, `u`.`DeletionTime`, `u`.`Email`, `u`.`Gender`, `u`.`IsDeleted`, `u`.`LastModificationTime`, `u`.`Password`, `u`.`Phone`, `u`.`Username`, `u0`.`Id` AS `Id0`, `u0`.`AccessFailedCount`, `u0`.`CreationTime` AS `CreationTime0`, `u0`.`IsLockOut`, `u0`.`LockOutEnd`, `u0`.`UserId`
    FROM `Users` AS `u`
    LEFT JOIN `UserAccessFails` AS `u0` ON `u`.`Id` = `u0`.`UserId`
    WHERE NOT (`u`.`IsDeleted`) AND (`u`.`Id` = @__userId_0)
    LIMIT 1
) AS `t`
LEFT JOIN (
    SELECT `u1`.`UserId`, `u1`.`RoleId`, `t1`.`Id`, `t1`.`CreationTime`, `t1`.`DeletionTime`, `t1`.`IsDeleted`, `t1`.`LastModificationTime`, `t1`.`RoleDesc`, `t1`.`RoleName`
    FROM `Users_Roles` AS `u1`
    INNER JOIN (
        SELECT `r`.`Id`, `r`.`CreationTime`, `r`.`DeletionTime`, `r`.`IsDeleted`, `r`.`LastModificationTime`, `r`.`RoleDesc`, `r`.`RoleName`
        FROM `Roles` AS `r`
        WHERE NOT (`r`.`IsDeleted`)
    ) AS `t1` ON `u1`.`RoleId` = `t1`.`Id`
) AS `t0` ON `t`.`Id` = `t0`.`UserId`
ORDER BY `t`.`Id`, `t`.`Id0`, `t0`.`UserId`, `t0`.`RoleId` 
2024-04-05 22:52:31.9348|DEBUG|Microsoft.EntityFrameworkCore.ChangeTracking|Context 'UserDbContext' started tracking 'Users' entity. Consider using 'DbContextOptionsBuilder.EnableSensitiveDataLogging' to see key values. 
2024-04-05 22:52:31.9840|DEBUG|Microsoft.EntityFrameworkCore.ChangeTracking|The navigation 'Users.UserAccessFail' was detected as changed. Consider using 'DbContextOptionsBuilder.EnableSensitiveDataLogging' to see key values. 
2024-04-05 22:52:31.9840|DEBUG|Microsoft.EntityFrameworkCore.ChangeTracking|Context 'UserDbContext' started tracking 'UserAccessFail' entity. Consider using 'DbContextOptionsBuilder.EnableSensitiveDataLogging' to see key values. 
2024-04-05 22:52:32.0028|DEBUG|Microsoft.EntityFrameworkCore.Database.Command|Closing data reader to 'LitZhu' on server 'localhost'. 
2024-04-05 22:52:32.0028|DEBUG|Microsoft.EntityFrameworkCore.Database.Command|A data reader for 'LitZhu' on server 'localhost' is being disposed after spending 124ms reading results. 
2024-04-05 22:52:32.0143|DEBUG|Microsoft.EntityFrameworkCore.Database.Connection|Closing connection to database 'LitZhu' on server 'localhost'. 
2024-04-05 22:52:32.0143|DEBUG|Microsoft.EntityFrameworkCore.Database.Connection|Closed connection to database 'LitZhu' on server 'localhost' (2ms). 
2024-04-05 22:52:32.0143|DEBUG|Microsoft.EntityFrameworkCore.Database.Connection|Opening connection to database 'LitZhu' on server 'localhost'. 
2024-04-05 22:52:32.0302|DEBUG|Microsoft.EntityFrameworkCore.Database.Connection|Opened connection to database 'LitZhu' on server 'localhost'. 
2024-04-05 22:52:32.0302|DEBUG|Microsoft.EntityFrameworkCore.Database.Command|Creating DbCommand for 'ExecuteReader'. 
2024-04-05 22:52:32.0302|DEBUG|Microsoft.EntityFrameworkCore.Database.Command|Created DbCommand for 'ExecuteReader' (0ms). 
2024-04-05 22:52:32.0302|DEBUG|Microsoft.EntityFrameworkCore.Database.Command|Initialized DbCommand for 'ExecuteReader' (0ms). 
2024-04-05 22:52:32.0302|DEBUG|Microsoft.EntityFrameworkCore.Database.Command|Executing DbCommand [Parameters=[@__userId_0='?' (DbType = Guid)], CommandType='Text', CommandTimeout='30']
SELECT `t`.`Id`, `t`.`Avatar`, `t`.`CreationTime`, `t`.`DeletionTime`, `t`.`Email`, `t`.`Gender`, `t`.`IsDeleted`, `t`.`LastModificationTime`, `t`.`Password`, `t`.`Phone`, `t`.`Username`, `t`.`Id0`, `t`.`AccessFailedCount`, `t`.`CreationTime0`, `t`.`IsLockOut`, `t`.`LockOutEnd`, `t`.`UserId`, `t0`.`UserId`, `t0`.`RoleId`, `t0`.`Id`, `t0`.`CreationTime`, `t0`.`DeletionTime`, `t0`.`IsDeleted`, `t0`.`LastModificationTime`, `t0`.`RoleDesc`, `t0`.`RoleName`
FROM (
    SELECT `u`.`Id`, `u`.`Avatar`, `u`.`CreationTime`, `u`.`DeletionTime`, `u`.`Email`, `u`.`Gender`, `u`.`IsDeleted`, `u`.`LastModificationTime`, `u`.`Password`, `u`.`Phone`, `u`.`Username`, `u0`.`Id` AS `Id0`, `u0`.`AccessFailedCount`, `u0`.`CreationTime` AS `CreationTime0`, `u0`.`IsLockOut`, `u0`.`LockOutEnd`, `u0`.`UserId`
    FROM `Users` AS `u`
    LEFT JOIN `UserAccessFails` AS `u0` ON `u`.`Id` = `u0`.`UserId`
    WHERE NOT (`u`.`IsDeleted`) AND (`u`.`Id` = @__userId_0)
    LIMIT 1
) AS `t`
LEFT JOIN (
    SELECT `u1`.`UserId`, `u1`.`RoleId`, `t1`.`Id`, `t1`.`CreationTime`, `t1`.`DeletionTime`, `t1`.`IsDeleted`, `t1`.`LastModificationTime`, `t1`.`RoleDesc`, `t1`.`RoleName`
    FROM `Users_Roles` AS `u1`
    INNER JOIN (
        SELECT `r`.`Id`, `r`.`CreationTime`, `r`.`DeletionTime`, `r`.`IsDeleted`, `r`.`LastModificationTime`, `r`.`RoleDesc`, `r`.`RoleName`
        FROM `Roles` AS `r`
        WHERE NOT (`r`.`IsDeleted`)
    ) AS `t1` ON `u1`.`RoleId` = `t1`.`Id`
) AS `t0` ON `t`.`Id` = `t0`.`UserId`
ORDER BY `t`.`Id`, `t`.`Id0`, `t0`.`UserId`, `t0`.`RoleId` 
2024-04-05 22:52:32.0302|INFO|Microsoft.EntityFrameworkCore.Database.Command|Executed DbCommand (2ms) [Parameters=[@__userId_0='?' (DbType = Guid)], CommandType='Text', CommandTimeout='30']
SELECT `t`.`Id`, `t`.`Avatar`, `t`.`CreationTime`, `t`.`DeletionTime`, `t`.`Email`, `t`.`Gender`, `t`.`IsDeleted`, `t`.`LastModificationTime`, `t`.`Password`, `t`.`Phone`, `t`.`Username`, `t`.`Id0`, `t`.`AccessFailedCount`, `t`.`CreationTime0`, `t`.`IsLockOut`, `t`.`LockOutEnd`, `t`.`UserId`, `t0`.`UserId`, `t0`.`RoleId`, `t0`.`Id`, `t0`.`CreationTime`, `t0`.`DeletionTime`, `t0`.`IsDeleted`, `t0`.`LastModificationTime`, `t0`.`RoleDesc`, `t0`.`RoleName`
FROM (
    SELECT `u`.`Id`, `u`.`Avatar`, `u`.`CreationTime`, `u`.`DeletionTime`, `u`.`Email`, `u`.`Gender`, `u`.`IsDeleted`, `u`.`LastModificationTime`, `u`.`Password`, `u`.`Phone`, `u`.`Username`, `u0`.`Id` AS `Id0`, `u0`.`AccessFailedCount`, `u0`.`CreationTime` AS `CreationTime0`, `u0`.`IsLockOut`, `u0`.`LockOutEnd`, `u0`.`UserId`
    FROM `Users` AS `u`
    LEFT JOIN `UserAccessFails` AS `u0` ON `u`.`Id` = `u0`.`UserId`
    WHERE NOT (`u`.`IsDeleted`) AND (`u`.`Id` = @__userId_0)
    LIMIT 1
) AS `t`
LEFT JOIN (
    SELECT `u1`.`UserId`, `u1`.`RoleId`, `t1`.`Id`, `t1`.`CreationTime`, `t1`.`DeletionTime`, `t1`.`IsDeleted`, `t1`.`LastModificationTime`, `t1`.`RoleDesc`, `t1`.`RoleName`
    FROM `Users_Roles` AS `u1`
    INNER JOIN (
        SELECT `r`.`Id`, `r`.`CreationTime`, `r`.`DeletionTime`, `r`.`IsDeleted`, `r`.`LastModificationTime`, `r`.`RoleDesc`, `r`.`RoleName`
        FROM `Roles` AS `r`
        WHERE NOT (`r`.`IsDeleted`)
    ) AS `t1` ON `u1`.`RoleId` = `t1`.`Id`
) AS `t0` ON `t`.`Id` = `t0`.`UserId`
ORDER BY `t`.`Id`, `t`.`Id0`, `t0`.`UserId`, `t0`.`RoleId` 
2024-04-05 22:52:32.0302|DEBUG|Microsoft.EntityFrameworkCore.Database.Command|Closing data reader to 'LitZhu' on server 'localhost'. 
2024-04-05 22:52:32.0302|DEBUG|Microsoft.EntityFrameworkCore.Database.Command|A data reader for 'LitZhu' on server 'localhost' is being disposed after spending 0ms reading results. 
2024-04-05 22:52:32.0302|DEBUG|Microsoft.EntityFrameworkCore.Database.Connection|Closing connection to database 'LitZhu' on server 'localhost'. 
2024-04-05 22:52:32.0302|DEBUG|Microsoft.EntityFrameworkCore.Database.Connection|Closed connection to database 'LitZhu' on server 'localhost' (0ms). 
2024-04-05 22:52:32.0302|DEBUG|Microsoft.EntityFrameworkCore.ChangeTracking|An entity of type 'Users' tracked by 'UserDbContext' changed state from 'Unchanged' to 'Modified'. Consider using 'DbContextOptionsBuilder.EnableSensitiveDataLogging' to see key values. 
2024-04-05 22:52:32.0302|DEBUG|Microsoft.EntityFrameworkCore.Update|SaveChanges starting for 'UserDbContext'. 
2024-04-05 22:52:32.0456|DEBUG|Microsoft.EntityFrameworkCore.ChangeTracking|DetectChanges starting for 'UserDbContext'. 
2024-04-05 22:52:32.0644|DEBUG|Microsoft.EntityFrameworkCore.ChangeTracking|DetectChanges completed for 'UserDbContext'. 
2024-04-05 22:52:32.1230|DEBUG|Microsoft.EntityFrameworkCore.Database.Connection|Opening connection to database 'LitZhu' on server 'localhost'. 
2024-04-05 22:52:32.1230|DEBUG|Microsoft.EntityFrameworkCore.Database.Connection|Opened connection to database 'LitZhu' on server 'localhost'. 
2024-04-05 22:52:32.1230|DEBUG|Microsoft.EntityFrameworkCore.Database.Command|Creating DbCommand for 'ExecuteReader'. 
2024-04-05 22:52:32.1230|DEBUG|Microsoft.EntityFrameworkCore.Database.Command|Created DbCommand for 'ExecuteReader' (0ms). 
2024-04-05 22:52:32.1230|DEBUG|Microsoft.EntityFrameworkCore.Database.Command|Initialized DbCommand for 'ExecuteReader' (2ms). 
2024-04-05 22:52:32.1230|DEBUG|Microsoft.EntityFrameworkCore.Database.Command|Executing DbCommand [Parameters=[@p10='?' (DbType = Guid), @p0='?' (Size = 4000), @p1='?' (DbType = DateTime), @p2='?' (DbType = DateTime), @p3='?' (Size = 4000), @p4='?' (DbType = Int32), @p5='?' (DbType = Boolean), @p6='?' (DbType = DateTime), @p7='?' (Size = 100), @p8='?' (Size = 4000), @p9='?' (Size = 10)], CommandType='Text', CommandTimeout='30']
SET AUTOCOMMIT = 1;
UPDATE `Users` SET `Avatar` = @p0, `CreationTime` = @p1, `DeletionTime` = @p2, `Email` = @p3, `Gender` = @p4, `IsDeleted` = @p5, `LastModificationTime` = @p6, `Password` = @p7, `Phone` = @p8, `Username` = @p9
WHERE `Id` = @p10;
SELECT ROW_COUNT(); 
2024-04-05 22:52:32.1395|INFO|Microsoft.EntityFrameworkCore.Database.Command|Executed DbCommand (7ms) [Parameters=[@p10='?' (DbType = Guid), @p0='?' (Size = 4000), @p1='?' (DbType = DateTime), @p2='?' (DbType = DateTime), @p3='?' (Size = 4000), @p4='?' (DbType = Int32), @p5='?' (DbType = Boolean), @p6='?' (DbType = DateTime), @p7='?' (Size = 100), @p8='?' (Size = 4000), @p9='?' (Size = 10)], CommandType='Text', CommandTimeout='30']
SET AUTOCOMMIT = 1;
UPDATE `Users` SET `Avatar` = @p0, `CreationTime` = @p1, `DeletionTime` = @p2, `Email` = @p3, `Gender` = @p4, `IsDeleted` = @p5, `LastModificationTime` = @p6, `Password` = @p7, `Phone` = @p8, `Username` = @p9
WHERE `Id` = @p10;
SELECT ROW_COUNT(); 
2024-04-05 22:52:32.1395|DEBUG|Microsoft.EntityFrameworkCore.Database.Command|Closing data reader to 'LitZhu' on server 'localhost'. 
2024-04-05 22:52:32.1395|DEBUG|Microsoft.EntityFrameworkCore.Database.Command|A data reader for 'LitZhu' on server 'localhost' is being disposed after spending 5ms reading results. 
2024-04-05 22:52:32.1395|DEBUG|Microsoft.EntityFrameworkCore.Database.Connection|Closing connection to database 'LitZhu' on server 'localhost'. 
2024-04-05 22:52:32.1395|DEBUG|Microsoft.EntityFrameworkCore.Database.Connection|Closed connection to database 'LitZhu' on server 'localhost' (0ms). 
2024-04-05 22:52:32.1395|DEBUG|Microsoft.EntityFrameworkCore.ChangeTracking|An entity of type 'Users' tracked by 'UserDbContext' changed state from 'Modified' to 'Unchanged'. Consider using 'DbContextOptionsBuilder.EnableSensitiveDataLogging' to see key values. 
2024-04-05 22:52:32.1395|DEBUG|Microsoft.EntityFrameworkCore.Update|SaveChanges completed for 'UserDbContext' with 1 entities written to the database. 
2024-04-05 22:52:32.1617|INFO|Microsoft.AspNetCore.Mvc.Infrastructure.ControllerActionInvoker|Executed action method LitZhu.WebApi.Controllers.User.UserController.UpdateUser (LitZhu.WebApi), returned result Microsoft.AspNetCore.Mvc.OkObjectResult in 875.6003ms. 
2024-04-05 22:52:32.1617|TRACE|Microsoft.AspNetCore.Mvc.Infrastructure.ControllerActionInvoker|Action Filter: Before executing OnActionExecuted on filter Microsoft.AspNetCore.Mvc.Infrastructure.ModelStateInvalidFilter. 
2024-04-05 22:52:32.1617|TRACE|Microsoft.AspNetCore.Mvc.Infrastructure.ControllerActionInvoker|Action Filter: After executing OnActionExecuted on filter Microsoft.AspNetCore.Mvc.Infrastructure.ModelStateInvalidFilter. 
2024-04-05 22:52:32.1617|TRACE|Microsoft.AspNetCore.Mvc.Infrastructure.ControllerActionInvoker|Action Filter: Before executing OnActionExecuted on filter Microsoft.AspNetCore.Mvc.ModelBinding.UnsupportedContentTypeFilter. 
2024-04-05 22:52:32.1617|TRACE|Microsoft.AspNetCore.Mvc.Infrastructure.ControllerActionInvoker|Action Filter: After executing OnActionExecuted on filter Microsoft.AspNetCore.Mvc.ModelBinding.UnsupportedContentTypeFilter. 
2024-04-05 22:52:32.1617|TRACE|Microsoft.AspNetCore.Mvc.Infrastructure.ControllerActionInvoker|Result Filter: Before executing OnResultExecuting on filter Microsoft.AspNetCore.Mvc.Infrastructure.ClientErrorResultFilter. 
2024-04-05 22:52:32.1617|TRACE|Microsoft.AspNetCore.Mvc.Infrastructure.ControllerActionInvoker|Result Filter: After executing OnResultExecuting on filter Microsoft.AspNetCore.Mvc.Infrastructure.ClientErrorResultFilter. 
2024-04-05 22:52:32.1617|TRACE|Microsoft.AspNetCore.Mvc.Infrastructure.ControllerActionInvoker|Before executing action result Microsoft.AspNetCore.Mvc.OkObjectResult. 
2024-04-05 22:52:32.1617|DEBUG|Microsoft.AspNetCore.Mvc.Infrastructure.DefaultOutputFormatterSelector|List of registered output formatters, in the following order: Microsoft.AspNetCore.Mvc.Formatters.HttpNoContentOutputFormatter, Microsoft.AspNetCore.Mvc.Formatters.StringOutputFormatter, Microsoft.AspNetCore.Mvc.Formatters.StreamOutputFormatter, Microsoft.AspNetCore.Mvc.Formatters.NewtonsoftJsonOutputFormatter 
2024-04-05 22:52:32.1617|DEBUG|Microsoft.AspNetCore.Mvc.Infrastructure.DefaultOutputFormatterSelector|No information found on request to perform content negotiation. 
2024-04-05 22:52:32.1617|DEBUG|Microsoft.AspNetCore.Mvc.Infrastructure.DefaultOutputFormatterSelector|Attempting to select an output formatter without using a content type as no explicit content types were specified for the response. 
2024-04-05 22:52:32.1617|DEBUG|Microsoft.AspNetCore.Mvc.Infrastructure.DefaultOutputFormatterSelector|Attempting to select the first formatter in the output formatters list which can write the result. 
2024-04-05 22:52:32.1617|DEBUG|Microsoft.AspNetCore.Mvc.Infrastructure.DefaultOutputFormatterSelector|Selected output formatter 'Microsoft.AspNetCore.Mvc.Formatters.NewtonsoftJsonOutputFormatter' and content type 'application/json' to write the response. 
2024-04-05 22:52:32.1617|INFO|Microsoft.AspNetCore.Mvc.Infrastructure.ObjectResultExecutor|Executing OkObjectResult, writing value of type 'LitZhu.WebApi.R'. 
2024-04-05 22:52:32.2210|TRACE|Microsoft.AspNetCore.Mvc.Infrastructure.ControllerActionInvoker|After executing action result Microsoft.AspNetCore.Mvc.OkObjectResult. 
2024-04-05 22:52:32.2210|TRACE|Microsoft.AspNetCore.Mvc.Infrastructure.ControllerActionInvoker|Result Filter: Before executing OnResultExecuted on filter Microsoft.AspNetCore.Mvc.Infrastructure.ClientErrorResultFilter. 
2024-04-05 22:52:32.2210|TRACE|Microsoft.AspNetCore.Mvc.Infrastructure.ControllerActionInvoker|Result Filter: After executing OnResultExecuted on filter Microsoft.AspNetCore.Mvc.Infrastructure.ClientErrorResultFilter. 
2024-04-05 22:52:32.2210|DEBUG|Microsoft.AspNetCore.Server.Kestrel.Transport.Sockets|Connection id "0HN2LG00UQEA1" received FIN. 
2024-04-05 22:52:32.2210|INFO|Microsoft.AspNetCore.Mvc.Infrastructure.ControllerActionInvoker|Executed action LitZhu.WebApi.Controllers.User.UserController.UpdateUser (LitZhu.WebApi) in 2310.6279ms 
2024-04-05 22:52:32.2210|DEBUG|Microsoft.AspNetCore.Server.Kestrel.Transport.Sockets|Connection id "0HN2LG00UQEA1" sending FIN because: "The Socket transport's send loop completed gracefully." 
2024-04-05 22:52:32.2210|DEBUG|Microsoft.AspNetCore.Server.Kestrel.Connections|Connection id "0HN2LG00UQEA1" disconnecting. 
2024-04-05 22:52:32.2210|INFO|Microsoft.AspNetCore.Routing.EndpointMiddleware|Executed endpoint 'LitZhu.WebApi.Controllers.User.UserController.UpdateUser (LitZhu.WebApi)' 
2024-04-05 22:52:32.2210|DEBUG|Microsoft.EntityFrameworkCore.Infrastructure|'UserDbContext' disposed. 
2024-04-05 22:52:32.2369|DEBUG|Microsoft.EntityFrameworkCore.Database.Connection|Disposing connection to database 'LitZhu' on server 'localhost'. 
2024-04-05 22:52:32.2369|DEBUG|Microsoft.EntityFrameworkCore.Database.Connection|Disposed connection to database 'LitZhu' on server 'localhost' (2ms). 
2024-04-05 22:52:32.2369|INFO|Microsoft.AspNetCore.Hosting.Diagnostics|Request finished HTTP/1.1 PATCH https://localhost:7290/api/User/2ffcbf6d-21cf-4815-9234-a207bc86caa5 - 200 289 application/json;+charset=utf-8 2452.1725ms 
2024-04-05 22:52:32.2369|DEBUG|Microsoft.AspNetCore.Server.Kestrel.Connections|Connection id "0HN2LG00UQEA1" stopped. 
2024-04-05 22:52:39.5640|DEBUG|Microsoft.AspNetCore.Server.Kestrel.Connections|Connection id "0HN2LG00UQEA2" accepted. 
2024-04-05 22:52:39.5640|DEBUG|Microsoft.AspNetCore.Server.Kestrel.Connections|Connection id "0HN2LG00UQEA2" started. 
2024-04-05 22:52:39.5640|DEBUG|Microsoft.AspNetCore.Server.Kestrel.Https.Internal.HttpsConnectionMiddleware|Connection 0HN2LG00UQEA2 established using the following protocol: Tls13 
2024-04-05 22:52:39.5640|INFO|Microsoft.AspNetCore.Hosting.Diagnostics|Request starting HTTP/1.1 PATCH https://localhost:7290/api/User/2ffcbf6d-21cf-4815-9234-a207bc86caa5 - application/json 160 
2024-04-05 22:52:39.5640|TRACE|Microsoft.AspNetCore.HostFiltering.HostFilteringMiddleware|All hosts are allowed. 
2024-04-05 22:52:39.5640|DEBUG|Microsoft.AspNetCore.Routing.Matching.DfaMatcher|1 candidate(s) found for the request path '/api/User/2ffcbf6d-21cf-4815-9234-a207bc86caa5' 
2024-04-05 22:52:39.5640|DEBUG|Microsoft.AspNetCore.Routing.Matching.DfaMatcher|Endpoint 'LitZhu.WebApi.Controllers.User.UserController.UpdateUser (LitZhu.WebApi)' with route pattern 'api/User/{userId}' is valid for the request path '/api/User/2ffcbf6d-21cf-4815-9234-a207bc86caa5' 
2024-04-05 22:52:39.5640|DEBUG|Microsoft.AspNetCore.Routing.EndpointRoutingMiddleware|Request matched endpoint 'LitZhu.WebApi.Controllers.User.UserController.UpdateUser (LitZhu.WebApi)' 
2024-04-05 22:52:39.5640|TRACE|Microsoft.AspNetCore.Routing.EndpointRoutingMiddleware|The endpoint does not specify the IRequestSizeLimitMetadata. 
2024-04-05 22:52:39.5640|DEBUG|Microsoft.AspNetCore.StaticFiles.StaticFileMiddleware|Static files was skipped as the request already matched an endpoint. 
2024-04-05 22:52:39.5640|DEBUG|Microsoft.AspNetCore.Authentication.JwtBearer.JwtBearerHandler|AuthenticationScheme: Bearer was not authenticated. 
2024-04-05 22:52:39.5640|INFO|Microsoft.AspNetCore.Routing.EndpointMiddleware|Executing endpoint 'LitZhu.WebApi.Controllers.User.UserController.UpdateUser (LitZhu.WebApi)' 
2024-04-05 22:52:39.5640|INFO|Microsoft.AspNetCore.Mvc.Infrastructure.ControllerActionInvoker|Route matched with {action = "UpdateUser", controller = "User"}. Executing controller action with signature System.Threading.Tasks.Task`1[Microsoft.AspNetCore.Mvc.ActionResult`1[User.Domain.DTO.UserDto]] UpdateUser(System.Guid, System.Collections.Generic.Dictionary`2[System.String,System.String]) on controller LitZhu.WebApi.Controllers.User.UserController (LitZhu.WebApi). 
2024-04-05 22:52:39.5640|DEBUG|Microsoft.AspNetCore.Mvc.Infrastructure.ControllerActionInvoker|Execution plan of authorization filters (in the following order): None 
2024-04-05 22:52:39.5640|DEBUG|Microsoft.AspNetCore.Mvc.Infrastructure.ControllerActionInvoker|Execution plan of resource filters (in the following order): None 
2024-04-05 22:52:39.5640|DEBUG|Microsoft.AspNetCore.Mvc.Infrastructure.ControllerActionInvoker|Execution plan of action filters (in the following order): Microsoft.AspNetCore.Mvc.ModelBinding.UnsupportedContentTypeFilter (Order: -3000), Microsoft.AspNetCore.Mvc.Infrastructure.ModelStateInvalidFilter (Order: -2000) 
2024-04-05 22:52:39.5640|DEBUG|Microsoft.AspNetCore.Mvc.Infrastructure.ControllerActionInvoker|Execution plan of exception filters (in the following order): None 
2024-04-05 22:52:39.5640|DEBUG|Microsoft.AspNetCore.Mvc.Infrastructure.ControllerActionInvoker|Execution plan of result filters (in the following order): Microsoft.AspNetCore.Mvc.Infrastructure.ClientErrorResultFilter (Order: -2000) 
2024-04-05 22:52:39.5640|DEBUG|Microsoft.AspNetCore.Mvc.Infrastructure.ControllerActionInvoker|Executing controller factory for controller LitZhu.WebApi.Controllers.User.UserController (LitZhu.WebApi) 
2024-04-05 22:52:39.5876|DEBUG|Microsoft.EntityFrameworkCore.Infrastructure|Entity Framework Core 8.0.1 initialized 'UserDbContext' using provider 'Pomelo.EntityFrameworkCore.MySql:8.0.1' with options: ServerVersion=8.0.23-mysql  
2024-04-05 22:52:39.5876|DEBUG|Microsoft.AspNetCore.Mvc.Infrastructure.ControllerActionInvoker|Executed controller factory for controller LitZhu.WebApi.Controllers.User.UserController (LitZhu.WebApi) 
2024-04-05 22:52:39.5876|DEBUG|Microsoft.AspNetCore.Mvc.ModelBinding.ParameterBinder|Attempting to bind parameter 'userId' of type 'System.Guid' ... 
2024-04-05 22:52:39.5876|DEBUG|Microsoft.AspNetCore.Mvc.ModelBinding.Binders.SimpleTypeModelBinder|Attempting to bind parameter 'userId' of type 'System.Guid' using the name 'userId' in request data ... 
2024-04-05 22:52:39.5876|DEBUG|Microsoft.AspNetCore.Mvc.ModelBinding.Binders.SimpleTypeModelBinder|Done attempting to bind parameter 'userId' of type 'System.Guid'. 
2024-04-05 22:52:39.5876|DEBUG|Microsoft.AspNetCore.Mvc.ModelBinding.ParameterBinder|Done attempting to bind parameter 'userId' of type 'System.Guid'. 
2024-04-05 22:52:39.5876|DEBUG|Microsoft.AspNetCore.Mvc.ModelBinding.ParameterBinder|Attempting to validate the bound parameter 'userId' of type 'System.Guid' ... 
2024-04-05 22:52:39.5876|DEBUG|Microsoft.AspNetCore.Mvc.ModelBinding.ParameterBinder|Done attempting to validate the bound parameter 'userId' of type 'System.Guid'. 
2024-04-05 22:52:39.5876|DEBUG|Microsoft.AspNetCore.Mvc.ModelBinding.ParameterBinder|Attempting to bind parameter 'updateDto' of type 'System.Collections.Generic.Dictionary`2[System.String,System.String]' ... 
2024-04-05 22:52:39.5876|DEBUG|Microsoft.AspNetCore.Mvc.ModelBinding.Binders.BodyModelBinder|Attempting to bind parameter 'updateDto' of type 'System.Collections.Generic.Dictionary`2[System.String,System.String]' using the name '' in request data ... 
2024-04-05 22:52:39.5876|DEBUG|Microsoft.AspNetCore.Mvc.ModelBinding.Binders.BodyModelBinder|Rejected input formatter 'Microsoft.AspNetCore.Mvc.Formatters.NewtonsoftJsonPatchInputFormatter' for content type 'application/json'. 
2024-04-05 22:52:39.5876|DEBUG|Microsoft.AspNetCore.Mvc.ModelBinding.Binders.BodyModelBinder|Selected input formatter 'Microsoft.AspNetCore.Mvc.Formatters.NewtonsoftJsonInputFormatter' for content type 'application/json'. 
2024-04-05 22:52:39.5876|DEBUG|Microsoft.AspNetCore.Server.Kestrel|Connection id "0HN2LG00UQEA2", Request id "0HN2LG00UQEA2:00000001": started reading request body. 
2024-04-05 22:52:39.5876|DEBUG|Microsoft.AspNetCore.Server.Kestrel|Connection id "0HN2LG00UQEA2", Request id "0HN2LG00UQEA2:00000001": done reading request body. 
2024-04-05 22:52:39.5876|DEBUG|Microsoft.AspNetCore.Mvc.ModelBinding.Binders.BodyModelBinder|Done attempting to bind parameter 'updateDto' of type 'System.Collections.Generic.Dictionary`2[System.String,System.String]'. 
2024-04-05 22:52:39.5876|DEBUG|Microsoft.AspNetCore.Mvc.ModelBinding.ParameterBinder|Done attempting to bind parameter 'updateDto' of type 'System.Collections.Generic.Dictionary`2[System.String,System.String]'. 
2024-04-05 22:52:39.5876|DEBUG|Microsoft.AspNetCore.Mvc.ModelBinding.ParameterBinder|Attempting to validate the bound parameter 'updateDto' of type 'System.Collections.Generic.Dictionary`2[System.String,System.String]' ... 
2024-04-05 22:52:39.5876|DEBUG|Microsoft.AspNetCore.Mvc.ModelBinding.ParameterBinder|Done attempting to validate the bound parameter 'updateDto' of type 'System.Collections.Generic.Dictionary`2[System.String,System.String]'. 
2024-04-05 22:52:39.5876|TRACE|Microsoft.AspNetCore.Mvc.Infrastructure.ControllerActionInvoker|Action Filter: Before executing OnActionExecuting on filter Microsoft.AspNetCore.Mvc.ModelBinding.UnsupportedContentTypeFilter. 
2024-04-05 22:52:39.5876|TRACE|Microsoft.AspNetCore.Mvc.Infrastructure.ControllerActionInvoker|Action Filter: After executing OnActionExecuting on filter Microsoft.AspNetCore.Mvc.ModelBinding.UnsupportedContentTypeFilter. 
2024-04-05 22:52:39.5876|TRACE|Microsoft.AspNetCore.Mvc.Infrastructure.ControllerActionInvoker|Action Filter: Before executing OnActionExecuting on filter Microsoft.AspNetCore.Mvc.Infrastructure.ModelStateInvalidFilter. 
2024-04-05 22:52:39.5876|TRACE|Microsoft.AspNetCore.Mvc.Infrastructure.ControllerActionInvoker|Action Filter: After executing OnActionExecuting on filter Microsoft.AspNetCore.Mvc.Infrastructure.ModelStateInvalidFilter. 
2024-04-05 22:52:39.5876|INFO|Microsoft.AspNetCore.Mvc.Infrastructure.ControllerActionInvoker|Executing action method LitZhu.WebApi.Controllers.User.UserController.UpdateUser (LitZhu.WebApi) - Validation state: Valid 
2024-04-05 22:52:39.5876|TRACE|Microsoft.AspNetCore.Mvc.Infrastructure.ControllerActionInvoker|Executing action method LitZhu.WebApi.Controllers.User.UserController.UpdateUser (LitZhu.WebApi) with arguments (2ffcbf6d-21cf-4815-9234-a207bc86caa5, System.Collections.Generic.Dictionary`2[System.String,System.String]) 
2024-04-05 22:52:39.5876|DEBUG|Microsoft.EntityFrameworkCore.Database.Connection|Creating DbConnection. 
2024-04-05 22:52:39.5876|DEBUG|Microsoft.EntityFrameworkCore.Database.Connection|Created DbConnection. (0ms). 
2024-04-05 22:52:39.5876|DEBUG|Microsoft.EntityFrameworkCore.Database.Connection|Opening connection to database 'LitZhu' on server 'localhost'. 
2024-04-05 22:52:39.5939|DEBUG|Microsoft.EntityFrameworkCore.Database.Connection|Opened connection to database 'LitZhu' on server 'localhost'. 
2024-04-05 22:52:39.5939|DEBUG|Microsoft.EntityFrameworkCore.Database.Command|Creating DbCommand for 'ExecuteReader'. 
2024-04-05 22:52:39.5939|DEBUG|Microsoft.EntityFrameworkCore.Database.Command|Created DbCommand for 'ExecuteReader' (0ms). 
2024-04-05 22:52:39.5939|DEBUG|Microsoft.EntityFrameworkCore.Database.Command|Initialized DbCommand for 'ExecuteReader' (0ms). 
2024-04-05 22:52:39.5939|DEBUG|Microsoft.EntityFrameworkCore.Database.Command|Executing DbCommand [Parameters=[@__userId_0='?' (DbType = Guid)], CommandType='Text', CommandTimeout='30']
SELECT `t`.`Id`, `t`.`Avatar`, `t`.`CreationTime`, `t`.`DeletionTime`, `t`.`Email`, `t`.`Gender`, `t`.`IsDeleted`, `t`.`LastModificationTime`, `t`.`Password`, `t`.`Phone`, `t`.`Username`, `t`.`Id0`, `t`.`AccessFailedCount`, `t`.`CreationTime0`, `t`.`IsLockOut`, `t`.`LockOutEnd`, `t`.`UserId`, `t0`.`UserId`, `t0`.`RoleId`, `t0`.`Id`, `t0`.`CreationTime`, `t0`.`DeletionTime`, `t0`.`IsDeleted`, `t0`.`LastModificationTime`, `t0`.`RoleDesc`, `t0`.`RoleName`
FROM (
    SELECT `u`.`Id`, `u`.`Avatar`, `u`.`CreationTime`, `u`.`DeletionTime`, `u`.`Email`, `u`.`Gender`, `u`.`IsDeleted`, `u`.`LastModificationTime`, `u`.`Password`, `u`.`Phone`, `u`.`Username`, `u0`.`Id` AS `Id0`, `u0`.`AccessFailedCount`, `u0`.`CreationTime` AS `CreationTime0`, `u0`.`IsLockOut`, `u0`.`LockOutEnd`, `u0`.`UserId`
    FROM `Users` AS `u`
    LEFT JOIN `UserAccessFails` AS `u0` ON `u`.`Id` = `u0`.`UserId`
    WHERE NOT (`u`.`IsDeleted`) AND (`u`.`Id` = @__userId_0)
    LIMIT 1
) AS `t`
LEFT JOIN (
    SELECT `u1`.`UserId`, `u1`.`RoleId`, `t1`.`Id`, `t1`.`CreationTime`, `t1`.`DeletionTime`, `t1`.`IsDeleted`, `t1`.`LastModificationTime`, `t1`.`RoleDesc`, `t1`.`RoleName`
    FROM `Users_Roles` AS `u1`
    INNER JOIN (
        SELECT `r`.`Id`, `r`.`CreationTime`, `r`.`DeletionTime`, `r`.`IsDeleted`, `r`.`LastModificationTime`, `r`.`RoleDesc`, `r`.`RoleName`
        FROM `Roles` AS `r`
        WHERE NOT (`r`.`IsDeleted`)
    ) AS `t1` ON `u1`.`RoleId` = `t1`.`Id`
) AS `t0` ON `t`.`Id` = `t0`.`UserId`
ORDER BY `t`.`Id`, `t`.`Id0`, `t0`.`UserId`, `t0`.`RoleId` 
2024-04-05 22:52:39.5939|INFO|Microsoft.EntityFrameworkCore.Database.Command|Executed DbCommand (3ms) [Parameters=[@__userId_0='?' (DbType = Guid)], CommandType='Text', CommandTimeout='30']
SELECT `t`.`Id`, `t`.`Avatar`, `t`.`CreationTime`, `t`.`DeletionTime`, `t`.`Email`, `t`.`Gender`, `t`.`IsDeleted`, `t`.`LastModificationTime`, `t`.`Password`, `t`.`Phone`, `t`.`Username`, `t`.`Id0`, `t`.`AccessFailedCount`, `t`.`CreationTime0`, `t`.`IsLockOut`, `t`.`LockOutEnd`, `t`.`UserId`, `t0`.`UserId`, `t0`.`RoleId`, `t0`.`Id`, `t0`.`CreationTime`, `t0`.`DeletionTime`, `t0`.`IsDeleted`, `t0`.`LastModificationTime`, `t0`.`RoleDesc`, `t0`.`RoleName`
FROM (
    SELECT `u`.`Id`, `u`.`Avatar`, `u`.`CreationTime`, `u`.`DeletionTime`, `u`.`Email`, `u`.`Gender`, `u`.`IsDeleted`, `u`.`LastModificationTime`, `u`.`Password`, `u`.`Phone`, `u`.`Username`, `u0`.`Id` AS `Id0`, `u0`.`AccessFailedCount`, `u0`.`CreationTime` AS `CreationTime0`, `u0`.`IsLockOut`, `u0`.`LockOutEnd`, `u0`.`UserId`
    FROM `Users` AS `u`
    LEFT JOIN `UserAccessFails` AS `u0` ON `u`.`Id` = `u0`.`UserId`
    WHERE NOT (`u`.`IsDeleted`) AND (`u`.`Id` = @__userId_0)
    LIMIT 1
) AS `t`
LEFT JOIN (
    SELECT `u1`.`UserId`, `u1`.`RoleId`, `t1`.`Id`, `t1`.`CreationTime`, `t1`.`DeletionTime`, `t1`.`IsDeleted`, `t1`.`LastModificationTime`, `t1`.`RoleDesc`, `t1`.`RoleName`
    FROM `Users_Roles` AS `u1`
    INNER JOIN (
        SELECT `r`.`Id`, `r`.`CreationTime`, `r`.`DeletionTime`, `r`.`IsDeleted`, `r`.`LastModificationTime`, `r`.`RoleDesc`, `r`.`RoleName`
        FROM `Roles` AS `r`
        WHERE NOT (`r`.`IsDeleted`)
    ) AS `t1` ON `u1`.`RoleId` = `t1`.`Id`
) AS `t0` ON `t`.`Id` = `t0`.`UserId`
ORDER BY `t`.`Id`, `t`.`Id0`, `t0`.`UserId`, `t0`.`RoleId` 
2024-04-05 22:52:39.5939|DEBUG|Microsoft.EntityFrameworkCore.ChangeTracking|Context 'UserDbContext' started tracking 'Users' entity. Consider using 'DbContextOptionsBuilder.EnableSensitiveDataLogging' to see key values. 
2024-04-05 22:52:39.5939|DEBUG|Microsoft.EntityFrameworkCore.ChangeTracking|The navigation 'Users.UserAccessFail' was detected as changed. Consider using 'DbContextOptionsBuilder.EnableSensitiveDataLogging' to see key values. 
2024-04-05 22:52:39.5939|DEBUG|Microsoft.EntityFrameworkCore.ChangeTracking|Context 'UserDbContext' started tracking 'UserAccessFail' entity. Consider using 'DbContextOptionsBuilder.EnableSensitiveDataLogging' to see key values. 
2024-04-05 22:52:39.5939|DEBUG|Microsoft.EntityFrameworkCore.Database.Command|Closing data reader to 'LitZhu' on server 'localhost'. 
2024-04-05 22:52:39.5939|DEBUG|Microsoft.EntityFrameworkCore.Database.Command|A data reader for 'LitZhu' on server 'localhost' is being disposed after spending 0ms reading results. 
2024-04-05 22:52:39.5939|DEBUG|Microsoft.EntityFrameworkCore.Database.Connection|Closing connection to database 'LitZhu' on server 'localhost'. 
2024-04-05 22:52:39.5939|DEBUG|Microsoft.EntityFrameworkCore.Database.Connection|Closed connection to database 'LitZhu' on server 'localhost' (0ms). 
2024-04-05 22:52:39.5939|DEBUG|Microsoft.EntityFrameworkCore.Database.Connection|Opening connection to database 'LitZhu' on server 'localhost'. 
2024-04-05 22:52:39.5939|DEBUG|Microsoft.EntityFrameworkCore.Database.Connection|Opened connection to database 'LitZhu' on server 'localhost'. 
2024-04-05 22:52:39.5939|DEBUG|Microsoft.EntityFrameworkCore.Database.Command|Creating DbCommand for 'ExecuteReader'. 
2024-04-05 22:52:39.5939|DEBUG|Microsoft.EntityFrameworkCore.Database.Command|Created DbCommand for 'ExecuteReader' (0ms). 
2024-04-05 22:52:39.5939|DEBUG|Microsoft.EntityFrameworkCore.Database.Command|Initialized DbCommand for 'ExecuteReader' (0ms). 
2024-04-05 22:52:39.5939|DEBUG|Microsoft.EntityFrameworkCore.Database.Command|Executing DbCommand [Parameters=[@__userId_0='?' (DbType = Guid)], CommandType='Text', CommandTimeout='30']
SELECT `t`.`Id`, `t`.`Avatar`, `t`.`CreationTime`, `t`.`DeletionTime`, `t`.`Email`, `t`.`Gender`, `t`.`IsDeleted`, `t`.`LastModificationTime`, `t`.`Password`, `t`.`Phone`, `t`.`Username`, `t`.`Id0`, `t`.`AccessFailedCount`, `t`.`CreationTime0`, `t`.`IsLockOut`, `t`.`LockOutEnd`, `t`.`UserId`, `t0`.`UserId`, `t0`.`RoleId`, `t0`.`Id`, `t0`.`CreationTime`, `t0`.`DeletionTime`, `t0`.`IsDeleted`, `t0`.`LastModificationTime`, `t0`.`RoleDesc`, `t0`.`RoleName`
FROM (
    SELECT `u`.`Id`, `u`.`Avatar`, `u`.`CreationTime`, `u`.`DeletionTime`, `u`.`Email`, `u`.`Gender`, `u`.`IsDeleted`, `u`.`LastModificationTime`, `u`.`Password`, `u`.`Phone`, `u`.`Username`, `u0`.`Id` AS `Id0`, `u0`.`AccessFailedCount`, `u0`.`CreationTime` AS `CreationTime0`, `u0`.`IsLockOut`, `u0`.`LockOutEnd`, `u0`.`UserId`
    FROM `Users` AS `u`
    LEFT JOIN `UserAccessFails` AS `u0` ON `u`.`Id` = `u0`.`UserId`
    WHERE NOT (`u`.`IsDeleted`) AND (`u`.`Id` = @__userId_0)
    LIMIT 1
) AS `t`
LEFT JOIN (
    SELECT `u1`.`UserId`, `u1`.`RoleId`, `t1`.`Id`, `t1`.`CreationTime`, `t1`.`DeletionTime`, `t1`.`IsDeleted`, `t1`.`LastModificationTime`, `t1`.`RoleDesc`, `t1`.`RoleName`
    FROM `Users_Roles` AS `u1`
    INNER JOIN (
        SELECT `r`.`Id`, `r`.`CreationTime`, `r`.`DeletionTime`, `r`.`IsDeleted`, `r`.`LastModificationTime`, `r`.`RoleDesc`, `r`.`RoleName`
        FROM `Roles` AS `r`
        WHERE NOT (`r`.`IsDeleted`)
    ) AS `t1` ON `u1`.`RoleId` = `t1`.`Id`
) AS `t0` ON `t`.`Id` = `t0`.`UserId`
ORDER BY `t`.`Id`, `t`.`Id0`, `t0`.`UserId`, `t0`.`RoleId` 
2024-04-05 22:52:39.5939|INFO|Microsoft.EntityFrameworkCore.Database.Command|Executed DbCommand (1ms) [Parameters=[@__userId_0='?' (DbType = Guid)], CommandType='Text', CommandTimeout='30']
SELECT `t`.`Id`, `t`.`Avatar`, `t`.`CreationTime`, `t`.`DeletionTime`, `t`.`Email`, `t`.`Gender`, `t`.`IsDeleted`, `t`.`LastModificationTime`, `t`.`Password`, `t`.`Phone`, `t`.`Username`, `t`.`Id0`, `t`.`AccessFailedCount`, `t`.`CreationTime0`, `t`.`IsLockOut`, `t`.`LockOutEnd`, `t`.`UserId`, `t0`.`UserId`, `t0`.`RoleId`, `t0`.`Id`, `t0`.`CreationTime`, `t0`.`DeletionTime`, `t0`.`IsDeleted`, `t0`.`LastModificationTime`, `t0`.`RoleDesc`, `t0`.`RoleName`
FROM (
    SELECT `u`.`Id`, `u`.`Avatar`, `u`.`CreationTime`, `u`.`DeletionTime`, `u`.`Email`, `u`.`Gender`, `u`.`IsDeleted`, `u`.`LastModificationTime`, `u`.`Password`, `u`.`Phone`, `u`.`Username`, `u0`.`Id` AS `Id0`, `u0`.`AccessFailedCount`, `u0`.`CreationTime` AS `CreationTime0`, `u0`.`IsLockOut`, `u0`.`LockOutEnd`, `u0`.`UserId`
    FROM `Users` AS `u`
    LEFT JOIN `UserAccessFails` AS `u0` ON `u`.`Id` = `u0`.`UserId`
    WHERE NOT (`u`.`IsDeleted`) AND (`u`.`Id` = @__userId_0)
    LIMIT 1
) AS `t`
LEFT JOIN (
    SELECT `u1`.`UserId`, `u1`.`RoleId`, `t1`.`Id`, `t1`.`CreationTime`, `t1`.`DeletionTime`, `t1`.`IsDeleted`, `t1`.`LastModificationTime`, `t1`.`RoleDesc`, `t1`.`RoleName`
    FROM `Users_Roles` AS `u1`
    INNER JOIN (
        SELECT `r`.`Id`, `r`.`CreationTime`, `r`.`DeletionTime`, `r`.`IsDeleted`, `r`.`LastModificationTime`, `r`.`RoleDesc`, `r`.`RoleName`
        FROM `Roles` AS `r`
        WHERE NOT (`r`.`IsDeleted`)
    ) AS `t1` ON `u1`.`RoleId` = `t1`.`Id`
) AS `t0` ON `t`.`Id` = `t0`.`UserId`
ORDER BY `t`.`Id`, `t`.`Id0`, `t0`.`UserId`, `t0`.`RoleId` 
2024-04-05 22:52:39.5939|DEBUG|Microsoft.EntityFrameworkCore.Database.Command|Closing data reader to 'LitZhu' on server 'localhost'. 
2024-04-05 22:52:39.5939|DEBUG|Microsoft.EntityFrameworkCore.Database.Command|A data reader for 'LitZhu' on server 'localhost' is being disposed after spending 0ms reading results. 
2024-04-05 22:52:39.5939|DEBUG|Microsoft.EntityFrameworkCore.Database.Connection|Closing connection to database 'LitZhu' on server 'localhost'. 
2024-04-05 22:52:39.5939|DEBUG|Microsoft.EntityFrameworkCore.Database.Connection|Closed connection to database 'LitZhu' on server 'localhost' (0ms). 
2024-04-05 22:52:39.5939|DEBUG|Microsoft.EntityFrameworkCore.ChangeTracking|An entity of type 'Users' tracked by 'UserDbContext' changed state from 'Unchanged' to 'Modified'. Consider using 'DbContextOptionsBuilder.EnableSensitiveDataLogging' to see key values. 
2024-04-05 22:52:39.5939|DEBUG|Microsoft.EntityFrameworkCore.Update|SaveChanges starting for 'UserDbContext'. 
2024-04-05 22:52:39.5939|DEBUG|Microsoft.EntityFrameworkCore.ChangeTracking|DetectChanges starting for 'UserDbContext'. 
2024-04-05 22:52:39.5939|DEBUG|Microsoft.EntityFrameworkCore.ChangeTracking|DetectChanges completed for 'UserDbContext'. 
2024-04-05 22:52:39.5939|DEBUG|Microsoft.EntityFrameworkCore.Database.Connection|Opening connection to database 'LitZhu' on server 'localhost'. 
2024-04-05 22:52:39.5939|DEBUG|Microsoft.EntityFrameworkCore.Database.Connection|Opened connection to database 'LitZhu' on server 'localhost'. 
2024-04-05 22:52:39.5939|DEBUG|Microsoft.EntityFrameworkCore.Database.Command|Creating DbCommand for 'ExecuteReader'. 
2024-04-05 22:52:39.5939|DEBUG|Microsoft.EntityFrameworkCore.Database.Command|Created DbCommand for 'ExecuteReader' (0ms). 
2024-04-05 22:52:39.5939|DEBUG|Microsoft.EntityFrameworkCore.Database.Command|Initialized DbCommand for 'ExecuteReader' (0ms). 
2024-04-05 22:52:39.5939|DEBUG|Microsoft.EntityFrameworkCore.Database.Command|Executing DbCommand [Parameters=[@p10='?' (DbType = Guid), @p0='?' (Size = 4000), @p1='?' (DbType = DateTime), @p2='?' (DbType = DateTime), @p3='?' (Size = 4000), @p4='?' (DbType = Int32), @p5='?' (DbType = Boolean), @p6='?' (DbType = DateTime), @p7='?' (Size = 100), @p8='?' (Size = 4000), @p9='?' (Size = 10)], CommandType='Text', CommandTimeout='30']
SET AUTOCOMMIT = 1;
UPDATE `Users` SET `Avatar` = @p0, `CreationTime` = @p1, `DeletionTime` = @p2, `Email` = @p3, `Gender` = @p4, `IsDeleted` = @p5, `LastModificationTime` = @p6, `Password` = @p7, `Phone` = @p8, `Username` = @p9
WHERE `Id` = @p10;
SELECT ROW_COUNT(); 
2024-04-05 22:52:39.6100|INFO|Microsoft.EntityFrameworkCore.Database.Command|Executed DbCommand (3ms) [Parameters=[@p10='?' (DbType = Guid), @p0='?' (Size = 4000), @p1='?' (DbType = DateTime), @p2='?' (DbType = DateTime), @p3='?' (Size = 4000), @p4='?' (DbType = Int32), @p5='?' (DbType = Boolean), @p6='?' (DbType = DateTime), @p7='?' (Size = 100), @p8='?' (Size = 4000), @p9='?' (Size = 10)], CommandType='Text', CommandTimeout='30']
SET AUTOCOMMIT = 1;
UPDATE `Users` SET `Avatar` = @p0, `CreationTime` = @p1, `DeletionTime` = @p2, `Email` = @p3, `Gender` = @p4, `IsDeleted` = @p5, `LastModificationTime` = @p6, `Password` = @p7, `Phone` = @p8, `Username` = @p9
WHERE `Id` = @p10;
SELECT ROW_COUNT(); 
2024-04-05 22:52:39.6100|DEBUG|Microsoft.EntityFrameworkCore.Database.Command|Closing data reader to 'LitZhu' on server 'localhost'. 
2024-04-05 22:52:39.6100|DEBUG|Microsoft.EntityFrameworkCore.Database.Command|A data reader for 'LitZhu' on server 'localhost' is being disposed after spending 0ms reading results. 
2024-04-05 22:52:39.6100|DEBUG|Microsoft.EntityFrameworkCore.Database.Connection|Closing connection to database 'LitZhu' on server 'localhost'. 
2024-04-05 22:52:39.6100|DEBUG|Microsoft.EntityFrameworkCore.Database.Connection|Closed connection to database 'LitZhu' on server 'localhost' (0ms). 
2024-04-05 22:52:39.6100|DEBUG|Microsoft.EntityFrameworkCore.ChangeTracking|An entity of type 'Users' tracked by 'UserDbContext' changed state from 'Modified' to 'Unchanged'. Consider using 'DbContextOptionsBuilder.EnableSensitiveDataLogging' to see key values. 
2024-04-05 22:52:39.6100|DEBUG|Microsoft.EntityFrameworkCore.Update|SaveChanges completed for 'UserDbContext' with 1 entities written to the database. 
2024-04-05 22:52:39.6100|INFO|Microsoft.AspNetCore.Mvc.Infrastructure.ControllerActionInvoker|Executed action method LitZhu.WebApi.Controllers.User.UserController.UpdateUser (LitZhu.WebApi), returned result Microsoft.AspNetCore.Mvc.OkObjectResult in 21.4945ms. 
2024-04-05 22:52:39.6100|TRACE|Microsoft.AspNetCore.Mvc.Infrastructure.ControllerActionInvoker|Action Filter: Before executing OnActionExecuted on filter Microsoft.AspNetCore.Mvc.Infrastructure.ModelStateInvalidFilter. 
2024-04-05 22:52:39.6100|TRACE|Microsoft.AspNetCore.Mvc.Infrastructure.ControllerActionInvoker|Action Filter: After executing OnActionExecuted on filter Microsoft.AspNetCore.Mvc.Infrastructure.ModelStateInvalidFilter. 
2024-04-05 22:52:39.6100|TRACE|Microsoft.AspNetCore.Mvc.Infrastructure.ControllerActionInvoker|Action Filter: Before executing OnActionExecuted on filter Microsoft.AspNetCore.Mvc.ModelBinding.UnsupportedContentTypeFilter. 
2024-04-05 22:52:39.6100|TRACE|Microsoft.AspNetCore.Mvc.Infrastructure.ControllerActionInvoker|Action Filter: After executing OnActionExecuted on filter Microsoft.AspNetCore.Mvc.ModelBinding.UnsupportedContentTypeFilter. 
2024-04-05 22:52:39.6100|TRACE|Microsoft.AspNetCore.Mvc.Infrastructure.ControllerActionInvoker|Result Filter: Before executing OnResultExecuting on filter Microsoft.AspNetCore.Mvc.Infrastructure.ClientErrorResultFilter. 
2024-04-05 22:52:39.6100|TRACE|Microsoft.AspNetCore.Mvc.Infrastructure.ControllerActionInvoker|Result Filter: After executing OnResultExecuting on filter Microsoft.AspNetCore.Mvc.Infrastructure.ClientErrorResultFilter. 
2024-04-05 22:52:39.6100|TRACE|Microsoft.AspNetCore.Mvc.Infrastructure.ControllerActionInvoker|Before executing action result Microsoft.AspNetCore.Mvc.OkObjectResult. 
2024-04-05 22:52:39.6100|DEBUG|Microsoft.AspNetCore.Mvc.Infrastructure.DefaultOutputFormatterSelector|List of registered output formatters, in the following order: Microsoft.AspNetCore.Mvc.Formatters.HttpNoContentOutputFormatter, Microsoft.AspNetCore.Mvc.Formatters.StringOutputFormatter, Microsoft.AspNetCore.Mvc.Formatters.StreamOutputFormatter, Microsoft.AspNetCore.Mvc.Formatters.NewtonsoftJsonOutputFormatter 
2024-04-05 22:52:39.6100|DEBUG|Microsoft.AspNetCore.Mvc.Infrastructure.DefaultOutputFormatterSelector|No information found on request to perform content negotiation. 
2024-04-05 22:52:39.6100|DEBUG|Microsoft.AspNetCore.Mvc.Infrastructure.DefaultOutputFormatterSelector|Attempting to select an output formatter without using a content type as no explicit content types were specified for the response. 
2024-04-05 22:52:39.6100|DEBUG|Microsoft.AspNetCore.Mvc.Infrastructure.DefaultOutputFormatterSelector|Attempting to select the first formatter in the output formatters list which can write the result. 
2024-04-05 22:52:39.6100|DEBUG|Microsoft.AspNetCore.Mvc.Infrastructure.DefaultOutputFormatterSelector|Selected output formatter 'Microsoft.AspNetCore.Mvc.Formatters.NewtonsoftJsonOutputFormatter' and content type 'application/json' to write the response. 
2024-04-05 22:52:39.6100|INFO|Microsoft.AspNetCore.Mvc.Infrastructure.ObjectResultExecutor|Executing OkObjectResult, writing value of type 'LitZhu.WebApi.R'. 
2024-04-05 22:52:39.6100|TRACE|Microsoft.AspNetCore.Mvc.Infrastructure.ControllerActionInvoker|After executing action result Microsoft.AspNetCore.Mvc.OkObjectResult. 
2024-04-05 22:52:39.6100|TRACE|Microsoft.AspNetCore.Mvc.Infrastructure.ControllerActionInvoker|Result Filter: Before executing OnResultExecuted on filter Microsoft.AspNetCore.Mvc.Infrastructure.ClientErrorResultFilter. 
2024-04-05 22:52:39.6100|TRACE|Microsoft.AspNetCore.Mvc.Infrastructure.ControllerActionInvoker|Result Filter: After executing OnResultExecuted on filter Microsoft.AspNetCore.Mvc.Infrastructure.ClientErrorResultFilter. 
2024-04-05 22:52:39.6100|INFO|Microsoft.AspNetCore.Mvc.Infrastructure.ControllerActionInvoker|Executed action LitZhu.WebApi.Controllers.User.UserController.UpdateUser (LitZhu.WebApi) in 41.8147ms 
2024-04-05 22:52:39.6100|INFO|Microsoft.AspNetCore.Routing.EndpointMiddleware|Executed endpoint 'LitZhu.WebApi.Controllers.User.UserController.UpdateUser (LitZhu.WebApi)' 
2024-04-05 22:52:39.6100|DEBUG|Microsoft.AspNetCore.Server.Kestrel.Connections|Connection id "0HN2LG00UQEA2" completed keep alive response. 
2024-04-05 22:52:39.6100|DEBUG|Microsoft.EntityFrameworkCore.Infrastructure|'UserDbContext' disposed. 
2024-04-05 22:52:39.6100|DEBUG|Microsoft.EntityFrameworkCore.Database.Connection|Disposing connection to database 'LitZhu' on server 'localhost'. 
2024-04-05 22:52:39.6100|DEBUG|Microsoft.EntityFrameworkCore.Database.Connection|Disposed connection to database 'LitZhu' on server 'localhost' (0ms). 
2024-04-05 22:52:39.6100|INFO|Microsoft.AspNetCore.Hosting.Diagnostics|Request finished HTTP/1.1 PATCH https://localhost:7290/api/User/2ffcbf6d-21cf-4815-9234-a207bc86caa5 - 200 289 application/json;+charset=utf-8 45.3163ms 
2024-04-05 22:52:39.6100|DEBUG|Microsoft.AspNetCore.Server.Kestrel.Transport.Sockets|Connection id "0HN2LG00UQEA2" received FIN. 
2024-04-05 22:52:39.6100|DEBUG|Microsoft.AspNetCore.Server.Kestrel.Transport.Sockets|Connection id "0HN2LG00UQEA2" sending FIN because: "The Socket transport's send loop completed gracefully." 
2024-04-05 22:52:39.6100|DEBUG|Microsoft.AspNetCore.Server.Kestrel.Connections|Connection id "0HN2LG00UQEA2" disconnecting. 
2024-04-05 22:52:39.6100|DEBUG|Microsoft.AspNetCore.Server.Kestrel.Connections|Connection id "0HN2LG00UQEA2" stopped. 
2024-04-05 22:52:53.0487|DEBUG|Microsoft.AspNetCore.Server.Kestrel.Connections|Connection id "0HN2LG00UQEA3" accepted. 
2024-04-05 22:52:53.0487|DEBUG|Microsoft.AspNetCore.Server.Kestrel.Connections|Connection id "0HN2LG00UQEA3" started. 
2024-04-05 22:52:53.0801|DEBUG|Microsoft.AspNetCore.Server.Kestrel.Https.Internal.HttpsConnectionMiddleware|Connection 0HN2LG00UQEA3 established using the following protocol: Tls13 
2024-04-05 22:52:53.0801|INFO|Microsoft.AspNetCore.Hosting.Diagnostics|Request starting HTTP/1.1 PATCH https://localhost:7290/api/User/2ffcbf6d-21cf-4815-9234-a207bc86caa5 - application/json 161 
2024-04-05 22:52:53.0801|TRACE|Microsoft.AspNetCore.HostFiltering.HostFilteringMiddleware|All hosts are allowed. 
2024-04-05 22:52:53.0801|DEBUG|Microsoft.AspNetCore.Routing.Matching.DfaMatcher|1 candidate(s) found for the request path '/api/User/2ffcbf6d-21cf-4815-9234-a207bc86caa5' 
2024-04-05 22:52:53.0801|DEBUG|Microsoft.AspNetCore.Routing.Matching.DfaMatcher|Endpoint 'LitZhu.WebApi.Controllers.User.UserController.UpdateUser (LitZhu.WebApi)' with route pattern 'api/User/{userId}' is valid for the request path '/api/User/2ffcbf6d-21cf-4815-9234-a207bc86caa5' 
2024-04-05 22:52:53.0801|DEBUG|Microsoft.AspNetCore.Routing.EndpointRoutingMiddleware|Request matched endpoint 'LitZhu.WebApi.Controllers.User.UserController.UpdateUser (LitZhu.WebApi)' 
2024-04-05 22:52:53.0801|TRACE|Microsoft.AspNetCore.Routing.EndpointRoutingMiddleware|The endpoint does not specify the IRequestSizeLimitMetadata. 
2024-04-05 22:52:53.0801|DEBUG|Microsoft.AspNetCore.StaticFiles.StaticFileMiddleware|Static files was skipped as the request already matched an endpoint. 
2024-04-05 22:52:53.0801|DEBUG|Microsoft.AspNetCore.Authentication.JwtBearer.JwtBearerHandler|AuthenticationScheme: Bearer was not authenticated. 
2024-04-05 22:52:53.0801|INFO|Microsoft.AspNetCore.Routing.EndpointMiddleware|Executing endpoint 'LitZhu.WebApi.Controllers.User.UserController.UpdateUser (LitZhu.WebApi)' 
2024-04-05 22:52:53.0801|INFO|Microsoft.AspNetCore.Mvc.Infrastructure.ControllerActionInvoker|Route matched with {action = "UpdateUser", controller = "User"}. Executing controller action with signature System.Threading.Tasks.Task`1[Microsoft.AspNetCore.Mvc.ActionResult`1[User.Domain.DTO.UserDto]] UpdateUser(System.Guid, System.Collections.Generic.Dictionary`2[System.String,System.String]) on controller LitZhu.WebApi.Controllers.User.UserController (LitZhu.WebApi). 
2024-04-05 22:52:53.0801|DEBUG|Microsoft.AspNetCore.Mvc.Infrastructure.ControllerActionInvoker|Execution plan of authorization filters (in the following order): None 
2024-04-05 22:52:53.0801|DEBUG|Microsoft.AspNetCore.Mvc.Infrastructure.ControllerActionInvoker|Execution plan of resource filters (in the following order): None 
2024-04-05 22:52:53.0801|DEBUG|Microsoft.AspNetCore.Mvc.Infrastructure.ControllerActionInvoker|Execution plan of action filters (in the following order): Microsoft.AspNetCore.Mvc.ModelBinding.UnsupportedContentTypeFilter (Order: -3000), Microsoft.AspNetCore.Mvc.Infrastructure.ModelStateInvalidFilter (Order: -2000) 
2024-04-05 22:52:53.0801|DEBUG|Microsoft.AspNetCore.Mvc.Infrastructure.ControllerActionInvoker|Execution plan of exception filters (in the following order): None 
2024-04-05 22:52:53.0801|DEBUG|Microsoft.AspNetCore.Mvc.Infrastructure.ControllerActionInvoker|Execution plan of result filters (in the following order): Microsoft.AspNetCore.Mvc.Infrastructure.ClientErrorResultFilter (Order: -2000) 
2024-04-05 22:52:53.0801|DEBUG|Microsoft.AspNetCore.Mvc.Infrastructure.ControllerActionInvoker|Executing controller factory for controller LitZhu.WebApi.Controllers.User.UserController (LitZhu.WebApi) 
2024-04-05 22:52:53.1414|DEBUG|Microsoft.EntityFrameworkCore.Infrastructure|Entity Framework Core 8.0.1 initialized 'UserDbContext' using provider 'Pomelo.EntityFrameworkCore.MySql:8.0.1' with options: ServerVersion=8.0.23-mysql  
2024-04-05 22:52:53.1414|DEBUG|Microsoft.AspNetCore.Mvc.Infrastructure.ControllerActionInvoker|Executed controller factory for controller LitZhu.WebApi.Controllers.User.UserController (LitZhu.WebApi) 
2024-04-05 22:52:53.1414|DEBUG|Microsoft.AspNetCore.Mvc.ModelBinding.ParameterBinder|Attempting to bind parameter 'userId' of type 'System.Guid' ... 
2024-04-05 22:52:53.1414|DEBUG|Microsoft.AspNetCore.Mvc.ModelBinding.Binders.SimpleTypeModelBinder|Attempting to bind parameter 'userId' of type 'System.Guid' using the name 'userId' in request data ... 
2024-04-05 22:52:53.1414|DEBUG|Microsoft.AspNetCore.Mvc.ModelBinding.Binders.SimpleTypeModelBinder|Done attempting to bind parameter 'userId' of type 'System.Guid'. 
2024-04-05 22:52:53.1414|DEBUG|Microsoft.AspNetCore.Mvc.ModelBinding.ParameterBinder|Done attempting to bind parameter 'userId' of type 'System.Guid'. 
2024-04-05 22:52:53.1414|DEBUG|Microsoft.AspNetCore.Mvc.ModelBinding.ParameterBinder|Attempting to validate the bound parameter 'userId' of type 'System.Guid' ... 
2024-04-05 22:52:53.1414|DEBUG|Microsoft.AspNetCore.Mvc.ModelBinding.ParameterBinder|Done attempting to validate the bound parameter 'userId' of type 'System.Guid'. 
2024-04-05 22:52:53.1414|DEBUG|Microsoft.AspNetCore.Mvc.ModelBinding.ParameterBinder|Attempting to bind parameter 'updateDto' of type 'System.Collections.Generic.Dictionary`2[System.String,System.String]' ... 
2024-04-05 22:52:53.1414|DEBUG|Microsoft.AspNetCore.Mvc.ModelBinding.Binders.BodyModelBinder|Attempting to bind parameter 'updateDto' of type 'System.Collections.Generic.Dictionary`2[System.String,System.String]' using the name '' in request data ... 
2024-04-05 22:52:53.1414|DEBUG|Microsoft.AspNetCore.Mvc.ModelBinding.Binders.BodyModelBinder|Rejected input formatter 'Microsoft.AspNetCore.Mvc.Formatters.NewtonsoftJsonPatchInputFormatter' for content type 'application/json'. 
2024-04-05 22:52:53.1414|DEBUG|Microsoft.AspNetCore.Mvc.ModelBinding.Binders.BodyModelBinder|Selected input formatter 'Microsoft.AspNetCore.Mvc.Formatters.NewtonsoftJsonInputFormatter' for content type 'application/json'. 
2024-04-05 22:52:53.1414|DEBUG|Microsoft.AspNetCore.Server.Kestrel|Connection id "0HN2LG00UQEA3", Request id "0HN2LG00UQEA3:00000001": started reading request body. 
2024-04-05 22:52:53.1414|DEBUG|Microsoft.AspNetCore.Server.Kestrel|Connection id "0HN2LG00UQEA3", Request id "0HN2LG00UQEA3:00000001": done reading request body. 
2024-04-05 22:52:53.1414|DEBUG|Microsoft.AspNetCore.Mvc.ModelBinding.Binders.BodyModelBinder|Done attempting to bind parameter 'updateDto' of type 'System.Collections.Generic.Dictionary`2[System.String,System.String]'. 
2024-04-05 22:52:53.1414|DEBUG|Microsoft.AspNetCore.Mvc.ModelBinding.ParameterBinder|Done attempting to bind parameter 'updateDto' of type 'System.Collections.Generic.Dictionary`2[System.String,System.String]'. 
2024-04-05 22:52:53.1414|DEBUG|Microsoft.AspNetCore.Mvc.ModelBinding.ParameterBinder|Attempting to validate the bound parameter 'updateDto' of type 'System.Collections.Generic.Dictionary`2[System.String,System.String]' ... 
2024-04-05 22:52:53.1414|DEBUG|Microsoft.AspNetCore.Mvc.ModelBinding.ParameterBinder|Done attempting to validate the bound parameter 'updateDto' of type 'System.Collections.Generic.Dictionary`2[System.String,System.String]'. 
2024-04-05 22:52:53.1414|TRACE|Microsoft.AspNetCore.Mvc.Infrastructure.ControllerActionInvoker|Action Filter: Before executing OnActionExecuting on filter Microsoft.AspNetCore.Mvc.ModelBinding.UnsupportedContentTypeFilter. 
2024-04-05 22:52:53.1414|TRACE|Microsoft.AspNetCore.Mvc.Infrastructure.ControllerActionInvoker|Action Filter: After executing OnActionExecuting on filter Microsoft.AspNetCore.Mvc.ModelBinding.UnsupportedContentTypeFilter. 
2024-04-05 22:52:53.1414|TRACE|Microsoft.AspNetCore.Mvc.Infrastructure.ControllerActionInvoker|Action Filter: Before executing OnActionExecuting on filter Microsoft.AspNetCore.Mvc.Infrastructure.ModelStateInvalidFilter. 
2024-04-05 22:52:53.1414|TRACE|Microsoft.AspNetCore.Mvc.Infrastructure.ControllerActionInvoker|Action Filter: After executing OnActionExecuting on filter Microsoft.AspNetCore.Mvc.Infrastructure.ModelStateInvalidFilter. 
2024-04-05 22:52:53.1414|INFO|Microsoft.AspNetCore.Mvc.Infrastructure.ControllerActionInvoker|Executing action method LitZhu.WebApi.Controllers.User.UserController.UpdateUser (LitZhu.WebApi) - Validation state: Valid 
2024-04-05 22:52:53.1414|TRACE|Microsoft.AspNetCore.Mvc.Infrastructure.ControllerActionInvoker|Executing action method LitZhu.WebApi.Controllers.User.UserController.UpdateUser (LitZhu.WebApi) with arguments (2ffcbf6d-21cf-4815-9234-a207bc86caa5, System.Collections.Generic.Dictionary`2[System.String,System.String]) 
2024-04-05 22:52:53.1414|DEBUG|Microsoft.EntityFrameworkCore.Database.Connection|Creating DbConnection. 
2024-04-05 22:52:53.1414|DEBUG|Microsoft.EntityFrameworkCore.Database.Connection|Created DbConnection. (0ms). 
2024-04-05 22:52:53.1414|DEBUG|Microsoft.EntityFrameworkCore.Database.Connection|Opening connection to database 'LitZhu' on server 'localhost'. 
2024-04-05 22:52:53.1414|DEBUG|Microsoft.EntityFrameworkCore.Database.Connection|Opened connection to database 'LitZhu' on server 'localhost'. 
2024-04-05 22:52:53.1414|DEBUG|Microsoft.EntityFrameworkCore.Database.Command|Creating DbCommand for 'ExecuteReader'. 
2024-04-05 22:52:53.1414|DEBUG|Microsoft.EntityFrameworkCore.Database.Command|Created DbCommand for 'ExecuteReader' (0ms). 
2024-04-05 22:52:53.1414|DEBUG|Microsoft.EntityFrameworkCore.Database.Command|Initialized DbCommand for 'ExecuteReader' (0ms). 
2024-04-05 22:52:53.1414|DEBUG|Microsoft.EntityFrameworkCore.Database.Command|Executing DbCommand [Parameters=[@__userId_0='?' (DbType = Guid)], CommandType='Text', CommandTimeout='30']
SELECT `t`.`Id`, `t`.`Avatar`, `t`.`CreationTime`, `t`.`DeletionTime`, `t`.`Email`, `t`.`Gender`, `t`.`IsDeleted`, `t`.`LastModificationTime`, `t`.`Password`, `t`.`Phone`, `t`.`Username`, `t`.`Id0`, `t`.`AccessFailedCount`, `t`.`CreationTime0`, `t`.`IsLockOut`, `t`.`LockOutEnd`, `t`.`UserId`, `t0`.`UserId`, `t0`.`RoleId`, `t0`.`Id`, `t0`.`CreationTime`, `t0`.`DeletionTime`, `t0`.`IsDeleted`, `t0`.`LastModificationTime`, `t0`.`RoleDesc`, `t0`.`RoleName`
FROM (
    SELECT `u`.`Id`, `u`.`Avatar`, `u`.`CreationTime`, `u`.`DeletionTime`, `u`.`Email`, `u`.`Gender`, `u`.`IsDeleted`, `u`.`LastModificationTime`, `u`.`Password`, `u`.`Phone`, `u`.`Username`, `u0`.`Id` AS `Id0`, `u0`.`AccessFailedCount`, `u0`.`CreationTime` AS `CreationTime0`, `u0`.`IsLockOut`, `u0`.`LockOutEnd`, `u0`.`UserId`
    FROM `Users` AS `u`
    LEFT JOIN `UserAccessFails` AS `u0` ON `u`.`Id` = `u0`.`UserId`
    WHERE NOT (`u`.`IsDeleted`) AND (`u`.`Id` = @__userId_0)
    LIMIT 1
) AS `t`
LEFT JOIN (
    SELECT `u1`.`UserId`, `u1`.`RoleId`, `t1`.`Id`, `t1`.`CreationTime`, `t1`.`DeletionTime`, `t1`.`IsDeleted`, `t1`.`LastModificationTime`, `t1`.`RoleDesc`, `t1`.`RoleName`
    FROM `Users_Roles` AS `u1`
    INNER JOIN (
        SELECT `r`.`Id`, `r`.`CreationTime`, `r`.`DeletionTime`, `r`.`IsDeleted`, `r`.`LastModificationTime`, `r`.`RoleDesc`, `r`.`RoleName`
        FROM `Roles` AS `r`
        WHERE NOT (`r`.`IsDeleted`)
    ) AS `t1` ON `u1`.`RoleId` = `t1`.`Id`
) AS `t0` ON `t`.`Id` = `t0`.`UserId`
ORDER BY `t`.`Id`, `t`.`Id0`, `t0`.`UserId`, `t0`.`RoleId` 
2024-04-05 22:52:53.1414|INFO|Microsoft.EntityFrameworkCore.Database.Command|Executed DbCommand (3ms) [Parameters=[@__userId_0='?' (DbType = Guid)], CommandType='Text', CommandTimeout='30']
SELECT `t`.`Id`, `t`.`Avatar`, `t`.`CreationTime`, `t`.`DeletionTime`, `t`.`Email`, `t`.`Gender`, `t`.`IsDeleted`, `t`.`LastModificationTime`, `t`.`Password`, `t`.`Phone`, `t`.`Username`, `t`.`Id0`, `t`.`AccessFailedCount`, `t`.`CreationTime0`, `t`.`IsLockOut`, `t`.`LockOutEnd`, `t`.`UserId`, `t0`.`UserId`, `t0`.`RoleId`, `t0`.`Id`, `t0`.`CreationTime`, `t0`.`DeletionTime`, `t0`.`IsDeleted`, `t0`.`LastModificationTime`, `t0`.`RoleDesc`, `t0`.`RoleName`
FROM (
    SELECT `u`.`Id`, `u`.`Avatar`, `u`.`CreationTime`, `u`.`DeletionTime`, `u`.`Email`, `u`.`Gender`, `u`.`IsDeleted`, `u`.`LastModificationTime`, `u`.`Password`, `u`.`Phone`, `u`.`Username`, `u0`.`Id` AS `Id0`, `u0`.`AccessFailedCount`, `u0`.`CreationTime` AS `CreationTime0`, `u0`.`IsLockOut`, `u0`.`LockOutEnd`, `u0`.`UserId`
    FROM `Users` AS `u`
    LEFT JOIN `UserAccessFails` AS `u0` ON `u`.`Id` = `u0`.`UserId`
    WHERE NOT (`u`.`IsDeleted`) AND (`u`.`Id` = @__userId_0)
    LIMIT 1
) AS `t`
LEFT JOIN (
    SELECT `u1`.`UserId`, `u1`.`RoleId`, `t1`.`Id`, `t1`.`CreationTime`, `t1`.`DeletionTime`, `t1`.`IsDeleted`, `t1`.`LastModificationTime`, `t1`.`RoleDesc`, `t1`.`RoleName`
    FROM `Users_Roles` AS `u1`
    INNER JOIN (
        SELECT `r`.`Id`, `r`.`CreationTime`, `r`.`DeletionTime`, `r`.`IsDeleted`, `r`.`LastModificationTime`, `r`.`RoleDesc`, `r`.`RoleName`
        FROM `Roles` AS `r`
        WHERE NOT (`r`.`IsDeleted`)
    ) AS `t1` ON `u1`.`RoleId` = `t1`.`Id`
) AS `t0` ON `t`.`Id` = `t0`.`UserId`
ORDER BY `t`.`Id`, `t`.`Id0`, `t0`.`UserId`, `t0`.`RoleId` 
2024-04-05 22:52:53.1414|DEBUG|Microsoft.EntityFrameworkCore.ChangeTracking|Context 'UserDbContext' started tracking 'Users' entity. Consider using 'DbContextOptionsBuilder.EnableSensitiveDataLogging' to see key values. 
2024-04-05 22:52:53.1414|DEBUG|Microsoft.EntityFrameworkCore.ChangeTracking|The navigation 'Users.UserAccessFail' was detected as changed. Consider using 'DbContextOptionsBuilder.EnableSensitiveDataLogging' to see key values. 
2024-04-05 22:52:53.1414|DEBUG|Microsoft.EntityFrameworkCore.ChangeTracking|Context 'UserDbContext' started tracking 'UserAccessFail' entity. Consider using 'DbContextOptionsBuilder.EnableSensitiveDataLogging' to see key values. 
2024-04-05 22:52:53.1414|DEBUG|Microsoft.EntityFrameworkCore.Database.Command|Closing data reader to 'LitZhu' on server 'localhost'. 
2024-04-05 22:52:53.1414|DEBUG|Microsoft.EntityFrameworkCore.Database.Command|A data reader for 'LitZhu' on server 'localhost' is being disposed after spending 0ms reading results. 
2024-04-05 22:52:53.1414|DEBUG|Microsoft.EntityFrameworkCore.Database.Connection|Closing connection to database 'LitZhu' on server 'localhost'. 
2024-04-05 22:52:53.1414|DEBUG|Microsoft.EntityFrameworkCore.Database.Connection|Closed connection to database 'LitZhu' on server 'localhost' (0ms). 
2024-04-05 22:52:53.3687|TRACE|Microsoft.AspNetCore.Mvc.Infrastructure.ControllerActionInvoker|Action Filter: Before executing OnActionExecuted on filter Microsoft.AspNetCore.Mvc.Infrastructure.ModelStateInvalidFilter. 
2024-04-05 22:52:53.3687|TRACE|Microsoft.AspNetCore.Mvc.Infrastructure.ControllerActionInvoker|Action Filter: After executing OnActionExecuted on filter Microsoft.AspNetCore.Mvc.Infrastructure.ModelStateInvalidFilter. 
2024-04-05 22:52:53.3687|TRACE|Microsoft.AspNetCore.Mvc.Infrastructure.ControllerActionInvoker|Action Filter: Before executing OnActionExecuted on filter Microsoft.AspNetCore.Mvc.ModelBinding.UnsupportedContentTypeFilter. 
2024-04-05 22:52:53.3687|TRACE|Microsoft.AspNetCore.Mvc.Infrastructure.ControllerActionInvoker|Action Filter: After executing OnActionExecuted on filter Microsoft.AspNetCore.Mvc.ModelBinding.UnsupportedContentTypeFilter. 
2024-04-05 22:52:53.3687|INFO|Microsoft.AspNetCore.Mvc.Infrastructure.ControllerActionInvoker|Executed action LitZhu.WebApi.Controllers.User.UserController.UpdateUser (LitZhu.WebApi) in 284.6135ms 
2024-04-05 22:52:53.3687|INFO|Microsoft.AspNetCore.Routing.EndpointMiddleware|Executed endpoint 'LitZhu.WebApi.Controllers.User.UserController.UpdateUser (LitZhu.WebApi)' 
2024-04-05 22:52:53.3861|ERROR|Microsoft.AspNetCore.Diagnostics.DeveloperExceptionPageMiddleware|An unhandled exception has occurred while executing the request. System.Exception: 无效的性别参数
   at User.Domain.Entities.Users.SetGender(String gender) in D:\Desktop\website\litzhu\LitZhu_backend\User.Domain\Entities\Users.cs:line 106
   at User.Domain.Entities.Users.Update(Dictionary`2 update) in D:\Desktop\website\litzhu\LitZhu_backend\User.Domain\Entities\Users.cs:line 51
   at LitZhu.WebApi.Controllers.User.UserController.UpdateUser(Guid userId, Dictionary`2 updateDto) in D:\Desktop\website\litzhu\LitZhu_backend\LitZhu.WebApi\Controllers\User\UserController.cs:line 133
   at lambda_method17(Closure, Object)
   at Microsoft.AspNetCore.Mvc.Infrastructure.ActionMethodExecutor.AwaitableObjectResultExecutor.Execute(ActionContext actionContext, IActionResultTypeMapper mapper, ObjectMethodExecutor executor, Object controller, Object[] arguments)
   at Microsoft.AspNetCore.Mvc.Infrastructure.ControllerActionInvoker.<InvokeActionMethodAsync>g__Logged|12_1(ControllerActionInvoker invoker)
   at Microsoft.AspNetCore.Mvc.Infrastructure.ControllerActionInvoker.<InvokeNextActionFilterAsync>g__Awaited|10_0(ControllerActionInvoker invoker, Task lastTask, State next, Scope scope, Object state, Boolean isCompleted)
   at Microsoft.AspNetCore.Mvc.Infrastructure.ControllerActionInvoker.Rethrow(ActionExecutedContextSealed context)
   at Microsoft.AspNetCore.Mvc.Infrastructure.ControllerActionInvoker.Next(State& next, Scope& scope, Object& state, Boolean& isCompleted)
   at Microsoft.AspNetCore.Mvc.Infrastructure.ControllerActionInvoker.<InvokeInnerFilterAsync>g__Awaited|13_0(ControllerActionInvoker invoker, Task lastTask, State next, Scope scope, Object state, Boolean isCompleted)
   at Microsoft.AspNetCore.Mvc.Infrastructure.ResourceInvoker.<InvokeFilterPipelineAsync>g__Awaited|20_0(ResourceInvoker invoker, Task lastTask, State next, Scope scope, Object state, Boolean isCompleted)
   at Microsoft.AspNetCore.Mvc.Infrastructure.ResourceInvoker.<InvokeAsync>g__Logged|17_1(ResourceInvoker invoker)
   at Microsoft.AspNetCore.Mvc.Infrastructure.ResourceInvoker.<InvokeAsync>g__Logged|17_1(ResourceInvoker invoker)
   at Microsoft.AspNetCore.Routing.EndpointMiddleware.<Invoke>g__AwaitRequestTask|7_0(Endpoint endpoint, Task requestTask, ILogger logger)
   at Microsoft.AspNetCore.Authorization.AuthorizationMiddleware.Invoke(HttpContext context)
   at Microsoft.AspNetCore.Authentication.AuthenticationMiddleware.Invoke(HttpContext context)
   at Swashbuckle.AspNetCore.SwaggerUI.SwaggerUIMiddleware.Invoke(HttpContext httpContext)
   at Swashbuckle.AspNetCore.Swagger.SwaggerMiddleware.Invoke(HttpContext httpContext, ISwaggerProvider swaggerProvider)
   at Microsoft.AspNetCore.Diagnostics.DeveloperExceptionPageMiddlewareImpl.Invoke(HttpContext context)
2024-04-05 22:52:53.4008|DEBUG|Microsoft.AspNetCore.Server.Kestrel.Connections|Connection id "0HN2LG00UQEA3" completed keep alive response. 
2024-04-05 22:52:53.4008|DEBUG|Microsoft.EntityFrameworkCore.Infrastructure|'UserDbContext' disposed. 
2024-04-05 22:52:53.4008|DEBUG|Microsoft.EntityFrameworkCore.Database.Connection|Disposing connection to database 'LitZhu' on server 'localhost'. 
2024-04-05 22:52:53.4008|DEBUG|Microsoft.EntityFrameworkCore.Database.Connection|Disposed connection to database 'LitZhu' on server 'localhost' (0ms). 
2024-04-05 22:52:53.4008|INFO|Microsoft.AspNetCore.Hosting.Diagnostics|Request finished HTTP/1.1 PATCH https://localhost:7290/api/User/2ffcbf6d-21cf-4815-9234-a207bc86caa5 - 500 - text/plain;+charset=utf-8 320.6331ms 
2024-04-05 22:52:53.4008|DEBUG|Microsoft.AspNetCore.Server.Kestrel.Transport.Sockets|Connection id "0HN2LG00UQEA3" received FIN. 
2024-04-05 22:52:53.4008|DEBUG|Microsoft.AspNetCore.Server.Kestrel.Transport.Sockets|Connection id "0HN2LG00UQEA3" sending FIN because: "The Socket transport's send loop completed gracefully." 
2024-04-05 22:52:53.4008|DEBUG|Microsoft.AspNetCore.Server.Kestrel.Connections|Connection id "0HN2LG00UQEA3" disconnecting. 
2024-04-05 22:52:53.4008|DEBUG|Microsoft.AspNetCore.Server.Kestrel.Connections|Connection id "0HN2LG00UQEA3" stopped. 
2024-04-05 22:52:55.9789|DEBUG|Microsoft.AspNetCore.Server.Kestrel.Connections|Connection id "0HN2LG00UQEA4" accepted. 
2024-04-05 22:52:55.9789|DEBUG|Microsoft.AspNetCore.Server.Kestrel.Connections|Connection id "0HN2LG00UQEA4" started. 
2024-04-05 22:52:55.9964|DEBUG|Microsoft.AspNetCore.Server.Kestrel.Https.Internal.HttpsConnectionMiddleware|Connection 0HN2LG00UQEA4 established using the following protocol: Tls13 
2024-04-05 22:52:55.9964|INFO|Microsoft.AspNetCore.Hosting.Diagnostics|Request starting HTTP/1.1 PATCH https://localhost:7290/api/User/2ffcbf6d-21cf-4815-9234-a207bc86caa5 - application/json 160 
2024-04-05 22:52:55.9964|TRACE|Microsoft.AspNetCore.HostFiltering.HostFilteringMiddleware|All hosts are allowed. 
2024-04-05 22:52:55.9964|DEBUG|Microsoft.AspNetCore.Routing.Matching.DfaMatcher|1 candidate(s) found for the request path '/api/User/2ffcbf6d-21cf-4815-9234-a207bc86caa5' 
2024-04-05 22:52:55.9964|DEBUG|Microsoft.AspNetCore.Routing.Matching.DfaMatcher|Endpoint 'LitZhu.WebApi.Controllers.User.UserController.UpdateUser (LitZhu.WebApi)' with route pattern 'api/User/{userId}' is valid for the request path '/api/User/2ffcbf6d-21cf-4815-9234-a207bc86caa5' 
2024-04-05 22:52:55.9964|DEBUG|Microsoft.AspNetCore.Routing.EndpointRoutingMiddleware|Request matched endpoint 'LitZhu.WebApi.Controllers.User.UserController.UpdateUser (LitZhu.WebApi)' 
2024-04-05 22:52:55.9964|TRACE|Microsoft.AspNetCore.Routing.EndpointRoutingMiddleware|The endpoint does not specify the IRequestSizeLimitMetadata. 
2024-04-05 22:52:55.9964|DEBUG|Microsoft.AspNetCore.StaticFiles.StaticFileMiddleware|Static files was skipped as the request already matched an endpoint. 
2024-04-05 22:52:55.9964|DEBUG|Microsoft.AspNetCore.Authentication.JwtBearer.JwtBearerHandler|AuthenticationScheme: Bearer was not authenticated. 
2024-04-05 22:52:55.9964|INFO|Microsoft.AspNetCore.Routing.EndpointMiddleware|Executing endpoint 'LitZhu.WebApi.Controllers.User.UserController.UpdateUser (LitZhu.WebApi)' 
2024-04-05 22:52:55.9964|INFO|Microsoft.AspNetCore.Mvc.Infrastructure.ControllerActionInvoker|Route matched with {action = "UpdateUser", controller = "User"}. Executing controller action with signature System.Threading.Tasks.Task`1[Microsoft.AspNetCore.Mvc.ActionResult`1[User.Domain.DTO.UserDto]] UpdateUser(System.Guid, System.Collections.Generic.Dictionary`2[System.String,System.String]) on controller LitZhu.WebApi.Controllers.User.UserController (LitZhu.WebApi). 
2024-04-05 22:52:55.9964|DEBUG|Microsoft.AspNetCore.Mvc.Infrastructure.ControllerActionInvoker|Execution plan of authorization filters (in the following order): None 
2024-04-05 22:52:55.9964|DEBUG|Microsoft.AspNetCore.Mvc.Infrastructure.ControllerActionInvoker|Execution plan of resource filters (in the following order): None 
2024-04-05 22:52:55.9964|DEBUG|Microsoft.AspNetCore.Mvc.Infrastructure.ControllerActionInvoker|Execution plan of action filters (in the following order): Microsoft.AspNetCore.Mvc.ModelBinding.UnsupportedContentTypeFilter (Order: -3000), Microsoft.AspNetCore.Mvc.Infrastructure.ModelStateInvalidFilter (Order: -2000) 
2024-04-05 22:52:55.9964|DEBUG|Microsoft.AspNetCore.Mvc.Infrastructure.ControllerActionInvoker|Execution plan of exception filters (in the following order): None 
2024-04-05 22:52:55.9964|DEBUG|Microsoft.AspNetCore.Mvc.Infrastructure.ControllerActionInvoker|Execution plan of result filters (in the following order): Microsoft.AspNetCore.Mvc.Infrastructure.ClientErrorResultFilter (Order: -2000) 
2024-04-05 22:52:55.9964|DEBUG|Microsoft.AspNetCore.Mvc.Infrastructure.ControllerActionInvoker|Executing controller factory for controller LitZhu.WebApi.Controllers.User.UserController (LitZhu.WebApi) 
2024-04-05 22:52:55.9999|DEBUG|Microsoft.EntityFrameworkCore.Infrastructure|Entity Framework Core 8.0.1 initialized 'UserDbContext' using provider 'Pomelo.EntityFrameworkCore.MySql:8.0.1' with options: ServerVersion=8.0.23-mysql  
2024-04-05 22:52:55.9999|DEBUG|Microsoft.AspNetCore.Mvc.Infrastructure.ControllerActionInvoker|Executed controller factory for controller LitZhu.WebApi.Controllers.User.UserController (LitZhu.WebApi) 
2024-04-05 22:52:55.9999|DEBUG|Microsoft.AspNetCore.Mvc.ModelBinding.ParameterBinder|Attempting to bind parameter 'userId' of type 'System.Guid' ... 
2024-04-05 22:52:55.9999|DEBUG|Microsoft.AspNetCore.Mvc.ModelBinding.Binders.SimpleTypeModelBinder|Attempting to bind parameter 'userId' of type 'System.Guid' using the name 'userId' in request data ... 
2024-04-05 22:52:55.9999|DEBUG|Microsoft.AspNetCore.Mvc.ModelBinding.Binders.SimpleTypeModelBinder|Done attempting to bind parameter 'userId' of type 'System.Guid'. 
2024-04-05 22:52:55.9999|DEBUG|Microsoft.AspNetCore.Mvc.ModelBinding.ParameterBinder|Done attempting to bind parameter 'userId' of type 'System.Guid'. 
2024-04-05 22:52:55.9999|DEBUG|Microsoft.AspNetCore.Mvc.ModelBinding.ParameterBinder|Attempting to validate the bound parameter 'userId' of type 'System.Guid' ... 
2024-04-05 22:52:55.9999|DEBUG|Microsoft.AspNetCore.Mvc.ModelBinding.ParameterBinder|Done attempting to validate the bound parameter 'userId' of type 'System.Guid'. 
2024-04-05 22:52:55.9999|DEBUG|Microsoft.AspNetCore.Mvc.ModelBinding.ParameterBinder|Attempting to bind parameter 'updateDto' of type 'System.Collections.Generic.Dictionary`2[System.String,System.String]' ... 
2024-04-05 22:52:55.9999|DEBUG|Microsoft.AspNetCore.Mvc.ModelBinding.Binders.BodyModelBinder|Attempting to bind parameter 'updateDto' of type 'System.Collections.Generic.Dictionary`2[System.String,System.String]' using the name '' in request data ... 
2024-04-05 22:52:55.9999|DEBUG|Microsoft.AspNetCore.Mvc.ModelBinding.Binders.BodyModelBinder|Rejected input formatter 'Microsoft.AspNetCore.Mvc.Formatters.NewtonsoftJsonPatchInputFormatter' for content type 'application/json'. 
2024-04-05 22:52:55.9999|DEBUG|Microsoft.AspNetCore.Mvc.ModelBinding.Binders.BodyModelBinder|Selected input formatter 'Microsoft.AspNetCore.Mvc.Formatters.NewtonsoftJsonInputFormatter' for content type 'application/json'. 
2024-04-05 22:52:55.9999|DEBUG|Microsoft.AspNetCore.Server.Kestrel|Connection id "0HN2LG00UQEA4", Request id "0HN2LG00UQEA4:00000001": started reading request body. 
2024-04-05 22:52:55.9999|DEBUG|Microsoft.AspNetCore.Server.Kestrel|Connection id "0HN2LG00UQEA4", Request id "0HN2LG00UQEA4:00000001": done reading request body. 
2024-04-05 22:52:55.9999|DEBUG|Microsoft.AspNetCore.Mvc.ModelBinding.Binders.BodyModelBinder|Done attempting to bind parameter 'updateDto' of type 'System.Collections.Generic.Dictionary`2[System.String,System.String]'. 
2024-04-05 22:52:55.9999|DEBUG|Microsoft.AspNetCore.Mvc.ModelBinding.ParameterBinder|Done attempting to bind parameter 'updateDto' of type 'System.Collections.Generic.Dictionary`2[System.String,System.String]'. 
2024-04-05 22:52:55.9999|DEBUG|Microsoft.AspNetCore.Mvc.ModelBinding.ParameterBinder|Attempting to validate the bound parameter 'updateDto' of type 'System.Collections.Generic.Dictionary`2[System.String,System.String]' ... 
2024-04-05 22:52:55.9999|DEBUG|Microsoft.AspNetCore.Mvc.ModelBinding.ParameterBinder|Done attempting to validate the bound parameter 'updateDto' of type 'System.Collections.Generic.Dictionary`2[System.String,System.String]'. 
2024-04-05 22:52:55.9999|TRACE|Microsoft.AspNetCore.Mvc.Infrastructure.ControllerActionInvoker|Action Filter: Before executing OnActionExecuting on filter Microsoft.AspNetCore.Mvc.ModelBinding.UnsupportedContentTypeFilter. 
2024-04-05 22:52:55.9999|TRACE|Microsoft.AspNetCore.Mvc.Infrastructure.ControllerActionInvoker|Action Filter: After executing OnActionExecuting on filter Microsoft.AspNetCore.Mvc.ModelBinding.UnsupportedContentTypeFilter. 
2024-04-05 22:52:55.9999|TRACE|Microsoft.AspNetCore.Mvc.Infrastructure.ControllerActionInvoker|Action Filter: Before executing OnActionExecuting on filter Microsoft.AspNetCore.Mvc.Infrastructure.ModelStateInvalidFilter. 
2024-04-05 22:52:55.9999|TRACE|Microsoft.AspNetCore.Mvc.Infrastructure.ControllerActionInvoker|Action Filter: After executing OnActionExecuting on filter Microsoft.AspNetCore.Mvc.Infrastructure.ModelStateInvalidFilter. 
2024-04-05 22:52:55.9999|INFO|Microsoft.AspNetCore.Mvc.Infrastructure.ControllerActionInvoker|Executing action method LitZhu.WebApi.Controllers.User.UserController.UpdateUser (LitZhu.WebApi) - Validation state: Valid 
2024-04-05 22:52:55.9999|TRACE|Microsoft.AspNetCore.Mvc.Infrastructure.ControllerActionInvoker|Executing action method LitZhu.WebApi.Controllers.User.UserController.UpdateUser (LitZhu.WebApi) with arguments (2ffcbf6d-21cf-4815-9234-a207bc86caa5, System.Collections.Generic.Dictionary`2[System.String,System.String]) 
2024-04-05 22:52:55.9999|DEBUG|Microsoft.EntityFrameworkCore.Database.Connection|Creating DbConnection. 
2024-04-05 22:52:55.9999|DEBUG|Microsoft.EntityFrameworkCore.Database.Connection|Created DbConnection. (0ms). 
2024-04-05 22:52:55.9999|DEBUG|Microsoft.EntityFrameworkCore.Database.Connection|Opening connection to database 'LitZhu' on server 'localhost'. 
2024-04-05 22:52:55.9999|DEBUG|Microsoft.EntityFrameworkCore.Database.Connection|Opened connection to database 'LitZhu' on server 'localhost'. 
2024-04-05 22:52:55.9999|DEBUG|Microsoft.EntityFrameworkCore.Database.Command|Creating DbCommand for 'ExecuteReader'. 
2024-04-05 22:52:55.9999|DEBUG|Microsoft.EntityFrameworkCore.Database.Command|Created DbCommand for 'ExecuteReader' (0ms). 
2024-04-05 22:52:55.9999|DEBUG|Microsoft.EntityFrameworkCore.Database.Command|Initialized DbCommand for 'ExecuteReader' (0ms). 
2024-04-05 22:52:55.9999|DEBUG|Microsoft.EntityFrameworkCore.Database.Command|Executing DbCommand [Parameters=[@__userId_0='?' (DbType = Guid)], CommandType='Text', CommandTimeout='30']
SELECT `t`.`Id`, `t`.`Avatar`, `t`.`CreationTime`, `t`.`DeletionTime`, `t`.`Email`, `t`.`Gender`, `t`.`IsDeleted`, `t`.`LastModificationTime`, `t`.`Password`, `t`.`Phone`, `t`.`Username`, `t`.`Id0`, `t`.`AccessFailedCount`, `t`.`CreationTime0`, `t`.`IsLockOut`, `t`.`LockOutEnd`, `t`.`UserId`, `t0`.`UserId`, `t0`.`RoleId`, `t0`.`Id`, `t0`.`CreationTime`, `t0`.`DeletionTime`, `t0`.`IsDeleted`, `t0`.`LastModificationTime`, `t0`.`RoleDesc`, `t0`.`RoleName`
FROM (
    SELECT `u`.`Id`, `u`.`Avatar`, `u`.`CreationTime`, `u`.`DeletionTime`, `u`.`Email`, `u`.`Gender`, `u`.`IsDeleted`, `u`.`LastModificationTime`, `u`.`Password`, `u`.`Phone`, `u`.`Username`, `u0`.`Id` AS `Id0`, `u0`.`AccessFailedCount`, `u0`.`CreationTime` AS `CreationTime0`, `u0`.`IsLockOut`, `u0`.`LockOutEnd`, `u0`.`UserId`
    FROM `Users` AS `u`
    LEFT JOIN `UserAccessFails` AS `u0` ON `u`.`Id` = `u0`.`UserId`
    WHERE NOT (`u`.`IsDeleted`) AND (`u`.`Id` = @__userId_0)
    LIMIT 1
) AS `t`
LEFT JOIN (
    SELECT `u1`.`UserId`, `u1`.`RoleId`, `t1`.`Id`, `t1`.`CreationTime`, `t1`.`DeletionTime`, `t1`.`IsDeleted`, `t1`.`LastModificationTime`, `t1`.`RoleDesc`, `t1`.`RoleName`
    FROM `Users_Roles` AS `u1`
    INNER JOIN (
        SELECT `r`.`Id`, `r`.`CreationTime`, `r`.`DeletionTime`, `r`.`IsDeleted`, `r`.`LastModificationTime`, `r`.`RoleDesc`, `r`.`RoleName`
        FROM `Roles` AS `r`
        WHERE NOT (`r`.`IsDeleted`)
    ) AS `t1` ON `u1`.`RoleId` = `t1`.`Id`
) AS `t0` ON `t`.`Id` = `t0`.`UserId`
ORDER BY `t`.`Id`, `t`.`Id0`, `t0`.`UserId`, `t0`.`RoleId` 
2024-04-05 22:52:55.9999|INFO|Microsoft.EntityFrameworkCore.Database.Command|Executed DbCommand (5ms) [Parameters=[@__userId_0='?' (DbType = Guid)], CommandType='Text', CommandTimeout='30']
SELECT `t`.`Id`, `t`.`Avatar`, `t`.`CreationTime`, `t`.`DeletionTime`, `t`.`Email`, `t`.`Gender`, `t`.`IsDeleted`, `t`.`LastModificationTime`, `t`.`Password`, `t`.`Phone`, `t`.`Username`, `t`.`Id0`, `t`.`AccessFailedCount`, `t`.`CreationTime0`, `t`.`IsLockOut`, `t`.`LockOutEnd`, `t`.`UserId`, `t0`.`UserId`, `t0`.`RoleId`, `t0`.`Id`, `t0`.`CreationTime`, `t0`.`DeletionTime`, `t0`.`IsDeleted`, `t0`.`LastModificationTime`, `t0`.`RoleDesc`, `t0`.`RoleName`
FROM (
    SELECT `u`.`Id`, `u`.`Avatar`, `u`.`CreationTime`, `u`.`DeletionTime`, `u`.`Email`, `u`.`Gender`, `u`.`IsDeleted`, `u`.`LastModificationTime`, `u`.`Password`, `u`.`Phone`, `u`.`Username`, `u0`.`Id` AS `Id0`, `u0`.`AccessFailedCount`, `u0`.`CreationTime` AS `CreationTime0`, `u0`.`IsLockOut`, `u0`.`LockOutEnd`, `u0`.`UserId`
    FROM `Users` AS `u`
    LEFT JOIN `UserAccessFails` AS `u0` ON `u`.`Id` = `u0`.`UserId`
    WHERE NOT (`u`.`IsDeleted`) AND (`u`.`Id` = @__userId_0)
    LIMIT 1
) AS `t`
LEFT JOIN (
    SELECT `u1`.`UserId`, `u1`.`RoleId`, `t1`.`Id`, `t1`.`CreationTime`, `t1`.`DeletionTime`, `t1`.`IsDeleted`, `t1`.`LastModificationTime`, `t1`.`RoleDesc`, `t1`.`RoleName`
    FROM `Users_Roles` AS `u1`
    INNER JOIN (
        SELECT `r`.`Id`, `r`.`CreationTime`, `r`.`DeletionTime`, `r`.`IsDeleted`, `r`.`LastModificationTime`, `r`.`RoleDesc`, `r`.`RoleName`
        FROM `Roles` AS `r`
        WHERE NOT (`r`.`IsDeleted`)
    ) AS `t1` ON `u1`.`RoleId` = `t1`.`Id`
) AS `t0` ON `t`.`Id` = `t0`.`UserId`
ORDER BY `t`.`Id`, `t`.`Id0`, `t0`.`UserId`, `t0`.`RoleId` 
2024-04-05 22:52:55.9999|DEBUG|Microsoft.EntityFrameworkCore.ChangeTracking|Context 'UserDbContext' started tracking 'Users' entity. Consider using 'DbContextOptionsBuilder.EnableSensitiveDataLogging' to see key values. 
2024-04-05 22:52:55.9999|DEBUG|Microsoft.EntityFrameworkCore.ChangeTracking|The navigation 'Users.UserAccessFail' was detected as changed. Consider using 'DbContextOptionsBuilder.EnableSensitiveDataLogging' to see key values. 
2024-04-05 22:52:55.9999|DEBUG|Microsoft.EntityFrameworkCore.ChangeTracking|Context 'UserDbContext' started tracking 'UserAccessFail' entity. Consider using 'DbContextOptionsBuilder.EnableSensitiveDataLogging' to see key values. 
2024-04-05 22:52:55.9999|DEBUG|Microsoft.EntityFrameworkCore.Database.Command|Closing data reader to 'LitZhu' on server 'localhost'. 
2024-04-05 22:52:55.9999|DEBUG|Microsoft.EntityFrameworkCore.Database.Command|A data reader for 'LitZhu' on server 'localhost' is being disposed after spending 0ms reading results. 
2024-04-05 22:52:55.9999|DEBUG|Microsoft.EntityFrameworkCore.Database.Connection|Closing connection to database 'LitZhu' on server 'localhost'. 
2024-04-05 22:52:55.9999|DEBUG|Microsoft.EntityFrameworkCore.Database.Connection|Closed connection to database 'LitZhu' on server 'localhost' (0ms). 
2024-04-05 22:52:55.9999|DEBUG|Microsoft.EntityFrameworkCore.Database.Connection|Opening connection to database 'LitZhu' on server 'localhost'. 
2024-04-05 22:52:56.0156|DEBUG|Microsoft.EntityFrameworkCore.Database.Connection|Opened connection to database 'LitZhu' on server 'localhost'. 
2024-04-05 22:52:56.0156|DEBUG|Microsoft.EntityFrameworkCore.Database.Command|Creating DbCommand for 'ExecuteReader'. 
2024-04-05 22:52:56.0156|DEBUG|Microsoft.EntityFrameworkCore.Database.Command|Created DbCommand for 'ExecuteReader' (0ms). 
2024-04-05 22:52:56.0156|DEBUG|Microsoft.EntityFrameworkCore.Database.Command|Initialized DbCommand for 'ExecuteReader' (0ms). 
2024-04-05 22:52:56.0156|DEBUG|Microsoft.EntityFrameworkCore.Database.Command|Executing DbCommand [Parameters=[@__userId_0='?' (DbType = Guid)], CommandType='Text', CommandTimeout='30']
SELECT `t`.`Id`, `t`.`Avatar`, `t`.`CreationTime`, `t`.`DeletionTime`, `t`.`Email`, `t`.`Gender`, `t`.`IsDeleted`, `t`.`LastModificationTime`, `t`.`Password`, `t`.`Phone`, `t`.`Username`, `t`.`Id0`, `t`.`AccessFailedCount`, `t`.`CreationTime0`, `t`.`IsLockOut`, `t`.`LockOutEnd`, `t`.`UserId`, `t0`.`UserId`, `t0`.`RoleId`, `t0`.`Id`, `t0`.`CreationTime`, `t0`.`DeletionTime`, `t0`.`IsDeleted`, `t0`.`LastModificationTime`, `t0`.`RoleDesc`, `t0`.`RoleName`
FROM (
    SELECT `u`.`Id`, `u`.`Avatar`, `u`.`CreationTime`, `u`.`DeletionTime`, `u`.`Email`, `u`.`Gender`, `u`.`IsDeleted`, `u`.`LastModificationTime`, `u`.`Password`, `u`.`Phone`, `u`.`Username`, `u0`.`Id` AS `Id0`, `u0`.`AccessFailedCount`, `u0`.`CreationTime` AS `CreationTime0`, `u0`.`IsLockOut`, `u0`.`LockOutEnd`, `u0`.`UserId`
    FROM `Users` AS `u`
    LEFT JOIN `UserAccessFails` AS `u0` ON `u`.`Id` = `u0`.`UserId`
    WHERE NOT (`u`.`IsDeleted`) AND (`u`.`Id` = @__userId_0)
    LIMIT 1
) AS `t`
LEFT JOIN (
    SELECT `u1`.`UserId`, `u1`.`RoleId`, `t1`.`Id`, `t1`.`CreationTime`, `t1`.`DeletionTime`, `t1`.`IsDeleted`, `t1`.`LastModificationTime`, `t1`.`RoleDesc`, `t1`.`RoleName`
    FROM `Users_Roles` AS `u1`
    INNER JOIN (
        SELECT `r`.`Id`, `r`.`CreationTime`, `r`.`DeletionTime`, `r`.`IsDeleted`, `r`.`LastModificationTime`, `r`.`RoleDesc`, `r`.`RoleName`
        FROM `Roles` AS `r`
        WHERE NOT (`r`.`IsDeleted`)
    ) AS `t1` ON `u1`.`RoleId` = `t1`.`Id`
) AS `t0` ON `t`.`Id` = `t0`.`UserId`
ORDER BY `t`.`Id`, `t`.`Id0`, `t0`.`UserId`, `t0`.`RoleId` 
2024-04-05 22:52:56.0156|INFO|Microsoft.EntityFrameworkCore.Database.Command|Executed DbCommand (3ms) [Parameters=[@__userId_0='?' (DbType = Guid)], CommandType='Text', CommandTimeout='30']
SELECT `t`.`Id`, `t`.`Avatar`, `t`.`CreationTime`, `t`.`DeletionTime`, `t`.`Email`, `t`.`Gender`, `t`.`IsDeleted`, `t`.`LastModificationTime`, `t`.`Password`, `t`.`Phone`, `t`.`Username`, `t`.`Id0`, `t`.`AccessFailedCount`, `t`.`CreationTime0`, `t`.`IsLockOut`, `t`.`LockOutEnd`, `t`.`UserId`, `t0`.`UserId`, `t0`.`RoleId`, `t0`.`Id`, `t0`.`CreationTime`, `t0`.`DeletionTime`, `t0`.`IsDeleted`, `t0`.`LastModificationTime`, `t0`.`RoleDesc`, `t0`.`RoleName`
FROM (
    SELECT `u`.`Id`, `u`.`Avatar`, `u`.`CreationTime`, `u`.`DeletionTime`, `u`.`Email`, `u`.`Gender`, `u`.`IsDeleted`, `u`.`LastModificationTime`, `u`.`Password`, `u`.`Phone`, `u`.`Username`, `u0`.`Id` AS `Id0`, `u0`.`AccessFailedCount`, `u0`.`CreationTime` AS `CreationTime0`, `u0`.`IsLockOut`, `u0`.`LockOutEnd`, `u0`.`UserId`
    FROM `Users` AS `u`
    LEFT JOIN `UserAccessFails` AS `u0` ON `u`.`Id` = `u0`.`UserId`
    WHERE NOT (`u`.`IsDeleted`) AND (`u`.`Id` = @__userId_0)
    LIMIT 1
) AS `t`
LEFT JOIN (
    SELECT `u1`.`UserId`, `u1`.`RoleId`, `t1`.`Id`, `t1`.`CreationTime`, `t1`.`DeletionTime`, `t1`.`IsDeleted`, `t1`.`LastModificationTime`, `t1`.`RoleDesc`, `t1`.`RoleName`
    FROM `Users_Roles` AS `u1`
    INNER JOIN (
        SELECT `r`.`Id`, `r`.`CreationTime`, `r`.`DeletionTime`, `r`.`IsDeleted`, `r`.`LastModificationTime`, `r`.`RoleDesc`, `r`.`RoleName`
        FROM `Roles` AS `r`
        WHERE NOT (`r`.`IsDeleted`)
    ) AS `t1` ON `u1`.`RoleId` = `t1`.`Id`
) AS `t0` ON `t`.`Id` = `t0`.`UserId`
ORDER BY `t`.`Id`, `t`.`Id0`, `t0`.`UserId`, `t0`.`RoleId` 
2024-04-05 22:52:56.0156|DEBUG|Microsoft.EntityFrameworkCore.Database.Command|Closing data reader to 'LitZhu' on server 'localhost'. 
2024-04-05 22:52:56.0156|DEBUG|Microsoft.EntityFrameworkCore.Database.Command|A data reader for 'LitZhu' on server 'localhost' is being disposed after spending 0ms reading results. 
2024-04-05 22:52:56.0156|DEBUG|Microsoft.EntityFrameworkCore.Database.Connection|Closing connection to database 'LitZhu' on server 'localhost'. 
2024-04-05 22:52:56.0156|DEBUG|Microsoft.EntityFrameworkCore.Database.Connection|Closed connection to database 'LitZhu' on server 'localhost' (0ms). 
2024-04-05 22:52:56.0156|DEBUG|Microsoft.EntityFrameworkCore.ChangeTracking|An entity of type 'Users' tracked by 'UserDbContext' changed state from 'Unchanged' to 'Modified'. Consider using 'DbContextOptionsBuilder.EnableSensitiveDataLogging' to see key values. 
2024-04-05 22:52:56.0156|DEBUG|Microsoft.EntityFrameworkCore.Update|SaveChanges starting for 'UserDbContext'. 
2024-04-05 22:52:56.0156|DEBUG|Microsoft.EntityFrameworkCore.ChangeTracking|DetectChanges starting for 'UserDbContext'. 
2024-04-05 22:52:56.0156|DEBUG|Microsoft.EntityFrameworkCore.ChangeTracking|DetectChanges completed for 'UserDbContext'. 
2024-04-05 22:52:56.0156|DEBUG|Microsoft.EntityFrameworkCore.Database.Connection|Opening connection to database 'LitZhu' on server 'localhost'. 
2024-04-05 22:52:56.0156|DEBUG|Microsoft.EntityFrameworkCore.Database.Connection|Opened connection to database 'LitZhu' on server 'localhost'. 
2024-04-05 22:52:56.0156|DEBUG|Microsoft.EntityFrameworkCore.Database.Command|Creating DbCommand for 'ExecuteReader'. 
2024-04-05 22:52:56.0156|DEBUG|Microsoft.EntityFrameworkCore.Database.Command|Created DbCommand for 'ExecuteReader' (0ms). 
2024-04-05 22:52:56.0156|DEBUG|Microsoft.EntityFrameworkCore.Database.Command|Initialized DbCommand for 'ExecuteReader' (0ms). 
2024-04-05 22:52:56.0156|DEBUG|Microsoft.EntityFrameworkCore.Database.Command|Executing DbCommand [Parameters=[@p10='?' (DbType = Guid), @p0='?' (Size = 4000), @p1='?' (DbType = DateTime), @p2='?' (DbType = DateTime), @p3='?' (Size = 4000), @p4='?' (DbType = Int32), @p5='?' (DbType = Boolean), @p6='?' (DbType = DateTime), @p7='?' (Size = 100), @p8='?' (Size = 4000), @p9='?' (Size = 10)], CommandType='Text', CommandTimeout='30']
SET AUTOCOMMIT = 1;
UPDATE `Users` SET `Avatar` = @p0, `CreationTime` = @p1, `DeletionTime` = @p2, `Email` = @p3, `Gender` = @p4, `IsDeleted` = @p5, `LastModificationTime` = @p6, `Password` = @p7, `Phone` = @p8, `Username` = @p9
WHERE `Id` = @p10;
SELECT ROW_COUNT(); 
2024-04-05 22:52:56.0156|INFO|Microsoft.EntityFrameworkCore.Database.Command|Executed DbCommand (4ms) [Parameters=[@p10='?' (DbType = Guid), @p0='?' (Size = 4000), @p1='?' (DbType = DateTime), @p2='?' (DbType = DateTime), @p3='?' (Size = 4000), @p4='?' (DbType = Int32), @p5='?' (DbType = Boolean), @p6='?' (DbType = DateTime), @p7='?' (Size = 100), @p8='?' (Size = 4000), @p9='?' (Size = 10)], CommandType='Text', CommandTimeout='30']
SET AUTOCOMMIT = 1;
UPDATE `Users` SET `Avatar` = @p0, `CreationTime` = @p1, `DeletionTime` = @p2, `Email` = @p3, `Gender` = @p4, `IsDeleted` = @p5, `LastModificationTime` = @p6, `Password` = @p7, `Phone` = @p8, `Username` = @p9
WHERE `Id` = @p10;
SELECT ROW_COUNT(); 
2024-04-05 22:52:56.0156|DEBUG|Microsoft.EntityFrameworkCore.Database.Command|Closing data reader to 'LitZhu' on server 'localhost'. 
2024-04-05 22:52:56.0156|DEBUG|Microsoft.EntityFrameworkCore.Database.Command|A data reader for 'LitZhu' on server 'localhost' is being disposed after spending 0ms reading results. 
2024-04-05 22:52:56.0156|DEBUG|Microsoft.EntityFrameworkCore.Database.Connection|Closing connection to database 'LitZhu' on server 'localhost'. 
2024-04-05 22:52:56.0156|DEBUG|Microsoft.EntityFrameworkCore.Database.Connection|Closed connection to database 'LitZhu' on server 'localhost' (0ms). 
2024-04-05 22:52:56.0296|DEBUG|Microsoft.EntityFrameworkCore.ChangeTracking|An entity of type 'Users' tracked by 'UserDbContext' changed state from 'Modified' to 'Unchanged'. Consider using 'DbContextOptionsBuilder.EnableSensitiveDataLogging' to see key values. 
2024-04-05 22:52:56.0296|DEBUG|Microsoft.EntityFrameworkCore.Update|SaveChanges completed for 'UserDbContext' with 1 entities written to the database. 
2024-04-05 22:52:56.0296|INFO|Microsoft.AspNetCore.Mvc.Infrastructure.ControllerActionInvoker|Executed action method LitZhu.WebApi.Controllers.User.UserController.UpdateUser (LitZhu.WebApi), returned result Microsoft.AspNetCore.Mvc.OkObjectResult in 27.1721ms. 
2024-04-05 22:52:56.0296|TRACE|Microsoft.AspNetCore.Mvc.Infrastructure.ControllerActionInvoker|Action Filter: Before executing OnActionExecuted on filter Microsoft.AspNetCore.Mvc.Infrastructure.ModelStateInvalidFilter. 
2024-04-05 22:52:56.0296|TRACE|Microsoft.AspNetCore.Mvc.Infrastructure.ControllerActionInvoker|Action Filter: After executing OnActionExecuted on filter Microsoft.AspNetCore.Mvc.Infrastructure.ModelStateInvalidFilter. 
2024-04-05 22:52:56.0296|TRACE|Microsoft.AspNetCore.Mvc.Infrastructure.ControllerActionInvoker|Action Filter: Before executing OnActionExecuted on filter Microsoft.AspNetCore.Mvc.ModelBinding.UnsupportedContentTypeFilter. 
2024-04-05 22:52:56.0296|TRACE|Microsoft.AspNetCore.Mvc.Infrastructure.ControllerActionInvoker|Action Filter: After executing OnActionExecuted on filter Microsoft.AspNetCore.Mvc.ModelBinding.UnsupportedContentTypeFilter. 
2024-04-05 22:52:56.0296|TRACE|Microsoft.AspNetCore.Mvc.Infrastructure.ControllerActionInvoker|Result Filter: Before executing OnResultExecuting on filter Microsoft.AspNetCore.Mvc.Infrastructure.ClientErrorResultFilter. 
2024-04-05 22:52:56.0296|TRACE|Microsoft.AspNetCore.Mvc.Infrastructure.ControllerActionInvoker|Result Filter: After executing OnResultExecuting on filter Microsoft.AspNetCore.Mvc.Infrastructure.ClientErrorResultFilter. 
2024-04-05 22:52:56.0296|TRACE|Microsoft.AspNetCore.Mvc.Infrastructure.ControllerActionInvoker|Before executing action result Microsoft.AspNetCore.Mvc.OkObjectResult. 
2024-04-05 22:52:56.0296|DEBUG|Microsoft.AspNetCore.Mvc.Infrastructure.DefaultOutputFormatterSelector|List of registered output formatters, in the following order: Microsoft.AspNetCore.Mvc.Formatters.HttpNoContentOutputFormatter, Microsoft.AspNetCore.Mvc.Formatters.StringOutputFormatter, Microsoft.AspNetCore.Mvc.Formatters.StreamOutputFormatter, Microsoft.AspNetCore.Mvc.Formatters.NewtonsoftJsonOutputFormatter 
2024-04-05 22:52:56.0296|DEBUG|Microsoft.AspNetCore.Mvc.Infrastructure.DefaultOutputFormatterSelector|No information found on request to perform content negotiation. 
2024-04-05 22:52:56.0296|DEBUG|Microsoft.AspNetCore.Mvc.Infrastructure.DefaultOutputFormatterSelector|Attempting to select an output formatter without using a content type as no explicit content types were specified for the response. 
2024-04-05 22:52:56.0296|DEBUG|Microsoft.AspNetCore.Mvc.Infrastructure.DefaultOutputFormatterSelector|Attempting to select the first formatter in the output formatters list which can write the result. 
2024-04-05 22:52:56.0296|DEBUG|Microsoft.AspNetCore.Mvc.Infrastructure.DefaultOutputFormatterSelector|Selected output formatter 'Microsoft.AspNetCore.Mvc.Formatters.NewtonsoftJsonOutputFormatter' and content type 'application/json' to write the response. 
2024-04-05 22:52:56.0296|INFO|Microsoft.AspNetCore.Mvc.Infrastructure.ObjectResultExecutor|Executing OkObjectResult, writing value of type 'LitZhu.WebApi.R'. 
2024-04-05 22:52:56.0296|TRACE|Microsoft.AspNetCore.Mvc.Infrastructure.ControllerActionInvoker|After executing action result Microsoft.AspNetCore.Mvc.OkObjectResult. 
2024-04-05 22:52:56.0296|TRACE|Microsoft.AspNetCore.Mvc.Infrastructure.ControllerActionInvoker|Result Filter: Before executing OnResultExecuted on filter Microsoft.AspNetCore.Mvc.Infrastructure.ClientErrorResultFilter. 
2024-04-05 22:52:56.0296|TRACE|Microsoft.AspNetCore.Mvc.Infrastructure.ControllerActionInvoker|Result Filter: After executing OnResultExecuted on filter Microsoft.AspNetCore.Mvc.Infrastructure.ClientErrorResultFilter. 
2024-04-05 22:52:56.0296|INFO|Microsoft.AspNetCore.Mvc.Infrastructure.ControllerActionInvoker|Executed action LitZhu.WebApi.Controllers.User.UserController.UpdateUser (LitZhu.WebApi) in 32.857ms 
2024-04-05 22:52:56.0296|INFO|Microsoft.AspNetCore.Routing.EndpointMiddleware|Executed endpoint 'LitZhu.WebApi.Controllers.User.UserController.UpdateUser (LitZhu.WebApi)' 
2024-04-05 22:52:56.0296|DEBUG|Microsoft.AspNetCore.Server.Kestrel.Connections|Connection id "0HN2LG00UQEA4" completed keep alive response. 
2024-04-05 22:52:56.0296|DEBUG|Microsoft.EntityFrameworkCore.Infrastructure|'UserDbContext' disposed. 
2024-04-05 22:52:56.0296|DEBUG|Microsoft.EntityFrameworkCore.Database.Connection|Disposing connection to database 'LitZhu' on server 'localhost'. 
2024-04-05 22:52:56.0296|DEBUG|Microsoft.EntityFrameworkCore.Database.Connection|Disposed connection to database 'LitZhu' on server 'localhost' (0ms). 
2024-04-05 22:52:56.0296|INFO|Microsoft.AspNetCore.Hosting.Diagnostics|Request finished HTTP/1.1 PATCH https://localhost:7290/api/User/2ffcbf6d-21cf-4815-9234-a207bc86caa5 - 200 289 application/json;+charset=utf-8 34.4862ms 
2024-04-05 22:52:56.0590|DEBUG|Microsoft.AspNetCore.Server.Kestrel.Transport.Sockets|Connection id "0HN2LG00UQEA4" received FIN. 
2024-04-05 22:52:56.0590|DEBUG|Microsoft.AspNetCore.Server.Kestrel.Transport.Sockets|Connection id "0HN2LG00UQEA4" sending FIN because: "The Socket transport's send loop completed gracefully." 
2024-04-05 22:52:56.0590|DEBUG|Microsoft.AspNetCore.Server.Kestrel.Connections|Connection id "0HN2LG00UQEA4" disconnecting. 
2024-04-05 22:52:56.0590|DEBUG|Microsoft.AspNetCore.Server.Kestrel.Connections|Connection id "0HN2LG00UQEA4" stopped. 
