2024-03-22 11:21:14.7585|DEBUG|Microsoft.AspNetCore.Mvc.ModelBinding.ModelBinderFactory|Registered model binder providers, in the following order: Microsoft.AspNetCore.Mvc.ModelBinding.Binders.BinderTypeModelBinderProvider, Microsoft.AspNetCore.Mvc.ModelBinding.Binders.ServicesModelBinderProvider, Microsoft.AspNetCore.Mvc.ModelBinding.Binders.BodyModelBinderProvider, Microsoft.AspNetCore.Mvc.ModelBinding.Binders.HeaderModelBinderProvider, Microsoft.AspNetCore.Mvc.ModelBinding.Binders.FloatingPointTypeModelBinderProvider, Microsoft.AspNetCore.Mvc.ModelBinding.Binders.EnumTypeModelBinderProvider, Microsoft.AspNetCore.Mvc.ModelBinding.Binders.DateTimeModelBinderProvider, Microsoft.AspNetCore.Mvc.ModelBinding.Binders.SimpleTypeModelBinderProvider, Microsoft.AspNetCore.Mvc.ModelBinding.Binders.TryParseModelBinderProvider, Microsoft.AspNetCore.Mvc.ModelBinding.Binders.CancellationTokenModelBinderProvider, Microsoft.AspNetCore.Mvc.ModelBinding.Binders.ByteArrayModelBinderProvider, Microsoft.AspNetCore.Mvc.ModelBinding.Binders.FormFileModelBinderProvider, Microsoft.AspNetCore.Mvc.ModelBinding.Binders.FormCollectionModelBinderProvider, Microsoft.AspNetCore.Mvc.ModelBinding.Binders.KeyValuePairModelBinderProvider, Microsoft.AspNetCore.Mvc.ModelBinding.Binders.DictionaryModelBinderProvider, Microsoft.AspNetCore.Mvc.ModelBinding.Binders.ArrayModelBinderProvider, Microsoft.AspNetCore.Mvc.ModelBinding.Binders.CollectionModelBinderProvider, Microsoft.AspNetCore.Mvc.ModelBinding.Binders.ComplexObjectModelBinderProvider 
2024-03-22 11:21:14.9413|DEBUG|Microsoft.Extensions.Hosting.Internal.Host|Hosting starting 
2024-03-22 11:21:14.9959|INFO|Microsoft.AspNetCore.DataProtection.KeyManagement.XmlKeyManager|User profile is available. Using 'C:\Users\25968\AppData\Local\ASP.NET\DataProtection-Keys' as key repository and Windows DPAPI to encrypt keys at rest. 
2024-03-22 11:21:15.0112|DEBUG|Microsoft.AspNetCore.DataProtection.Repositories.FileSystemXmlRepository|Reading data from file 'C:\Users\25968\AppData\Local\ASP.NET\DataProtection-Keys\key-04331095-e001-4e86-a2a5-ac77c623d11c.xml'. 
2024-03-22 11:21:15.0228|DEBUG|Microsoft.AspNetCore.DataProtection.KeyManagement.XmlKeyManager|Found key {04331095-e001-4e86-a2a5-ac77c623d11c}. 
2024-03-22 11:21:15.0359|DEBUG|Microsoft.AspNetCore.DataProtection.KeyManagement.DefaultKeyResolver|Considering key {04331095-e001-4e86-a2a5-ac77c623d11c} with expiration date 2024-04-11 12:24:14Z as default key. 
2024-03-22 11:21:15.0359|DEBUG|Microsoft.AspNetCore.DataProtection.TypeForwardingActivator|Forwarded activator type request from Microsoft.AspNetCore.DataProtection.XmlEncryption.DpapiXmlDecryptor, Microsoft.AspNetCore.DataProtection, Version=8.0.0.0, Culture=neutral, PublicKeyToken=adb9793829ddae60 to Microsoft.AspNetCore.DataProtection.XmlEncryption.DpapiXmlDecryptor, Microsoft.AspNetCore.DataProtection, Culture=neutral, PublicKeyToken=adb9793829ddae60 
2024-03-22 11:21:15.0359|DEBUG|Microsoft.AspNetCore.DataProtection.XmlEncryption.DpapiXmlDecryptor|Decrypting secret element using Windows DPAPI. 
2024-03-22 11:21:15.0359|DEBUG|Microsoft.AspNetCore.DataProtection.TypeForwardingActivator|Forwarded activator type request from Microsoft.AspNetCore.DataProtection.AuthenticatedEncryption.ConfigurationModel.AuthenticatedEncryptorDescriptorDeserializer, Microsoft.AspNetCore.DataProtection, Version=8.0.0.0, Culture=neutral, PublicKeyToken=adb9793829ddae60 to Microsoft.AspNetCore.DataProtection.AuthenticatedEncryption.ConfigurationModel.AuthenticatedEncryptorDescriptorDeserializer, Microsoft.AspNetCore.DataProtection, Culture=neutral, PublicKeyToken=adb9793829ddae60 
2024-03-22 11:21:15.0359|DEBUG|Microsoft.AspNetCore.DataProtection.AuthenticatedEncryption.CngCbcAuthenticatedEncryptorFactory|Opening CNG algorithm 'AES' from provider '(null)' with chaining mode CBC. 
2024-03-22 11:21:15.0359|DEBUG|Microsoft.AspNetCore.DataProtection.AuthenticatedEncryption.CngCbcAuthenticatedEncryptorFactory|Opening CNG algorithm 'SHA256' from provider '(null)' with HMAC. 
2024-03-22 11:21:15.0359|DEBUG|Microsoft.AspNetCore.DataProtection.KeyManagement.KeyRingProvider|Using key {04331095-e001-4e86-a2a5-ac77c623d11c} as the default key. 
2024-03-22 11:21:15.0359|DEBUG|Microsoft.AspNetCore.DataProtection.Internal.DataProtectionHostedService|Key ring with default key {04331095-e001-4e86-a2a5-ac77c623d11c} was loaded during application startup. 
2024-03-22 11:21:15.3395|INFO|Microsoft.Hosting.Lifetime|Now listening on: https://localhost:7290 
2024-03-22 11:21:15.3395|INFO|Microsoft.Hosting.Lifetime|Now listening on: http://localhost:5167 
2024-03-22 11:21:15.3395|DEBUG|Microsoft.AspNetCore.Hosting.Diagnostics|Loaded hosting startup assembly LitZhu.WebApi 
2024-03-22 11:21:15.3395|DEBUG|Microsoft.AspNetCore.Hosting.Diagnostics|Loaded hosting startup assembly Microsoft.AspNetCore.Watch.BrowserRefresh 
2024-03-22 11:21:15.3395|DEBUG|Microsoft.AspNetCore.Hosting.Diagnostics|Loaded hosting startup assembly Microsoft.WebTools.BrowserLink.Net 
2024-03-22 11:21:15.3395|INFO|Microsoft.Hosting.Lifetime|Application started. Press Ctrl+C to shut down. 
2024-03-22 11:21:15.3395|INFO|Microsoft.Hosting.Lifetime|Hosting environment: Development 
2024-03-22 11:21:15.3395|INFO|Microsoft.Hosting.Lifetime|Content root path: D:\Desktop\website\litzhu\LitZhu_backend\LitZhu.WebApi 
2024-03-22 11:21:15.3395|DEBUG|Microsoft.Extensions.Hosting.Internal.Host|Hosting started 
2024-03-22 11:21:15.6794|DEBUG|Microsoft.AspNetCore.Server.Kestrel.Connections|Connection id "0HN2A3SH21Q7V" accepted. 
2024-03-22 11:21:15.6794|DEBUG|Microsoft.AspNetCore.Server.Kestrel.Connections|Connection id "0HN2A3SH21Q7V" started. 
2024-03-22 11:21:15.6794|DEBUG|Microsoft.AspNetCore.Server.Kestrel.Connections|Connection id "0HN2A3SH21Q80" accepted. 
2024-03-22 11:21:15.6794|DEBUG|Microsoft.AspNetCore.Server.Kestrel.Connections|Connection id "0HN2A3SH21Q80" started. 
2024-03-22 11:21:15.7177|DEBUG|Microsoft.AspNetCore.Server.Kestrel.Transport.Sockets|Connection id "0HN2A3SH21Q80" received FIN. 
2024-03-22 11:21:15.7177|DEBUG|Microsoft.AspNetCore.Server.Kestrel.Transport.Sockets|Connection id "0HN2A3SH21Q7V" received FIN. 
2024-03-22 11:21:15.7291|DEBUG|Microsoft.AspNetCore.Server.Kestrel.Https.Internal.HttpsConnectionMiddleware|Failed to authenticate HTTPS connection. System.IO.IOException: Received an unexpected EOF or 0 bytes from the transport stream.
   at System.Net.Security.SslStream.ReceiveHandshakeFrameAsync[TIOAdapter](CancellationToken cancellationToken)
   at System.Net.Security.SslStream.ForceAuthenticationAsync[TIOAdapter](Boolean receiveFirst, Byte[] reAuthenticationData, CancellationToken cancellationToken)
   at System.Net.Security.SslStream.ProcessAuthenticationWithTelemetryAsync(Boolean isAsync, CancellationToken cancellationToken)
   at Microsoft.AspNetCore.Server.Kestrel.Https.Internal.HttpsConnectionMiddleware.OnConnectionAsync(ConnectionContext context)
2024-03-22 11:21:15.7291|DEBUG|Microsoft.AspNetCore.Server.Kestrel.Https.Internal.HttpsConnectionMiddleware|Failed to authenticate HTTPS connection. System.IO.IOException: Received an unexpected EOF or 0 bytes from the transport stream.
   at System.Net.Security.SslStream.ReceiveHandshakeFrameAsync[TIOAdapter](CancellationToken cancellationToken)
   at System.Net.Security.SslStream.ForceAuthenticationAsync[TIOAdapter](Boolean receiveFirst, Byte[] reAuthenticationData, CancellationToken cancellationToken)
   at System.Net.Security.SslStream.ProcessAuthenticationWithTelemetryAsync(Boolean isAsync, CancellationToken cancellationToken)
   at Microsoft.AspNetCore.Server.Kestrel.Https.Internal.HttpsConnectionMiddleware.OnConnectionAsync(ConnectionContext context)
2024-03-22 11:21:15.7629|DEBUG|Microsoft.AspNetCore.Server.Kestrel.Connections|Connection id "0HN2A3SH21Q7V" stopped. 
2024-03-22 11:21:15.7629|DEBUG|Microsoft.AspNetCore.Server.Kestrel.Connections|Connection id "0HN2A3SH21Q80" stopped. 
2024-03-22 11:21:15.7629|DEBUG|Microsoft.AspNetCore.Server.Kestrel.Transport.Sockets|Connection id "0HN2A3SH21Q7V" sending FIN because: "The Socket transport's send loop completed gracefully." 
2024-03-22 11:21:15.7629|DEBUG|Microsoft.AspNetCore.Server.Kestrel.Transport.Sockets|Connection id "0HN2A3SH21Q80" sending FIN because: "The Socket transport's send loop completed gracefully." 
2024-03-22 11:21:19.3436|DEBUG|Microsoft.AspNetCore.Server.Kestrel.Connections|Connection id "0HN2A3SH21Q81" accepted. 
2024-03-22 11:21:19.3436|DEBUG|Microsoft.AspNetCore.Server.Kestrel.Connections|Connection id "0HN2A3SH21Q81" started. 
2024-03-22 11:21:19.4258|DEBUG|Microsoft.AspNetCore.Server.Kestrel.Https.Internal.HttpsConnectionMiddleware|Connection 0HN2A3SH21Q81 established using the following protocol: Tls13 
2024-03-22 11:21:19.4663|INFO|Microsoft.AspNetCore.Hosting.Diagnostics|Request starting HTTP/1.1 POST https://localhost:7290/api/Auth/SendEmailCode - application/json 38 
2024-03-22 11:21:19.4749|DEBUG|Microsoft.AspNetCore.HostFiltering.HostFilteringMiddleware|Wildcard detected, all requests with hosts will be allowed. 
2024-03-22 11:21:19.4749|TRACE|Microsoft.AspNetCore.HostFiltering.HostFilteringMiddleware|All hosts are allowed. 
2024-03-22 11:21:19.5316|DEBUG|Microsoft.AspNetCore.Routing.Matching.DfaMatcher|1 candidate(s) found for the request path '/api/Auth/SendEmailCode' 
2024-03-22 11:21:19.5371|DEBUG|Microsoft.AspNetCore.Routing.Matching.DfaMatcher|Endpoint 'LitZhu.WebApi.Controllers.User.AuthController.SendEmailCode (LitZhu.WebApi)' with route pattern 'api/Auth/SendEmailCode' is valid for the request path '/api/Auth/SendEmailCode' 
2024-03-22 11:21:19.5371|DEBUG|Microsoft.AspNetCore.Routing.EndpointRoutingMiddleware|Request matched endpoint 'LitZhu.WebApi.Controllers.User.AuthController.SendEmailCode (LitZhu.WebApi)' 
2024-03-22 11:21:19.5371|TRACE|Microsoft.AspNetCore.Routing.EndpointRoutingMiddleware|The endpoint does not specify the IRequestSizeLimitMetadata. 
2024-03-22 11:21:19.5669|DEBUG|Microsoft.AspNetCore.StaticFiles.StaticFileMiddleware|Static files was skipped as the request already matched an endpoint. 
2024-03-22 11:21:19.6882|DEBUG|Microsoft.AspNetCore.Authentication.JwtBearer.JwtBearerHandler|AuthenticationScheme: Bearer was not authenticated. 
2024-03-22 11:21:19.6952|INFO|Microsoft.AspNetCore.Routing.EndpointMiddleware|Executing endpoint 'LitZhu.WebApi.Controllers.User.AuthController.SendEmailCode (LitZhu.WebApi)' 
2024-03-22 11:21:19.7502|INFO|Microsoft.AspNetCore.Mvc.Infrastructure.ControllerActionInvoker|Route matched with {action = "SendEmailCode", controller = "Auth"}. Executing controller action with signature System.Threading.Tasks.Task`1[Microsoft.AspNetCore.Mvc.ActionResult`1[System.String]] SendEmailCode(LitZhu.WebApi.Controllers.User.SendEmailCodeRequest) on controller LitZhu.WebApi.Controllers.User.AuthController (LitZhu.WebApi). 
2024-03-22 11:21:19.7502|DEBUG|Microsoft.AspNetCore.Mvc.Infrastructure.ControllerActionInvoker|Execution plan of authorization filters (in the following order): None 
2024-03-22 11:21:19.7546|DEBUG|Microsoft.AspNetCore.Mvc.Infrastructure.ControllerActionInvoker|Execution plan of resource filters (in the following order): None 
2024-03-22 11:21:19.7546|DEBUG|Microsoft.AspNetCore.Mvc.Infrastructure.ControllerActionInvoker|Execution plan of action filters (in the following order): Microsoft.AspNetCore.Mvc.ModelBinding.UnsupportedContentTypeFilter (Order: -3000), Microsoft.AspNetCore.Mvc.Infrastructure.ModelStateInvalidFilter (Order: -2000) 
2024-03-22 11:21:19.7546|DEBUG|Microsoft.AspNetCore.Mvc.Infrastructure.ControllerActionInvoker|Execution plan of exception filters (in the following order): None 
2024-03-22 11:21:19.7546|DEBUG|Microsoft.AspNetCore.Mvc.Infrastructure.ControllerActionInvoker|Execution plan of result filters (in the following order): Microsoft.AspNetCore.Mvc.Infrastructure.ClientErrorResultFilter (Order: -2000) 
2024-03-22 11:21:19.7546|DEBUG|Microsoft.AspNetCore.Mvc.Infrastructure.ControllerActionInvoker|Executing controller factory for controller LitZhu.WebApi.Controllers.User.AuthController (LitZhu.WebApi) 
2024-03-22 11:21:19.8154|DEBUG|Microsoft.AspNetCore.Server.Kestrel.Connections|Connection id "0HN2A3SH21Q82" accepted. 
2024-03-22 11:21:19.8193|DEBUG|Microsoft.AspNetCore.Server.Kestrel.Connections|Connection id "0HN2A3SH21Q82" started. 
2024-03-22 11:21:19.8529|DEBUG|Microsoft.AspNetCore.Server.Kestrel.Https.Internal.HttpsConnectionMiddleware|Connection 0HN2A3SH21Q82 established using the following protocol: Tls13 
2024-03-22 11:21:19.8847|TRACE|Microsoft.AspNetCore.Server.Kestrel.Http2|Connection id "0HN2A3SH21Q82" sending SETTINGS frame for stream ID 0 with length 24 and flags NONE. 
2024-03-22 11:21:19.9016|TRACE|Microsoft.AspNetCore.Server.Kestrel.Http2|Connection id "0HN2A3SH21Q82" sending WINDOW_UPDATE frame for stream ID 0 with length 4 and flags 0x0. 
2024-03-22 11:21:19.9016|TRACE|Microsoft.AspNetCore.Server.Kestrel.Http2|Connection id "0HN2A3SH21Q82" received SETTINGS frame for stream ID 0 with length 24 and flags NONE. 
2024-03-22 11:21:19.9016|TRACE|Microsoft.AspNetCore.Server.Kestrel.Http2|Connection id "0HN2A3SH21Q82" sending SETTINGS frame for stream ID 0 with length 0 and flags ACK. 
2024-03-22 11:21:19.9016|TRACE|Microsoft.AspNetCore.Server.Kestrel.Http2|Connection id "0HN2A3SH21Q82" received WINDOW_UPDATE frame for stream ID 0 with length 4 and flags 0x0. 
2024-03-22 11:21:19.9016|TRACE|Microsoft.AspNetCore.Server.Kestrel.Http2|Connection id "0HN2A3SH21Q82" received HEADERS frame for stream ID 1 with length 463 and flags END_STREAM, END_HEADERS, PRIORITY. 
2024-03-22 11:21:19.9170|TRACE|Microsoft.AspNetCore.Server.Kestrel.Http2|Connection id "0HN2A3SH21Q82" received SETTINGS frame for stream ID 0 with length 0 and flags ACK. 
2024-03-22 11:21:19.9170|INFO|Microsoft.AspNetCore.Hosting.Diagnostics|Request starting HTTP/2 GET https://localhost:7290/swagger/index.html - - - 
2024-03-22 11:21:20.2156|TRACE|Microsoft.AspNetCore.HostFiltering.HostFilteringMiddleware|All hosts are allowed. 
2024-03-22 11:21:20.2156|DEBUG|Microsoft.AspNetCore.Routing.Matching.DfaMatcher|No candidates found for the request path '/swagger/index.html' 
2024-03-22 11:21:20.2156|DEBUG|Microsoft.AspNetCore.Routing.EndpointRoutingMiddleware|Request did not match any endpoints 
2024-03-22 11:21:20.2282|DEBUG|Microsoft.EntityFrameworkCore.Infrastructure|An additional 'IServiceProvider' was created for internal use by Entity Framework. An existing service provider was not used due to the following configuration changes: configuration changed for 'Core:ConfigureWarnings', configuration added for 'Pomelo.EntityFrameworkCore.MySql:ServerVersion', configuration added for 'Pomelo.EntityFrameworkCore.MySql:DisableBackslashEscaping', configuration added for 'Pomelo.EntityFrameworkCore.MySql:SetSqlModeOnOpen', configuration added for 'Pomelo.EntityFrameworkCore.MySql:DisableLineBreakToCharSubstition', configuration added for 'Pomelo.EntityFrameworkCore.MySql:DefaultDataTypeMappings', configuration added for 'Pomelo.EntityFrameworkCore.MySql:SchemaBehavior', configuration added for 'Pomelo.EntityFrameworkCore.MySql:SchemaNameTranslator', configuration added for 'Pomelo.EntityFrameworkCore.MySql:EnableIndexOptimizedBooleanColumns', configuration added for 'Pomelo.EntityFrameworkCore.MySql:LimitKeyedOrIndexedStringColumnLength', configuration added for 'Pomelo.EntityFrameworkCore.MySql:EnableStringComparisonTranslations', configuration added for 'Pomelo.EntityFrameworkCore.MySql:EnablePrimitiveCollectionsSupport'. 
2024-03-22 11:21:20.3588|DEBUG|Microsoft.AspNetCore.Watch.BrowserRefresh.BrowserRefreshMiddleware|Response markup is scheduled to include browser refresh script injection. 
2024-03-22 11:21:20.3644|TRACE|Microsoft.AspNetCore.Server.Kestrel.Http2|Connection id "0HN2A3SH21Q82" sending HEADERS frame for stream ID 1 with length 66 and flags END_HEADERS. 
2024-03-22 11:21:20.3644|TRACE|Microsoft.AspNetCore.Server.Kestrel.Http2|Connection id "0HN2A3SH21Q82" sending DATA frame for stream ID 1 with length 4096 and flags NONE. 
2024-03-22 11:21:20.3869|TRACE|Microsoft.AspNetCore.Server.Kestrel.Http2|Connection id "0HN2A3SH21Q82" sending DATA frame for stream ID 1 with length 992 and flags NONE. 
2024-03-22 11:21:20.3869|TRACE|Microsoft.AspNetCore.Server.Kestrel.Http2|Connection id "0HN2A3SH21Q82" sending DATA frame for stream ID 1 with length 81 and flags NONE. 
2024-03-22 11:21:20.3869|DEBUG|Microsoft.AspNetCore.Watch.BrowserRefresh.BrowserRefreshMiddleware|Response markup was updated to include browser refresh script injection. 
2024-03-22 11:21:20.3869|TRACE|Microsoft.AspNetCore.Server.Kestrel.Http2|Connection id "0HN2A3SH21Q82" sending DATA frame for stream ID 1 with length 0 and flags END_STREAM. 
2024-03-22 11:21:20.3959|INFO|Microsoft.AspNetCore.Hosting.Diagnostics|Request finished HTTP/2 GET https://localhost:7290/swagger/index.html - 200 - text/html;charset=utf-8 478.1522ms 
2024-03-22 11:21:20.5214|TRACE|Microsoft.AspNetCore.Server.Kestrel.Http2|Connection id "0HN2A3SH21Q82" received HEADERS frame for stream ID 3 with length 109 and flags END_STREAM, END_HEADERS, PRIORITY. 
2024-03-22 11:21:20.5214|INFO|Microsoft.AspNetCore.Hosting.Diagnostics|Request starting HTTP/2 GET https://localhost:7290/_framework/aspnetcore-browser-refresh.js - - - 
2024-03-22 11:21:20.5214|TRACE|Microsoft.AspNetCore.Server.Kestrel.Http2|Connection id "0HN2A3SH21Q82" sending HEADERS frame for stream ID 3 with length 60 and flags END_HEADERS. 
2024-03-22 11:21:20.5214|TRACE|Microsoft.AspNetCore.Server.Kestrel.Http2|Connection id "0HN2A3SH21Q82" sending DATA frame for stream ID 3 with length 13761 and flags NONE. 
2024-03-22 11:21:20.5354|TRACE|Microsoft.AspNetCore.Server.Kestrel.Http2|Connection id "0HN2A3SH21Q82" sending DATA frame for stream ID 3 with length 0 and flags END_STREAM. 
2024-03-22 11:21:20.5354|INFO|Microsoft.AspNetCore.Hosting.Diagnostics|Request finished HTTP/2 GET https://localhost:7290/_framework/aspnetcore-browser-refresh.js - 200 13761 application/javascript;+charset=utf-8 11.1038ms 
2024-03-22 11:21:20.6827|TRACE|Microsoft.AspNetCore.Server.Kestrel.Http2|Connection id "0HN2A3SH21Q82" received HEADERS frame for stream ID 5 with length 57 and flags END_STREAM, END_HEADERS, PRIORITY. 
2024-03-22 11:21:20.6827|INFO|Microsoft.AspNetCore.Hosting.Diagnostics|Request starting HTTP/2 GET https://localhost:7290/_vs/browserLink - - - 
2024-03-22 11:21:20.7542|TRACE|Microsoft.AspNetCore.Server.Kestrel.Http2|Connection id "0HN2A3SH21Q82" sending HEADERS frame for stream ID 5 with length 119 and flags END_HEADERS. 
2024-03-22 11:21:20.7542|TRACE|Microsoft.AspNetCore.Server.Kestrel.Http2|Connection id "0HN2A3SH21Q82" sending DATA frame for stream ID 5 with length 9986 and flags NONE. 
2024-03-22 11:21:20.7542|TRACE|Microsoft.AspNetCore.Server.Kestrel.Http2|Connection id "0HN2A3SH21Q82" sending DATA frame for stream ID 5 with length 10240 and flags NONE. 
2024-03-22 11:21:20.7542|TRACE|Microsoft.AspNetCore.Server.Kestrel.Http2|Connection id "0HN2A3SH21Q82" sending DATA frame for stream ID 5 with length 10240 and flags NONE. 
2024-03-22 11:21:20.7542|TRACE|Microsoft.AspNetCore.Server.Kestrel.Http2|Connection id "0HN2A3SH21Q82" sending DATA frame for stream ID 5 with length 10240 and flags NONE. 
2024-03-22 11:21:20.7542|TRACE|Microsoft.AspNetCore.Server.Kestrel.Http2|Connection id "0HN2A3SH21Q82" sending DATA frame for stream ID 5 with length 10240 and flags NONE. 
2024-03-22 11:21:20.7542|TRACE|Microsoft.AspNetCore.Server.Kestrel.Http2|Connection id "0HN2A3SH21Q82" sending DATA frame for stream ID 5 with length 10240 and flags NONE. 
2024-03-22 11:21:20.7542|TRACE|Microsoft.AspNetCore.Server.Kestrel.Http2|Connection id "0HN2A3SH21Q82" sending DATA frame for stream ID 5 with length 10240 and flags NONE. 
2024-03-22 11:21:20.7542|TRACE|Microsoft.AspNetCore.Server.Kestrel.Http2|Connection id "0HN2A3SH21Q82" sending DATA frame for stream ID 5 with length 10240 and flags NONE. 
2024-03-22 11:21:20.7542|TRACE|Microsoft.AspNetCore.Server.Kestrel.Http2|Connection id "0HN2A3SH21Q82" sending DATA frame for stream ID 5 with length 10240 and flags NONE. 
2024-03-22 11:21:20.7542|TRACE|Microsoft.AspNetCore.Server.Kestrel.Http2|Connection id "0HN2A3SH21Q82" sending DATA frame for stream ID 5 with length 10240 and flags NONE. 
2024-03-22 11:21:20.7715|TRACE|Microsoft.AspNetCore.Server.Kestrel.Http2|Connection id "0HN2A3SH21Q82" sending DATA frame for stream ID 5 with length 10240 and flags NONE. 
2024-03-22 11:21:20.7715|TRACE|Microsoft.AspNetCore.Server.Kestrel.Http2|Connection id "0HN2A3SH21Q82" sending DATA frame for stream ID 5 with length 10240 and flags NONE. 
2024-03-22 11:21:20.7715|TRACE|Microsoft.AspNetCore.Server.Kestrel.Http2|Connection id "0HN2A3SH21Q82" sending DATA frame for stream ID 5 with length 10240 and flags NONE. 
2024-03-22 11:21:20.7715|TRACE|Microsoft.AspNetCore.Server.Kestrel.Http2|Connection id "0HN2A3SH21Q82" sending DATA frame for stream ID 5 with length 10240 and flags NONE. 
2024-03-22 11:21:20.7715|TRACE|Microsoft.AspNetCore.Server.Kestrel.Http2|Connection id "0HN2A3SH21Q82" sending DATA frame for stream ID 5 with length 10240 and flags NONE. 
2024-03-22 11:21:20.7715|TRACE|Microsoft.AspNetCore.Server.Kestrel.Http2|Connection id "0HN2A3SH21Q82" sending DATA frame for stream ID 5 with length 160 and flags NONE. 
2024-03-22 11:21:20.7715|TRACE|Microsoft.AspNetCore.Server.Kestrel.Http2|Connection id "0HN2A3SH21Q82" sending DATA frame for stream ID 5 with length 0 and flags END_STREAM. 
2024-03-22 11:21:20.7715|INFO|Microsoft.AspNetCore.Hosting.Diagnostics|Request finished HTTP/2 GET https://localhost:7290/_vs/browserLink - 200 - text/javascript;+charset=UTF-8 94.7575ms 
2024-03-22 11:21:21.0546|DEBUG|Microsoft.EntityFrameworkCore.Model|The index {'UserId'} was not created on entity type 'UserRoles' as the properties are already covered by the index {'UserId', 'RoleId'}. 
2024-03-22 11:21:21.2516|TRACE|Microsoft.AspNetCore.Server.Kestrel.Http2|Connection id "0HN2A3SH21Q82" received HEADERS frame for stream ID 7 with length 66 and flags END_STREAM, END_HEADERS, PRIORITY. 
2024-03-22 11:21:21.2516|INFO|Microsoft.AspNetCore.Hosting.Diagnostics|Request starting HTTP/2 GET https://localhost:7290/swagger/v1/swagger.json - - - 
2024-03-22 11:21:21.2516|TRACE|Microsoft.AspNetCore.HostFiltering.HostFilteringMiddleware|All hosts are allowed. 
2024-03-22 11:21:21.2516|DEBUG|Microsoft.AspNetCore.Routing.Matching.DfaMatcher|No candidates found for the request path '/swagger/v1/swagger.json' 
2024-03-22 11:21:21.2516|DEBUG|Microsoft.AspNetCore.Routing.EndpointRoutingMiddleware|Request did not match any endpoints 
2024-03-22 11:21:21.3380|WARN|Microsoft.EntityFrameworkCore.Model.Validation|Entity 'Users' has a global query filter defined and is the required end of a relationship with the entity 'UserAccessFail'. This may lead to unexpected results when the required entity is filtered out. Either configure the navigation as optional, or define matching query filters for both entities in the navigation. See https://go.microsoft.com/fwlink/?linkid=2131316 for more information. 
2024-03-22 11:21:21.3380|WARN|Microsoft.EntityFrameworkCore.Model.Validation|Entity 'Roles' has a global query filter defined and is the required end of a relationship with the entity 'UserRoles'. This may lead to unexpected results when the required entity is filtered out. Either configure the navigation as optional, or define matching query filters for both entities in the navigation. See https://go.microsoft.com/fwlink/?linkid=2131316 for more information. 
2024-03-22 11:21:21.6748|TRACE|Microsoft.AspNetCore.Server.Kestrel.Http2|Connection id "0HN2A3SH21Q82" sending HEADERS frame for stream ID 7 with length 65 and flags END_HEADERS. 
2024-03-22 11:21:21.6748|TRACE|Microsoft.AspNetCore.Server.Kestrel.Http2|Connection id "0HN2A3SH21Q82" sending DATA frame for stream ID 7 with length 16384 and flags NONE. 
2024-03-22 11:21:21.6748|TRACE|Microsoft.AspNetCore.Server.Kestrel.Http2|Connection id "0HN2A3SH21Q82" sending DATA frame for stream ID 7 with length 16384 and flags NONE. 
2024-03-22 11:21:21.6748|TRACE|Microsoft.AspNetCore.Server.Kestrel.Http2|Connection id "0HN2A3SH21Q82" sending DATA frame for stream ID 7 with length 16384 and flags NONE. 
2024-03-22 11:21:21.6748|TRACE|Microsoft.AspNetCore.Server.Kestrel.Http2|Connection id "0HN2A3SH21Q82" sending DATA frame for stream ID 7 with length 9384 and flags NONE. 
2024-03-22 11:21:21.6803|TRACE|Microsoft.AspNetCore.Server.Kestrel.Http2|Connection id "0HN2A3SH21Q82" sending DATA frame for stream ID 7 with length 0 and flags END_STREAM. 
2024-03-22 11:21:21.6803|INFO|Microsoft.AspNetCore.Hosting.Diagnostics|Request finished HTTP/2 GET https://localhost:7290/swagger/v1/swagger.json - 200 - application/json;charset=utf-8 428.0449ms 
2024-03-22 11:21:21.6803|DEBUG|Microsoft.EntityFrameworkCore.Infrastructure|Entity Framework Core 8.0.1 initialized 'UserDbContext' using provider 'Pomelo.EntityFrameworkCore.MySql:8.0.1' with options: ServerVersion=8.0.23-mysql  
2024-03-22 11:21:21.9305|DEBUG|Microsoft.AspNetCore.Mvc.Infrastructure.ControllerActionInvoker|Executed controller factory for controller LitZhu.WebApi.Controllers.User.AuthController (LitZhu.WebApi) 
2024-03-22 11:21:21.9450|DEBUG|Microsoft.AspNetCore.Mvc.ModelBinding.ParameterBinder|Attempting to bind parameter 'req' of type 'LitZhu.WebApi.Controllers.User.SendEmailCodeRequest' ... 
2024-03-22 11:21:21.9450|DEBUG|Microsoft.AspNetCore.Mvc.ModelBinding.Binders.BodyModelBinder|Attempting to bind parameter 'req' of type 'LitZhu.WebApi.Controllers.User.SendEmailCodeRequest' using the name '' in request data ... 
2024-03-22 11:21:21.9580|DEBUG|Microsoft.AspNetCore.Mvc.ModelBinding.Binders.BodyModelBinder|Rejected input formatter 'Microsoft.AspNetCore.Mvc.Formatters.NewtonsoftJsonPatchInputFormatter' for content type 'application/json'. 
2024-03-22 11:21:21.9580|DEBUG|Microsoft.AspNetCore.Mvc.ModelBinding.Binders.BodyModelBinder|Selected input formatter 'Microsoft.AspNetCore.Mvc.Formatters.NewtonsoftJsonInputFormatter' for content type 'application/json'. 
2024-03-22 11:21:21.9757|DEBUG|Microsoft.AspNetCore.Server.Kestrel|Connection id "0HN2A3SH21Q81", Request id "0HN2A3SH21Q81:00000001": started reading request body. 
2024-03-22 11:21:21.9757|DEBUG|Microsoft.AspNetCore.Server.Kestrel|Connection id "0HN2A3SH21Q81", Request id "0HN2A3SH21Q81:00000001": done reading request body. 
2024-03-22 11:21:22.0960|DEBUG|Microsoft.AspNetCore.Mvc.ModelBinding.Binders.BodyModelBinder|Done attempting to bind parameter 'req' of type 'LitZhu.WebApi.Controllers.User.SendEmailCodeRequest'. 
2024-03-22 11:21:22.0960|DEBUG|Microsoft.AspNetCore.Mvc.ModelBinding.ParameterBinder|Done attempting to bind parameter 'req' of type 'LitZhu.WebApi.Controllers.User.SendEmailCodeRequest'. 
2024-03-22 11:21:22.0960|DEBUG|Microsoft.AspNetCore.Mvc.ModelBinding.ParameterBinder|Attempting to validate the bound parameter 'req' of type 'LitZhu.WebApi.Controllers.User.SendEmailCodeRequest' ... 
2024-03-22 11:21:22.1059|DEBUG|Microsoft.AspNetCore.Mvc.ModelBinding.ParameterBinder|Done attempting to validate the bound parameter 'req' of type 'LitZhu.WebApi.Controllers.User.SendEmailCodeRequest'. 
2024-03-22 11:21:22.1059|TRACE|Microsoft.AspNetCore.Mvc.Infrastructure.ControllerActionInvoker|Action Filter: Before executing OnActionExecuting on filter Microsoft.AspNetCore.Mvc.ModelBinding.UnsupportedContentTypeFilter. 
2024-03-22 11:21:22.1059|TRACE|Microsoft.AspNetCore.Mvc.Infrastructure.ControllerActionInvoker|Action Filter: After executing OnActionExecuting on filter Microsoft.AspNetCore.Mvc.ModelBinding.UnsupportedContentTypeFilter. 
2024-03-22 11:21:22.1059|TRACE|Microsoft.AspNetCore.Mvc.Infrastructure.ControllerActionInvoker|Action Filter: Before executing OnActionExecuting on filter Microsoft.AspNetCore.Mvc.Infrastructure.ModelStateInvalidFilter. 
2024-03-22 11:21:22.1059|TRACE|Microsoft.AspNetCore.Mvc.Infrastructure.ControllerActionInvoker|Action Filter: After executing OnActionExecuting on filter Microsoft.AspNetCore.Mvc.Infrastructure.ModelStateInvalidFilter. 
2024-03-22 11:21:22.1142|INFO|Microsoft.AspNetCore.Mvc.Infrastructure.ControllerActionInvoker|Executing action method LitZhu.WebApi.Controllers.User.AuthController.SendEmailCode (LitZhu.WebApi) - Validation state: Valid 
2024-03-22 11:21:22.1142|TRACE|Microsoft.AspNetCore.Mvc.Infrastructure.ControllerActionInvoker|Executing action method LitZhu.WebApi.Controllers.User.AuthController.SendEmailCode (LitZhu.WebApi) with arguments (SendEmailCodeRequest { Email = litzhuvich@foxmain.com }) 
2024-03-22 11:21:22.1934|DEBUG|Microsoft.EntityFrameworkCore.Query|Compiling query expression: 
'DbSet<Users>()
    .Include(x => x.UserAccessFail)
    .Include(x => x.UserRoles)
    .ThenInclude(ur => ur.Roles)
    .FirstOrDefault(x => x.Email == __email_0)' 
2024-03-22 11:21:22.3002|DEBUG|Microsoft.EntityFrameworkCore.Query|Including navigation: 'Users.UserAccessFail'. 
2024-03-22 11:21:22.3018|DEBUG|Microsoft.EntityFrameworkCore.Query|Including navigation: 'Users.UserRoles'. 
2024-03-22 11:21:22.3018|DEBUG|Microsoft.EntityFrameworkCore.Query|Including navigation: 'UserRoles.Roles'. 
2024-03-22 11:21:22.3428|DEBUG|Microsoft.AspNetCore.Server.Kestrel.Transport.Sockets|Connection id "0HN2A3SH21Q82" received FIN. 
2024-03-22 11:21:22.3428|DEBUG|Microsoft.AspNetCore.Server.Kestrel.Http2|The connection queue processing loop for 0HN2A3SH21Q82 completed. 
2024-03-22 11:21:22.3475|DEBUG|Microsoft.AspNetCore.Server.Kestrel.Http2|Connection id "0HN2A3SH21Q82" is closed. The last processed stream ID was 7. 
2024-03-22 11:21:22.3475|DEBUG|Microsoft.AspNetCore.Server.Kestrel.Transport.Sockets|Connection id "0HN2A3SH21Q82" sending FIN because: "The Socket transport's send loop completed gracefully." 
2024-03-22 11:21:22.3475|DEBUG|Microsoft.AspNetCore.Server.Kestrel.Connections|Connection id "0HN2A3SH21Q82" stopped. 
2024-03-22 11:21:22.5818|DEBUG|Microsoft.EntityFrameworkCore.Query|Generated query execution expression: 
'queryContext => ShapedQueryCompilingExpressionVisitor.SingleOrDefaultAsync<Users>(
    asyncEnumerable: new SingleQueryingEnumerable<Users>(
        (RelationalQueryContext)queryContext, 
        RelationalCommandCache.QueryExpression(
            Client Projections:
                0 -> Dictionary<IProperty, int> { [Property: Users.Id (Guid) Required PK AfterSave:Throw ValueGenerated.OnAdd, 0], [Property: Users.Avatar (string), 1], [Property: Users.CreationTime (DateTime) Required, 2], [Property: Users.DeletionTime (DateTime?), 3], [Property: Users.Email (string), 4], [Property: Users.Gender (Gender) Required, 5], [Property: Users.IsDeleted (bool) Required Index, 6], [Property: Users.LastModificationTime (DateTime?), 7], [Property: Users.Password (string) Required MaxLength(100) ANSI, 8], [Property: Users.Phone (string), 9], [Property: Users.Username (string) Required Index MaxLength(10), 10] }
                1 -> Dictionary<IProperty, int> { [Property: UserAccessFail.Id (Guid) Required PK AfterSave:Throw ValueGenerated.OnAdd, 11], [Property: UserAccessFail.AccessFailedCount (int) Required, 12], [Property: UserAccessFail.CreationTime (DateTime) Required, 13], [Property: UserAccessFail.IsLockOut (bool) Required, 14], [Property: UserAccessFail.LockOutEnd (DateTime?), 15], [Property: UserAccessFail.UserId (Guid) Required FK Index, 16] }
                2 -> 0
                3 -> 11
                4 -> Dictionary<IProperty, int> { [Property: UserRoles.UserId (Guid) Required PK FK AfterSave:Throw, 17], [Property: UserRoles.RoleId (Guid) Required PK FK Index AfterSave:Throw, 18] }
                5 -> Dictionary<IProperty, int> { [Property: Roles.Id (Guid) Required PK AfterSave:Throw ValueGenerated.OnAdd, 19], [Property: Roles.CreationTime (DateTime) Required, 20], [Property: Roles.DeletionTime (DateTime?), 21], [Property: Roles.IsDeleted (bool) Required Index, 22], [Property: Roles.LastModificationTime (DateTime?), 23], [Property: Roles.RoleDesc (string) Required, 24], [Property: Roles.RoleName (string) Required MaxLength(10), 25] }
                6 -> 17
                7 -> 18
                8 -> 19
            SELECT t.Id, t.Avatar, t.CreationTime, t.DeletionTime, t.Email, t.Gender, t.IsDeleted, t.LastModificationTime, t.Password, t.Phone, t.Username, t.Id0, t.AccessFailedCount, t.CreationTime0, t.IsLockOut, t.LockOutEnd, t.UserId, t0.UserId, t0.RoleId, t0.Id, t0.CreationTime, t0.DeletionTime, t0.IsDeleted, t0.LastModificationTime, t0.RoleDesc, t0.RoleName
            FROM 
            (
                SELECT TOP(1) u.Id, u.Avatar, u.CreationTime, u.DeletionTime, u.Email, u.Gender, u.IsDeleted, u.LastModificationTime, u.Password, u.Phone, u.Username, u0.Id AS Id0, u0.AccessFailedCount, u0.CreationTime AS CreationTime0, u0.IsLockOut, u0.LockOutEnd, u0.UserId
                FROM Users AS u
                LEFT JOIN UserAccessFails AS u0 ON u.Id == u0.UserId
                WHERE (u.IsDeleted == FALSE) && (u.Email == @__email_0)
            ) AS t
            LEFT JOIN 
            (
                SELECT u1.UserId, u1.RoleId, t1.Id, t1.CreationTime, t1.DeletionTime, t1.IsDeleted, t1.LastModificationTime, t1.RoleDesc, t1.RoleName
                FROM Users_Roles AS u1
                INNER JOIN 
                (
                    SELECT r.Id, r.CreationTime, r.DeletionTime, r.IsDeleted, r.LastModificationTime, r.RoleDesc, r.RoleName
                    FROM Roles AS r
                    WHERE r.IsDeleted == FALSE
                ) AS t1 ON u1.RoleId == t1.Id
            ) AS t0 ON t.Id == t0.UserId
            ORDER BY t.Id ASC, t.Id0 ASC, t0.UserId ASC, t0.RoleId ASC), 
        null, 
        Func<QueryContext, DbDataReader, ResultContext, SingleQueryResultCoordinator, Users>, 
        User.Infrastructure.UserDbContext, 
        False, 
        False, 
        True
    ), 
    cancellationToken: queryContext.CancellationToken)' 
2024-03-22 11:21:22.6226|DEBUG|Microsoft.EntityFrameworkCore.Database.Connection|Creating DbConnection. 
2024-03-22 11:21:22.6226|DEBUG|Microsoft.EntityFrameworkCore.Database.Connection|Created DbConnection. (3ms). 
2024-03-22 11:21:22.6341|DEBUG|Microsoft.EntityFrameworkCore.Database.Connection|Opening connection to database 'LitZhu' on server 'localhost'. 
2024-03-22 11:21:22.7426|DEBUG|Microsoft.EntityFrameworkCore.Database.Connection|Opened connection to database 'LitZhu' on server 'localhost'. 
2024-03-22 11:21:22.7426|DEBUG|Microsoft.EntityFrameworkCore.Database.Command|Creating DbCommand for 'ExecuteReader'. 
2024-03-22 11:21:22.7426|DEBUG|Microsoft.EntityFrameworkCore.Database.Command|Created DbCommand for 'ExecuteReader' (1ms). 
2024-03-22 11:21:22.7605|DEBUG|Microsoft.EntityFrameworkCore.Database.Command|Initialized DbCommand for 'ExecuteReader' (15ms). 
2024-03-22 11:21:22.7605|DEBUG|Microsoft.EntityFrameworkCore.Database.Command|Executing DbCommand [Parameters=[@__email_0='?' (Size = 4000)], CommandType='Text', CommandTimeout='30']
SELECT `t`.`Id`, `t`.`Avatar`, `t`.`CreationTime`, `t`.`DeletionTime`, `t`.`Email`, `t`.`Gender`, `t`.`IsDeleted`, `t`.`LastModificationTime`, `t`.`Password`, `t`.`Phone`, `t`.`Username`, `t`.`Id0`, `t`.`AccessFailedCount`, `t`.`CreationTime0`, `t`.`IsLockOut`, `t`.`LockOutEnd`, `t`.`UserId`, `t0`.`UserId`, `t0`.`RoleId`, `t0`.`Id`, `t0`.`CreationTime`, `t0`.`DeletionTime`, `t0`.`IsDeleted`, `t0`.`LastModificationTime`, `t0`.`RoleDesc`, `t0`.`RoleName`
FROM (
    SELECT `u`.`Id`, `u`.`Avatar`, `u`.`CreationTime`, `u`.`DeletionTime`, `u`.`Email`, `u`.`Gender`, `u`.`IsDeleted`, `u`.`LastModificationTime`, `u`.`Password`, `u`.`Phone`, `u`.`Username`, `u0`.`Id` AS `Id0`, `u0`.`AccessFailedCount`, `u0`.`CreationTime` AS `CreationTime0`, `u0`.`IsLockOut`, `u0`.`LockOutEnd`, `u0`.`UserId`
    FROM `Users` AS `u`
    LEFT JOIN `UserAccessFails` AS `u0` ON `u`.`Id` = `u0`.`UserId`
    WHERE NOT (`u`.`IsDeleted`) AND (`u`.`Email` = @__email_0)
    LIMIT 1
) AS `t`
LEFT JOIN (
    SELECT `u1`.`UserId`, `u1`.`RoleId`, `t1`.`Id`, `t1`.`CreationTime`, `t1`.`DeletionTime`, `t1`.`IsDeleted`, `t1`.`LastModificationTime`, `t1`.`RoleDesc`, `t1`.`RoleName`
    FROM `Users_Roles` AS `u1`
    INNER JOIN (
        SELECT `r`.`Id`, `r`.`CreationTime`, `r`.`DeletionTime`, `r`.`IsDeleted`, `r`.`LastModificationTime`, `r`.`RoleDesc`, `r`.`RoleName`
        FROM `Roles` AS `r`
        WHERE NOT (`r`.`IsDeleted`)
    ) AS `t1` ON `u1`.`RoleId` = `t1`.`Id`
) AS `t0` ON `t`.`Id` = `t0`.`UserId`
ORDER BY `t`.`Id`, `t`.`Id0`, `t0`.`UserId`, `t0`.`RoleId` 
2024-03-22 11:21:22.8184|INFO|Microsoft.EntityFrameworkCore.Database.Command|Executed DbCommand (50ms) [Parameters=[@__email_0='?' (Size = 4000)], CommandType='Text', CommandTimeout='30']
SELECT `t`.`Id`, `t`.`Avatar`, `t`.`CreationTime`, `t`.`DeletionTime`, `t`.`Email`, `t`.`Gender`, `t`.`IsDeleted`, `t`.`LastModificationTime`, `t`.`Password`, `t`.`Phone`, `t`.`Username`, `t`.`Id0`, `t`.`AccessFailedCount`, `t`.`CreationTime0`, `t`.`IsLockOut`, `t`.`LockOutEnd`, `t`.`UserId`, `t0`.`UserId`, `t0`.`RoleId`, `t0`.`Id`, `t0`.`CreationTime`, `t0`.`DeletionTime`, `t0`.`IsDeleted`, `t0`.`LastModificationTime`, `t0`.`RoleDesc`, `t0`.`RoleName`
FROM (
    SELECT `u`.`Id`, `u`.`Avatar`, `u`.`CreationTime`, `u`.`DeletionTime`, `u`.`Email`, `u`.`Gender`, `u`.`IsDeleted`, `u`.`LastModificationTime`, `u`.`Password`, `u`.`Phone`, `u`.`Username`, `u0`.`Id` AS `Id0`, `u0`.`AccessFailedCount`, `u0`.`CreationTime` AS `CreationTime0`, `u0`.`IsLockOut`, `u0`.`LockOutEnd`, `u0`.`UserId`
    FROM `Users` AS `u`
    LEFT JOIN `UserAccessFails` AS `u0` ON `u`.`Id` = `u0`.`UserId`
    WHERE NOT (`u`.`IsDeleted`) AND (`u`.`Email` = @__email_0)
    LIMIT 1
) AS `t`
LEFT JOIN (
    SELECT `u1`.`UserId`, `u1`.`RoleId`, `t1`.`Id`, `t1`.`CreationTime`, `t1`.`DeletionTime`, `t1`.`IsDeleted`, `t1`.`LastModificationTime`, `t1`.`RoleDesc`, `t1`.`RoleName`
    FROM `Users_Roles` AS `u1`
    INNER JOIN (
        SELECT `r`.`Id`, `r`.`CreationTime`, `r`.`DeletionTime`, `r`.`IsDeleted`, `r`.`LastModificationTime`, `r`.`RoleDesc`, `r`.`RoleName`
        FROM `Roles` AS `r`
        WHERE NOT (`r`.`IsDeleted`)
    ) AS `t1` ON `u1`.`RoleId` = `t1`.`Id`
) AS `t0` ON `t`.`Id` = `t0`.`UserId`
ORDER BY `t`.`Id`, `t`.`Id0`, `t0`.`UserId`, `t0`.`RoleId` 
2024-03-22 11:21:22.8649|DEBUG|Microsoft.EntityFrameworkCore.ChangeTracking|Context 'UserDbContext' started tracking 'Users' entity. Consider using 'DbContextOptionsBuilder.EnableSensitiveDataLogging' to see key values. 
2024-03-22 11:21:22.9347|DEBUG|Microsoft.EntityFrameworkCore.ChangeTracking|The navigation 'Users.UserAccessFail' was detected as changed. Consider using 'DbContextOptionsBuilder.EnableSensitiveDataLogging' to see key values. 
2024-03-22 11:21:22.9347|DEBUG|Microsoft.EntityFrameworkCore.ChangeTracking|Context 'UserDbContext' started tracking 'UserAccessFail' entity. Consider using 'DbContextOptionsBuilder.EnableSensitiveDataLogging' to see key values. 
2024-03-22 11:21:22.9662|DEBUG|Microsoft.EntityFrameworkCore.Database.Command|Closing data reader to 'LitZhu' on server 'localhost'. 
2024-03-22 11:21:22.9774|DEBUG|Microsoft.EntityFrameworkCore.Database.Command|A data reader for 'LitZhu' on server 'localhost' is being disposed after spending 154ms reading results. 
2024-03-22 11:21:22.9774|DEBUG|Microsoft.EntityFrameworkCore.Database.Connection|Closing connection to database 'LitZhu' on server 'localhost'. 
2024-03-22 11:21:22.9774|DEBUG|Microsoft.EntityFrameworkCore.Database.Connection|Closed connection to database 'LitZhu' on server 'localhost' (5ms). 
2024-03-22 11:21:23.0039|WARN|User.Infrastructure.EmailCodeSender|向邮箱地址：litzhuvich@foxmain.com , 发送验证码：10496 
2024-03-22 11:21:23.0114|INFO|Microsoft.AspNetCore.Mvc.Infrastructure.ControllerActionInvoker|Executed action method LitZhu.WebApi.Controllers.User.AuthController.SendEmailCode (LitZhu.WebApi), returned result Microsoft.AspNetCore.Mvc.OkObjectResult in 891.1079ms. 
2024-03-22 11:21:23.0114|TRACE|Microsoft.AspNetCore.Mvc.Infrastructure.ControllerActionInvoker|Action Filter: Before executing OnActionExecuted on filter Microsoft.AspNetCore.Mvc.Infrastructure.ModelStateInvalidFilter. 
2024-03-22 11:21:23.0114|TRACE|Microsoft.AspNetCore.Mvc.Infrastructure.ControllerActionInvoker|Action Filter: After executing OnActionExecuted on filter Microsoft.AspNetCore.Mvc.Infrastructure.ModelStateInvalidFilter. 
2024-03-22 11:21:23.0114|TRACE|Microsoft.AspNetCore.Mvc.Infrastructure.ControllerActionInvoker|Action Filter: Before executing OnActionExecuted on filter Microsoft.AspNetCore.Mvc.ModelBinding.UnsupportedContentTypeFilter. 
2024-03-22 11:21:23.0114|TRACE|Microsoft.AspNetCore.Mvc.Infrastructure.ControllerActionInvoker|Action Filter: After executing OnActionExecuted on filter Microsoft.AspNetCore.Mvc.ModelBinding.UnsupportedContentTypeFilter. 
2024-03-22 11:21:23.0114|TRACE|Microsoft.AspNetCore.Mvc.Infrastructure.ControllerActionInvoker|Result Filter: Before executing OnResultExecuting on filter Microsoft.AspNetCore.Mvc.Infrastructure.ClientErrorResultFilter. 
2024-03-22 11:21:23.0114|TRACE|Microsoft.AspNetCore.Mvc.Infrastructure.ControllerActionInvoker|Result Filter: After executing OnResultExecuting on filter Microsoft.AspNetCore.Mvc.Infrastructure.ClientErrorResultFilter. 
2024-03-22 11:21:23.0114|TRACE|Microsoft.AspNetCore.Mvc.Infrastructure.ControllerActionInvoker|Before executing action result Microsoft.AspNetCore.Mvc.OkObjectResult. 
2024-03-22 11:21:23.0114|DEBUG|Microsoft.AspNetCore.Mvc.Infrastructure.DefaultOutputFormatterSelector|List of registered output formatters, in the following order: Microsoft.AspNetCore.Mvc.Formatters.HttpNoContentOutputFormatter, Microsoft.AspNetCore.Mvc.Formatters.StringOutputFormatter, Microsoft.AspNetCore.Mvc.Formatters.StreamOutputFormatter, Microsoft.AspNetCore.Mvc.Formatters.NewtonsoftJsonOutputFormatter 
2024-03-22 11:21:23.0207|DEBUG|Microsoft.AspNetCore.Mvc.Infrastructure.DefaultOutputFormatterSelector|No information found on request to perform content negotiation. 
2024-03-22 11:21:23.0207|DEBUG|Microsoft.AspNetCore.Mvc.Infrastructure.DefaultOutputFormatterSelector|Attempting to select an output formatter without using a content type as no explicit content types were specified for the response. 
2024-03-22 11:21:23.0207|DEBUG|Microsoft.AspNetCore.Mvc.Infrastructure.DefaultOutputFormatterSelector|Attempting to select the first formatter in the output formatters list which can write the result. 
2024-03-22 11:21:23.0207|DEBUG|Microsoft.AspNetCore.Mvc.Infrastructure.DefaultOutputFormatterSelector|Selected output formatter 'Microsoft.AspNetCore.Mvc.Formatters.NewtonsoftJsonOutputFormatter' and content type 'application/json' to write the response. 
2024-03-22 11:21:23.0207|INFO|Microsoft.AspNetCore.Mvc.Infrastructure.ObjectResultExecutor|Executing OkObjectResult, writing value of type 'LitZhu.WebApi.R'. 
2024-03-22 11:21:23.0557|TRACE|Microsoft.AspNetCore.Mvc.Infrastructure.ControllerActionInvoker|After executing action result Microsoft.AspNetCore.Mvc.OkObjectResult. 
2024-03-22 11:21:23.0557|TRACE|Microsoft.AspNetCore.Mvc.Infrastructure.ControllerActionInvoker|Result Filter: Before executing OnResultExecuted on filter Microsoft.AspNetCore.Mvc.Infrastructure.ClientErrorResultFilter. 
2024-03-22 11:21:23.0557|TRACE|Microsoft.AspNetCore.Mvc.Infrastructure.ControllerActionInvoker|Result Filter: After executing OnResultExecuted on filter Microsoft.AspNetCore.Mvc.Infrastructure.ClientErrorResultFilter. 
2024-03-22 11:21:23.0557|DEBUG|Microsoft.AspNetCore.Server.Kestrel.Transport.Sockets|Connection id "0HN2A3SH21Q81" received FIN. 
2024-03-22 11:21:23.0557|DEBUG|Microsoft.AspNetCore.Server.Kestrel.Transport.Sockets|Connection id "0HN2A3SH21Q81" sending FIN because: "The Socket transport's send loop completed gracefully." 
2024-03-22 11:21:23.0557|DEBUG|Microsoft.AspNetCore.Server.Kestrel.Connections|Connection id "0HN2A3SH21Q81" disconnecting. 
2024-03-22 11:21:23.0557|INFO|Microsoft.AspNetCore.Mvc.Infrastructure.ControllerActionInvoker|Executed action LitZhu.WebApi.Controllers.User.AuthController.SendEmailCode (LitZhu.WebApi) in 3300.8283ms 
2024-03-22 11:21:23.0557|INFO|Microsoft.AspNetCore.Routing.EndpointMiddleware|Executed endpoint 'LitZhu.WebApi.Controllers.User.AuthController.SendEmailCode (LitZhu.WebApi)' 
2024-03-22 11:21:23.0712|DEBUG|Microsoft.EntityFrameworkCore.Infrastructure|'UserDbContext' disposed. 
2024-03-22 11:21:23.0712|DEBUG|Microsoft.EntityFrameworkCore.Database.Connection|Disposing connection to database 'LitZhu' on server 'localhost'. 
2024-03-22 11:21:23.0712|DEBUG|Microsoft.EntityFrameworkCore.Database.Connection|Disposed connection to database 'LitZhu' on server 'localhost' (2ms). 
2024-03-22 11:21:23.0712|INFO|Microsoft.AspNetCore.Hosting.Diagnostics|Request finished HTTP/1.1 POST https://localhost:7290/api/Auth/SendEmailCode - 200 47 application/json;+charset=utf-8 3624.2370ms 
2024-03-22 11:21:23.0712|DEBUG|Microsoft.AspNetCore.Server.Kestrel.Connections|Connection id "0HN2A3SH21Q81" stopped. 
2024-03-22 11:22:59.2525|DEBUG|Microsoft.AspNetCore.Mvc.ModelBinding.ModelBinderFactory|Registered model binder providers, in the following order: Microsoft.AspNetCore.Mvc.ModelBinding.Binders.BinderTypeModelBinderProvider, Microsoft.AspNetCore.Mvc.ModelBinding.Binders.ServicesModelBinderProvider, Microsoft.AspNetCore.Mvc.ModelBinding.Binders.BodyModelBinderProvider, Microsoft.AspNetCore.Mvc.ModelBinding.Binders.HeaderModelBinderProvider, Microsoft.AspNetCore.Mvc.ModelBinding.Binders.FloatingPointTypeModelBinderProvider, Microsoft.AspNetCore.Mvc.ModelBinding.Binders.EnumTypeModelBinderProvider, Microsoft.AspNetCore.Mvc.ModelBinding.Binders.DateTimeModelBinderProvider, Microsoft.AspNetCore.Mvc.ModelBinding.Binders.SimpleTypeModelBinderProvider, Microsoft.AspNetCore.Mvc.ModelBinding.Binders.TryParseModelBinderProvider, Microsoft.AspNetCore.Mvc.ModelBinding.Binders.CancellationTokenModelBinderProvider, Microsoft.AspNetCore.Mvc.ModelBinding.Binders.ByteArrayModelBinderProvider, Microsoft.AspNetCore.Mvc.ModelBinding.Binders.FormFileModelBinderProvider, Microsoft.AspNetCore.Mvc.ModelBinding.Binders.FormCollectionModelBinderProvider, Microsoft.AspNetCore.Mvc.ModelBinding.Binders.KeyValuePairModelBinderProvider, Microsoft.AspNetCore.Mvc.ModelBinding.Binders.DictionaryModelBinderProvider, Microsoft.AspNetCore.Mvc.ModelBinding.Binders.ArrayModelBinderProvider, Microsoft.AspNetCore.Mvc.ModelBinding.Binders.CollectionModelBinderProvider, Microsoft.AspNetCore.Mvc.ModelBinding.Binders.ComplexObjectModelBinderProvider 
2024-03-22 11:22:59.3720|DEBUG|Microsoft.Extensions.Hosting.Internal.Host|Hosting starting 
2024-03-22 11:22:59.4173|INFO|Microsoft.AspNetCore.DataProtection.KeyManagement.XmlKeyManager|User profile is available. Using 'C:\Users\25968\AppData\Local\ASP.NET\DataProtection-Keys' as key repository and Windows DPAPI to encrypt keys at rest. 
2024-03-22 11:22:59.4290|DEBUG|Microsoft.AspNetCore.DataProtection.Repositories.FileSystemXmlRepository|Reading data from file 'C:\Users\25968\AppData\Local\ASP.NET\DataProtection-Keys\key-04331095-e001-4e86-a2a5-ac77c623d11c.xml'. 
2024-03-22 11:22:59.4290|DEBUG|Microsoft.AspNetCore.DataProtection.KeyManagement.XmlKeyManager|Found key {04331095-e001-4e86-a2a5-ac77c623d11c}. 
2024-03-22 11:22:59.4509|DEBUG|Microsoft.AspNetCore.DataProtection.KeyManagement.DefaultKeyResolver|Considering key {04331095-e001-4e86-a2a5-ac77c623d11c} with expiration date 2024-04-11 12:24:14Z as default key. 
2024-03-22 11:22:59.4509|DEBUG|Microsoft.AspNetCore.DataProtection.TypeForwardingActivator|Forwarded activator type request from Microsoft.AspNetCore.DataProtection.XmlEncryption.DpapiXmlDecryptor, Microsoft.AspNetCore.DataProtection, Version=8.0.0.0, Culture=neutral, PublicKeyToken=adb9793829ddae60 to Microsoft.AspNetCore.DataProtection.XmlEncryption.DpapiXmlDecryptor, Microsoft.AspNetCore.DataProtection, Culture=neutral, PublicKeyToken=adb9793829ddae60 
2024-03-22 11:22:59.4509|DEBUG|Microsoft.AspNetCore.DataProtection.XmlEncryption.DpapiXmlDecryptor|Decrypting secret element using Windows DPAPI. 
2024-03-22 11:22:59.4581|DEBUG|Microsoft.AspNetCore.DataProtection.TypeForwardingActivator|Forwarded activator type request from Microsoft.AspNetCore.DataProtection.AuthenticatedEncryption.ConfigurationModel.AuthenticatedEncryptorDescriptorDeserializer, Microsoft.AspNetCore.DataProtection, Version=8.0.0.0, Culture=neutral, PublicKeyToken=adb9793829ddae60 to Microsoft.AspNetCore.DataProtection.AuthenticatedEncryption.ConfigurationModel.AuthenticatedEncryptorDescriptorDeserializer, Microsoft.AspNetCore.DataProtection, Culture=neutral, PublicKeyToken=adb9793829ddae60 
2024-03-22 11:22:59.4581|DEBUG|Microsoft.AspNetCore.DataProtection.AuthenticatedEncryption.CngCbcAuthenticatedEncryptorFactory|Opening CNG algorithm 'AES' from provider '(null)' with chaining mode CBC. 
2024-03-22 11:22:59.4581|DEBUG|Microsoft.AspNetCore.DataProtection.AuthenticatedEncryption.CngCbcAuthenticatedEncryptorFactory|Opening CNG algorithm 'SHA256' from provider '(null)' with HMAC. 
2024-03-22 11:22:59.4581|DEBUG|Microsoft.AspNetCore.DataProtection.KeyManagement.KeyRingProvider|Using key {04331095-e001-4e86-a2a5-ac77c623d11c} as the default key. 
2024-03-22 11:22:59.4581|DEBUG|Microsoft.AspNetCore.DataProtection.Internal.DataProtectionHostedService|Key ring with default key {04331095-e001-4e86-a2a5-ac77c623d11c} was loaded during application startup. 
2024-03-22 11:22:59.7066|INFO|Microsoft.Hosting.Lifetime|Now listening on: https://localhost:7290 
2024-03-22 11:22:59.7066|INFO|Microsoft.Hosting.Lifetime|Now listening on: http://localhost:5167 
2024-03-22 11:22:59.7066|DEBUG|Microsoft.AspNetCore.Hosting.Diagnostics|Loaded hosting startup assembly LitZhu.WebApi 
2024-03-22 11:22:59.7066|DEBUG|Microsoft.AspNetCore.Hosting.Diagnostics|Loaded hosting startup assembly Microsoft.AspNetCore.Watch.BrowserRefresh 
2024-03-22 11:22:59.7066|DEBUG|Microsoft.AspNetCore.Hosting.Diagnostics|Loaded hosting startup assembly Microsoft.WebTools.BrowserLink.Net 
2024-03-22 11:22:59.7066|INFO|Microsoft.Hosting.Lifetime|Application started. Press Ctrl+C to shut down. 
2024-03-22 11:22:59.7066|INFO|Microsoft.Hosting.Lifetime|Hosting environment: Development 
2024-03-22 11:22:59.7066|INFO|Microsoft.Hosting.Lifetime|Content root path: D:\Desktop\website\litzhu\LitZhu_backend\LitZhu.WebApi 
2024-03-22 11:22:59.7066|DEBUG|Microsoft.Extensions.Hosting.Internal.Host|Hosting started 
2024-03-22 11:22:59.8940|DEBUG|Microsoft.AspNetCore.Server.Kestrel.Connections|Connection id "0HN2A3TG3TIBP" accepted. 
2024-03-22 11:22:59.8952|DEBUG|Microsoft.AspNetCore.Server.Kestrel.Connections|Connection id "0HN2A3TG3TIBP" started. 
2024-03-22 11:22:59.8952|DEBUG|Microsoft.AspNetCore.Server.Kestrel.Connections|Connection id "0HN2A3TG3TIBQ" accepted. 
2024-03-22 11:22:59.8952|DEBUG|Microsoft.AspNetCore.Server.Kestrel.Connections|Connection id "0HN2A3TG3TIBQ" started. 
2024-03-22 11:22:59.9243|DEBUG|Microsoft.AspNetCore.Server.Kestrel.Transport.Sockets|Connection id "0HN2A3TG3TIBP" received FIN. 
2024-03-22 11:22:59.9243|DEBUG|Microsoft.AspNetCore.Server.Kestrel.Transport.Sockets|Connection id "0HN2A3TG3TIBQ" received FIN. 
2024-03-22 11:22:59.9406|DEBUG|Microsoft.AspNetCore.Server.Kestrel.Https.Internal.HttpsConnectionMiddleware|Failed to authenticate HTTPS connection. System.IO.IOException: Received an unexpected EOF or 0 bytes from the transport stream.
   at System.Net.Security.SslStream.ReceiveHandshakeFrameAsync[TIOAdapter](CancellationToken cancellationToken)
   at System.Net.Security.SslStream.ForceAuthenticationAsync[TIOAdapter](Boolean receiveFirst, Byte[] reAuthenticationData, CancellationToken cancellationToken)
   at System.Net.Security.SslStream.ProcessAuthenticationWithTelemetryAsync(Boolean isAsync, CancellationToken cancellationToken)
   at Microsoft.AspNetCore.Server.Kestrel.Https.Internal.HttpsConnectionMiddleware.OnConnectionAsync(ConnectionContext context)
2024-03-22 11:22:59.9406|DEBUG|Microsoft.AspNetCore.Server.Kestrel.Https.Internal.HttpsConnectionMiddleware|Failed to authenticate HTTPS connection. System.IO.IOException: Received an unexpected EOF or 0 bytes from the transport stream.
   at System.Net.Security.SslStream.ReceiveHandshakeFrameAsync[TIOAdapter](CancellationToken cancellationToken)
   at System.Net.Security.SslStream.ForceAuthenticationAsync[TIOAdapter](Boolean receiveFirst, Byte[] reAuthenticationData, CancellationToken cancellationToken)
   at System.Net.Security.SslStream.ProcessAuthenticationWithTelemetryAsync(Boolean isAsync, CancellationToken cancellationToken)
   at Microsoft.AspNetCore.Server.Kestrel.Https.Internal.HttpsConnectionMiddleware.OnConnectionAsync(ConnectionContext context)
2024-03-22 11:22:59.9884|DEBUG|Microsoft.AspNetCore.Server.Kestrel.Connections|Connection id "0HN2A3TG3TIBQ" stopped. 
2024-03-22 11:22:59.9884|DEBUG|Microsoft.AspNetCore.Server.Kestrel.Connections|Connection id "0HN2A3TG3TIBP" stopped. 
2024-03-22 11:22:59.9914|DEBUG|Microsoft.AspNetCore.Server.Kestrel.Transport.Sockets|Connection id "0HN2A3TG3TIBP" sending FIN because: "The Socket transport's send loop completed gracefully." 
2024-03-22 11:22:59.9914|DEBUG|Microsoft.AspNetCore.Server.Kestrel.Transport.Sockets|Connection id "0HN2A3TG3TIBQ" sending FIN because: "The Socket transport's send loop completed gracefully." 
2024-03-22 11:23:00.6796|DEBUG|Microsoft.AspNetCore.Server.Kestrel.Connections|Connection id "0HN2A3TG3TIBR" accepted. 
2024-03-22 11:23:00.6796|DEBUG|Microsoft.AspNetCore.Server.Kestrel.Connections|Connection id "0HN2A3TG3TIBR" started. 
2024-03-22 11:23:00.7131|DEBUG|Microsoft.AspNetCore.Server.Kestrel.Https.Internal.HttpsConnectionMiddleware|Connection 0HN2A3TG3TIBR established using the following protocol: Tls13 
2024-03-22 11:23:00.7318|INFO|Microsoft.AspNetCore.Hosting.Diagnostics|Request starting HTTP/1.1 POST https://localhost:7290/api/Auth/SendEmailCode - application/json 38 
2024-03-22 11:23:00.7318|DEBUG|Microsoft.AspNetCore.HostFiltering.HostFilteringMiddleware|Wildcard detected, all requests with hosts will be allowed. 
2024-03-22 11:23:00.7318|TRACE|Microsoft.AspNetCore.HostFiltering.HostFilteringMiddleware|All hosts are allowed. 
2024-03-22 11:23:00.7600|DEBUG|Microsoft.AspNetCore.Routing.Matching.DfaMatcher|1 candidate(s) found for the request path '/api/Auth/SendEmailCode' 
2024-03-22 11:23:00.7600|DEBUG|Microsoft.AspNetCore.Routing.Matching.DfaMatcher|Endpoint 'LitZhu.WebApi.Controllers.User.AuthController.SendEmailCode (LitZhu.WebApi)' with route pattern 'api/Auth/SendEmailCode' is valid for the request path '/api/Auth/SendEmailCode' 
2024-03-22 11:23:00.7600|DEBUG|Microsoft.AspNetCore.Routing.EndpointRoutingMiddleware|Request matched endpoint 'LitZhu.WebApi.Controllers.User.AuthController.SendEmailCode (LitZhu.WebApi)' 
2024-03-22 11:23:00.7600|TRACE|Microsoft.AspNetCore.Routing.EndpointRoutingMiddleware|The endpoint does not specify the IRequestSizeLimitMetadata. 
2024-03-22 11:23:00.7727|DEBUG|Microsoft.AspNetCore.StaticFiles.StaticFileMiddleware|Static files was skipped as the request already matched an endpoint. 
2024-03-22 11:23:00.8248|DEBUG|Microsoft.AspNetCore.Authentication.JwtBearer.JwtBearerHandler|AuthenticationScheme: Bearer was not authenticated. 
2024-03-22 11:23:00.8248|INFO|Microsoft.AspNetCore.Routing.EndpointMiddleware|Executing endpoint 'LitZhu.WebApi.Controllers.User.AuthController.SendEmailCode (LitZhu.WebApi)' 
2024-03-22 11:23:00.8460|INFO|Microsoft.AspNetCore.Mvc.Infrastructure.ControllerActionInvoker|Route matched with {action = "SendEmailCode", controller = "Auth"}. Executing controller action with signature System.Threading.Tasks.Task`1[Microsoft.AspNetCore.Mvc.ActionResult`1[System.String]] SendEmailCode(LitZhu.WebApi.Controllers.User.SendEmailCodeRequest) on controller LitZhu.WebApi.Controllers.User.AuthController (LitZhu.WebApi). 
2024-03-22 11:23:00.8477|DEBUG|Microsoft.AspNetCore.Mvc.Infrastructure.ControllerActionInvoker|Execution plan of authorization filters (in the following order): None 
2024-03-22 11:23:00.8477|DEBUG|Microsoft.AspNetCore.Mvc.Infrastructure.ControllerActionInvoker|Execution plan of resource filters (in the following order): None 
2024-03-22 11:23:00.8477|DEBUG|Microsoft.AspNetCore.Mvc.Infrastructure.ControllerActionInvoker|Execution plan of action filters (in the following order): Microsoft.AspNetCore.Mvc.ModelBinding.UnsupportedContentTypeFilter (Order: -3000), Microsoft.AspNetCore.Mvc.Infrastructure.ModelStateInvalidFilter (Order: -2000) 
2024-03-22 11:23:00.8477|DEBUG|Microsoft.AspNetCore.Mvc.Infrastructure.ControllerActionInvoker|Execution plan of exception filters (in the following order): None 
2024-03-22 11:23:00.8477|DEBUG|Microsoft.AspNetCore.Mvc.Infrastructure.ControllerActionInvoker|Execution plan of result filters (in the following order): Microsoft.AspNetCore.Mvc.Infrastructure.ClientErrorResultFilter (Order: -2000) 
2024-03-22 11:23:00.8477|DEBUG|Microsoft.AspNetCore.Mvc.Infrastructure.ControllerActionInvoker|Executing controller factory for controller LitZhu.WebApi.Controllers.User.AuthController (LitZhu.WebApi) 
2024-03-22 11:23:00.9871|DEBUG|Microsoft.EntityFrameworkCore.Infrastructure|An additional 'IServiceProvider' was created for internal use by Entity Framework. An existing service provider was not used due to the following configuration changes: configuration changed for 'Core:ConfigureWarnings', configuration added for 'Pomelo.EntityFrameworkCore.MySql:ServerVersion', configuration added for 'Pomelo.EntityFrameworkCore.MySql:DisableBackslashEscaping', configuration added for 'Pomelo.EntityFrameworkCore.MySql:SetSqlModeOnOpen', configuration added for 'Pomelo.EntityFrameworkCore.MySql:DisableLineBreakToCharSubstition', configuration added for 'Pomelo.EntityFrameworkCore.MySql:DefaultDataTypeMappings', configuration added for 'Pomelo.EntityFrameworkCore.MySql:SchemaBehavior', configuration added for 'Pomelo.EntityFrameworkCore.MySql:SchemaNameTranslator', configuration added for 'Pomelo.EntityFrameworkCore.MySql:EnableIndexOptimizedBooleanColumns', configuration added for 'Pomelo.EntityFrameworkCore.MySql:LimitKeyedOrIndexedStringColumnLength', configuration added for 'Pomelo.EntityFrameworkCore.MySql:EnableStringComparisonTranslations', configuration added for 'Pomelo.EntityFrameworkCore.MySql:EnablePrimitiveCollectionsSupport'. 
2024-03-22 11:23:01.3217|DEBUG|Microsoft.EntityFrameworkCore.Model|The index {'UserId'} was not created on entity type 'UserRoles' as the properties are already covered by the index {'UserId', 'RoleId'}. 
2024-03-22 11:23:01.3874|WARN|Microsoft.EntityFrameworkCore.Model.Validation|Entity 'Users' has a global query filter defined and is the required end of a relationship with the entity 'UserAccessFail'. This may lead to unexpected results when the required entity is filtered out. Either configure the navigation as optional, or define matching query filters for both entities in the navigation. See https://go.microsoft.com/fwlink/?linkid=2131316 for more information. 
2024-03-22 11:23:01.3874|WARN|Microsoft.EntityFrameworkCore.Model.Validation|Entity 'Roles' has a global query filter defined and is the required end of a relationship with the entity 'UserRoles'. This may lead to unexpected results when the required entity is filtered out. Either configure the navigation as optional, or define matching query filters for both entities in the navigation. See https://go.microsoft.com/fwlink/?linkid=2131316 for more information. 
2024-03-22 11:23:01.5208|DEBUG|Microsoft.EntityFrameworkCore.Infrastructure|Entity Framework Core 8.0.1 initialized 'UserDbContext' using provider 'Pomelo.EntityFrameworkCore.MySql:8.0.1' with options: ServerVersion=8.0.23-mysql  
2024-03-22 11:23:01.7337|DEBUG|Microsoft.AspNetCore.Mvc.Infrastructure.ControllerActionInvoker|Executed controller factory for controller LitZhu.WebApi.Controllers.User.AuthController (LitZhu.WebApi) 
2024-03-22 11:23:01.7337|DEBUG|Microsoft.AspNetCore.Mvc.ModelBinding.ParameterBinder|Attempting to bind parameter 'req' of type 'LitZhu.WebApi.Controllers.User.SendEmailCodeRequest' ... 
2024-03-22 11:23:01.7403|DEBUG|Microsoft.AspNetCore.Mvc.ModelBinding.Binders.BodyModelBinder|Attempting to bind parameter 'req' of type 'LitZhu.WebApi.Controllers.User.SendEmailCodeRequest' using the name '' in request data ... 
2024-03-22 11:23:01.7403|DEBUG|Microsoft.AspNetCore.Mvc.ModelBinding.Binders.BodyModelBinder|Rejected input formatter 'Microsoft.AspNetCore.Mvc.Formatters.NewtonsoftJsonPatchInputFormatter' for content type 'application/json'. 
2024-03-22 11:23:01.7403|DEBUG|Microsoft.AspNetCore.Mvc.ModelBinding.Binders.BodyModelBinder|Selected input formatter 'Microsoft.AspNetCore.Mvc.Formatters.NewtonsoftJsonInputFormatter' for content type 'application/json'. 
2024-03-22 11:23:01.7403|DEBUG|Microsoft.AspNetCore.Server.Kestrel|Connection id "0HN2A3TG3TIBR", Request id "0HN2A3TG3TIBR:00000001": started reading request body. 
2024-03-22 11:23:01.7403|DEBUG|Microsoft.AspNetCore.Server.Kestrel|Connection id "0HN2A3TG3TIBR", Request id "0HN2A3TG3TIBR:00000001": done reading request body. 
2024-03-22 11:23:01.8241|DEBUG|Microsoft.AspNetCore.Mvc.ModelBinding.Binders.BodyModelBinder|Done attempting to bind parameter 'req' of type 'LitZhu.WebApi.Controllers.User.SendEmailCodeRequest'. 
2024-03-22 11:23:01.8241|DEBUG|Microsoft.AspNetCore.Mvc.ModelBinding.ParameterBinder|Done attempting to bind parameter 'req' of type 'LitZhu.WebApi.Controllers.User.SendEmailCodeRequest'. 
2024-03-22 11:23:01.8241|DEBUG|Microsoft.AspNetCore.Mvc.ModelBinding.ParameterBinder|Attempting to validate the bound parameter 'req' of type 'LitZhu.WebApi.Controllers.User.SendEmailCodeRequest' ... 
2024-03-22 11:23:01.8241|DEBUG|Microsoft.AspNetCore.Mvc.ModelBinding.ParameterBinder|Done attempting to validate the bound parameter 'req' of type 'LitZhu.WebApi.Controllers.User.SendEmailCodeRequest'. 
2024-03-22 11:23:01.8241|TRACE|Microsoft.AspNetCore.Mvc.Infrastructure.ControllerActionInvoker|Action Filter: Before executing OnActionExecuting on filter Microsoft.AspNetCore.Mvc.ModelBinding.UnsupportedContentTypeFilter. 
2024-03-22 11:23:01.8241|TRACE|Microsoft.AspNetCore.Mvc.Infrastructure.ControllerActionInvoker|Action Filter: After executing OnActionExecuting on filter Microsoft.AspNetCore.Mvc.ModelBinding.UnsupportedContentTypeFilter. 
2024-03-22 11:23:01.8241|TRACE|Microsoft.AspNetCore.Mvc.Infrastructure.ControllerActionInvoker|Action Filter: Before executing OnActionExecuting on filter Microsoft.AspNetCore.Mvc.Infrastructure.ModelStateInvalidFilter. 
2024-03-22 11:23:01.8241|TRACE|Microsoft.AspNetCore.Mvc.Infrastructure.ControllerActionInvoker|Action Filter: After executing OnActionExecuting on filter Microsoft.AspNetCore.Mvc.Infrastructure.ModelStateInvalidFilter. 
2024-03-22 11:23:01.8356|INFO|Microsoft.AspNetCore.Mvc.Infrastructure.ControllerActionInvoker|Executing action method LitZhu.WebApi.Controllers.User.AuthController.SendEmailCode (LitZhu.WebApi) - Validation state: Valid 
2024-03-22 11:23:01.8356|TRACE|Microsoft.AspNetCore.Mvc.Infrastructure.ControllerActionInvoker|Executing action method LitZhu.WebApi.Controllers.User.AuthController.SendEmailCode (LitZhu.WebApi) with arguments (SendEmailCodeRequest { Email = litzhuvich@foxmain.com }) 
2024-03-22 11:23:01.8813|DEBUG|Microsoft.EntityFrameworkCore.Query|Compiling query expression: 
'DbSet<Users>()
    .Include(x => x.UserAccessFail)
    .Include(x => x.UserRoles)
    .ThenInclude(ur => ur.Roles)
    .FirstOrDefault(x => x.Email == __email_0)' 
2024-03-22 11:23:01.9361|DEBUG|Microsoft.EntityFrameworkCore.Query|Including navigation: 'Users.UserAccessFail'. 
2024-03-22 11:23:01.9361|DEBUG|Microsoft.EntityFrameworkCore.Query|Including navigation: 'Users.UserRoles'. 
2024-03-22 11:23:01.9361|DEBUG|Microsoft.EntityFrameworkCore.Query|Including navigation: 'UserRoles.Roles'. 
2024-03-22 11:23:02.1072|DEBUG|Microsoft.EntityFrameworkCore.Query|Generated query execution expression: 
'queryContext => ShapedQueryCompilingExpressionVisitor.SingleOrDefaultAsync<Users>(
    asyncEnumerable: new SingleQueryingEnumerable<Users>(
        (RelationalQueryContext)queryContext, 
        RelationalCommandCache.QueryExpression(
            Client Projections:
                0 -> Dictionary<IProperty, int> { [Property: Users.Id (Guid) Required PK AfterSave:Throw ValueGenerated.OnAdd, 0], [Property: Users.Avatar (string), 1], [Property: Users.CreationTime (DateTime) Required, 2], [Property: Users.DeletionTime (DateTime?), 3], [Property: Users.Email (string), 4], [Property: Users.Gender (Gender) Required, 5], [Property: Users.IsDeleted (bool) Required Index, 6], [Property: Users.LastModificationTime (DateTime?), 7], [Property: Users.Password (string) Required MaxLength(100) ANSI, 8], [Property: Users.Phone (string), 9], [Property: Users.Username (string) Required Index MaxLength(10), 10] }
                1 -> Dictionary<IProperty, int> { [Property: UserAccessFail.Id (Guid) Required PK AfterSave:Throw ValueGenerated.OnAdd, 11], [Property: UserAccessFail.AccessFailedCount (int) Required, 12], [Property: UserAccessFail.CreationTime (DateTime) Required, 13], [Property: UserAccessFail.IsLockOut (bool) Required, 14], [Property: UserAccessFail.LockOutEnd (DateTime?), 15], [Property: UserAccessFail.UserId (Guid) Required FK Index, 16] }
                2 -> 0
                3 -> 11
                4 -> Dictionary<IProperty, int> { [Property: UserRoles.UserId (Guid) Required PK FK AfterSave:Throw, 17], [Property: UserRoles.RoleId (Guid) Required PK FK Index AfterSave:Throw, 18] }
                5 -> Dictionary<IProperty, int> { [Property: Roles.Id (Guid) Required PK AfterSave:Throw ValueGenerated.OnAdd, 19], [Property: Roles.CreationTime (DateTime) Required, 20], [Property: Roles.DeletionTime (DateTime?), 21], [Property: Roles.IsDeleted (bool) Required Index, 22], [Property: Roles.LastModificationTime (DateTime?), 23], [Property: Roles.RoleDesc (string) Required, 24], [Property: Roles.RoleName (string) Required MaxLength(10), 25] }
                6 -> 17
                7 -> 18
                8 -> 19
            SELECT t.Id, t.Avatar, t.CreationTime, t.DeletionTime, t.Email, t.Gender, t.IsDeleted, t.LastModificationTime, t.Password, t.Phone, t.Username, t.Id0, t.AccessFailedCount, t.CreationTime0, t.IsLockOut, t.LockOutEnd, t.UserId, t0.UserId, t0.RoleId, t0.Id, t0.CreationTime, t0.DeletionTime, t0.IsDeleted, t0.LastModificationTime, t0.RoleDesc, t0.RoleName
            FROM 
            (
                SELECT TOP(1) u.Id, u.Avatar, u.CreationTime, u.DeletionTime, u.Email, u.Gender, u.IsDeleted, u.LastModificationTime, u.Password, u.Phone, u.Username, u0.Id AS Id0, u0.AccessFailedCount, u0.CreationTime AS CreationTime0, u0.IsLockOut, u0.LockOutEnd, u0.UserId
                FROM Users AS u
                LEFT JOIN UserAccessFails AS u0 ON u.Id == u0.UserId
                WHERE (u.IsDeleted == FALSE) && (u.Email == @__email_0)
            ) AS t
            LEFT JOIN 
            (
                SELECT u1.UserId, u1.RoleId, t1.Id, t1.CreationTime, t1.DeletionTime, t1.IsDeleted, t1.LastModificationTime, t1.RoleDesc, t1.RoleName
                FROM Users_Roles AS u1
                INNER JOIN 
                (
                    SELECT r.Id, r.CreationTime, r.DeletionTime, r.IsDeleted, r.LastModificationTime, r.RoleDesc, r.RoleName
                    FROM Roles AS r
                    WHERE r.IsDeleted == FALSE
                ) AS t1 ON u1.RoleId == t1.Id
            ) AS t0 ON t.Id == t0.UserId
            ORDER BY t.Id ASC, t.Id0 ASC, t0.UserId ASC, t0.RoleId ASC), 
        null, 
        Func<QueryContext, DbDataReader, ResultContext, SingleQueryResultCoordinator, Users>, 
        User.Infrastructure.UserDbContext, 
        False, 
        False, 
        True
    ), 
    cancellationToken: queryContext.CancellationToken)' 
2024-03-22 11:23:02.1451|DEBUG|Microsoft.EntityFrameworkCore.Database.Connection|Creating DbConnection. 
2024-03-22 11:23:02.1451|DEBUG|Microsoft.EntityFrameworkCore.Database.Connection|Created DbConnection. (3ms). 
2024-03-22 11:23:02.1451|DEBUG|Microsoft.EntityFrameworkCore.Database.Connection|Opening connection to database 'LitZhu' on server 'localhost'. 
2024-03-22 11:23:02.3081|DEBUG|Microsoft.EntityFrameworkCore.Database.Connection|Opened connection to database 'LitZhu' on server 'localhost'. 
2024-03-22 11:23:02.3081|DEBUG|Microsoft.EntityFrameworkCore.Database.Command|Creating DbCommand for 'ExecuteReader'. 
2024-03-22 11:23:02.3081|DEBUG|Microsoft.EntityFrameworkCore.Database.Command|Created DbCommand for 'ExecuteReader' (2ms). 
2024-03-22 11:23:02.3280|DEBUG|Microsoft.EntityFrameworkCore.Database.Command|Initialized DbCommand for 'ExecuteReader' (16ms). 
2024-03-22 11:23:02.3342|DEBUG|Microsoft.EntityFrameworkCore.Database.Command|Executing DbCommand [Parameters=[@__email_0='?' (Size = 4000)], CommandType='Text', CommandTimeout='30']
SELECT `t`.`Id`, `t`.`Avatar`, `t`.`CreationTime`, `t`.`DeletionTime`, `t`.`Email`, `t`.`Gender`, `t`.`IsDeleted`, `t`.`LastModificationTime`, `t`.`Password`, `t`.`Phone`, `t`.`Username`, `t`.`Id0`, `t`.`AccessFailedCount`, `t`.`CreationTime0`, `t`.`IsLockOut`, `t`.`LockOutEnd`, `t`.`UserId`, `t0`.`UserId`, `t0`.`RoleId`, `t0`.`Id`, `t0`.`CreationTime`, `t0`.`DeletionTime`, `t0`.`IsDeleted`, `t0`.`LastModificationTime`, `t0`.`RoleDesc`, `t0`.`RoleName`
FROM (
    SELECT `u`.`Id`, `u`.`Avatar`, `u`.`CreationTime`, `u`.`DeletionTime`, `u`.`Email`, `u`.`Gender`, `u`.`IsDeleted`, `u`.`LastModificationTime`, `u`.`Password`, `u`.`Phone`, `u`.`Username`, `u0`.`Id` AS `Id0`, `u0`.`AccessFailedCount`, `u0`.`CreationTime` AS `CreationTime0`, `u0`.`IsLockOut`, `u0`.`LockOutEnd`, `u0`.`UserId`
    FROM `Users` AS `u`
    LEFT JOIN `UserAccessFails` AS `u0` ON `u`.`Id` = `u0`.`UserId`
    WHERE NOT (`u`.`IsDeleted`) AND (`u`.`Email` = @__email_0)
    LIMIT 1
) AS `t`
LEFT JOIN (
    SELECT `u1`.`UserId`, `u1`.`RoleId`, `t1`.`Id`, `t1`.`CreationTime`, `t1`.`DeletionTime`, `t1`.`IsDeleted`, `t1`.`LastModificationTime`, `t1`.`RoleDesc`, `t1`.`RoleName`
    FROM `Users_Roles` AS `u1`
    INNER JOIN (
        SELECT `r`.`Id`, `r`.`CreationTime`, `r`.`DeletionTime`, `r`.`IsDeleted`, `r`.`LastModificationTime`, `r`.`RoleDesc`, `r`.`RoleName`
        FROM `Roles` AS `r`
        WHERE NOT (`r`.`IsDeleted`)
    ) AS `t1` ON `u1`.`RoleId` = `t1`.`Id`
) AS `t0` ON `t`.`Id` = `t0`.`UserId`
ORDER BY `t`.`Id`, `t`.`Id0`, `t0`.`UserId`, `t0`.`RoleId` 
2024-03-22 11:23:02.4027|INFO|Microsoft.EntityFrameworkCore.Database.Command|Executed DbCommand (65ms) [Parameters=[@__email_0='?' (Size = 4000)], CommandType='Text', CommandTimeout='30']
SELECT `t`.`Id`, `t`.`Avatar`, `t`.`CreationTime`, `t`.`DeletionTime`, `t`.`Email`, `t`.`Gender`, `t`.`IsDeleted`, `t`.`LastModificationTime`, `t`.`Password`, `t`.`Phone`, `t`.`Username`, `t`.`Id0`, `t`.`AccessFailedCount`, `t`.`CreationTime0`, `t`.`IsLockOut`, `t`.`LockOutEnd`, `t`.`UserId`, `t0`.`UserId`, `t0`.`RoleId`, `t0`.`Id`, `t0`.`CreationTime`, `t0`.`DeletionTime`, `t0`.`IsDeleted`, `t0`.`LastModificationTime`, `t0`.`RoleDesc`, `t0`.`RoleName`
FROM (
    SELECT `u`.`Id`, `u`.`Avatar`, `u`.`CreationTime`, `u`.`DeletionTime`, `u`.`Email`, `u`.`Gender`, `u`.`IsDeleted`, `u`.`LastModificationTime`, `u`.`Password`, `u`.`Phone`, `u`.`Username`, `u0`.`Id` AS `Id0`, `u0`.`AccessFailedCount`, `u0`.`CreationTime` AS `CreationTime0`, `u0`.`IsLockOut`, `u0`.`LockOutEnd`, `u0`.`UserId`
    FROM `Users` AS `u`
    LEFT JOIN `UserAccessFails` AS `u0` ON `u`.`Id` = `u0`.`UserId`
    WHERE NOT (`u`.`IsDeleted`) AND (`u`.`Email` = @__email_0)
    LIMIT 1
) AS `t`
LEFT JOIN (
    SELECT `u1`.`UserId`, `u1`.`RoleId`, `t1`.`Id`, `t1`.`CreationTime`, `t1`.`DeletionTime`, `t1`.`IsDeleted`, `t1`.`LastModificationTime`, `t1`.`RoleDesc`, `t1`.`RoleName`
    FROM `Users_Roles` AS `u1`
    INNER JOIN (
        SELECT `r`.`Id`, `r`.`CreationTime`, `r`.`DeletionTime`, `r`.`IsDeleted`, `r`.`LastModificationTime`, `r`.`RoleDesc`, `r`.`RoleName`
        FROM `Roles` AS `r`
        WHERE NOT (`r`.`IsDeleted`)
    ) AS `t1` ON `u1`.`RoleId` = `t1`.`Id`
) AS `t0` ON `t`.`Id` = `t0`.`UserId`
ORDER BY `t`.`Id`, `t`.`Id0`, `t0`.`UserId`, `t0`.`RoleId` 
2024-03-22 11:23:02.4355|DEBUG|Microsoft.EntityFrameworkCore.ChangeTracking|Context 'UserDbContext' started tracking 'Users' entity. Consider using 'DbContextOptionsBuilder.EnableSensitiveDataLogging' to see key values. 
2024-03-22 11:23:02.4970|DEBUG|Microsoft.EntityFrameworkCore.ChangeTracking|The navigation 'Users.UserAccessFail' was detected as changed. Consider using 'DbContextOptionsBuilder.EnableSensitiveDataLogging' to see key values. 
2024-03-22 11:23:02.4970|DEBUG|Microsoft.EntityFrameworkCore.ChangeTracking|Context 'UserDbContext' started tracking 'UserAccessFail' entity. Consider using 'DbContextOptionsBuilder.EnableSensitiveDataLogging' to see key values. 
2024-03-22 11:23:02.5214|DEBUG|Microsoft.EntityFrameworkCore.Database.Command|Closing data reader to 'LitZhu' on server 'localhost'. 
2024-03-22 11:23:02.5214|DEBUG|Microsoft.EntityFrameworkCore.Database.Command|A data reader for 'LitZhu' on server 'localhost' is being disposed after spending 121ms reading results. 
2024-03-22 11:23:02.5214|DEBUG|Microsoft.EntityFrameworkCore.Database.Connection|Closing connection to database 'LitZhu' on server 'localhost'. 
2024-03-22 11:23:02.5214|DEBUG|Microsoft.EntityFrameworkCore.Database.Connection|Closed connection to database 'LitZhu' on server 'localhost' (2ms). 
2024-03-22 11:23:02.5453|WARN|User.Infrastructure.EmailCodeSender|向邮箱地址：litzhuvich@foxmain.com , 发送验证码：29262 
2024-03-22 11:23:02.5523|INFO|Microsoft.AspNetCore.Mvc.Infrastructure.ControllerActionInvoker|Executed action method LitZhu.WebApi.Controllers.User.AuthController.SendEmailCode (LitZhu.WebApi), returned result Microsoft.AspNetCore.Mvc.OkObjectResult in 710.9905ms. 
2024-03-22 11:23:02.5523|TRACE|Microsoft.AspNetCore.Mvc.Infrastructure.ControllerActionInvoker|Action Filter: Before executing OnActionExecuted on filter Microsoft.AspNetCore.Mvc.Infrastructure.ModelStateInvalidFilter. 
2024-03-22 11:23:02.5523|TRACE|Microsoft.AspNetCore.Mvc.Infrastructure.ControllerActionInvoker|Action Filter: After executing OnActionExecuted on filter Microsoft.AspNetCore.Mvc.Infrastructure.ModelStateInvalidFilter. 
2024-03-22 11:23:02.5523|TRACE|Microsoft.AspNetCore.Mvc.Infrastructure.ControllerActionInvoker|Action Filter: Before executing OnActionExecuted on filter Microsoft.AspNetCore.Mvc.ModelBinding.UnsupportedContentTypeFilter. 
2024-03-22 11:23:02.5523|TRACE|Microsoft.AspNetCore.Mvc.Infrastructure.ControllerActionInvoker|Action Filter: After executing OnActionExecuted on filter Microsoft.AspNetCore.Mvc.ModelBinding.UnsupportedContentTypeFilter. 
2024-03-22 11:23:02.5523|TRACE|Microsoft.AspNetCore.Mvc.Infrastructure.ControllerActionInvoker|Result Filter: Before executing OnResultExecuting on filter Microsoft.AspNetCore.Mvc.Infrastructure.ClientErrorResultFilter. 
2024-03-22 11:23:02.5523|TRACE|Microsoft.AspNetCore.Mvc.Infrastructure.ControllerActionInvoker|Result Filter: After executing OnResultExecuting on filter Microsoft.AspNetCore.Mvc.Infrastructure.ClientErrorResultFilter. 
2024-03-22 11:23:02.5523|TRACE|Microsoft.AspNetCore.Mvc.Infrastructure.ControllerActionInvoker|Before executing action result Microsoft.AspNetCore.Mvc.OkObjectResult. 
2024-03-22 11:23:02.5523|DEBUG|Microsoft.AspNetCore.Mvc.Infrastructure.DefaultOutputFormatterSelector|List of registered output formatters, in the following order: Microsoft.AspNetCore.Mvc.Formatters.HttpNoContentOutputFormatter, Microsoft.AspNetCore.Mvc.Formatters.StringOutputFormatter, Microsoft.AspNetCore.Mvc.Formatters.StreamOutputFormatter, Microsoft.AspNetCore.Mvc.Formatters.NewtonsoftJsonOutputFormatter 
2024-03-22 11:23:02.5523|DEBUG|Microsoft.AspNetCore.Mvc.Infrastructure.DefaultOutputFormatterSelector|No information found on request to perform content negotiation. 
2024-03-22 11:23:02.5523|DEBUG|Microsoft.AspNetCore.Mvc.Infrastructure.DefaultOutputFormatterSelector|Attempting to select an output formatter without using a content type as no explicit content types were specified for the response. 
2024-03-22 11:23:02.5523|DEBUG|Microsoft.AspNetCore.Mvc.Infrastructure.DefaultOutputFormatterSelector|Attempting to select the first formatter in the output formatters list which can write the result. 
2024-03-22 11:23:02.5523|DEBUG|Microsoft.AspNetCore.Mvc.Infrastructure.DefaultOutputFormatterSelector|Selected output formatter 'Microsoft.AspNetCore.Mvc.Formatters.NewtonsoftJsonOutputFormatter' and content type 'application/json' to write the response. 
2024-03-22 11:23:02.5523|INFO|Microsoft.AspNetCore.Mvc.Infrastructure.ObjectResultExecutor|Executing OkObjectResult, writing value of type 'LitZhu.WebApi.R'. 
2024-03-22 11:23:02.5838|TRACE|Microsoft.AspNetCore.Mvc.Infrastructure.ControllerActionInvoker|After executing action result Microsoft.AspNetCore.Mvc.OkObjectResult. 
2024-03-22 11:23:02.5838|TRACE|Microsoft.AspNetCore.Mvc.Infrastructure.ControllerActionInvoker|Result Filter: Before executing OnResultExecuted on filter Microsoft.AspNetCore.Mvc.Infrastructure.ClientErrorResultFilter. 
2024-03-22 11:23:02.5838|TRACE|Microsoft.AspNetCore.Mvc.Infrastructure.ControllerActionInvoker|Result Filter: After executing OnResultExecuted on filter Microsoft.AspNetCore.Mvc.Infrastructure.ClientErrorResultFilter. 
2024-03-22 11:23:02.5838|DEBUG|Microsoft.AspNetCore.Server.Kestrel.Transport.Sockets|Connection id "0HN2A3TG3TIBR" received FIN. 
2024-03-22 11:23:02.5838|DEBUG|Microsoft.AspNetCore.Server.Kestrel.Transport.Sockets|Connection id "0HN2A3TG3TIBR" sending FIN because: "The Socket transport's send loop completed gracefully." 
2024-03-22 11:23:02.5838|DEBUG|Microsoft.AspNetCore.Server.Kestrel.Connections|Connection id "0HN2A3TG3TIBR" disconnecting. 
2024-03-22 11:23:02.5838|INFO|Microsoft.AspNetCore.Mvc.Infrastructure.ControllerActionInvoker|Executed action LitZhu.WebApi.Controllers.User.AuthController.SendEmailCode (LitZhu.WebApi) in 1736.4228ms 
2024-03-22 11:23:02.5838|INFO|Microsoft.AspNetCore.Routing.EndpointMiddleware|Executed endpoint 'LitZhu.WebApi.Controllers.User.AuthController.SendEmailCode (LitZhu.WebApi)' 
2024-03-22 11:23:02.5838|DEBUG|Microsoft.EntityFrameworkCore.Infrastructure|'UserDbContext' disposed. 
2024-03-22 11:23:02.5838|DEBUG|Microsoft.EntityFrameworkCore.Database.Connection|Disposing connection to database 'LitZhu' on server 'localhost'. 
2024-03-22 11:23:02.5838|DEBUG|Microsoft.EntityFrameworkCore.Database.Connection|Disposed connection to database 'LitZhu' on server 'localhost' (1ms). 
2024-03-22 11:23:02.5985|INFO|Microsoft.AspNetCore.Hosting.Diagnostics|Request finished HTTP/1.1 POST https://localhost:7290/api/Auth/SendEmailCode - 200 47 application/json;+charset=utf-8 1870.7551ms 
2024-03-22 11:23:02.5985|DEBUG|Microsoft.AspNetCore.Server.Kestrel.Connections|Connection id "0HN2A3TG3TIBR" stopped. 
2024-03-22 11:23:04.4976|DEBUG|Microsoft.AspNetCore.Server.Kestrel.Connections|Connection id "0HN2A3TG3TIBS" accepted. 
2024-03-22 11:23:04.4976|DEBUG|Microsoft.AspNetCore.Server.Kestrel.Connections|Connection id "0HN2A3TG3TIBS" started. 
2024-03-22 11:23:04.5318|DEBUG|Microsoft.AspNetCore.Server.Kestrel.Https.Internal.HttpsConnectionMiddleware|Connection 0HN2A3TG3TIBS established using the following protocol: Tls13 
2024-03-22 11:23:04.5662|TRACE|Microsoft.AspNetCore.Server.Kestrel.Http2|Connection id "0HN2A3TG3TIBS" sending SETTINGS frame for stream ID 0 with length 24 and flags NONE. 
2024-03-22 11:23:04.5682|TRACE|Microsoft.AspNetCore.Server.Kestrel.Http2|Connection id "0HN2A3TG3TIBS" sending WINDOW_UPDATE frame for stream ID 0 with length 4 and flags 0x0. 
2024-03-22 11:23:04.5682|TRACE|Microsoft.AspNetCore.Server.Kestrel.Http2|Connection id "0HN2A3TG3TIBS" received SETTINGS frame for stream ID 0 with length 24 and flags NONE. 
2024-03-22 11:23:04.5682|TRACE|Microsoft.AspNetCore.Server.Kestrel.Http2|Connection id "0HN2A3TG3TIBS" sending SETTINGS frame for stream ID 0 with length 0 and flags ACK. 
2024-03-22 11:23:04.5682|TRACE|Microsoft.AspNetCore.Server.Kestrel.Http2|Connection id "0HN2A3TG3TIBS" received WINDOW_UPDATE frame for stream ID 0 with length 4 and flags 0x0. 
2024-03-22 11:23:04.5682|TRACE|Microsoft.AspNetCore.Server.Kestrel.Http2|Connection id "0HN2A3TG3TIBS" received HEADERS frame for stream ID 1 with length 463 and flags END_STREAM, END_HEADERS, PRIORITY. 
2024-03-22 11:23:04.5682|TRACE|Microsoft.AspNetCore.Server.Kestrel.Http2|Connection id "0HN2A3TG3TIBS" received SETTINGS frame for stream ID 0 with length 0 and flags ACK. 
2024-03-22 11:23:04.5832|INFO|Microsoft.AspNetCore.Hosting.Diagnostics|Request starting HTTP/2 GET https://localhost:7290/swagger/index.html - - - 
2024-03-22 11:23:04.7267|TRACE|Microsoft.AspNetCore.HostFiltering.HostFilteringMiddleware|All hosts are allowed. 
2024-03-22 11:23:04.7267|DEBUG|Microsoft.AspNetCore.Routing.Matching.DfaMatcher|No candidates found for the request path '/swagger/index.html' 
2024-03-22 11:23:04.7267|DEBUG|Microsoft.AspNetCore.Routing.EndpointRoutingMiddleware|Request did not match any endpoints 
2024-03-22 11:23:04.8351|DEBUG|Microsoft.AspNetCore.Watch.BrowserRefresh.BrowserRefreshMiddleware|Response markup is scheduled to include browser refresh script injection. 
2024-03-22 11:23:04.8351|TRACE|Microsoft.AspNetCore.Server.Kestrel.Http2|Connection id "0HN2A3TG3TIBS" sending HEADERS frame for stream ID 1 with length 66 and flags END_HEADERS. 
2024-03-22 11:23:04.8497|TRACE|Microsoft.AspNetCore.Server.Kestrel.Http2|Connection id "0HN2A3TG3TIBS" sending DATA frame for stream ID 1 with length 4096 and flags NONE. 
2024-03-22 11:23:04.8497|TRACE|Microsoft.AspNetCore.Server.Kestrel.Http2|Connection id "0HN2A3TG3TIBS" sending DATA frame for stream ID 1 with length 992 and flags NONE. 
2024-03-22 11:23:04.8497|TRACE|Microsoft.AspNetCore.Server.Kestrel.Http2|Connection id "0HN2A3TG3TIBS" sending DATA frame for stream ID 1 with length 81 and flags NONE. 
2024-03-22 11:23:04.8497|DEBUG|Microsoft.AspNetCore.Watch.BrowserRefresh.BrowserRefreshMiddleware|Response markup was updated to include browser refresh script injection. 
2024-03-22 11:23:04.8497|TRACE|Microsoft.AspNetCore.Server.Kestrel.Http2|Connection id "0HN2A3TG3TIBS" sending DATA frame for stream ID 1 with length 0 and flags END_STREAM. 
2024-03-22 11:23:04.8497|INFO|Microsoft.AspNetCore.Hosting.Diagnostics|Request finished HTTP/2 GET https://localhost:7290/swagger/index.html - 200 - text/html;charset=utf-8 279.9554ms 
2024-03-22 11:23:04.8821|TRACE|Microsoft.AspNetCore.Server.Kestrel.Http2|Connection id "0HN2A3TG3TIBS" received HEADERS frame for stream ID 3 with length 109 and flags END_STREAM, END_HEADERS, PRIORITY. 
2024-03-22 11:23:04.8821|INFO|Microsoft.AspNetCore.Hosting.Diagnostics|Request starting HTTP/2 GET https://localhost:7290/_framework/aspnetcore-browser-refresh.js - - - 
2024-03-22 11:23:04.8821|TRACE|Microsoft.AspNetCore.Server.Kestrel.Http2|Connection id "0HN2A3TG3TIBS" sending HEADERS frame for stream ID 3 with length 60 and flags END_HEADERS. 
2024-03-22 11:23:04.8821|TRACE|Microsoft.AspNetCore.Server.Kestrel.Http2|Connection id "0HN2A3TG3TIBS" sending DATA frame for stream ID 3 with length 13761 and flags NONE. 
2024-03-22 11:23:04.8821|INFO|Microsoft.AspNetCore.Hosting.Diagnostics|Request finished HTTP/2 GET https://localhost:7290/_framework/aspnetcore-browser-refresh.js - 200 13761 application/javascript;+charset=utf-8 7.1820ms 
2024-03-22 11:23:04.8821|TRACE|Microsoft.AspNetCore.Server.Kestrel.Http2|Connection id "0HN2A3TG3TIBS" sending DATA frame for stream ID 3 with length 0 and flags END_STREAM. 
2024-03-22 11:23:04.9746|TRACE|Microsoft.AspNetCore.Server.Kestrel.Http2|Connection id "0HN2A3TG3TIBS" received HEADERS frame for stream ID 5 with length 57 and flags END_STREAM, END_HEADERS, PRIORITY. 
2024-03-22 11:23:04.9746|INFO|Microsoft.AspNetCore.Hosting.Diagnostics|Request starting HTTP/2 GET https://localhost:7290/_vs/browserLink - - - 
2024-03-22 11:23:05.0120|TRACE|Microsoft.AspNetCore.Server.Kestrel.Http2|Connection id "0HN2A3TG3TIBS" sending HEADERS frame for stream ID 5 with length 119 and flags END_HEADERS. 
2024-03-22 11:23:05.0120|TRACE|Microsoft.AspNetCore.Server.Kestrel.Http2|Connection id "0HN2A3TG3TIBS" sending DATA frame for stream ID 5 with length 9986 and flags NONE. 
2024-03-22 11:23:05.0120|TRACE|Microsoft.AspNetCore.Server.Kestrel.Http2|Connection id "0HN2A3TG3TIBS" sending DATA frame for stream ID 5 with length 10240 and flags NONE. 
2024-03-22 11:23:05.0120|TRACE|Microsoft.AspNetCore.Server.Kestrel.Http2|Connection id "0HN2A3TG3TIBS" sending DATA frame for stream ID 5 with length 10240 and flags NONE. 
2024-03-22 11:23:05.0203|TRACE|Microsoft.AspNetCore.Server.Kestrel.Http2|Connection id "0HN2A3TG3TIBS" sending DATA frame for stream ID 5 with length 10240 and flags NONE. 
2024-03-22 11:23:05.0203|TRACE|Microsoft.AspNetCore.Server.Kestrel.Http2|Connection id "0HN2A3TG3TIBS" sending DATA frame for stream ID 5 with length 10240 and flags NONE. 
2024-03-22 11:23:05.0203|TRACE|Microsoft.AspNetCore.Server.Kestrel.Http2|Connection id "0HN2A3TG3TIBS" sending DATA frame for stream ID 5 with length 10240 and flags NONE. 
2024-03-22 11:23:05.0203|TRACE|Microsoft.AspNetCore.Server.Kestrel.Http2|Connection id "0HN2A3TG3TIBS" sending DATA frame for stream ID 5 with length 10240 and flags NONE. 
2024-03-22 11:23:05.0203|TRACE|Microsoft.AspNetCore.Server.Kestrel.Http2|Connection id "0HN2A3TG3TIBS" sending DATA frame for stream ID 5 with length 10240 and flags NONE. 
2024-03-22 11:23:05.0203|TRACE|Microsoft.AspNetCore.Server.Kestrel.Http2|Connection id "0HN2A3TG3TIBS" sending DATA frame for stream ID 5 with length 10240 and flags NONE. 
2024-03-22 11:23:05.0203|TRACE|Microsoft.AspNetCore.Server.Kestrel.Http2|Connection id "0HN2A3TG3TIBS" sending DATA frame for stream ID 5 with length 10240 and flags NONE. 
2024-03-22 11:23:05.0203|TRACE|Microsoft.AspNetCore.Server.Kestrel.Http2|Connection id "0HN2A3TG3TIBS" sending DATA frame for stream ID 5 with length 10240 and flags NONE. 
2024-03-22 11:23:05.0203|TRACE|Microsoft.AspNetCore.Server.Kestrel.Http2|Connection id "0HN2A3TG3TIBS" sending DATA frame for stream ID 5 with length 10240 and flags NONE. 
2024-03-22 11:23:05.0203|TRACE|Microsoft.AspNetCore.Server.Kestrel.Http2|Connection id "0HN2A3TG3TIBS" sending DATA frame for stream ID 5 with length 10240 and flags NONE. 
2024-03-22 11:23:05.0203|TRACE|Microsoft.AspNetCore.Server.Kestrel.Http2|Connection id "0HN2A3TG3TIBS" sending DATA frame for stream ID 5 with length 10240 and flags NONE. 
2024-03-22 11:23:05.0203|TRACE|Microsoft.AspNetCore.Server.Kestrel.Http2|Connection id "0HN2A3TG3TIBS" sending DATA frame for stream ID 5 with length 10240 and flags NONE. 
2024-03-22 11:23:05.0203|TRACE|Microsoft.AspNetCore.Server.Kestrel.Http2|Connection id "0HN2A3TG3TIBS" sending DATA frame for stream ID 5 with length 160 and flags NONE. 
2024-03-22 11:23:05.0355|TRACE|Microsoft.AspNetCore.Server.Kestrel.Http2|Connection id "0HN2A3TG3TIBS" sending DATA frame for stream ID 5 with length 0 and flags END_STREAM. 
2024-03-22 11:23:05.0355|INFO|Microsoft.AspNetCore.Hosting.Diagnostics|Request finished HTTP/2 GET https://localhost:7290/_vs/browserLink - 200 - text/javascript;+charset=UTF-8 60.4979ms 
2024-03-22 11:23:05.3017|TRACE|Microsoft.AspNetCore.Server.Kestrel.Http2|Connection id "0HN2A3TG3TIBS" received HEADERS frame for stream ID 7 with length 66 and flags END_STREAM, END_HEADERS, PRIORITY. 
2024-03-22 11:23:05.3017|INFO|Microsoft.AspNetCore.Hosting.Diagnostics|Request starting HTTP/2 GET https://localhost:7290/swagger/v1/swagger.json - - - 
2024-03-22 11:23:05.3017|TRACE|Microsoft.AspNetCore.HostFiltering.HostFilteringMiddleware|All hosts are allowed. 
2024-03-22 11:23:05.3017|DEBUG|Microsoft.AspNetCore.Routing.Matching.DfaMatcher|No candidates found for the request path '/swagger/v1/swagger.json' 
2024-03-22 11:23:05.3017|DEBUG|Microsoft.AspNetCore.Routing.EndpointRoutingMiddleware|Request did not match any endpoints 
2024-03-22 11:23:05.5937|TRACE|Microsoft.AspNetCore.Server.Kestrel.Http2|Connection id "0HN2A3TG3TIBS" sending HEADERS frame for stream ID 7 with length 35 and flags END_HEADERS. 
2024-03-22 11:23:05.5937|TRACE|Microsoft.AspNetCore.Server.Kestrel.Http2|Connection id "0HN2A3TG3TIBS" sending DATA frame for stream ID 7 with length 16384 and flags NONE. 
2024-03-22 11:23:05.5937|TRACE|Microsoft.AspNetCore.Server.Kestrel.Http2|Connection id "0HN2A3TG3TIBS" sending DATA frame for stream ID 7 with length 16384 and flags NONE. 
2024-03-22 11:23:05.5937|TRACE|Microsoft.AspNetCore.Server.Kestrel.Http2|Connection id "0HN2A3TG3TIBS" sending DATA frame for stream ID 7 with length 16384 and flags NONE. 
2024-03-22 11:23:05.5937|TRACE|Microsoft.AspNetCore.Server.Kestrel.Http2|Connection id "0HN2A3TG3TIBS" sending DATA frame for stream ID 7 with length 9384 and flags NONE. 
2024-03-22 11:23:05.5983|TRACE|Microsoft.AspNetCore.Server.Kestrel.Http2|Connection id "0HN2A3TG3TIBS" sending DATA frame for stream ID 7 with length 0 and flags END_STREAM. 
2024-03-22 11:23:05.5983|INFO|Microsoft.AspNetCore.Hosting.Diagnostics|Request finished HTTP/2 GET https://localhost:7290/swagger/v1/swagger.json - 200 - application/json;charset=utf-8 296.3141ms 
2024-03-22 11:23:07.2617|DEBUG|Microsoft.AspNetCore.Server.Kestrel.Transport.Sockets|Connection id "0HN2A3TG3TIBS" received FIN. 
2024-03-22 11:23:07.2617|DEBUG|Microsoft.AspNetCore.Server.Kestrel.Http2|Connection id "0HN2A3TG3TIBS" is closed. The last processed stream ID was 7. 
2024-03-22 11:23:07.2617|DEBUG|Microsoft.AspNetCore.Server.Kestrel.Transport.Sockets|Connection id "0HN2A3TG3TIBS" sending FIN because: "The Socket transport's send loop completed gracefully." 
2024-03-22 11:23:07.2617|DEBUG|Microsoft.AspNetCore.Server.Kestrel.Http2|The connection queue processing loop for 0HN2A3TG3TIBS completed. 
2024-03-22 11:23:07.2617|DEBUG|Microsoft.AspNetCore.Server.Kestrel.Connections|Connection id "0HN2A3TG3TIBS" stopped. 
2024-03-22 11:23:26.8278|DEBUG|Microsoft.AspNetCore.Server.Kestrel.Connections|Connection id "0HN2A3TG3TIBT" accepted. 
2024-03-22 11:23:26.8278|DEBUG|Microsoft.AspNetCore.Server.Kestrel.Connections|Connection id "0HN2A3TG3TIBT" started. 
2024-03-22 11:23:26.8340|DEBUG|Microsoft.AspNetCore.Server.Kestrel.Https.Internal.HttpsConnectionMiddleware|Connection 0HN2A3TG3TIBT established using the following protocol: Tls13 
2024-03-22 11:23:26.8340|INFO|Microsoft.AspNetCore.Hosting.Diagnostics|Request starting HTTP/1.1 POST https://localhost:7290/api/Auth/SendEmailCode - application/json 38 
2024-03-22 11:23:26.8340|TRACE|Microsoft.AspNetCore.HostFiltering.HostFilteringMiddleware|All hosts are allowed. 
2024-03-22 11:23:26.8340|DEBUG|Microsoft.AspNetCore.Routing.Matching.DfaMatcher|1 candidate(s) found for the request path '/api/Auth/SendEmailCode' 
2024-03-22 11:23:26.8340|DEBUG|Microsoft.AspNetCore.Routing.Matching.DfaMatcher|Endpoint 'LitZhu.WebApi.Controllers.User.AuthController.SendEmailCode (LitZhu.WebApi)' with route pattern 'api/Auth/SendEmailCode' is valid for the request path '/api/Auth/SendEmailCode' 
2024-03-22 11:23:26.8340|DEBUG|Microsoft.AspNetCore.Routing.EndpointRoutingMiddleware|Request matched endpoint 'LitZhu.WebApi.Controllers.User.AuthController.SendEmailCode (LitZhu.WebApi)' 
2024-03-22 11:23:26.8340|TRACE|Microsoft.AspNetCore.Routing.EndpointRoutingMiddleware|The endpoint does not specify the IRequestSizeLimitMetadata. 
2024-03-22 11:23:26.8340|DEBUG|Microsoft.AspNetCore.StaticFiles.StaticFileMiddleware|Static files was skipped as the request already matched an endpoint. 
2024-03-22 11:23:26.8340|DEBUG|Microsoft.AspNetCore.Authentication.JwtBearer.JwtBearerHandler|AuthenticationScheme: Bearer was not authenticated. 
2024-03-22 11:23:26.8340|INFO|Microsoft.AspNetCore.Routing.EndpointMiddleware|Executing endpoint 'LitZhu.WebApi.Controllers.User.AuthController.SendEmailCode (LitZhu.WebApi)' 
2024-03-22 11:23:26.8340|INFO|Microsoft.AspNetCore.Mvc.Infrastructure.ControllerActionInvoker|Route matched with {action = "SendEmailCode", controller = "Auth"}. Executing controller action with signature System.Threading.Tasks.Task`1[Microsoft.AspNetCore.Mvc.ActionResult`1[System.String]] SendEmailCode(LitZhu.WebApi.Controllers.User.SendEmailCodeRequest) on controller LitZhu.WebApi.Controllers.User.AuthController (LitZhu.WebApi). 
2024-03-22 11:23:26.8340|DEBUG|Microsoft.AspNetCore.Mvc.Infrastructure.ControllerActionInvoker|Execution plan of authorization filters (in the following order): None 
2024-03-22 11:23:26.8340|DEBUG|Microsoft.AspNetCore.Mvc.Infrastructure.ControllerActionInvoker|Execution plan of resource filters (in the following order): None 
2024-03-22 11:23:26.8340|DEBUG|Microsoft.AspNetCore.Mvc.Infrastructure.ControllerActionInvoker|Execution plan of action filters (in the following order): Microsoft.AspNetCore.Mvc.ModelBinding.UnsupportedContentTypeFilter (Order: -3000), Microsoft.AspNetCore.Mvc.Infrastructure.ModelStateInvalidFilter (Order: -2000) 
2024-03-22 11:23:26.8340|DEBUG|Microsoft.AspNetCore.Mvc.Infrastructure.ControllerActionInvoker|Execution plan of exception filters (in the following order): None 
2024-03-22 11:23:26.8340|DEBUG|Microsoft.AspNetCore.Mvc.Infrastructure.ControllerActionInvoker|Execution plan of result filters (in the following order): Microsoft.AspNetCore.Mvc.Infrastructure.ClientErrorResultFilter (Order: -2000) 
2024-03-22 11:23:26.8340|DEBUG|Microsoft.AspNetCore.Mvc.Infrastructure.ControllerActionInvoker|Executing controller factory for controller LitZhu.WebApi.Controllers.User.AuthController (LitZhu.WebApi) 
2024-03-22 11:23:26.8763|DEBUG|Microsoft.EntityFrameworkCore.Infrastructure|Entity Framework Core 8.0.1 initialized 'UserDbContext' using provider 'Pomelo.EntityFrameworkCore.MySql:8.0.1' with options: ServerVersion=8.0.23-mysql  
2024-03-22 11:23:26.8763|DEBUG|Microsoft.AspNetCore.Mvc.Infrastructure.ControllerActionInvoker|Executed controller factory for controller LitZhu.WebApi.Controllers.User.AuthController (LitZhu.WebApi) 
2024-03-22 11:23:26.8763|DEBUG|Microsoft.AspNetCore.Mvc.ModelBinding.ParameterBinder|Attempting to bind parameter 'req' of type 'LitZhu.WebApi.Controllers.User.SendEmailCodeRequest' ... 
2024-03-22 11:23:26.8763|DEBUG|Microsoft.AspNetCore.Mvc.ModelBinding.Binders.BodyModelBinder|Attempting to bind parameter 'req' of type 'LitZhu.WebApi.Controllers.User.SendEmailCodeRequest' using the name '' in request data ... 
2024-03-22 11:23:26.8763|DEBUG|Microsoft.AspNetCore.Mvc.ModelBinding.Binders.BodyModelBinder|Rejected input formatter 'Microsoft.AspNetCore.Mvc.Formatters.NewtonsoftJsonPatchInputFormatter' for content type 'application/json'. 
2024-03-22 11:23:26.8763|DEBUG|Microsoft.AspNetCore.Mvc.ModelBinding.Binders.BodyModelBinder|Selected input formatter 'Microsoft.AspNetCore.Mvc.Formatters.NewtonsoftJsonInputFormatter' for content type 'application/json'. 
2024-03-22 11:23:26.8763|DEBUG|Microsoft.AspNetCore.Server.Kestrel|Connection id "0HN2A3TG3TIBT", Request id "0HN2A3TG3TIBT:00000001": started reading request body. 
2024-03-22 11:23:26.8763|DEBUG|Microsoft.AspNetCore.Server.Kestrel|Connection id "0HN2A3TG3TIBT", Request id "0HN2A3TG3TIBT:00000001": done reading request body. 
2024-03-22 11:23:26.8763|DEBUG|Microsoft.AspNetCore.Mvc.ModelBinding.Binders.BodyModelBinder|Done attempting to bind parameter 'req' of type 'LitZhu.WebApi.Controllers.User.SendEmailCodeRequest'. 
2024-03-22 11:23:26.8763|DEBUG|Microsoft.AspNetCore.Mvc.ModelBinding.ParameterBinder|Done attempting to bind parameter 'req' of type 'LitZhu.WebApi.Controllers.User.SendEmailCodeRequest'. 
2024-03-22 11:23:26.8763|DEBUG|Microsoft.AspNetCore.Mvc.ModelBinding.ParameterBinder|Attempting to validate the bound parameter 'req' of type 'LitZhu.WebApi.Controllers.User.SendEmailCodeRequest' ... 
2024-03-22 11:23:26.8794|DEBUG|Microsoft.AspNetCore.Mvc.ModelBinding.ParameterBinder|Done attempting to validate the bound parameter 'req' of type 'LitZhu.WebApi.Controllers.User.SendEmailCodeRequest'. 
2024-03-22 11:23:26.8794|TRACE|Microsoft.AspNetCore.Mvc.Infrastructure.ControllerActionInvoker|Action Filter: Before executing OnActionExecuting on filter Microsoft.AspNetCore.Mvc.ModelBinding.UnsupportedContentTypeFilter. 
2024-03-22 11:23:26.8794|TRACE|Microsoft.AspNetCore.Mvc.Infrastructure.ControllerActionInvoker|Action Filter: After executing OnActionExecuting on filter Microsoft.AspNetCore.Mvc.ModelBinding.UnsupportedContentTypeFilter. 
2024-03-22 11:23:26.8794|TRACE|Microsoft.AspNetCore.Mvc.Infrastructure.ControllerActionInvoker|Action Filter: Before executing OnActionExecuting on filter Microsoft.AspNetCore.Mvc.Infrastructure.ModelStateInvalidFilter. 
2024-03-22 11:23:26.8794|TRACE|Microsoft.AspNetCore.Mvc.Infrastructure.ControllerActionInvoker|Action Filter: After executing OnActionExecuting on filter Microsoft.AspNetCore.Mvc.Infrastructure.ModelStateInvalidFilter. 
2024-03-22 11:23:26.8794|INFO|Microsoft.AspNetCore.Mvc.Infrastructure.ControllerActionInvoker|Executing action method LitZhu.WebApi.Controllers.User.AuthController.SendEmailCode (LitZhu.WebApi) - Validation state: Valid 
2024-03-22 11:23:26.8794|TRACE|Microsoft.AspNetCore.Mvc.Infrastructure.ControllerActionInvoker|Executing action method LitZhu.WebApi.Controllers.User.AuthController.SendEmailCode (LitZhu.WebApi) with arguments (SendEmailCodeRequest { Email = litzhuvich@foxmain.com }) 
2024-03-22 11:23:26.8794|DEBUG|Microsoft.EntityFrameworkCore.Database.Connection|Creating DbConnection. 
2024-03-22 11:23:26.8794|DEBUG|Microsoft.EntityFrameworkCore.Database.Connection|Created DbConnection. (0ms). 
2024-03-22 11:23:26.8794|DEBUG|Microsoft.EntityFrameworkCore.Database.Connection|Opening connection to database 'LitZhu' on server 'localhost'. 
2024-03-22 11:23:26.9046|DEBUG|Microsoft.EntityFrameworkCore.Database.Connection|Opened connection to database 'LitZhu' on server 'localhost'. 
2024-03-22 11:23:26.9046|DEBUG|Microsoft.EntityFrameworkCore.Database.Command|Creating DbCommand for 'ExecuteReader'. 
2024-03-22 11:23:26.9046|DEBUG|Microsoft.EntityFrameworkCore.Database.Command|Created DbCommand for 'ExecuteReader' (0ms). 
2024-03-22 11:23:26.9046|DEBUG|Microsoft.EntityFrameworkCore.Database.Command|Initialized DbCommand for 'ExecuteReader' (0ms). 
2024-03-22 11:23:26.9046|DEBUG|Microsoft.EntityFrameworkCore.Database.Command|Executing DbCommand [Parameters=[@__email_0='?' (Size = 4000)], CommandType='Text', CommandTimeout='30']
SELECT `t`.`Id`, `t`.`Avatar`, `t`.`CreationTime`, `t`.`DeletionTime`, `t`.`Email`, `t`.`Gender`, `t`.`IsDeleted`, `t`.`LastModificationTime`, `t`.`Password`, `t`.`Phone`, `t`.`Username`, `t`.`Id0`, `t`.`AccessFailedCount`, `t`.`CreationTime0`, `t`.`IsLockOut`, `t`.`LockOutEnd`, `t`.`UserId`, `t0`.`UserId`, `t0`.`RoleId`, `t0`.`Id`, `t0`.`CreationTime`, `t0`.`DeletionTime`, `t0`.`IsDeleted`, `t0`.`LastModificationTime`, `t0`.`RoleDesc`, `t0`.`RoleName`
FROM (
    SELECT `u`.`Id`, `u`.`Avatar`, `u`.`CreationTime`, `u`.`DeletionTime`, `u`.`Email`, `u`.`Gender`, `u`.`IsDeleted`, `u`.`LastModificationTime`, `u`.`Password`, `u`.`Phone`, `u`.`Username`, `u0`.`Id` AS `Id0`, `u0`.`AccessFailedCount`, `u0`.`CreationTime` AS `CreationTime0`, `u0`.`IsLockOut`, `u0`.`LockOutEnd`, `u0`.`UserId`
    FROM `Users` AS `u`
    LEFT JOIN `UserAccessFails` AS `u0` ON `u`.`Id` = `u0`.`UserId`
    WHERE NOT (`u`.`IsDeleted`) AND (`u`.`Email` = @__email_0)
    LIMIT 1
) AS `t`
LEFT JOIN (
    SELECT `u1`.`UserId`, `u1`.`RoleId`, `t1`.`Id`, `t1`.`CreationTime`, `t1`.`DeletionTime`, `t1`.`IsDeleted`, `t1`.`LastModificationTime`, `t1`.`RoleDesc`, `t1`.`RoleName`
    FROM `Users_Roles` AS `u1`
    INNER JOIN (
        SELECT `r`.`Id`, `r`.`CreationTime`, `r`.`DeletionTime`, `r`.`IsDeleted`, `r`.`LastModificationTime`, `r`.`RoleDesc`, `r`.`RoleName`
        FROM `Roles` AS `r`
        WHERE NOT (`r`.`IsDeleted`)
    ) AS `t1` ON `u1`.`RoleId` = `t1`.`Id`
) AS `t0` ON `t`.`Id` = `t0`.`UserId`
ORDER BY `t`.`Id`, `t`.`Id0`, `t0`.`UserId`, `t0`.`RoleId` 
2024-03-22 11:23:26.9187|INFO|Microsoft.EntityFrameworkCore.Database.Command|Executed DbCommand (13ms) [Parameters=[@__email_0='?' (Size = 4000)], CommandType='Text', CommandTimeout='30']
SELECT `t`.`Id`, `t`.`Avatar`, `t`.`CreationTime`, `t`.`DeletionTime`, `t`.`Email`, `t`.`Gender`, `t`.`IsDeleted`, `t`.`LastModificationTime`, `t`.`Password`, `t`.`Phone`, `t`.`Username`, `t`.`Id0`, `t`.`AccessFailedCount`, `t`.`CreationTime0`, `t`.`IsLockOut`, `t`.`LockOutEnd`, `t`.`UserId`, `t0`.`UserId`, `t0`.`RoleId`, `t0`.`Id`, `t0`.`CreationTime`, `t0`.`DeletionTime`, `t0`.`IsDeleted`, `t0`.`LastModificationTime`, `t0`.`RoleDesc`, `t0`.`RoleName`
FROM (
    SELECT `u`.`Id`, `u`.`Avatar`, `u`.`CreationTime`, `u`.`DeletionTime`, `u`.`Email`, `u`.`Gender`, `u`.`IsDeleted`, `u`.`LastModificationTime`, `u`.`Password`, `u`.`Phone`, `u`.`Username`, `u0`.`Id` AS `Id0`, `u0`.`AccessFailedCount`, `u0`.`CreationTime` AS `CreationTime0`, `u0`.`IsLockOut`, `u0`.`LockOutEnd`, `u0`.`UserId`
    FROM `Users` AS `u`
    LEFT JOIN `UserAccessFails` AS `u0` ON `u`.`Id` = `u0`.`UserId`
    WHERE NOT (`u`.`IsDeleted`) AND (`u`.`Email` = @__email_0)
    LIMIT 1
) AS `t`
LEFT JOIN (
    SELECT `u1`.`UserId`, `u1`.`RoleId`, `t1`.`Id`, `t1`.`CreationTime`, `t1`.`DeletionTime`, `t1`.`IsDeleted`, `t1`.`LastModificationTime`, `t1`.`RoleDesc`, `t1`.`RoleName`
    FROM `Users_Roles` AS `u1`
    INNER JOIN (
        SELECT `r`.`Id`, `r`.`CreationTime`, `r`.`DeletionTime`, `r`.`IsDeleted`, `r`.`LastModificationTime`, `r`.`RoleDesc`, `r`.`RoleName`
        FROM `Roles` AS `r`
        WHERE NOT (`r`.`IsDeleted`)
    ) AS `t1` ON `u1`.`RoleId` = `t1`.`Id`
) AS `t0` ON `t`.`Id` = `t0`.`UserId`
ORDER BY `t`.`Id`, `t`.`Id0`, `t0`.`UserId`, `t0`.`RoleId` 
2024-03-22 11:23:26.9187|DEBUG|Microsoft.EntityFrameworkCore.ChangeTracking|Context 'UserDbContext' started tracking 'Users' entity. Consider using 'DbContextOptionsBuilder.EnableSensitiveDataLogging' to see key values. 
2024-03-22 11:23:26.9187|DEBUG|Microsoft.EntityFrameworkCore.ChangeTracking|The navigation 'Users.UserAccessFail' was detected as changed. Consider using 'DbContextOptionsBuilder.EnableSensitiveDataLogging' to see key values. 
2024-03-22 11:23:26.9187|DEBUG|Microsoft.EntityFrameworkCore.ChangeTracking|Context 'UserDbContext' started tracking 'UserAccessFail' entity. Consider using 'DbContextOptionsBuilder.EnableSensitiveDataLogging' to see key values. 
2024-03-22 11:23:26.9187|DEBUG|Microsoft.EntityFrameworkCore.Database.Command|Closing data reader to 'LitZhu' on server 'localhost'. 
2024-03-22 11:23:26.9187|DEBUG|Microsoft.EntityFrameworkCore.Database.Command|A data reader for 'LitZhu' on server 'localhost' is being disposed after spending 0ms reading results. 
2024-03-22 11:23:26.9187|DEBUG|Microsoft.EntityFrameworkCore.Database.Connection|Closing connection to database 'LitZhu' on server 'localhost'. 
2024-03-22 11:23:26.9187|DEBUG|Microsoft.EntityFrameworkCore.Database.Connection|Closed connection to database 'LitZhu' on server 'localhost' (0ms). 
2024-03-22 11:23:26.9187|WARN|User.Infrastructure.EmailCodeSender|向邮箱地址：litzhuvich@foxmain.com , 发送验证码：54845 
2024-03-22 11:23:26.9187|INFO|Microsoft.AspNetCore.Mvc.Infrastructure.ControllerActionInvoker|Executed action method LitZhu.WebApi.Controllers.User.AuthController.SendEmailCode (LitZhu.WebApi), returned result Microsoft.AspNetCore.Mvc.OkObjectResult in 45.348ms. 
2024-03-22 11:23:26.9187|TRACE|Microsoft.AspNetCore.Mvc.Infrastructure.ControllerActionInvoker|Action Filter: Before executing OnActionExecuted on filter Microsoft.AspNetCore.Mvc.Infrastructure.ModelStateInvalidFilter. 
2024-03-22 11:23:26.9187|TRACE|Microsoft.AspNetCore.Mvc.Infrastructure.ControllerActionInvoker|Action Filter: After executing OnActionExecuted on filter Microsoft.AspNetCore.Mvc.Infrastructure.ModelStateInvalidFilter. 
2024-03-22 11:23:26.9187|TRACE|Microsoft.AspNetCore.Mvc.Infrastructure.ControllerActionInvoker|Action Filter: Before executing OnActionExecuted on filter Microsoft.AspNetCore.Mvc.ModelBinding.UnsupportedContentTypeFilter. 
2024-03-22 11:23:26.9187|TRACE|Microsoft.AspNetCore.Mvc.Infrastructure.ControllerActionInvoker|Action Filter: After executing OnActionExecuted on filter Microsoft.AspNetCore.Mvc.ModelBinding.UnsupportedContentTypeFilter. 
2024-03-22 11:23:26.9187|TRACE|Microsoft.AspNetCore.Mvc.Infrastructure.ControllerActionInvoker|Result Filter: Before executing OnResultExecuting on filter Microsoft.AspNetCore.Mvc.Infrastructure.ClientErrorResultFilter. 
2024-03-22 11:23:26.9187|TRACE|Microsoft.AspNetCore.Mvc.Infrastructure.ControllerActionInvoker|Result Filter: After executing OnResultExecuting on filter Microsoft.AspNetCore.Mvc.Infrastructure.ClientErrorResultFilter. 
2024-03-22 11:23:26.9187|TRACE|Microsoft.AspNetCore.Mvc.Infrastructure.ControllerActionInvoker|Before executing action result Microsoft.AspNetCore.Mvc.OkObjectResult. 
2024-03-22 11:23:26.9187|DEBUG|Microsoft.AspNetCore.Mvc.Infrastructure.DefaultOutputFormatterSelector|List of registered output formatters, in the following order: Microsoft.AspNetCore.Mvc.Formatters.HttpNoContentOutputFormatter, Microsoft.AspNetCore.Mvc.Formatters.StringOutputFormatter, Microsoft.AspNetCore.Mvc.Formatters.StreamOutputFormatter, Microsoft.AspNetCore.Mvc.Formatters.NewtonsoftJsonOutputFormatter 
2024-03-22 11:23:26.9262|DEBUG|Microsoft.AspNetCore.Mvc.Infrastructure.DefaultOutputFormatterSelector|No information found on request to perform content negotiation. 
2024-03-22 11:23:26.9262|DEBUG|Microsoft.AspNetCore.Mvc.Infrastructure.DefaultOutputFormatterSelector|Attempting to select an output formatter without using a content type as no explicit content types were specified for the response. 
2024-03-22 11:23:26.9262|DEBUG|Microsoft.AspNetCore.Mvc.Infrastructure.DefaultOutputFormatterSelector|Attempting to select the first formatter in the output formatters list which can write the result. 
2024-03-22 11:23:26.9262|DEBUG|Microsoft.AspNetCore.Mvc.Infrastructure.DefaultOutputFormatterSelector|Selected output formatter 'Microsoft.AspNetCore.Mvc.Formatters.NewtonsoftJsonOutputFormatter' and content type 'application/json' to write the response. 
2024-03-22 11:23:26.9262|INFO|Microsoft.AspNetCore.Mvc.Infrastructure.ObjectResultExecutor|Executing OkObjectResult, writing value of type 'LitZhu.WebApi.R'. 
2024-03-22 11:23:26.9262|TRACE|Microsoft.AspNetCore.Mvc.Infrastructure.ControllerActionInvoker|After executing action result Microsoft.AspNetCore.Mvc.OkObjectResult. 
2024-03-22 11:23:26.9262|TRACE|Microsoft.AspNetCore.Mvc.Infrastructure.ControllerActionInvoker|Result Filter: Before executing OnResultExecuted on filter Microsoft.AspNetCore.Mvc.Infrastructure.ClientErrorResultFilter. 
2024-03-22 11:23:26.9262|TRACE|Microsoft.AspNetCore.Mvc.Infrastructure.ControllerActionInvoker|Result Filter: After executing OnResultExecuted on filter Microsoft.AspNetCore.Mvc.Infrastructure.ClientErrorResultFilter. 
2024-03-22 11:23:26.9262|INFO|Microsoft.AspNetCore.Mvc.Infrastructure.ControllerActionInvoker|Executed action LitZhu.WebApi.Controllers.User.AuthController.SendEmailCode (LitZhu.WebApi) in 85.9092ms 
2024-03-22 11:23:26.9262|INFO|Microsoft.AspNetCore.Routing.EndpointMiddleware|Executed endpoint 'LitZhu.WebApi.Controllers.User.AuthController.SendEmailCode (LitZhu.WebApi)' 
2024-03-22 11:23:26.9262|DEBUG|Microsoft.AspNetCore.Server.Kestrel.Connections|Connection id "0HN2A3TG3TIBT" completed keep alive response. 
2024-03-22 11:23:26.9262|DEBUG|Microsoft.EntityFrameworkCore.Infrastructure|'UserDbContext' disposed. 
2024-03-22 11:23:26.9262|DEBUG|Microsoft.EntityFrameworkCore.Database.Connection|Disposing connection to database 'LitZhu' on server 'localhost'. 
2024-03-22 11:23:26.9262|DEBUG|Microsoft.EntityFrameworkCore.Database.Connection|Disposed connection to database 'LitZhu' on server 'localhost' (0ms). 
2024-03-22 11:23:26.9262|INFO|Microsoft.AspNetCore.Hosting.Diagnostics|Request finished HTTP/1.1 POST https://localhost:7290/api/Auth/SendEmailCode - 200 47 application/json;+charset=utf-8 93.3677ms 
2024-03-22 11:23:26.9262|DEBUG|Microsoft.AspNetCore.Server.Kestrel.Transport.Sockets|Connection id "0HN2A3TG3TIBT" received FIN. 
2024-03-22 11:23:26.9262|DEBUG|Microsoft.AspNetCore.Server.Kestrel.Transport.Sockets|Connection id "0HN2A3TG3TIBT" sending FIN because: "The Socket transport's send loop completed gracefully." 
2024-03-22 11:23:26.9262|DEBUG|Microsoft.AspNetCore.Server.Kestrel.Connections|Connection id "0HN2A3TG3TIBT" disconnecting. 
2024-03-22 11:23:26.9262|DEBUG|Microsoft.AspNetCore.Server.Kestrel.Connections|Connection id "0HN2A3TG3TIBT" stopped. 
2024-03-22 11:23:53.0174|DEBUG|Microsoft.AspNetCore.Mvc.ModelBinding.ModelBinderFactory|Registered model binder providers, in the following order: Microsoft.AspNetCore.Mvc.ModelBinding.Binders.BinderTypeModelBinderProvider, Microsoft.AspNetCore.Mvc.ModelBinding.Binders.ServicesModelBinderProvider, Microsoft.AspNetCore.Mvc.ModelBinding.Binders.BodyModelBinderProvider, Microsoft.AspNetCore.Mvc.ModelBinding.Binders.HeaderModelBinderProvider, Microsoft.AspNetCore.Mvc.ModelBinding.Binders.FloatingPointTypeModelBinderProvider, Microsoft.AspNetCore.Mvc.ModelBinding.Binders.EnumTypeModelBinderProvider, Microsoft.AspNetCore.Mvc.ModelBinding.Binders.DateTimeModelBinderProvider, Microsoft.AspNetCore.Mvc.ModelBinding.Binders.SimpleTypeModelBinderProvider, Microsoft.AspNetCore.Mvc.ModelBinding.Binders.TryParseModelBinderProvider, Microsoft.AspNetCore.Mvc.ModelBinding.Binders.CancellationTokenModelBinderProvider, Microsoft.AspNetCore.Mvc.ModelBinding.Binders.ByteArrayModelBinderProvider, Microsoft.AspNetCore.Mvc.ModelBinding.Binders.FormFileModelBinderProvider, Microsoft.AspNetCore.Mvc.ModelBinding.Binders.FormCollectionModelBinderProvider, Microsoft.AspNetCore.Mvc.ModelBinding.Binders.KeyValuePairModelBinderProvider, Microsoft.AspNetCore.Mvc.ModelBinding.Binders.DictionaryModelBinderProvider, Microsoft.AspNetCore.Mvc.ModelBinding.Binders.ArrayModelBinderProvider, Microsoft.AspNetCore.Mvc.ModelBinding.Binders.CollectionModelBinderProvider, Microsoft.AspNetCore.Mvc.ModelBinding.Binders.ComplexObjectModelBinderProvider 
2024-03-22 11:23:53.1199|DEBUG|Microsoft.Extensions.Hosting.Internal.Host|Hosting starting 
2024-03-22 11:23:53.1636|INFO|Microsoft.AspNetCore.DataProtection.KeyManagement.XmlKeyManager|User profile is available. Using 'C:\Users\25968\AppData\Local\ASP.NET\DataProtection-Keys' as key repository and Windows DPAPI to encrypt keys at rest. 
2024-03-22 11:23:53.1636|DEBUG|Microsoft.AspNetCore.DataProtection.Repositories.FileSystemXmlRepository|Reading data from file 'C:\Users\25968\AppData\Local\ASP.NET\DataProtection-Keys\key-04331095-e001-4e86-a2a5-ac77c623d11c.xml'. 
2024-03-22 11:23:53.1636|DEBUG|Microsoft.AspNetCore.DataProtection.KeyManagement.XmlKeyManager|Found key {04331095-e001-4e86-a2a5-ac77c623d11c}. 
2024-03-22 11:23:53.1868|DEBUG|Microsoft.AspNetCore.DataProtection.KeyManagement.DefaultKeyResolver|Considering key {04331095-e001-4e86-a2a5-ac77c623d11c} with expiration date 2024-04-11 12:24:14Z as default key. 
2024-03-22 11:23:53.1868|DEBUG|Microsoft.AspNetCore.DataProtection.TypeForwardingActivator|Forwarded activator type request from Microsoft.AspNetCore.DataProtection.XmlEncryption.DpapiXmlDecryptor, Microsoft.AspNetCore.DataProtection, Version=8.0.0.0, Culture=neutral, PublicKeyToken=adb9793829ddae60 to Microsoft.AspNetCore.DataProtection.XmlEncryption.DpapiXmlDecryptor, Microsoft.AspNetCore.DataProtection, Culture=neutral, PublicKeyToken=adb9793829ddae60 
2024-03-22 11:23:53.1868|DEBUG|Microsoft.AspNetCore.DataProtection.XmlEncryption.DpapiXmlDecryptor|Decrypting secret element using Windows DPAPI. 
2024-03-22 11:23:53.1868|DEBUG|Microsoft.AspNetCore.DataProtection.TypeForwardingActivator|Forwarded activator type request from Microsoft.AspNetCore.DataProtection.AuthenticatedEncryption.ConfigurationModel.AuthenticatedEncryptorDescriptorDeserializer, Microsoft.AspNetCore.DataProtection, Version=8.0.0.0, Culture=neutral, PublicKeyToken=adb9793829ddae60 to Microsoft.AspNetCore.DataProtection.AuthenticatedEncryption.ConfigurationModel.AuthenticatedEncryptorDescriptorDeserializer, Microsoft.AspNetCore.DataProtection, Culture=neutral, PublicKeyToken=adb9793829ddae60 
2024-03-22 11:23:53.1939|DEBUG|Microsoft.AspNetCore.DataProtection.AuthenticatedEncryption.CngCbcAuthenticatedEncryptorFactory|Opening CNG algorithm 'AES' from provider '(null)' with chaining mode CBC. 
2024-03-22 11:23:53.1939|DEBUG|Microsoft.AspNetCore.DataProtection.AuthenticatedEncryption.CngCbcAuthenticatedEncryptorFactory|Opening CNG algorithm 'SHA256' from provider '(null)' with HMAC. 
2024-03-22 11:23:53.1939|DEBUG|Microsoft.AspNetCore.DataProtection.KeyManagement.KeyRingProvider|Using key {04331095-e001-4e86-a2a5-ac77c623d11c} as the default key. 
2024-03-22 11:23:53.1939|DEBUG|Microsoft.AspNetCore.DataProtection.Internal.DataProtectionHostedService|Key ring with default key {04331095-e001-4e86-a2a5-ac77c623d11c} was loaded during application startup. 
2024-03-22 11:23:53.4338|DEBUG|Microsoft.AspNetCore.Server.Kestrel.Transport.Sockets|Connection id "0HN2A3U02GK6D" received FIN. 
2024-03-22 11:23:53.4338|DEBUG|Microsoft.AspNetCore.Server.Kestrel.Transport.Sockets|Connection id "0HN2A3U02GK6E" received FIN. 
2024-03-22 11:23:53.4338|DEBUG|Microsoft.AspNetCore.Server.Kestrel.Connections|Connection id "0HN2A3U02GK6E" accepted. 
2024-03-22 11:23:53.4338|DEBUG|Microsoft.AspNetCore.Server.Kestrel.Connections|Connection id "0HN2A3U02GK6D" accepted. 
2024-03-22 11:23:53.4338|DEBUG|Microsoft.AspNetCore.Server.Kestrel.Connections|Connection id "0HN2A3U02GK6E" started. 
2024-03-22 11:23:53.4338|DEBUG|Microsoft.AspNetCore.Server.Kestrel.Connections|Connection id "0HN2A3U02GK6D" started. 
2024-03-22 11:23:53.4421|INFO|Microsoft.Hosting.Lifetime|Now listening on: https://localhost:7290 
2024-03-22 11:23:53.4421|INFO|Microsoft.Hosting.Lifetime|Now listening on: http://localhost:5167 
2024-03-22 11:23:53.4421|DEBUG|Microsoft.AspNetCore.Hosting.Diagnostics|Loaded hosting startup assembly LitZhu.WebApi 
2024-03-22 11:23:53.4421|DEBUG|Microsoft.AspNetCore.Hosting.Diagnostics|Loaded hosting startup assembly Microsoft.AspNetCore.Watch.BrowserRefresh 
2024-03-22 11:23:53.4421|DEBUG|Microsoft.AspNetCore.Hosting.Diagnostics|Loaded hosting startup assembly Microsoft.WebTools.BrowserLink.Net 
2024-03-22 11:23:53.4421|INFO|Microsoft.Hosting.Lifetime|Application started. Press Ctrl+C to shut down. 
2024-03-22 11:23:53.4421|INFO|Microsoft.Hosting.Lifetime|Hosting environment: Development 
2024-03-22 11:23:53.4421|INFO|Microsoft.Hosting.Lifetime|Content root path: D:\Desktop\website\litzhu\LitZhu_backend\LitZhu.WebApi 
2024-03-22 11:23:53.4421|DEBUG|Microsoft.Extensions.Hosting.Internal.Host|Hosting started 
2024-03-22 11:23:53.4575|DEBUG|Microsoft.AspNetCore.Server.Kestrel.Https.Internal.HttpsConnectionMiddleware|Failed to authenticate HTTPS connection. System.IO.IOException: Received an unexpected EOF or 0 bytes from the transport stream.
   at System.Net.Security.SslStream.ReceiveHandshakeFrameAsync[TIOAdapter](CancellationToken cancellationToken)
   at System.Net.Security.SslStream.ForceAuthenticationAsync[TIOAdapter](Boolean receiveFirst, Byte[] reAuthenticationData, CancellationToken cancellationToken)
   at System.Net.Security.SslStream.ProcessAuthenticationWithTelemetryAsync(Boolean isAsync, CancellationToken cancellationToken)
   at Microsoft.AspNetCore.Server.Kestrel.Https.Internal.HttpsConnectionMiddleware.OnConnectionAsync(ConnectionContext context)
2024-03-22 11:23:53.4575|DEBUG|Microsoft.AspNetCore.Server.Kestrel.Https.Internal.HttpsConnectionMiddleware|Failed to authenticate HTTPS connection. System.IO.IOException: Received an unexpected EOF or 0 bytes from the transport stream.
   at System.Net.Security.SslStream.ReceiveHandshakeFrameAsync[TIOAdapter](CancellationToken cancellationToken)
   at System.Net.Security.SslStream.ForceAuthenticationAsync[TIOAdapter](Boolean receiveFirst, Byte[] reAuthenticationData, CancellationToken cancellationToken)
   at System.Net.Security.SslStream.ProcessAuthenticationWithTelemetryAsync(Boolean isAsync, CancellationToken cancellationToken)
   at Microsoft.AspNetCore.Server.Kestrel.Https.Internal.HttpsConnectionMiddleware.OnConnectionAsync(ConnectionContext context)
2024-03-22 11:23:53.4902|DEBUG|Microsoft.AspNetCore.Server.Kestrel.Connections|Connection id "0HN2A3U02GK6E" stopped. 
2024-03-22 11:23:53.4902|DEBUG|Microsoft.AspNetCore.Server.Kestrel.Connections|Connection id "0HN2A3U02GK6D" stopped. 
2024-03-22 11:23:53.4902|DEBUG|Microsoft.AspNetCore.Server.Kestrel.Transport.Sockets|Connection id "0HN2A3U02GK6D" sending FIN because: "The Socket transport's send loop completed gracefully." 
2024-03-22 11:23:53.4902|DEBUG|Microsoft.AspNetCore.Server.Kestrel.Transport.Sockets|Connection id "0HN2A3U02GK6E" sending FIN because: "The Socket transport's send loop completed gracefully." 
2024-03-22 11:23:54.4122|DEBUG|Microsoft.AspNetCore.Server.Kestrel.Connections|Connection id "0HN2A3U02GK6F" accepted. 
2024-03-22 11:23:54.4122|DEBUG|Microsoft.AspNetCore.Server.Kestrel.Connections|Connection id "0HN2A3U02GK6F" started. 
2024-03-22 11:23:54.4952|DEBUG|Microsoft.AspNetCore.Server.Kestrel.Https.Internal.HttpsConnectionMiddleware|Connection 0HN2A3U02GK6F established using the following protocol: Tls13 
2024-03-22 11:23:54.5251|TRACE|Microsoft.AspNetCore.Server.Kestrel.Http2|Connection id "0HN2A3U02GK6F" sending SETTINGS frame for stream ID 0 with length 24 and flags NONE. 
2024-03-22 11:23:54.5251|TRACE|Microsoft.AspNetCore.Server.Kestrel.Http2|Connection id "0HN2A3U02GK6F" sending WINDOW_UPDATE frame for stream ID 0 with length 4 and flags 0x0. 
2024-03-22 11:23:54.5251|TRACE|Microsoft.AspNetCore.Server.Kestrel.Http2|Connection id "0HN2A3U02GK6F" received SETTINGS frame for stream ID 0 with length 24 and flags NONE. 
2024-03-22 11:23:54.5251|TRACE|Microsoft.AspNetCore.Server.Kestrel.Http2|Connection id "0HN2A3U02GK6F" sending SETTINGS frame for stream ID 0 with length 0 and flags ACK. 
2024-03-22 11:23:54.5251|TRACE|Microsoft.AspNetCore.Server.Kestrel.Http2|Connection id "0HN2A3U02GK6F" received WINDOW_UPDATE frame for stream ID 0 with length 4 and flags 0x0. 
2024-03-22 11:23:54.5251|TRACE|Microsoft.AspNetCore.Server.Kestrel.Http2|Connection id "0HN2A3U02GK6F" received HEADERS frame for stream ID 1 with length 463 and flags END_STREAM, END_HEADERS, PRIORITY. 
2024-03-22 11:23:54.5562|TRACE|Microsoft.AspNetCore.Server.Kestrel.Http2|Connection id "0HN2A3U02GK6F" received SETTINGS frame for stream ID 0 with length 0 and flags ACK. 
2024-03-22 11:23:54.5697|INFO|Microsoft.AspNetCore.Hosting.Diagnostics|Request starting HTTP/2 GET https://localhost:7290/swagger/index.html - - - 
2024-03-22 11:23:54.7395|DEBUG|Microsoft.AspNetCore.HostFiltering.HostFilteringMiddleware|Wildcard detected, all requests with hosts will be allowed. 
2024-03-22 11:23:54.7395|TRACE|Microsoft.AspNetCore.HostFiltering.HostFilteringMiddleware|All hosts are allowed. 
2024-03-22 11:23:54.7746|DEBUG|Microsoft.AspNetCore.Routing.Matching.DfaMatcher|No candidates found for the request path '/swagger/index.html' 
2024-03-22 11:23:54.7746|DEBUG|Microsoft.AspNetCore.Routing.EndpointRoutingMiddleware|Request did not match any endpoints 
2024-03-22 11:23:54.8981|DEBUG|Microsoft.AspNetCore.Watch.BrowserRefresh.BrowserRefreshMiddleware|Response markup is scheduled to include browser refresh script injection. 
2024-03-22 11:23:54.8981|TRACE|Microsoft.AspNetCore.Server.Kestrel.Http2|Connection id "0HN2A3U02GK6F" sending HEADERS frame for stream ID 1 with length 66 and flags END_HEADERS. 
2024-03-22 11:23:54.8981|TRACE|Microsoft.AspNetCore.Server.Kestrel.Http2|Connection id "0HN2A3U02GK6F" sending DATA frame for stream ID 1 with length 4096 and flags NONE. 
2024-03-22 11:23:54.9184|TRACE|Microsoft.AspNetCore.Server.Kestrel.Http2|Connection id "0HN2A3U02GK6F" sending DATA frame for stream ID 1 with length 992 and flags NONE. 
2024-03-22 11:23:54.9184|TRACE|Microsoft.AspNetCore.Server.Kestrel.Http2|Connection id "0HN2A3U02GK6F" sending DATA frame for stream ID 1 with length 81 and flags NONE. 
2024-03-22 11:23:54.9184|DEBUG|Microsoft.AspNetCore.Watch.BrowserRefresh.BrowserRefreshMiddleware|Response markup was updated to include browser refresh script injection. 
2024-03-22 11:23:54.9184|TRACE|Microsoft.AspNetCore.Server.Kestrel.Http2|Connection id "0HN2A3U02GK6F" sending DATA frame for stream ID 1 with length 0 and flags END_STREAM. 
2024-03-22 11:23:54.9184|INFO|Microsoft.AspNetCore.Hosting.Diagnostics|Request finished HTTP/2 GET https://localhost:7290/swagger/index.html - 200 - text/html;charset=utf-8 362.4667ms 
2024-03-22 11:23:54.9602|TRACE|Microsoft.AspNetCore.Server.Kestrel.Http2|Connection id "0HN2A3U02GK6F" received HEADERS frame for stream ID 3 with length 109 and flags END_STREAM, END_HEADERS, PRIORITY. 
2024-03-22 11:23:54.9602|INFO|Microsoft.AspNetCore.Hosting.Diagnostics|Request starting HTTP/2 GET https://localhost:7290/_framework/aspnetcore-browser-refresh.js - - - 
2024-03-22 11:23:54.9602|TRACE|Microsoft.AspNetCore.Server.Kestrel.Http2|Connection id "0HN2A3U02GK6F" sending HEADERS frame for stream ID 3 with length 60 and flags END_HEADERS. 
2024-03-22 11:23:54.9602|TRACE|Microsoft.AspNetCore.Server.Kestrel.Http2|Connection id "0HN2A3U02GK6F" sending DATA frame for stream ID 3 with length 13761 and flags NONE. 
2024-03-22 11:23:54.9602|TRACE|Microsoft.AspNetCore.Server.Kestrel.Http2|Connection id "0HN2A3U02GK6F" sending DATA frame for stream ID 3 with length 0 and flags END_STREAM. 
2024-03-22 11:23:54.9602|INFO|Microsoft.AspNetCore.Hosting.Diagnostics|Request finished HTTP/2 GET https://localhost:7290/_framework/aspnetcore-browser-refresh.js - 200 13761 application/javascript;+charset=utf-8 8.1200ms 
2024-03-22 11:23:55.0373|TRACE|Microsoft.AspNetCore.Server.Kestrel.Http2|Connection id "0HN2A3U02GK6F" received HEADERS frame for stream ID 5 with length 57 and flags END_STREAM, END_HEADERS, PRIORITY. 
2024-03-22 11:23:55.0373|INFO|Microsoft.AspNetCore.Hosting.Diagnostics|Request starting HTTP/2 GET https://localhost:7290/_vs/browserLink - - - 
2024-03-22 11:23:55.0723|TRACE|Microsoft.AspNetCore.Server.Kestrel.Http2|Connection id "0HN2A3U02GK6F" sending HEADERS frame for stream ID 5 with length 119 and flags END_HEADERS. 
2024-03-22 11:23:55.0723|TRACE|Microsoft.AspNetCore.Server.Kestrel.Http2|Connection id "0HN2A3U02GK6F" sending DATA frame for stream ID 5 with length 9986 and flags NONE. 
2024-03-22 11:23:55.0723|TRACE|Microsoft.AspNetCore.Server.Kestrel.Http2|Connection id "0HN2A3U02GK6F" sending DATA frame for stream ID 5 with length 10240 and flags NONE. 
2024-03-22 11:23:55.0723|TRACE|Microsoft.AspNetCore.Server.Kestrel.Http2|Connection id "0HN2A3U02GK6F" sending DATA frame for stream ID 5 with length 10240 and flags NONE. 
2024-03-22 11:23:55.0723|TRACE|Microsoft.AspNetCore.Server.Kestrel.Http2|Connection id "0HN2A3U02GK6F" sending DATA frame for stream ID 5 with length 10240 and flags NONE. 
2024-03-22 11:23:55.0723|TRACE|Microsoft.AspNetCore.Server.Kestrel.Http2|Connection id "0HN2A3U02GK6F" sending DATA frame for stream ID 5 with length 10240 and flags NONE. 
2024-03-22 11:23:55.0723|TRACE|Microsoft.AspNetCore.Server.Kestrel.Http2|Connection id "0HN2A3U02GK6F" sending DATA frame for stream ID 5 with length 10240 and flags NONE. 
2024-03-22 11:23:55.0822|TRACE|Microsoft.AspNetCore.Server.Kestrel.Http2|Connection id "0HN2A3U02GK6F" sending DATA frame for stream ID 5 with length 10240 and flags NONE. 
2024-03-22 11:23:55.0822|TRACE|Microsoft.AspNetCore.Server.Kestrel.Http2|Connection id "0HN2A3U02GK6F" sending DATA frame for stream ID 5 with length 10240 and flags NONE. 
2024-03-22 11:23:55.0822|TRACE|Microsoft.AspNetCore.Server.Kestrel.Http2|Connection id "0HN2A3U02GK6F" sending DATA frame for stream ID 5 with length 10240 and flags NONE. 
2024-03-22 11:23:55.0822|TRACE|Microsoft.AspNetCore.Server.Kestrel.Http2|Connection id "0HN2A3U02GK6F" sending DATA frame for stream ID 5 with length 10240 and flags NONE. 
2024-03-22 11:23:55.0822|TRACE|Microsoft.AspNetCore.Server.Kestrel.Http2|Connection id "0HN2A3U02GK6F" sending DATA frame for stream ID 5 with length 10240 and flags NONE. 
2024-03-22 11:23:55.0822|TRACE|Microsoft.AspNetCore.Server.Kestrel.Http2|Connection id "0HN2A3U02GK6F" sending DATA frame for stream ID 5 with length 10240 and flags NONE. 
2024-03-22 11:23:55.0822|TRACE|Microsoft.AspNetCore.Server.Kestrel.Http2|Connection id "0HN2A3U02GK6F" sending DATA frame for stream ID 5 with length 10240 and flags NONE. 
2024-03-22 11:23:55.0822|TRACE|Microsoft.AspNetCore.Server.Kestrel.Http2|Connection id "0HN2A3U02GK6F" sending DATA frame for stream ID 5 with length 10240 and flags NONE. 
2024-03-22 11:23:55.0822|TRACE|Microsoft.AspNetCore.Server.Kestrel.Http2|Connection id "0HN2A3U02GK6F" sending DATA frame for stream ID 5 with length 10240 and flags NONE. 
2024-03-22 11:23:55.0822|TRACE|Microsoft.AspNetCore.Server.Kestrel.Http2|Connection id "0HN2A3U02GK6F" sending DATA frame for stream ID 5 with length 160 and flags NONE. 
2024-03-22 11:23:55.0822|TRACE|Microsoft.AspNetCore.Server.Kestrel.Http2|Connection id "0HN2A3U02GK6F" sending DATA frame for stream ID 5 with length 0 and flags END_STREAM. 
2024-03-22 11:23:55.0822|INFO|Microsoft.AspNetCore.Hosting.Diagnostics|Request finished HTTP/2 GET https://localhost:7290/_vs/browserLink - 200 - text/javascript;+charset=UTF-8 53.3677ms 
2024-03-22 11:23:55.3225|TRACE|Microsoft.AspNetCore.Server.Kestrel.Http2|Connection id "0HN2A3U02GK6F" received HEADERS frame for stream ID 7 with length 66 and flags END_STREAM, END_HEADERS, PRIORITY. 
2024-03-22 11:23:55.3225|INFO|Microsoft.AspNetCore.Hosting.Diagnostics|Request starting HTTP/2 GET https://localhost:7290/swagger/v1/swagger.json - - - 
2024-03-22 11:23:55.3225|TRACE|Microsoft.AspNetCore.HostFiltering.HostFilteringMiddleware|All hosts are allowed. 
2024-03-22 11:23:55.3225|DEBUG|Microsoft.AspNetCore.Routing.Matching.DfaMatcher|No candidates found for the request path '/swagger/v1/swagger.json' 
2024-03-22 11:23:55.3225|DEBUG|Microsoft.AspNetCore.Routing.EndpointRoutingMiddleware|Request did not match any endpoints 
2024-03-22 11:23:55.7086|TRACE|Microsoft.AspNetCore.Server.Kestrel.Http2|Connection id "0HN2A3U02GK6F" sending HEADERS frame for stream ID 7 with length 65 and flags END_HEADERS. 
2024-03-22 11:23:55.7088|TRACE|Microsoft.AspNetCore.Server.Kestrel.Http2|Connection id "0HN2A3U02GK6F" sending DATA frame for stream ID 7 with length 16384 and flags NONE. 
2024-03-22 11:23:55.7088|TRACE|Microsoft.AspNetCore.Server.Kestrel.Http2|Connection id "0HN2A3U02GK6F" sending DATA frame for stream ID 7 with length 16384 and flags NONE. 
2024-03-22 11:23:55.7088|TRACE|Microsoft.AspNetCore.Server.Kestrel.Http2|Connection id "0HN2A3U02GK6F" sending DATA frame for stream ID 7 with length 16384 and flags NONE. 
2024-03-22 11:23:55.7088|TRACE|Microsoft.AspNetCore.Server.Kestrel.Http2|Connection id "0HN2A3U02GK6F" sending DATA frame for stream ID 7 with length 9384 and flags NONE. 
2024-03-22 11:23:55.7088|TRACE|Microsoft.AspNetCore.Server.Kestrel.Http2|Connection id "0HN2A3U02GK6F" sending DATA frame for stream ID 7 with length 0 and flags END_STREAM. 
2024-03-22 11:23:55.7088|INFO|Microsoft.AspNetCore.Hosting.Diagnostics|Request finished HTTP/2 GET https://localhost:7290/swagger/v1/swagger.json - 200 - application/json;charset=utf-8 390.6722ms 
2024-03-22 11:23:56.8576|DEBUG|Microsoft.AspNetCore.Server.Kestrel.Transport.Sockets|Connection id "0HN2A3U02GK6F" received FIN. 
2024-03-22 11:23:56.8576|DEBUG|Microsoft.AspNetCore.Server.Kestrel.Http2|The connection queue processing loop for 0HN2A3U02GK6F completed. 
2024-03-22 11:23:56.8641|DEBUG|Microsoft.AspNetCore.Server.Kestrel.Http2|Connection id "0HN2A3U02GK6F" is closed. The last processed stream ID was 7. 
2024-03-22 11:23:56.8641|DEBUG|Microsoft.AspNetCore.Server.Kestrel.Transport.Sockets|Connection id "0HN2A3U02GK6F" sending FIN because: "The Socket transport's send loop completed gracefully." 
2024-03-22 11:23:56.8641|DEBUG|Microsoft.AspNetCore.Server.Kestrel.Connections|Connection id "0HN2A3U02GK6F" stopped. 
2024-03-22 11:23:57.0232|DEBUG|Microsoft.AspNetCore.Server.Kestrel.Connections|Connection id "0HN2A3U02GK6G" accepted. 
2024-03-22 11:23:57.0234|DEBUG|Microsoft.AspNetCore.Server.Kestrel.Connections|Connection id "0HN2A3U02GK6G" started. 
2024-03-22 11:23:57.0234|DEBUG|Microsoft.AspNetCore.Server.Kestrel.Https.Internal.HttpsConnectionMiddleware|Connection 0HN2A3U02GK6G established using the following protocol: Tls13 
2024-03-22 11:23:57.0234|INFO|Microsoft.AspNetCore.Hosting.Diagnostics|Request starting HTTP/1.1 POST https://localhost:7290/api/Auth/SendEmailCode - application/json 38 
2024-03-22 11:23:57.0234|TRACE|Microsoft.AspNetCore.HostFiltering.HostFilteringMiddleware|All hosts are allowed. 
2024-03-22 11:23:57.0401|DEBUG|Microsoft.AspNetCore.Routing.Matching.DfaMatcher|1 candidate(s) found for the request path '/api/Auth/SendEmailCode' 
2024-03-22 11:23:57.0401|DEBUG|Microsoft.AspNetCore.Routing.Matching.DfaMatcher|Endpoint 'LitZhu.WebApi.Controllers.User.AuthController.SendEmailCode (LitZhu.WebApi)' with route pattern 'api/Auth/SendEmailCode' is valid for the request path '/api/Auth/SendEmailCode' 
2024-03-22 11:23:57.0401|DEBUG|Microsoft.AspNetCore.Routing.EndpointRoutingMiddleware|Request matched endpoint 'LitZhu.WebApi.Controllers.User.AuthController.SendEmailCode (LitZhu.WebApi)' 
2024-03-22 11:23:57.0401|TRACE|Microsoft.AspNetCore.Routing.EndpointRoutingMiddleware|The endpoint does not specify the IRequestSizeLimitMetadata. 
2024-03-22 11:23:57.0401|DEBUG|Microsoft.AspNetCore.StaticFiles.StaticFileMiddleware|Static files was skipped as the request already matched an endpoint. 
2024-03-22 11:23:57.1103|DEBUG|Microsoft.AspNetCore.Authentication.JwtBearer.JwtBearerHandler|AuthenticationScheme: Bearer was not authenticated. 
2024-03-22 11:23:57.1103|INFO|Microsoft.AspNetCore.Routing.EndpointMiddleware|Executing endpoint 'LitZhu.WebApi.Controllers.User.AuthController.SendEmailCode (LitZhu.WebApi)' 
2024-03-22 11:23:57.1351|INFO|Microsoft.AspNetCore.Mvc.Infrastructure.ControllerActionInvoker|Route matched with {action = "SendEmailCode", controller = "Auth"}. Executing controller action with signature System.Threading.Tasks.Task`1[Microsoft.AspNetCore.Mvc.ActionResult`1[System.String]] SendEmailCode(LitZhu.WebApi.Controllers.User.SendEmailCodeRequest) on controller LitZhu.WebApi.Controllers.User.AuthController (LitZhu.WebApi). 
2024-03-22 11:23:57.1351|DEBUG|Microsoft.AspNetCore.Mvc.Infrastructure.ControllerActionInvoker|Execution plan of authorization filters (in the following order): None 
2024-03-22 11:23:57.1361|DEBUG|Microsoft.AspNetCore.Mvc.Infrastructure.ControllerActionInvoker|Execution plan of resource filters (in the following order): None 
2024-03-22 11:23:57.1361|DEBUG|Microsoft.AspNetCore.Mvc.Infrastructure.ControllerActionInvoker|Execution plan of action filters (in the following order): Microsoft.AspNetCore.Mvc.ModelBinding.UnsupportedContentTypeFilter (Order: -3000), Microsoft.AspNetCore.Mvc.Infrastructure.ModelStateInvalidFilter (Order: -2000) 
2024-03-22 11:23:57.1361|DEBUG|Microsoft.AspNetCore.Mvc.Infrastructure.ControllerActionInvoker|Execution plan of exception filters (in the following order): None 
2024-03-22 11:23:57.1361|DEBUG|Microsoft.AspNetCore.Mvc.Infrastructure.ControllerActionInvoker|Execution plan of result filters (in the following order): Microsoft.AspNetCore.Mvc.Infrastructure.ClientErrorResultFilter (Order: -2000) 
2024-03-22 11:23:57.1361|DEBUG|Microsoft.AspNetCore.Mvc.Infrastructure.ControllerActionInvoker|Executing controller factory for controller LitZhu.WebApi.Controllers.User.AuthController (LitZhu.WebApi) 
2024-03-22 11:23:57.3128|DEBUG|Microsoft.EntityFrameworkCore.Infrastructure|An additional 'IServiceProvider' was created for internal use by Entity Framework. An existing service provider was not used due to the following configuration changes: configuration changed for 'Core:ConfigureWarnings', configuration added for 'Pomelo.EntityFrameworkCore.MySql:ServerVersion', configuration added for 'Pomelo.EntityFrameworkCore.MySql:DisableBackslashEscaping', configuration added for 'Pomelo.EntityFrameworkCore.MySql:SetSqlModeOnOpen', configuration added for 'Pomelo.EntityFrameworkCore.MySql:DisableLineBreakToCharSubstition', configuration added for 'Pomelo.EntityFrameworkCore.MySql:DefaultDataTypeMappings', configuration added for 'Pomelo.EntityFrameworkCore.MySql:SchemaBehavior', configuration added for 'Pomelo.EntityFrameworkCore.MySql:SchemaNameTranslator', configuration added for 'Pomelo.EntityFrameworkCore.MySql:EnableIndexOptimizedBooleanColumns', configuration added for 'Pomelo.EntityFrameworkCore.MySql:LimitKeyedOrIndexedStringColumnLength', configuration added for 'Pomelo.EntityFrameworkCore.MySql:EnableStringComparisonTranslations', configuration added for 'Pomelo.EntityFrameworkCore.MySql:EnablePrimitiveCollectionsSupport'. 
2024-03-22 11:23:57.8139|DEBUG|Microsoft.EntityFrameworkCore.Model|The index {'UserId'} was not created on entity type 'UserRoles' as the properties are already covered by the index {'UserId', 'RoleId'}. 
2024-03-22 11:23:57.8879|WARN|Microsoft.EntityFrameworkCore.Model.Validation|Entity 'Users' has a global query filter defined and is the required end of a relationship with the entity 'UserAccessFail'. This may lead to unexpected results when the required entity is filtered out. Either configure the navigation as optional, or define matching query filters for both entities in the navigation. See https://go.microsoft.com/fwlink/?linkid=2131316 for more information. 
2024-03-22 11:23:57.8879|WARN|Microsoft.EntityFrameworkCore.Model.Validation|Entity 'Roles' has a global query filter defined and is the required end of a relationship with the entity 'UserRoles'. This may lead to unexpected results when the required entity is filtered out. Either configure the navigation as optional, or define matching query filters for both entities in the navigation. See https://go.microsoft.com/fwlink/?linkid=2131316 for more information. 
2024-03-22 11:23:58.0772|DEBUG|Microsoft.EntityFrameworkCore.Infrastructure|Entity Framework Core 8.0.1 initialized 'UserDbContext' using provider 'Pomelo.EntityFrameworkCore.MySql:8.0.1' with options: ServerVersion=8.0.23-mysql  
2024-03-22 11:23:58.2333|DEBUG|Microsoft.AspNetCore.Mvc.Infrastructure.ControllerActionInvoker|Executed controller factory for controller LitZhu.WebApi.Controllers.User.AuthController (LitZhu.WebApi) 
2024-03-22 11:23:58.2333|DEBUG|Microsoft.AspNetCore.Mvc.ModelBinding.ParameterBinder|Attempting to bind parameter 'req' of type 'LitZhu.WebApi.Controllers.User.SendEmailCodeRequest' ... 
2024-03-22 11:23:58.2333|DEBUG|Microsoft.AspNetCore.Mvc.ModelBinding.Binders.BodyModelBinder|Attempting to bind parameter 'req' of type 'LitZhu.WebApi.Controllers.User.SendEmailCodeRequest' using the name '' in request data ... 
2024-03-22 11:23:58.2393|DEBUG|Microsoft.AspNetCore.Mvc.ModelBinding.Binders.BodyModelBinder|Rejected input formatter 'Microsoft.AspNetCore.Mvc.Formatters.NewtonsoftJsonPatchInputFormatter' for content type 'application/json'. 
2024-03-22 11:23:58.2393|DEBUG|Microsoft.AspNetCore.Mvc.ModelBinding.Binders.BodyModelBinder|Selected input formatter 'Microsoft.AspNetCore.Mvc.Formatters.NewtonsoftJsonInputFormatter' for content type 'application/json'. 
2024-03-22 11:23:58.2393|DEBUG|Microsoft.AspNetCore.Server.Kestrel|Connection id "0HN2A3U02GK6G", Request id "0HN2A3U02GK6G:00000001": started reading request body. 
2024-03-22 11:23:58.2393|DEBUG|Microsoft.AspNetCore.Server.Kestrel|Connection id "0HN2A3U02GK6G", Request id "0HN2A3U02GK6G:00000001": done reading request body. 
2024-03-22 11:23:58.3088|DEBUG|Microsoft.AspNetCore.Mvc.ModelBinding.Binders.BodyModelBinder|Done attempting to bind parameter 'req' of type 'LitZhu.WebApi.Controllers.User.SendEmailCodeRequest'. 
2024-03-22 11:23:58.3088|DEBUG|Microsoft.AspNetCore.Mvc.ModelBinding.ParameterBinder|Done attempting to bind parameter 'req' of type 'LitZhu.WebApi.Controllers.User.SendEmailCodeRequest'. 
2024-03-22 11:23:58.3088|DEBUG|Microsoft.AspNetCore.Mvc.ModelBinding.ParameterBinder|Attempting to validate the bound parameter 'req' of type 'LitZhu.WebApi.Controllers.User.SendEmailCodeRequest' ... 
2024-03-22 11:23:58.3201|DEBUG|Microsoft.AspNetCore.Mvc.ModelBinding.ParameterBinder|Done attempting to validate the bound parameter 'req' of type 'LitZhu.WebApi.Controllers.User.SendEmailCodeRequest'. 
2024-03-22 11:23:58.3201|TRACE|Microsoft.AspNetCore.Mvc.Infrastructure.ControllerActionInvoker|Action Filter: Before executing OnActionExecuting on filter Microsoft.AspNetCore.Mvc.ModelBinding.UnsupportedContentTypeFilter. 
2024-03-22 11:23:58.3201|TRACE|Microsoft.AspNetCore.Mvc.Infrastructure.ControllerActionInvoker|Action Filter: After executing OnActionExecuting on filter Microsoft.AspNetCore.Mvc.ModelBinding.UnsupportedContentTypeFilter. 
2024-03-22 11:23:58.3201|TRACE|Microsoft.AspNetCore.Mvc.Infrastructure.ControllerActionInvoker|Action Filter: Before executing OnActionExecuting on filter Microsoft.AspNetCore.Mvc.Infrastructure.ModelStateInvalidFilter. 
2024-03-22 11:23:58.3201|TRACE|Microsoft.AspNetCore.Mvc.Infrastructure.ControllerActionInvoker|Action Filter: After executing OnActionExecuting on filter Microsoft.AspNetCore.Mvc.Infrastructure.ModelStateInvalidFilter. 
2024-03-22 11:23:58.3201|INFO|Microsoft.AspNetCore.Mvc.Infrastructure.ControllerActionInvoker|Executing action method LitZhu.WebApi.Controllers.User.AuthController.SendEmailCode (LitZhu.WebApi) - Validation state: Valid 
2024-03-22 11:23:58.3201|TRACE|Microsoft.AspNetCore.Mvc.Infrastructure.ControllerActionInvoker|Executing action method LitZhu.WebApi.Controllers.User.AuthController.SendEmailCode (LitZhu.WebApi) with arguments (SendEmailCodeRequest { Email = litzhuvich@foxmain.com }) 
2024-03-22 11:23:58.4079|DEBUG|Microsoft.EntityFrameworkCore.Query|Compiling query expression: 
'DbSet<Users>()
    .Include(x => x.UserAccessFail)
    .Include(x => x.UserRoles)
    .ThenInclude(ur => ur.Roles)
    .FirstOrDefault(x => x.Email == __email_0)' 
2024-03-22 11:23:58.4813|DEBUG|Microsoft.EntityFrameworkCore.Query|Including navigation: 'Users.UserAccessFail'. 
2024-03-22 11:23:58.4813|DEBUG|Microsoft.EntityFrameworkCore.Query|Including navigation: 'Users.UserRoles'. 
2024-03-22 11:23:58.4813|DEBUG|Microsoft.EntityFrameworkCore.Query|Including navigation: 'UserRoles.Roles'. 
2024-03-22 11:23:58.6845|DEBUG|Microsoft.EntityFrameworkCore.Query|Generated query execution expression: 
'queryContext => ShapedQueryCompilingExpressionVisitor.SingleOrDefaultAsync<Users>(
    asyncEnumerable: new SingleQueryingEnumerable<Users>(
        (RelationalQueryContext)queryContext, 
        RelationalCommandCache.QueryExpression(
            Client Projections:
                0 -> Dictionary<IProperty, int> { [Property: Users.Id (Guid) Required PK AfterSave:Throw ValueGenerated.OnAdd, 0], [Property: Users.Avatar (string), 1], [Property: Users.CreationTime (DateTime) Required, 2], [Property: Users.DeletionTime (DateTime?), 3], [Property: Users.Email (string), 4], [Property: Users.Gender (Gender) Required, 5], [Property: Users.IsDeleted (bool) Required Index, 6], [Property: Users.LastModificationTime (DateTime?), 7], [Property: Users.Password (string) Required MaxLength(100) ANSI, 8], [Property: Users.Phone (string), 9], [Property: Users.Username (string) Required Index MaxLength(10), 10] }
                1 -> Dictionary<IProperty, int> { [Property: UserAccessFail.Id (Guid) Required PK AfterSave:Throw ValueGenerated.OnAdd, 11], [Property: UserAccessFail.AccessFailedCount (int) Required, 12], [Property: UserAccessFail.CreationTime (DateTime) Required, 13], [Property: UserAccessFail.IsLockOut (bool) Required, 14], [Property: UserAccessFail.LockOutEnd (DateTime?), 15], [Property: UserAccessFail.UserId (Guid) Required FK Index, 16] }
                2 -> 0
                3 -> 11
                4 -> Dictionary<IProperty, int> { [Property: UserRoles.UserId (Guid) Required PK FK AfterSave:Throw, 17], [Property: UserRoles.RoleId (Guid) Required PK FK Index AfterSave:Throw, 18] }
                5 -> Dictionary<IProperty, int> { [Property: Roles.Id (Guid) Required PK AfterSave:Throw ValueGenerated.OnAdd, 19], [Property: Roles.CreationTime (DateTime) Required, 20], [Property: Roles.DeletionTime (DateTime?), 21], [Property: Roles.IsDeleted (bool) Required Index, 22], [Property: Roles.LastModificationTime (DateTime?), 23], [Property: Roles.RoleDesc (string) Required, 24], [Property: Roles.RoleName (string) Required MaxLength(10), 25] }
                6 -> 17
                7 -> 18
                8 -> 19
            SELECT t.Id, t.Avatar, t.CreationTime, t.DeletionTime, t.Email, t.Gender, t.IsDeleted, t.LastModificationTime, t.Password, t.Phone, t.Username, t.Id0, t.AccessFailedCount, t.CreationTime0, t.IsLockOut, t.LockOutEnd, t.UserId, t0.UserId, t0.RoleId, t0.Id, t0.CreationTime, t0.DeletionTime, t0.IsDeleted, t0.LastModificationTime, t0.RoleDesc, t0.RoleName
            FROM 
            (
                SELECT TOP(1) u.Id, u.Avatar, u.CreationTime, u.DeletionTime, u.Email, u.Gender, u.IsDeleted, u.LastModificationTime, u.Password, u.Phone, u.Username, u0.Id AS Id0, u0.AccessFailedCount, u0.CreationTime AS CreationTime0, u0.IsLockOut, u0.LockOutEnd, u0.UserId
                FROM Users AS u
                LEFT JOIN UserAccessFails AS u0 ON u.Id == u0.UserId
                WHERE (u.IsDeleted == FALSE) && (u.Email == @__email_0)
            ) AS t
            LEFT JOIN 
            (
                SELECT u1.UserId, u1.RoleId, t1.Id, t1.CreationTime, t1.DeletionTime, t1.IsDeleted, t1.LastModificationTime, t1.RoleDesc, t1.RoleName
                FROM Users_Roles AS u1
                INNER JOIN 
                (
                    SELECT r.Id, r.CreationTime, r.DeletionTime, r.IsDeleted, r.LastModificationTime, r.RoleDesc, r.RoleName
                    FROM Roles AS r
                    WHERE r.IsDeleted == FALSE
                ) AS t1 ON u1.RoleId == t1.Id
            ) AS t0 ON t.Id == t0.UserId
            ORDER BY t.Id ASC, t.Id0 ASC, t0.UserId ASC, t0.RoleId ASC), 
        null, 
        Func<QueryContext, DbDataReader, ResultContext, SingleQueryResultCoordinator, Users>, 
        User.Infrastructure.UserDbContext, 
        False, 
        False, 
        True
    ), 
    cancellationToken: queryContext.CancellationToken)' 
2024-03-22 11:23:58.7265|DEBUG|Microsoft.EntityFrameworkCore.Database.Connection|Creating DbConnection. 
2024-03-22 11:23:58.7265|DEBUG|Microsoft.EntityFrameworkCore.Database.Connection|Created DbConnection. (5ms). 
2024-03-22 11:23:58.7467|DEBUG|Microsoft.EntityFrameworkCore.Database.Connection|Opening connection to database 'LitZhu' on server 'localhost'. 
2024-03-22 11:23:58.8897|DEBUG|Microsoft.EntityFrameworkCore.Database.Connection|Opened connection to database 'LitZhu' on server 'localhost'. 
2024-03-22 11:23:58.8897|DEBUG|Microsoft.EntityFrameworkCore.Database.Command|Creating DbCommand for 'ExecuteReader'. 
2024-03-22 11:23:58.8957|DEBUG|Microsoft.EntityFrameworkCore.Database.Command|Created DbCommand for 'ExecuteReader' (2ms). 
2024-03-22 11:23:58.9193|DEBUG|Microsoft.EntityFrameworkCore.Database.Command|Initialized DbCommand for 'ExecuteReader' (26ms). 
2024-03-22 11:23:58.9193|DEBUG|Microsoft.EntityFrameworkCore.Database.Command|Executing DbCommand [Parameters=[@__email_0='?' (Size = 4000)], CommandType='Text', CommandTimeout='30']
SELECT `t`.`Id`, `t`.`Avatar`, `t`.`CreationTime`, `t`.`DeletionTime`, `t`.`Email`, `t`.`Gender`, `t`.`IsDeleted`, `t`.`LastModificationTime`, `t`.`Password`, `t`.`Phone`, `t`.`Username`, `t`.`Id0`, `t`.`AccessFailedCount`, `t`.`CreationTime0`, `t`.`IsLockOut`, `t`.`LockOutEnd`, `t`.`UserId`, `t0`.`UserId`, `t0`.`RoleId`, `t0`.`Id`, `t0`.`CreationTime`, `t0`.`DeletionTime`, `t0`.`IsDeleted`, `t0`.`LastModificationTime`, `t0`.`RoleDesc`, `t0`.`RoleName`
FROM (
    SELECT `u`.`Id`, `u`.`Avatar`, `u`.`CreationTime`, `u`.`DeletionTime`, `u`.`Email`, `u`.`Gender`, `u`.`IsDeleted`, `u`.`LastModificationTime`, `u`.`Password`, `u`.`Phone`, `u`.`Username`, `u0`.`Id` AS `Id0`, `u0`.`AccessFailedCount`, `u0`.`CreationTime` AS `CreationTime0`, `u0`.`IsLockOut`, `u0`.`LockOutEnd`, `u0`.`UserId`
    FROM `Users` AS `u`
    LEFT JOIN `UserAccessFails` AS `u0` ON `u`.`Id` = `u0`.`UserId`
    WHERE NOT (`u`.`IsDeleted`) AND (`u`.`Email` = @__email_0)
    LIMIT 1
) AS `t`
LEFT JOIN (
    SELECT `u1`.`UserId`, `u1`.`RoleId`, `t1`.`Id`, `t1`.`CreationTime`, `t1`.`DeletionTime`, `t1`.`IsDeleted`, `t1`.`LastModificationTime`, `t1`.`RoleDesc`, `t1`.`RoleName`
    FROM `Users_Roles` AS `u1`
    INNER JOIN (
        SELECT `r`.`Id`, `r`.`CreationTime`, `r`.`DeletionTime`, `r`.`IsDeleted`, `r`.`LastModificationTime`, `r`.`RoleDesc`, `r`.`RoleName`
        FROM `Roles` AS `r`
        WHERE NOT (`r`.`IsDeleted`)
    ) AS `t1` ON `u1`.`RoleId` = `t1`.`Id`
) AS `t0` ON `t`.`Id` = `t0`.`UserId`
ORDER BY `t`.`Id`, `t`.`Id0`, `t0`.`UserId`, `t0`.`RoleId` 
2024-03-22 11:23:58.9650|INFO|Microsoft.EntityFrameworkCore.Database.Command|Executed DbCommand (40ms) [Parameters=[@__email_0='?' (Size = 4000)], CommandType='Text', CommandTimeout='30']
SELECT `t`.`Id`, `t`.`Avatar`, `t`.`CreationTime`, `t`.`DeletionTime`, `t`.`Email`, `t`.`Gender`, `t`.`IsDeleted`, `t`.`LastModificationTime`, `t`.`Password`, `t`.`Phone`, `t`.`Username`, `t`.`Id0`, `t`.`AccessFailedCount`, `t`.`CreationTime0`, `t`.`IsLockOut`, `t`.`LockOutEnd`, `t`.`UserId`, `t0`.`UserId`, `t0`.`RoleId`, `t0`.`Id`, `t0`.`CreationTime`, `t0`.`DeletionTime`, `t0`.`IsDeleted`, `t0`.`LastModificationTime`, `t0`.`RoleDesc`, `t0`.`RoleName`
FROM (
    SELECT `u`.`Id`, `u`.`Avatar`, `u`.`CreationTime`, `u`.`DeletionTime`, `u`.`Email`, `u`.`Gender`, `u`.`IsDeleted`, `u`.`LastModificationTime`, `u`.`Password`, `u`.`Phone`, `u`.`Username`, `u0`.`Id` AS `Id0`, `u0`.`AccessFailedCount`, `u0`.`CreationTime` AS `CreationTime0`, `u0`.`IsLockOut`, `u0`.`LockOutEnd`, `u0`.`UserId`
    FROM `Users` AS `u`
    LEFT JOIN `UserAccessFails` AS `u0` ON `u`.`Id` = `u0`.`UserId`
    WHERE NOT (`u`.`IsDeleted`) AND (`u`.`Email` = @__email_0)
    LIMIT 1
) AS `t`
LEFT JOIN (
    SELECT `u1`.`UserId`, `u1`.`RoleId`, `t1`.`Id`, `t1`.`CreationTime`, `t1`.`DeletionTime`, `t1`.`IsDeleted`, `t1`.`LastModificationTime`, `t1`.`RoleDesc`, `t1`.`RoleName`
    FROM `Users_Roles` AS `u1`
    INNER JOIN (
        SELECT `r`.`Id`, `r`.`CreationTime`, `r`.`DeletionTime`, `r`.`IsDeleted`, `r`.`LastModificationTime`, `r`.`RoleDesc`, `r`.`RoleName`
        FROM `Roles` AS `r`
        WHERE NOT (`r`.`IsDeleted`)
    ) AS `t1` ON `u1`.`RoleId` = `t1`.`Id`
) AS `t0` ON `t`.`Id` = `t0`.`UserId`
ORDER BY `t`.`Id`, `t`.`Id0`, `t0`.`UserId`, `t0`.`RoleId` 
2024-03-22 11:23:59.0051|DEBUG|Microsoft.EntityFrameworkCore.ChangeTracking|Context 'UserDbContext' started tracking 'Users' entity. Consider using 'DbContextOptionsBuilder.EnableSensitiveDataLogging' to see key values. 
2024-03-22 11:23:59.0491|DEBUG|Microsoft.EntityFrameworkCore.ChangeTracking|The navigation 'Users.UserAccessFail' was detected as changed. Consider using 'DbContextOptionsBuilder.EnableSensitiveDataLogging' to see key values. 
2024-03-22 11:23:59.0491|DEBUG|Microsoft.EntityFrameworkCore.ChangeTracking|Context 'UserDbContext' started tracking 'UserAccessFail' entity. Consider using 'DbContextOptionsBuilder.EnableSensitiveDataLogging' to see key values. 
2024-03-22 11:23:59.0690|DEBUG|Microsoft.EntityFrameworkCore.Database.Command|Closing data reader to 'LitZhu' on server 'localhost'. 
2024-03-22 11:23:59.0690|DEBUG|Microsoft.EntityFrameworkCore.Database.Command|A data reader for 'LitZhu' on server 'localhost' is being disposed after spending 107ms reading results. 
2024-03-22 11:23:59.0690|DEBUG|Microsoft.EntityFrameworkCore.Database.Connection|Closing connection to database 'LitZhu' on server 'localhost'. 
2024-03-22 11:23:59.0690|DEBUG|Microsoft.EntityFrameworkCore.Database.Connection|Closed connection to database 'LitZhu' on server 'localhost' (3ms). 
2024-03-22 11:23:59.0960|WARN|User.Infrastructure.EmailCodeSender|向邮箱地址：litzhuvich@foxmain.com , 发送验证码：60121 
2024-03-22 11:23:59.1022|INFO|Microsoft.AspNetCore.Mvc.Infrastructure.ControllerActionInvoker|Executed action method LitZhu.WebApi.Controllers.User.AuthController.SendEmailCode (LitZhu.WebApi), returned result Microsoft.AspNetCore.Mvc.OkObjectResult in 768.3981ms. 
2024-03-22 11:23:59.1022|TRACE|Microsoft.AspNetCore.Mvc.Infrastructure.ControllerActionInvoker|Action Filter: Before executing OnActionExecuted on filter Microsoft.AspNetCore.Mvc.Infrastructure.ModelStateInvalidFilter. 
2024-03-22 11:23:59.1022|TRACE|Microsoft.AspNetCore.Mvc.Infrastructure.ControllerActionInvoker|Action Filter: After executing OnActionExecuted on filter Microsoft.AspNetCore.Mvc.Infrastructure.ModelStateInvalidFilter. 
2024-03-22 11:23:59.1022|TRACE|Microsoft.AspNetCore.Mvc.Infrastructure.ControllerActionInvoker|Action Filter: Before executing OnActionExecuted on filter Microsoft.AspNetCore.Mvc.ModelBinding.UnsupportedContentTypeFilter. 
2024-03-22 11:23:59.1022|TRACE|Microsoft.AspNetCore.Mvc.Infrastructure.ControllerActionInvoker|Action Filter: After executing OnActionExecuted on filter Microsoft.AspNetCore.Mvc.ModelBinding.UnsupportedContentTypeFilter. 
2024-03-22 11:23:59.1022|TRACE|Microsoft.AspNetCore.Mvc.Infrastructure.ControllerActionInvoker|Result Filter: Before executing OnResultExecuting on filter Microsoft.AspNetCore.Mvc.Infrastructure.ClientErrorResultFilter. 
2024-03-22 11:23:59.1022|TRACE|Microsoft.AspNetCore.Mvc.Infrastructure.ControllerActionInvoker|Result Filter: After executing OnResultExecuting on filter Microsoft.AspNetCore.Mvc.Infrastructure.ClientErrorResultFilter. 
2024-03-22 11:23:59.1022|TRACE|Microsoft.AspNetCore.Mvc.Infrastructure.ControllerActionInvoker|Before executing action result Microsoft.AspNetCore.Mvc.OkObjectResult. 
2024-03-22 11:23:59.1022|DEBUG|Microsoft.AspNetCore.Mvc.Infrastructure.DefaultOutputFormatterSelector|List of registered output formatters, in the following order: Microsoft.AspNetCore.Mvc.Formatters.HttpNoContentOutputFormatter, Microsoft.AspNetCore.Mvc.Formatters.StringOutputFormatter, Microsoft.AspNetCore.Mvc.Formatters.StreamOutputFormatter, Microsoft.AspNetCore.Mvc.Formatters.NewtonsoftJsonOutputFormatter 
2024-03-22 11:23:59.1022|DEBUG|Microsoft.AspNetCore.Mvc.Infrastructure.DefaultOutputFormatterSelector|No information found on request to perform content negotiation. 
2024-03-22 11:23:59.1022|DEBUG|Microsoft.AspNetCore.Mvc.Infrastructure.DefaultOutputFormatterSelector|Attempting to select an output formatter without using a content type as no explicit content types were specified for the response. 
2024-03-22 11:23:59.1022|DEBUG|Microsoft.AspNetCore.Mvc.Infrastructure.DefaultOutputFormatterSelector|Attempting to select the first formatter in the output formatters list which can write the result. 
2024-03-22 11:23:59.1022|DEBUG|Microsoft.AspNetCore.Mvc.Infrastructure.DefaultOutputFormatterSelector|Selected output formatter 'Microsoft.AspNetCore.Mvc.Formatters.NewtonsoftJsonOutputFormatter' and content type 'application/json' to write the response. 
2024-03-22 11:23:59.1022|INFO|Microsoft.AspNetCore.Mvc.Infrastructure.ObjectResultExecutor|Executing OkObjectResult, writing value of type 'LitZhu.WebApi.R'. 
2024-03-22 11:23:59.1384|TRACE|Microsoft.AspNetCore.Mvc.Infrastructure.ControllerActionInvoker|After executing action result Microsoft.AspNetCore.Mvc.OkObjectResult. 
2024-03-22 11:23:59.1384|TRACE|Microsoft.AspNetCore.Mvc.Infrastructure.ControllerActionInvoker|Result Filter: Before executing OnResultExecuted on filter Microsoft.AspNetCore.Mvc.Infrastructure.ClientErrorResultFilter. 
2024-03-22 11:23:59.1384|TRACE|Microsoft.AspNetCore.Mvc.Infrastructure.ControllerActionInvoker|Result Filter: After executing OnResultExecuted on filter Microsoft.AspNetCore.Mvc.Infrastructure.ClientErrorResultFilter. 
2024-03-22 11:23:59.1384|DEBUG|Microsoft.AspNetCore.Server.Kestrel.Transport.Sockets|Connection id "0HN2A3U02GK6G" received FIN. 
2024-03-22 11:23:59.1384|DEBUG|Microsoft.AspNetCore.Server.Kestrel.Transport.Sockets|Connection id "0HN2A3U02GK6G" sending FIN because: "The Socket transport's send loop completed gracefully." 
2024-03-22 11:23:59.1384|DEBUG|Microsoft.AspNetCore.Server.Kestrel.Connections|Connection id "0HN2A3U02GK6G" disconnecting. 
2024-03-22 11:23:59.1384|INFO|Microsoft.AspNetCore.Mvc.Infrastructure.ControllerActionInvoker|Executed action LitZhu.WebApi.Controllers.User.AuthController.SendEmailCode (LitZhu.WebApi) in 2002.5213ms 
2024-03-22 11:23:59.1384|INFO|Microsoft.AspNetCore.Routing.EndpointMiddleware|Executed endpoint 'LitZhu.WebApi.Controllers.User.AuthController.SendEmailCode (LitZhu.WebApi)' 
2024-03-22 11:23:59.1453|DEBUG|Microsoft.EntityFrameworkCore.Infrastructure|'UserDbContext' disposed. 
2024-03-22 11:23:59.1453|DEBUG|Microsoft.EntityFrameworkCore.Database.Connection|Disposing connection to database 'LitZhu' on server 'localhost'. 
2024-03-22 11:23:59.1453|DEBUG|Microsoft.EntityFrameworkCore.Database.Connection|Disposed connection to database 'LitZhu' on server 'localhost' (1ms). 
2024-03-22 11:23:59.1453|INFO|Microsoft.AspNetCore.Hosting.Diagnostics|Request finished HTTP/1.1 POST https://localhost:7290/api/Auth/SendEmailCode - 200 47 application/json;+charset=utf-8 2117.4836ms 
2024-03-22 11:23:59.1453|DEBUG|Microsoft.AspNetCore.Server.Kestrel.Connections|Connection id "0HN2A3U02GK6G" stopped. 
2024-03-22 11:24:32.2047|DEBUG|Microsoft.AspNetCore.Mvc.ModelBinding.ModelBinderFactory|Registered model binder providers, in the following order: Microsoft.AspNetCore.Mvc.ModelBinding.Binders.BinderTypeModelBinderProvider, Microsoft.AspNetCore.Mvc.ModelBinding.Binders.ServicesModelBinderProvider, Microsoft.AspNetCore.Mvc.ModelBinding.Binders.BodyModelBinderProvider, Microsoft.AspNetCore.Mvc.ModelBinding.Binders.HeaderModelBinderProvider, Microsoft.AspNetCore.Mvc.ModelBinding.Binders.FloatingPointTypeModelBinderProvider, Microsoft.AspNetCore.Mvc.ModelBinding.Binders.EnumTypeModelBinderProvider, Microsoft.AspNetCore.Mvc.ModelBinding.Binders.DateTimeModelBinderProvider, Microsoft.AspNetCore.Mvc.ModelBinding.Binders.SimpleTypeModelBinderProvider, Microsoft.AspNetCore.Mvc.ModelBinding.Binders.TryParseModelBinderProvider, Microsoft.AspNetCore.Mvc.ModelBinding.Binders.CancellationTokenModelBinderProvider, Microsoft.AspNetCore.Mvc.ModelBinding.Binders.ByteArrayModelBinderProvider, Microsoft.AspNetCore.Mvc.ModelBinding.Binders.FormFileModelBinderProvider, Microsoft.AspNetCore.Mvc.ModelBinding.Binders.FormCollectionModelBinderProvider, Microsoft.AspNetCore.Mvc.ModelBinding.Binders.KeyValuePairModelBinderProvider, Microsoft.AspNetCore.Mvc.ModelBinding.Binders.DictionaryModelBinderProvider, Microsoft.AspNetCore.Mvc.ModelBinding.Binders.ArrayModelBinderProvider, Microsoft.AspNetCore.Mvc.ModelBinding.Binders.CollectionModelBinderProvider, Microsoft.AspNetCore.Mvc.ModelBinding.Binders.ComplexObjectModelBinderProvider 
2024-03-22 11:24:32.3160|DEBUG|Microsoft.Extensions.Hosting.Internal.Host|Hosting starting 
2024-03-22 11:24:32.3526|INFO|Microsoft.AspNetCore.DataProtection.KeyManagement.XmlKeyManager|User profile is available. Using 'C:\Users\25968\AppData\Local\ASP.NET\DataProtection-Keys' as key repository and Windows DPAPI to encrypt keys at rest. 
2024-03-22 11:24:32.3526|DEBUG|Microsoft.AspNetCore.DataProtection.Repositories.FileSystemXmlRepository|Reading data from file 'C:\Users\25968\AppData\Local\ASP.NET\DataProtection-Keys\key-04331095-e001-4e86-a2a5-ac77c623d11c.xml'. 
2024-03-22 11:24:32.3640|DEBUG|Microsoft.AspNetCore.DataProtection.KeyManagement.XmlKeyManager|Found key {04331095-e001-4e86-a2a5-ac77c623d11c}. 
2024-03-22 11:24:32.3640|DEBUG|Microsoft.AspNetCore.DataProtection.KeyManagement.DefaultKeyResolver|Considering key {04331095-e001-4e86-a2a5-ac77c623d11c} with expiration date 2024-04-11 12:24:14Z as default key. 
2024-03-22 11:24:32.3640|DEBUG|Microsoft.AspNetCore.DataProtection.TypeForwardingActivator|Forwarded activator type request from Microsoft.AspNetCore.DataProtection.XmlEncryption.DpapiXmlDecryptor, Microsoft.AspNetCore.DataProtection, Version=8.0.0.0, Culture=neutral, PublicKeyToken=adb9793829ddae60 to Microsoft.AspNetCore.DataProtection.XmlEncryption.DpapiXmlDecryptor, Microsoft.AspNetCore.DataProtection, Culture=neutral, PublicKeyToken=adb9793829ddae60 
2024-03-22 11:24:32.3640|DEBUG|Microsoft.AspNetCore.DataProtection.XmlEncryption.DpapiXmlDecryptor|Decrypting secret element using Windows DPAPI. 
2024-03-22 11:24:32.3640|DEBUG|Microsoft.AspNetCore.DataProtection.TypeForwardingActivator|Forwarded activator type request from Microsoft.AspNetCore.DataProtection.AuthenticatedEncryption.ConfigurationModel.AuthenticatedEncryptorDescriptorDeserializer, Microsoft.AspNetCore.DataProtection, Version=8.0.0.0, Culture=neutral, PublicKeyToken=adb9793829ddae60 to Microsoft.AspNetCore.DataProtection.AuthenticatedEncryption.ConfigurationModel.AuthenticatedEncryptorDescriptorDeserializer, Microsoft.AspNetCore.DataProtection, Culture=neutral, PublicKeyToken=adb9793829ddae60 
2024-03-22 11:24:32.3640|DEBUG|Microsoft.AspNetCore.DataProtection.AuthenticatedEncryption.CngCbcAuthenticatedEncryptorFactory|Opening CNG algorithm 'AES' from provider '(null)' with chaining mode CBC. 
2024-03-22 11:24:32.3640|DEBUG|Microsoft.AspNetCore.DataProtection.AuthenticatedEncryption.CngCbcAuthenticatedEncryptorFactory|Opening CNG algorithm 'SHA256' from provider '(null)' with HMAC. 
2024-03-22 11:24:32.3802|DEBUG|Microsoft.AspNetCore.DataProtection.KeyManagement.KeyRingProvider|Using key {04331095-e001-4e86-a2a5-ac77c623d11c} as the default key. 
2024-03-22 11:24:32.3802|DEBUG|Microsoft.AspNetCore.DataProtection.Internal.DataProtectionHostedService|Key ring with default key {04331095-e001-4e86-a2a5-ac77c623d11c} was loaded during application startup. 
2024-03-22 11:24:32.6822|INFO|Microsoft.Hosting.Lifetime|Now listening on: https://localhost:7290 
2024-03-22 11:24:32.6822|INFO|Microsoft.Hosting.Lifetime|Now listening on: http://localhost:5167 
2024-03-22 11:24:32.6822|DEBUG|Microsoft.AspNetCore.Hosting.Diagnostics|Loaded hosting startup assembly LitZhu.WebApi 
2024-03-22 11:24:32.6822|DEBUG|Microsoft.AspNetCore.Hosting.Diagnostics|Loaded hosting startup assembly Microsoft.AspNetCore.Watch.BrowserRefresh 
2024-03-22 11:24:32.6822|DEBUG|Microsoft.AspNetCore.Hosting.Diagnostics|Loaded hosting startup assembly Microsoft.WebTools.BrowserLink.Net 
2024-03-22 11:24:32.6822|INFO|Microsoft.Hosting.Lifetime|Application started. Press Ctrl+C to shut down. 
2024-03-22 11:24:32.6822|INFO|Microsoft.Hosting.Lifetime|Hosting environment: Development 
2024-03-22 11:24:32.6822|INFO|Microsoft.Hosting.Lifetime|Content root path: D:\Desktop\website\litzhu\LitZhu_backend\LitZhu.WebApi 
2024-03-22 11:24:32.6822|DEBUG|Microsoft.Extensions.Hosting.Internal.Host|Hosting started 
2024-03-22 11:24:33.1369|DEBUG|Microsoft.AspNetCore.Server.Kestrel.Connections|Connection id "0HN2A3UBT50BH" accepted. 
2024-03-22 11:24:33.1369|DEBUG|Microsoft.AspNetCore.Server.Kestrel.Connections|Connection id "0HN2A3UBT50BH" started. 
2024-03-22 11:24:33.1453|DEBUG|Microsoft.AspNetCore.Server.Kestrel.Connections|Connection id "0HN2A3UBT50BI" accepted. 
2024-03-22 11:24:33.1453|DEBUG|Microsoft.AspNetCore.Server.Kestrel.Connections|Connection id "0HN2A3UBT50BI" started. 
2024-03-22 11:24:33.1759|DEBUG|Microsoft.AspNetCore.Server.Kestrel.Transport.Sockets|Connection id "0HN2A3UBT50BH" received FIN. 
2024-03-22 11:24:33.1759|DEBUG|Microsoft.AspNetCore.Server.Kestrel.Transport.Sockets|Connection id "0HN2A3UBT50BI" received FIN. 
2024-03-22 11:24:33.1892|DEBUG|Microsoft.AspNetCore.Server.Kestrel.Https.Internal.HttpsConnectionMiddleware|Failed to authenticate HTTPS connection. System.IO.IOException: Received an unexpected EOF or 0 bytes from the transport stream.
   at System.Net.Security.SslStream.ReceiveHandshakeFrameAsync[TIOAdapter](CancellationToken cancellationToken)
   at System.Net.Security.SslStream.ForceAuthenticationAsync[TIOAdapter](Boolean receiveFirst, Byte[] reAuthenticationData, CancellationToken cancellationToken)
   at System.Net.Security.SslStream.ProcessAuthenticationWithTelemetryAsync(Boolean isAsync, CancellationToken cancellationToken)
   at Microsoft.AspNetCore.Server.Kestrel.Https.Internal.HttpsConnectionMiddleware.OnConnectionAsync(ConnectionContext context)
2024-03-22 11:24:33.1892|DEBUG|Microsoft.AspNetCore.Server.Kestrel.Https.Internal.HttpsConnectionMiddleware|Failed to authenticate HTTPS connection. System.IO.IOException: Received an unexpected EOF or 0 bytes from the transport stream.
   at System.Net.Security.SslStream.ReceiveHandshakeFrameAsync[TIOAdapter](CancellationToken cancellationToken)
   at System.Net.Security.SslStream.ForceAuthenticationAsync[TIOAdapter](Boolean receiveFirst, Byte[] reAuthenticationData, CancellationToken cancellationToken)
   at System.Net.Security.SslStream.ProcessAuthenticationWithTelemetryAsync(Boolean isAsync, CancellationToken cancellationToken)
   at Microsoft.AspNetCore.Server.Kestrel.Https.Internal.HttpsConnectionMiddleware.OnConnectionAsync(ConnectionContext context)
2024-03-22 11:24:33.1943|DEBUG|Microsoft.AspNetCore.Server.Kestrel.Connections|Connection id "0HN2A3UBT50BI" stopped. 
2024-03-22 11:24:33.1943|DEBUG|Microsoft.AspNetCore.Server.Kestrel.Connections|Connection id "0HN2A3UBT50BH" stopped. 
2024-03-22 11:24:33.1943|DEBUG|Microsoft.AspNetCore.Server.Kestrel.Transport.Sockets|Connection id "0HN2A3UBT50BH" sending FIN because: "The Socket transport's send loop completed gracefully." 
2024-03-22 11:24:33.1943|DEBUG|Microsoft.AspNetCore.Server.Kestrel.Transport.Sockets|Connection id "0HN2A3UBT50BI" sending FIN because: "The Socket transport's send loop completed gracefully." 
2024-03-22 11:24:38.9299|DEBUG|Microsoft.AspNetCore.Server.Kestrel.Connections|Connection id "0HN2A3UBT50BJ" accepted. 
2024-03-22 11:24:38.9299|DEBUG|Microsoft.AspNetCore.Server.Kestrel.Connections|Connection id "0HN2A3UBT50BJ" started. 
2024-03-22 11:24:39.0477|DEBUG|Microsoft.AspNetCore.Server.Kestrel.Https.Internal.HttpsConnectionMiddleware|Connection 0HN2A3UBT50BJ established using the following protocol: Tls13 
2024-03-22 11:24:39.0849|TRACE|Microsoft.AspNetCore.Server.Kestrel.Http2|Connection id "0HN2A3UBT50BJ" sending SETTINGS frame for stream ID 0 with length 24 and flags NONE. 
2024-03-22 11:24:39.0849|TRACE|Microsoft.AspNetCore.Server.Kestrel.Http2|Connection id "0HN2A3UBT50BJ" sending WINDOW_UPDATE frame for stream ID 0 with length 4 and flags 0x0. 
2024-03-22 11:24:39.0849|TRACE|Microsoft.AspNetCore.Server.Kestrel.Http2|Connection id "0HN2A3UBT50BJ" received SETTINGS frame for stream ID 0 with length 24 and flags NONE. 
2024-03-22 11:24:39.0849|TRACE|Microsoft.AspNetCore.Server.Kestrel.Http2|Connection id "0HN2A3UBT50BJ" sending SETTINGS frame for stream ID 0 with length 0 and flags ACK. 
2024-03-22 11:24:39.0849|TRACE|Microsoft.AspNetCore.Server.Kestrel.Http2|Connection id "0HN2A3UBT50BJ" received WINDOW_UPDATE frame for stream ID 0 with length 4 and flags 0x0. 
2024-03-22 11:24:39.0849|TRACE|Microsoft.AspNetCore.Server.Kestrel.Http2|Connection id "0HN2A3UBT50BJ" received HEADERS frame for stream ID 1 with length 463 and flags END_STREAM, END_HEADERS, PRIORITY. 
2024-03-22 11:24:39.1220|TRACE|Microsoft.AspNetCore.Server.Kestrel.Http2|Connection id "0HN2A3UBT50BJ" received SETTINGS frame for stream ID 0 with length 0 and flags ACK. 
2024-03-22 11:24:39.1375|INFO|Microsoft.AspNetCore.Hosting.Diagnostics|Request starting HTTP/2 GET https://localhost:7290/swagger/index.html - - - 
2024-03-22 11:24:39.3514|DEBUG|Microsoft.AspNetCore.HostFiltering.HostFilteringMiddleware|Wildcard detected, all requests with hosts will be allowed. 
2024-03-22 11:24:39.3514|TRACE|Microsoft.AspNetCore.HostFiltering.HostFilteringMiddleware|All hosts are allowed. 
2024-03-22 11:24:39.3889|DEBUG|Microsoft.AspNetCore.Routing.Matching.DfaMatcher|No candidates found for the request path '/swagger/index.html' 
2024-03-22 11:24:39.3889|DEBUG|Microsoft.AspNetCore.Routing.EndpointRoutingMiddleware|Request did not match any endpoints 
2024-03-22 11:24:39.5572|DEBUG|Microsoft.AspNetCore.Watch.BrowserRefresh.BrowserRefreshMiddleware|Response markup is scheduled to include browser refresh script injection. 
2024-03-22 11:24:39.5572|TRACE|Microsoft.AspNetCore.Server.Kestrel.Http2|Connection id "0HN2A3UBT50BJ" sending HEADERS frame for stream ID 1 with length 66 and flags END_HEADERS. 
2024-03-22 11:24:39.5699|TRACE|Microsoft.AspNetCore.Server.Kestrel.Http2|Connection id "0HN2A3UBT50BJ" sending DATA frame for stream ID 1 with length 4096 and flags NONE. 
2024-03-22 11:24:39.5699|TRACE|Microsoft.AspNetCore.Server.Kestrel.Http2|Connection id "0HN2A3UBT50BJ" sending DATA frame for stream ID 1 with length 992 and flags NONE. 
2024-03-22 11:24:39.5699|TRACE|Microsoft.AspNetCore.Server.Kestrel.Http2|Connection id "0HN2A3UBT50BJ" sending DATA frame for stream ID 1 with length 81 and flags NONE. 
2024-03-22 11:24:39.5699|DEBUG|Microsoft.AspNetCore.Watch.BrowserRefresh.BrowserRefreshMiddleware|Response markup was updated to include browser refresh script injection. 
2024-03-22 11:24:39.5832|TRACE|Microsoft.AspNetCore.Server.Kestrel.Http2|Connection id "0HN2A3UBT50BJ" sending DATA frame for stream ID 1 with length 0 and flags END_STREAM. 
2024-03-22 11:24:39.5832|INFO|Microsoft.AspNetCore.Hosting.Diagnostics|Request finished HTTP/2 GET https://localhost:7290/swagger/index.html - 200 - text/html;charset=utf-8 457.7963ms 
2024-03-22 11:24:39.6383|TRACE|Microsoft.AspNetCore.Server.Kestrel.Http2|Connection id "0HN2A3UBT50BJ" received HEADERS frame for stream ID 3 with length 109 and flags END_STREAM, END_HEADERS, PRIORITY. 
2024-03-22 11:24:39.6383|INFO|Microsoft.AspNetCore.Hosting.Diagnostics|Request starting HTTP/2 GET https://localhost:7290/_framework/aspnetcore-browser-refresh.js - - - 
2024-03-22 11:24:39.6451|TRACE|Microsoft.AspNetCore.Server.Kestrel.Http2|Connection id "0HN2A3UBT50BJ" sending HEADERS frame for stream ID 3 with length 60 and flags END_HEADERS. 
2024-03-22 11:24:39.6451|TRACE|Microsoft.AspNetCore.Server.Kestrel.Http2|Connection id "0HN2A3UBT50BJ" sending DATA frame for stream ID 3 with length 13761 and flags NONE. 
2024-03-22 11:24:39.6451|TRACE|Microsoft.AspNetCore.Server.Kestrel.Http2|Connection id "0HN2A3UBT50BJ" sending DATA frame for stream ID 3 with length 0 and flags END_STREAM. 
2024-03-22 11:24:39.6451|INFO|Microsoft.AspNetCore.Hosting.Diagnostics|Request finished HTTP/2 GET https://localhost:7290/_framework/aspnetcore-browser-refresh.js - 200 13761 application/javascript;+charset=utf-8 10.0252ms 
2024-03-22 11:24:39.7218|TRACE|Microsoft.AspNetCore.Server.Kestrel.Http2|Connection id "0HN2A3UBT50BJ" received HEADERS frame for stream ID 5 with length 57 and flags END_STREAM, END_HEADERS, PRIORITY. 
2024-03-22 11:24:39.7218|INFO|Microsoft.AspNetCore.Hosting.Diagnostics|Request starting HTTP/2 GET https://localhost:7290/_vs/browserLink - - - 
2024-03-22 11:24:39.7672|TRACE|Microsoft.AspNetCore.Server.Kestrel.Http2|Connection id "0HN2A3UBT50BJ" sending HEADERS frame for stream ID 5 with length 119 and flags END_HEADERS. 
2024-03-22 11:24:39.7672|TRACE|Microsoft.AspNetCore.Server.Kestrel.Http2|Connection id "0HN2A3UBT50BJ" sending DATA frame for stream ID 5 with length 9986 and flags NONE. 
2024-03-22 11:24:39.7726|TRACE|Microsoft.AspNetCore.Server.Kestrel.Http2|Connection id "0HN2A3UBT50BJ" sending DATA frame for stream ID 5 with length 10240 and flags NONE. 
2024-03-22 11:24:39.7726|TRACE|Microsoft.AspNetCore.Server.Kestrel.Http2|Connection id "0HN2A3UBT50BJ" sending DATA frame for stream ID 5 with length 10240 and flags NONE. 
2024-03-22 11:24:39.7726|TRACE|Microsoft.AspNetCore.Server.Kestrel.Http2|Connection id "0HN2A3UBT50BJ" sending DATA frame for stream ID 5 with length 10240 and flags NONE. 
2024-03-22 11:24:39.7726|TRACE|Microsoft.AspNetCore.Server.Kestrel.Http2|Connection id "0HN2A3UBT50BJ" sending DATA frame for stream ID 5 with length 10240 and flags NONE. 
2024-03-22 11:24:39.7726|TRACE|Microsoft.AspNetCore.Server.Kestrel.Http2|Connection id "0HN2A3UBT50BJ" sending DATA frame for stream ID 5 with length 10240 and flags NONE. 
2024-03-22 11:24:39.7726|TRACE|Microsoft.AspNetCore.Server.Kestrel.Http2|Connection id "0HN2A3UBT50BJ" sending DATA frame for stream ID 5 with length 10240 and flags NONE. 
2024-03-22 11:24:39.7726|TRACE|Microsoft.AspNetCore.Server.Kestrel.Http2|Connection id "0HN2A3UBT50BJ" sending DATA frame for stream ID 5 with length 10240 and flags NONE. 
2024-03-22 11:24:39.7726|TRACE|Microsoft.AspNetCore.Server.Kestrel.Http2|Connection id "0HN2A3UBT50BJ" sending DATA frame for stream ID 5 with length 10240 and flags NONE. 
2024-03-22 11:24:39.7726|TRACE|Microsoft.AspNetCore.Server.Kestrel.Http2|Connection id "0HN2A3UBT50BJ" sending DATA frame for stream ID 5 with length 10240 and flags NONE. 
2024-03-22 11:24:39.7726|TRACE|Microsoft.AspNetCore.Server.Kestrel.Http2|Connection id "0HN2A3UBT50BJ" sending DATA frame for stream ID 5 with length 10240 and flags NONE. 
2024-03-22 11:24:39.7858|TRACE|Microsoft.AspNetCore.Server.Kestrel.Http2|Connection id "0HN2A3UBT50BJ" sending DATA frame for stream ID 5 with length 10240 and flags NONE. 
2024-03-22 11:24:39.7858|TRACE|Microsoft.AspNetCore.Server.Kestrel.Http2|Connection id "0HN2A3UBT50BJ" sending DATA frame for stream ID 5 with length 10240 and flags NONE. 
2024-03-22 11:24:39.7858|TRACE|Microsoft.AspNetCore.Server.Kestrel.Http2|Connection id "0HN2A3UBT50BJ" sending DATA frame for stream ID 5 with length 10240 and flags NONE. 
2024-03-22 11:24:39.7858|TRACE|Microsoft.AspNetCore.Server.Kestrel.Http2|Connection id "0HN2A3UBT50BJ" sending DATA frame for stream ID 5 with length 10240 and flags NONE. 
2024-03-22 11:24:39.7858|TRACE|Microsoft.AspNetCore.Server.Kestrel.Http2|Connection id "0HN2A3UBT50BJ" sending DATA frame for stream ID 5 with length 160 and flags NONE. 
2024-03-22 11:24:39.7858|INFO|Microsoft.AspNetCore.Hosting.Diagnostics|Request finished HTTP/2 GET https://localhost:7290/_vs/browserLink - 200 - text/javascript;+charset=UTF-8 69.7868ms 
2024-03-22 11:24:39.7858|TRACE|Microsoft.AspNetCore.Server.Kestrel.Http2|Connection id "0HN2A3UBT50BJ" sending DATA frame for stream ID 5 with length 0 and flags END_STREAM. 
2024-03-22 11:24:40.1395|TRACE|Microsoft.AspNetCore.Server.Kestrel.Http2|Connection id "0HN2A3UBT50BJ" received HEADERS frame for stream ID 7 with length 66 and flags END_STREAM, END_HEADERS, PRIORITY. 
2024-03-22 11:24:40.1395|INFO|Microsoft.AspNetCore.Hosting.Diagnostics|Request starting HTTP/2 GET https://localhost:7290/swagger/v1/swagger.json - - - 
2024-03-22 11:24:40.1395|TRACE|Microsoft.AspNetCore.HostFiltering.HostFilteringMiddleware|All hosts are allowed. 
2024-03-22 11:24:40.1395|DEBUG|Microsoft.AspNetCore.Routing.Matching.DfaMatcher|No candidates found for the request path '/swagger/v1/swagger.json' 
2024-03-22 11:24:40.1395|DEBUG|Microsoft.AspNetCore.Routing.EndpointRoutingMiddleware|Request did not match any endpoints 
2024-03-22 11:24:40.6184|TRACE|Microsoft.AspNetCore.Server.Kestrel.Http2|Connection id "0HN2A3UBT50BJ" sending HEADERS frame for stream ID 7 with length 65 and flags END_HEADERS. 
2024-03-22 11:24:40.6184|TRACE|Microsoft.AspNetCore.Server.Kestrel.Http2|Connection id "0HN2A3UBT50BJ" sending DATA frame for stream ID 7 with length 16384 and flags NONE. 
2024-03-22 11:24:40.6184|TRACE|Microsoft.AspNetCore.Server.Kestrel.Http2|Connection id "0HN2A3UBT50BJ" sending DATA frame for stream ID 7 with length 16384 and flags NONE. 
2024-03-22 11:24:40.6184|TRACE|Microsoft.AspNetCore.Server.Kestrel.Http2|Connection id "0HN2A3UBT50BJ" sending DATA frame for stream ID 7 with length 16384 and flags NONE. 
2024-03-22 11:24:40.6184|TRACE|Microsoft.AspNetCore.Server.Kestrel.Http2|Connection id "0HN2A3UBT50BJ" sending DATA frame for stream ID 7 with length 9384 and flags NONE. 
2024-03-22 11:24:40.6322|TRACE|Microsoft.AspNetCore.Server.Kestrel.Http2|Connection id "0HN2A3UBT50BJ" sending DATA frame for stream ID 7 with length 0 and flags END_STREAM. 
2024-03-22 11:24:40.6322|INFO|Microsoft.AspNetCore.Hosting.Diagnostics|Request finished HTTP/2 GET https://localhost:7290/swagger/v1/swagger.json - 200 - application/json;charset=utf-8 494.2376ms 
2024-03-22 11:24:41.3405|DEBUG|Microsoft.AspNetCore.Server.Kestrel.Transport.Sockets|Connection id "0HN2A3UBT50BJ" received FIN. 
2024-03-22 11:24:41.3405|DEBUG|Microsoft.AspNetCore.Server.Kestrel.Http2|The connection queue processing loop for 0HN2A3UBT50BJ completed. 
2024-03-22 11:24:41.3482|DEBUG|Microsoft.AspNetCore.Server.Kestrel.Http2|Connection id "0HN2A3UBT50BJ" is closed. The last processed stream ID was 7. 
2024-03-22 11:24:41.3482|DEBUG|Microsoft.AspNetCore.Server.Kestrel.Transport.Sockets|Connection id "0HN2A3UBT50BJ" sending FIN because: "The Socket transport's send loop completed gracefully." 
2024-03-22 11:24:41.3482|DEBUG|Microsoft.AspNetCore.Server.Kestrel.Connections|Connection id "0HN2A3UBT50BJ" stopped. 
2024-03-22 11:24:42.9430|DEBUG|Microsoft.AspNetCore.Server.Kestrel.Connections|Connection id "0HN2A3UBT50BK" accepted. 
2024-03-22 11:24:42.9430|DEBUG|Microsoft.AspNetCore.Server.Kestrel.Connections|Connection id "0HN2A3UBT50BK" started. 
2024-03-22 11:24:42.9430|DEBUG|Microsoft.AspNetCore.Server.Kestrel.Https.Internal.HttpsConnectionMiddleware|Connection 0HN2A3UBT50BK established using the following protocol: Tls13 
2024-03-22 11:24:42.9615|INFO|Microsoft.AspNetCore.Hosting.Diagnostics|Request starting HTTP/1.1 POST https://localhost:7290/api/Auth/SendEmailCode - application/json 38 
2024-03-22 11:24:42.9615|TRACE|Microsoft.AspNetCore.HostFiltering.HostFilteringMiddleware|All hosts are allowed. 
2024-03-22 11:24:42.9752|DEBUG|Microsoft.AspNetCore.Routing.Matching.DfaMatcher|1 candidate(s) found for the request path '/api/Auth/SendEmailCode' 
2024-03-22 11:24:42.9752|DEBUG|Microsoft.AspNetCore.Routing.Matching.DfaMatcher|Endpoint 'LitZhu.WebApi.Controllers.User.AuthController.SendEmailCode (LitZhu.WebApi)' with route pattern 'api/Auth/SendEmailCode' is valid for the request path '/api/Auth/SendEmailCode' 
2024-03-22 11:24:42.9752|DEBUG|Microsoft.AspNetCore.Routing.EndpointRoutingMiddleware|Request matched endpoint 'LitZhu.WebApi.Controllers.User.AuthController.SendEmailCode (LitZhu.WebApi)' 
2024-03-22 11:24:42.9752|TRACE|Microsoft.AspNetCore.Routing.EndpointRoutingMiddleware|The endpoint does not specify the IRequestSizeLimitMetadata. 
2024-03-22 11:24:42.9752|DEBUG|Microsoft.AspNetCore.StaticFiles.StaticFileMiddleware|Static files was skipped as the request already matched an endpoint. 
2024-03-22 11:24:43.0873|DEBUG|Microsoft.AspNetCore.Authentication.JwtBearer.JwtBearerHandler|AuthenticationScheme: Bearer was not authenticated. 
2024-03-22 11:24:43.0873|INFO|Microsoft.AspNetCore.Routing.EndpointMiddleware|Executing endpoint 'LitZhu.WebApi.Controllers.User.AuthController.SendEmailCode (LitZhu.WebApi)' 
2024-03-22 11:24:43.1146|INFO|Microsoft.AspNetCore.Mvc.Infrastructure.ControllerActionInvoker|Route matched with {action = "SendEmailCode", controller = "Auth"}. Executing controller action with signature System.Threading.Tasks.Task`1[Microsoft.AspNetCore.Mvc.ActionResult`1[System.String]] SendEmailCode(LitZhu.WebApi.Controllers.User.SendEmailCodeRequest) on controller LitZhu.WebApi.Controllers.User.AuthController (LitZhu.WebApi). 
2024-03-22 11:24:43.1146|DEBUG|Microsoft.AspNetCore.Mvc.Infrastructure.ControllerActionInvoker|Execution plan of authorization filters (in the following order): None 
2024-03-22 11:24:43.1146|DEBUG|Microsoft.AspNetCore.Mvc.Infrastructure.ControllerActionInvoker|Execution plan of resource filters (in the following order): None 
2024-03-22 11:24:43.1146|DEBUG|Microsoft.AspNetCore.Mvc.Infrastructure.ControllerActionInvoker|Execution plan of action filters (in the following order): Microsoft.AspNetCore.Mvc.ModelBinding.UnsupportedContentTypeFilter (Order: -3000), Microsoft.AspNetCore.Mvc.Infrastructure.ModelStateInvalidFilter (Order: -2000) 
2024-03-22 11:24:43.1146|DEBUG|Microsoft.AspNetCore.Mvc.Infrastructure.ControllerActionInvoker|Execution plan of exception filters (in the following order): None 
2024-03-22 11:24:43.1146|DEBUG|Microsoft.AspNetCore.Mvc.Infrastructure.ControllerActionInvoker|Execution plan of result filters (in the following order): Microsoft.AspNetCore.Mvc.Infrastructure.ClientErrorResultFilter (Order: -2000) 
2024-03-22 11:24:43.1146|DEBUG|Microsoft.AspNetCore.Mvc.Infrastructure.ControllerActionInvoker|Executing controller factory for controller LitZhu.WebApi.Controllers.User.AuthController (LitZhu.WebApi) 
2024-03-22 11:24:43.3338|DEBUG|Microsoft.EntityFrameworkCore.Infrastructure|An additional 'IServiceProvider' was created for internal use by Entity Framework. An existing service provider was not used due to the following configuration changes: configuration changed for 'Core:ConfigureWarnings', configuration added for 'Pomelo.EntityFrameworkCore.MySql:ServerVersion', configuration added for 'Pomelo.EntityFrameworkCore.MySql:DisableBackslashEscaping', configuration added for 'Pomelo.EntityFrameworkCore.MySql:SetSqlModeOnOpen', configuration added for 'Pomelo.EntityFrameworkCore.MySql:DisableLineBreakToCharSubstition', configuration added for 'Pomelo.EntityFrameworkCore.MySql:DefaultDataTypeMappings', configuration added for 'Pomelo.EntityFrameworkCore.MySql:SchemaBehavior', configuration added for 'Pomelo.EntityFrameworkCore.MySql:SchemaNameTranslator', configuration added for 'Pomelo.EntityFrameworkCore.MySql:EnableIndexOptimizedBooleanColumns', configuration added for 'Pomelo.EntityFrameworkCore.MySql:LimitKeyedOrIndexedStringColumnLength', configuration added for 'Pomelo.EntityFrameworkCore.MySql:EnableStringComparisonTranslations', configuration added for 'Pomelo.EntityFrameworkCore.MySql:EnablePrimitiveCollectionsSupport'. 
2024-03-22 11:24:43.7895|DEBUG|Microsoft.EntityFrameworkCore.Model|The index {'UserId'} was not created on entity type 'UserRoles' as the properties are already covered by the index {'UserId', 'RoleId'}. 
2024-03-22 11:24:43.8662|WARN|Microsoft.EntityFrameworkCore.Model.Validation|Entity 'Users' has a global query filter defined and is the required end of a relationship with the entity 'UserAccessFail'. This may lead to unexpected results when the required entity is filtered out. Either configure the navigation as optional, or define matching query filters for both entities in the navigation. See https://go.microsoft.com/fwlink/?linkid=2131316 for more information. 
2024-03-22 11:24:43.8662|WARN|Microsoft.EntityFrameworkCore.Model.Validation|Entity 'Roles' has a global query filter defined and is the required end of a relationship with the entity 'UserRoles'. This may lead to unexpected results when the required entity is filtered out. Either configure the navigation as optional, or define matching query filters for both entities in the navigation. See https://go.microsoft.com/fwlink/?linkid=2131316 for more information. 
2024-03-22 11:24:44.0377|DEBUG|Microsoft.EntityFrameworkCore.Infrastructure|Entity Framework Core 8.0.1 initialized 'UserDbContext' using provider 'Pomelo.EntityFrameworkCore.MySql:8.0.1' with options: ServerVersion=8.0.23-mysql  
2024-03-22 11:24:44.1943|DEBUG|Microsoft.AspNetCore.Mvc.Infrastructure.ControllerActionInvoker|Executed controller factory for controller LitZhu.WebApi.Controllers.User.AuthController (LitZhu.WebApi) 
2024-03-22 11:24:44.1943|DEBUG|Microsoft.AspNetCore.Mvc.ModelBinding.ParameterBinder|Attempting to bind parameter 'req' of type 'LitZhu.WebApi.Controllers.User.SendEmailCodeRequest' ... 
2024-03-22 11:24:44.1943|DEBUG|Microsoft.AspNetCore.Mvc.ModelBinding.Binders.BodyModelBinder|Attempting to bind parameter 'req' of type 'LitZhu.WebApi.Controllers.User.SendEmailCodeRequest' using the name '' in request data ... 
2024-03-22 11:24:44.1943|DEBUG|Microsoft.AspNetCore.Mvc.ModelBinding.Binders.BodyModelBinder|Rejected input formatter 'Microsoft.AspNetCore.Mvc.Formatters.NewtonsoftJsonPatchInputFormatter' for content type 'application/json'. 
2024-03-22 11:24:44.1943|DEBUG|Microsoft.AspNetCore.Mvc.ModelBinding.Binders.BodyModelBinder|Selected input formatter 'Microsoft.AspNetCore.Mvc.Formatters.NewtonsoftJsonInputFormatter' for content type 'application/json'. 
2024-03-22 11:24:44.2077|DEBUG|Microsoft.AspNetCore.Server.Kestrel|Connection id "0HN2A3UBT50BK", Request id "0HN2A3UBT50BK:00000001": started reading request body. 
2024-03-22 11:24:44.2077|DEBUG|Microsoft.AspNetCore.Server.Kestrel|Connection id "0HN2A3UBT50BK", Request id "0HN2A3UBT50BK:00000001": done reading request body. 
2024-03-22 11:24:44.2809|DEBUG|Microsoft.AspNetCore.Mvc.ModelBinding.Binders.BodyModelBinder|Done attempting to bind parameter 'req' of type 'LitZhu.WebApi.Controllers.User.SendEmailCodeRequest'. 
2024-03-22 11:24:44.2809|DEBUG|Microsoft.AspNetCore.Mvc.ModelBinding.ParameterBinder|Done attempting to bind parameter 'req' of type 'LitZhu.WebApi.Controllers.User.SendEmailCodeRequest'. 
2024-03-22 11:24:44.2809|DEBUG|Microsoft.AspNetCore.Mvc.ModelBinding.ParameterBinder|Attempting to validate the bound parameter 'req' of type 'LitZhu.WebApi.Controllers.User.SendEmailCodeRequest' ... 
2024-03-22 11:24:44.2896|DEBUG|Microsoft.AspNetCore.Mvc.ModelBinding.ParameterBinder|Done attempting to validate the bound parameter 'req' of type 'LitZhu.WebApi.Controllers.User.SendEmailCodeRequest'. 
2024-03-22 11:24:44.2896|TRACE|Microsoft.AspNetCore.Mvc.Infrastructure.ControllerActionInvoker|Action Filter: Before executing OnActionExecuting on filter Microsoft.AspNetCore.Mvc.ModelBinding.UnsupportedContentTypeFilter. 
2024-03-22 11:24:44.2896|TRACE|Microsoft.AspNetCore.Mvc.Infrastructure.ControllerActionInvoker|Action Filter: After executing OnActionExecuting on filter Microsoft.AspNetCore.Mvc.ModelBinding.UnsupportedContentTypeFilter. 
2024-03-22 11:24:44.2896|TRACE|Microsoft.AspNetCore.Mvc.Infrastructure.ControllerActionInvoker|Action Filter: Before executing OnActionExecuting on filter Microsoft.AspNetCore.Mvc.Infrastructure.ModelStateInvalidFilter. 
2024-03-22 11:24:44.2896|TRACE|Microsoft.AspNetCore.Mvc.Infrastructure.ControllerActionInvoker|Action Filter: After executing OnActionExecuting on filter Microsoft.AspNetCore.Mvc.Infrastructure.ModelStateInvalidFilter. 
2024-03-22 11:24:44.2896|INFO|Microsoft.AspNetCore.Mvc.Infrastructure.ControllerActionInvoker|Executing action method LitZhu.WebApi.Controllers.User.AuthController.SendEmailCode (LitZhu.WebApi) - Validation state: Valid 
2024-03-22 11:24:44.2896|TRACE|Microsoft.AspNetCore.Mvc.Infrastructure.ControllerActionInvoker|Executing action method LitZhu.WebApi.Controllers.User.AuthController.SendEmailCode (LitZhu.WebApi) with arguments (SendEmailCodeRequest { Email = litzhuvich@foxmain.com }) 
2024-03-22 11:24:44.3571|DEBUG|Microsoft.EntityFrameworkCore.Query|Compiling query expression: 
'DbSet<Users>()
    .Include(x => x.UserAccessFail)
    .Include(x => x.UserRoles)
    .ThenInclude(ur => ur.Roles)
    .FirstOrDefault(x => x.Email == __email_0)' 
2024-03-22 11:24:44.4222|DEBUG|Microsoft.EntityFrameworkCore.Query|Including navigation: 'Users.UserAccessFail'. 
2024-03-22 11:24:44.4222|DEBUG|Microsoft.EntityFrameworkCore.Query|Including navigation: 'Users.UserRoles'. 
2024-03-22 11:24:44.4222|DEBUG|Microsoft.EntityFrameworkCore.Query|Including navigation: 'UserRoles.Roles'. 
2024-03-22 11:24:44.6542|DEBUG|Microsoft.EntityFrameworkCore.Query|Generated query execution expression: 
'queryContext => ShapedQueryCompilingExpressionVisitor.SingleOrDefaultAsync<Users>(
    asyncEnumerable: new SingleQueryingEnumerable<Users>(
        (RelationalQueryContext)queryContext, 
        RelationalCommandCache.QueryExpression(
            Client Projections:
                0 -> Dictionary<IProperty, int> { [Property: Users.Id (Guid) Required PK AfterSave:Throw ValueGenerated.OnAdd, 0], [Property: Users.Avatar (string), 1], [Property: Users.CreationTime (DateTime) Required, 2], [Property: Users.DeletionTime (DateTime?), 3], [Property: Users.Email (string), 4], [Property: Users.Gender (Gender) Required, 5], [Property: Users.IsDeleted (bool) Required Index, 6], [Property: Users.LastModificationTime (DateTime?), 7], [Property: Users.Password (string) Required MaxLength(100) ANSI, 8], [Property: Users.Phone (string), 9], [Property: Users.Username (string) Required Index MaxLength(10), 10] }
                1 -> Dictionary<IProperty, int> { [Property: UserAccessFail.Id (Guid) Required PK AfterSave:Throw ValueGenerated.OnAdd, 11], [Property: UserAccessFail.AccessFailedCount (int) Required, 12], [Property: UserAccessFail.CreationTime (DateTime) Required, 13], [Property: UserAccessFail.IsLockOut (bool) Required, 14], [Property: UserAccessFail.LockOutEnd (DateTime?), 15], [Property: UserAccessFail.UserId (Guid) Required FK Index, 16] }
                2 -> 0
                3 -> 11
                4 -> Dictionary<IProperty, int> { [Property: UserRoles.UserId (Guid) Required PK FK AfterSave:Throw, 17], [Property: UserRoles.RoleId (Guid) Required PK FK Index AfterSave:Throw, 18] }
                5 -> Dictionary<IProperty, int> { [Property: Roles.Id (Guid) Required PK AfterSave:Throw ValueGenerated.OnAdd, 19], [Property: Roles.CreationTime (DateTime) Required, 20], [Property: Roles.DeletionTime (DateTime?), 21], [Property: Roles.IsDeleted (bool) Required Index, 22], [Property: Roles.LastModificationTime (DateTime?), 23], [Property: Roles.RoleDesc (string) Required, 24], [Property: Roles.RoleName (string) Required MaxLength(10), 25] }
                6 -> 17
                7 -> 18
                8 -> 19
            SELECT t.Id, t.Avatar, t.CreationTime, t.DeletionTime, t.Email, t.Gender, t.IsDeleted, t.LastModificationTime, t.Password, t.Phone, t.Username, t.Id0, t.AccessFailedCount, t.CreationTime0, t.IsLockOut, t.LockOutEnd, t.UserId, t0.UserId, t0.RoleId, t0.Id, t0.CreationTime, t0.DeletionTime, t0.IsDeleted, t0.LastModificationTime, t0.RoleDesc, t0.RoleName
            FROM 
            (
                SELECT TOP(1) u.Id, u.Avatar, u.CreationTime, u.DeletionTime, u.Email, u.Gender, u.IsDeleted, u.LastModificationTime, u.Password, u.Phone, u.Username, u0.Id AS Id0, u0.AccessFailedCount, u0.CreationTime AS CreationTime0, u0.IsLockOut, u0.LockOutEnd, u0.UserId
                FROM Users AS u
                LEFT JOIN UserAccessFails AS u0 ON u.Id == u0.UserId
                WHERE (u.IsDeleted == FALSE) && (u.Email == @__email_0)
            ) AS t
            LEFT JOIN 
            (
                SELECT u1.UserId, u1.RoleId, t1.Id, t1.CreationTime, t1.DeletionTime, t1.IsDeleted, t1.LastModificationTime, t1.RoleDesc, t1.RoleName
                FROM Users_Roles AS u1
                INNER JOIN 
                (
                    SELECT r.Id, r.CreationTime, r.DeletionTime, r.IsDeleted, r.LastModificationTime, r.RoleDesc, r.RoleName
                    FROM Roles AS r
                    WHERE r.IsDeleted == FALSE
                ) AS t1 ON u1.RoleId == t1.Id
            ) AS t0 ON t.Id == t0.UserId
            ORDER BY t.Id ASC, t.Id0 ASC, t0.UserId ASC, t0.RoleId ASC), 
        null, 
        Func<QueryContext, DbDataReader, ResultContext, SingleQueryResultCoordinator, Users>, 
        User.Infrastructure.UserDbContext, 
        False, 
        False, 
        True
    ), 
    cancellationToken: queryContext.CancellationToken)' 
2024-03-22 11:24:44.6921|DEBUG|Microsoft.EntityFrameworkCore.Database.Connection|Creating DbConnection. 
2024-03-22 11:24:44.6921|DEBUG|Microsoft.EntityFrameworkCore.Database.Connection|Created DbConnection. (4ms). 
2024-03-22 11:24:44.6921|DEBUG|Microsoft.EntityFrameworkCore.Database.Connection|Opening connection to database 'LitZhu' on server 'localhost'. 
2024-03-22 11:24:44.8246|DEBUG|Microsoft.EntityFrameworkCore.Database.Connection|Opened connection to database 'LitZhu' on server 'localhost'. 
2024-03-22 11:24:44.8246|DEBUG|Microsoft.EntityFrameworkCore.Database.Command|Creating DbCommand for 'ExecuteReader'. 
2024-03-22 11:24:44.8246|DEBUG|Microsoft.EntityFrameworkCore.Database.Command|Created DbCommand for 'ExecuteReader' (2ms). 
2024-03-22 11:24:44.8424|DEBUG|Microsoft.EntityFrameworkCore.Database.Command|Initialized DbCommand for 'ExecuteReader' (15ms). 
2024-03-22 11:24:44.8486|DEBUG|Microsoft.EntityFrameworkCore.Database.Command|Executing DbCommand [Parameters=[@__email_0='?' (Size = 4000)], CommandType='Text', CommandTimeout='30']
SELECT `t`.`Id`, `t`.`Avatar`, `t`.`CreationTime`, `t`.`DeletionTime`, `t`.`Email`, `t`.`Gender`, `t`.`IsDeleted`, `t`.`LastModificationTime`, `t`.`Password`, `t`.`Phone`, `t`.`Username`, `t`.`Id0`, `t`.`AccessFailedCount`, `t`.`CreationTime0`, `t`.`IsLockOut`, `t`.`LockOutEnd`, `t`.`UserId`, `t0`.`UserId`, `t0`.`RoleId`, `t0`.`Id`, `t0`.`CreationTime`, `t0`.`DeletionTime`, `t0`.`IsDeleted`, `t0`.`LastModificationTime`, `t0`.`RoleDesc`, `t0`.`RoleName`
FROM (
    SELECT `u`.`Id`, `u`.`Avatar`, `u`.`CreationTime`, `u`.`DeletionTime`, `u`.`Email`, `u`.`Gender`, `u`.`IsDeleted`, `u`.`LastModificationTime`, `u`.`Password`, `u`.`Phone`, `u`.`Username`, `u0`.`Id` AS `Id0`, `u0`.`AccessFailedCount`, `u0`.`CreationTime` AS `CreationTime0`, `u0`.`IsLockOut`, `u0`.`LockOutEnd`, `u0`.`UserId`
    FROM `Users` AS `u`
    LEFT JOIN `UserAccessFails` AS `u0` ON `u`.`Id` = `u0`.`UserId`
    WHERE NOT (`u`.`IsDeleted`) AND (`u`.`Email` = @__email_0)
    LIMIT 1
) AS `t`
LEFT JOIN (
    SELECT `u1`.`UserId`, `u1`.`RoleId`, `t1`.`Id`, `t1`.`CreationTime`, `t1`.`DeletionTime`, `t1`.`IsDeleted`, `t1`.`LastModificationTime`, `t1`.`RoleDesc`, `t1`.`RoleName`
    FROM `Users_Roles` AS `u1`
    INNER JOIN (
        SELECT `r`.`Id`, `r`.`CreationTime`, `r`.`DeletionTime`, `r`.`IsDeleted`, `r`.`LastModificationTime`, `r`.`RoleDesc`, `r`.`RoleName`
        FROM `Roles` AS `r`
        WHERE NOT (`r`.`IsDeleted`)
    ) AS `t1` ON `u1`.`RoleId` = `t1`.`Id`
) AS `t0` ON `t`.`Id` = `t0`.`UserId`
ORDER BY `t`.`Id`, `t`.`Id0`, `t0`.`UserId`, `t0`.`RoleId` 
2024-03-22 11:24:44.8865|INFO|Microsoft.EntityFrameworkCore.Database.Command|Executed DbCommand (39ms) [Parameters=[@__email_0='?' (Size = 4000)], CommandType='Text', CommandTimeout='30']
SELECT `t`.`Id`, `t`.`Avatar`, `t`.`CreationTime`, `t`.`DeletionTime`, `t`.`Email`, `t`.`Gender`, `t`.`IsDeleted`, `t`.`LastModificationTime`, `t`.`Password`, `t`.`Phone`, `t`.`Username`, `t`.`Id0`, `t`.`AccessFailedCount`, `t`.`CreationTime0`, `t`.`IsLockOut`, `t`.`LockOutEnd`, `t`.`UserId`, `t0`.`UserId`, `t0`.`RoleId`, `t0`.`Id`, `t0`.`CreationTime`, `t0`.`DeletionTime`, `t0`.`IsDeleted`, `t0`.`LastModificationTime`, `t0`.`RoleDesc`, `t0`.`RoleName`
FROM (
    SELECT `u`.`Id`, `u`.`Avatar`, `u`.`CreationTime`, `u`.`DeletionTime`, `u`.`Email`, `u`.`Gender`, `u`.`IsDeleted`, `u`.`LastModificationTime`, `u`.`Password`, `u`.`Phone`, `u`.`Username`, `u0`.`Id` AS `Id0`, `u0`.`AccessFailedCount`, `u0`.`CreationTime` AS `CreationTime0`, `u0`.`IsLockOut`, `u0`.`LockOutEnd`, `u0`.`UserId`
    FROM `Users` AS `u`
    LEFT JOIN `UserAccessFails` AS `u0` ON `u`.`Id` = `u0`.`UserId`
    WHERE NOT (`u`.`IsDeleted`) AND (`u`.`Email` = @__email_0)
    LIMIT 1
) AS `t`
LEFT JOIN (
    SELECT `u1`.`UserId`, `u1`.`RoleId`, `t1`.`Id`, `t1`.`CreationTime`, `t1`.`DeletionTime`, `t1`.`IsDeleted`, `t1`.`LastModificationTime`, `t1`.`RoleDesc`, `t1`.`RoleName`
    FROM `Users_Roles` AS `u1`
    INNER JOIN (
        SELECT `r`.`Id`, `r`.`CreationTime`, `r`.`DeletionTime`, `r`.`IsDeleted`, `r`.`LastModificationTime`, `r`.`RoleDesc`, `r`.`RoleName`
        FROM `Roles` AS `r`
        WHERE NOT (`r`.`IsDeleted`)
    ) AS `t1` ON `u1`.`RoleId` = `t1`.`Id`
) AS `t0` ON `t`.`Id` = `t0`.`UserId`
ORDER BY `t`.`Id`, `t`.`Id0`, `t0`.`UserId`, `t0`.`RoleId` 
2024-03-22 11:24:44.9248|DEBUG|Microsoft.EntityFrameworkCore.ChangeTracking|Context 'UserDbContext' started tracking 'Users' entity. Consider using 'DbContextOptionsBuilder.EnableSensitiveDataLogging' to see key values. 
2024-03-22 11:24:44.9733|DEBUG|Microsoft.EntityFrameworkCore.ChangeTracking|The navigation 'Users.UserAccessFail' was detected as changed. Consider using 'DbContextOptionsBuilder.EnableSensitiveDataLogging' to see key values. 
2024-03-22 11:24:44.9733|DEBUG|Microsoft.EntityFrameworkCore.ChangeTracking|Context 'UserDbContext' started tracking 'UserAccessFail' entity. Consider using 'DbContextOptionsBuilder.EnableSensitiveDataLogging' to see key values. 
2024-03-22 11:24:44.9970|DEBUG|Microsoft.EntityFrameworkCore.Database.Command|Closing data reader to 'LitZhu' on server 'localhost'. 
2024-03-22 11:24:45.0083|DEBUG|Microsoft.EntityFrameworkCore.Database.Command|A data reader for 'LitZhu' on server 'localhost' is being disposed after spending 116ms reading results. 
2024-03-22 11:24:45.0083|DEBUG|Microsoft.EntityFrameworkCore.Database.Connection|Closing connection to database 'LitZhu' on server 'localhost'. 
2024-03-22 11:24:45.0083|DEBUG|Microsoft.EntityFrameworkCore.Database.Connection|Closed connection to database 'LitZhu' on server 'localhost' (6ms). 
2024-03-22 11:24:45.0419|WARN|User.Infrastructure.EmailCodeSender|向邮箱地址：litzhuvich@foxmain.com , 发送验证码：40397 
2024-03-22 11:24:45.0419|INFO|Microsoft.AspNetCore.Mvc.Infrastructure.ControllerActionInvoker|Executed action method LitZhu.WebApi.Controllers.User.AuthController.SendEmailCode (LitZhu.WebApi), returned result Microsoft.AspNetCore.Mvc.OkObjectResult in 748.9626ms. 
2024-03-22 11:24:45.0529|TRACE|Microsoft.AspNetCore.Mvc.Infrastructure.ControllerActionInvoker|Action Filter: Before executing OnActionExecuted on filter Microsoft.AspNetCore.Mvc.Infrastructure.ModelStateInvalidFilter. 
2024-03-22 11:24:45.0529|TRACE|Microsoft.AspNetCore.Mvc.Infrastructure.ControllerActionInvoker|Action Filter: After executing OnActionExecuted on filter Microsoft.AspNetCore.Mvc.Infrastructure.ModelStateInvalidFilter. 
2024-03-22 11:24:45.0529|TRACE|Microsoft.AspNetCore.Mvc.Infrastructure.ControllerActionInvoker|Action Filter: Before executing OnActionExecuted on filter Microsoft.AspNetCore.Mvc.ModelBinding.UnsupportedContentTypeFilter. 
2024-03-22 11:24:45.0529|TRACE|Microsoft.AspNetCore.Mvc.Infrastructure.ControllerActionInvoker|Action Filter: After executing OnActionExecuted on filter Microsoft.AspNetCore.Mvc.ModelBinding.UnsupportedContentTypeFilter. 
2024-03-22 11:24:45.0529|TRACE|Microsoft.AspNetCore.Mvc.Infrastructure.ControllerActionInvoker|Result Filter: Before executing OnResultExecuting on filter Microsoft.AspNetCore.Mvc.Infrastructure.ClientErrorResultFilter. 
2024-03-22 11:24:45.0529|TRACE|Microsoft.AspNetCore.Mvc.Infrastructure.ControllerActionInvoker|Result Filter: After executing OnResultExecuting on filter Microsoft.AspNetCore.Mvc.Infrastructure.ClientErrorResultFilter. 
2024-03-22 11:24:45.0529|TRACE|Microsoft.AspNetCore.Mvc.Infrastructure.ControllerActionInvoker|Before executing action result Microsoft.AspNetCore.Mvc.OkObjectResult. 
2024-03-22 11:24:45.0529|DEBUG|Microsoft.AspNetCore.Mvc.Infrastructure.DefaultOutputFormatterSelector|List of registered output formatters, in the following order: Microsoft.AspNetCore.Mvc.Formatters.HttpNoContentOutputFormatter, Microsoft.AspNetCore.Mvc.Formatters.StringOutputFormatter, Microsoft.AspNetCore.Mvc.Formatters.StreamOutputFormatter, Microsoft.AspNetCore.Mvc.Formatters.NewtonsoftJsonOutputFormatter 
2024-03-22 11:24:45.0529|DEBUG|Microsoft.AspNetCore.Mvc.Infrastructure.DefaultOutputFormatterSelector|No information found on request to perform content negotiation. 
2024-03-22 11:24:45.0529|DEBUG|Microsoft.AspNetCore.Mvc.Infrastructure.DefaultOutputFormatterSelector|Attempting to select an output formatter without using a content type as no explicit content types were specified for the response. 
2024-03-22 11:24:45.0529|DEBUG|Microsoft.AspNetCore.Mvc.Infrastructure.DefaultOutputFormatterSelector|Attempting to select the first formatter in the output formatters list which can write the result. 
2024-03-22 11:24:45.0529|DEBUG|Microsoft.AspNetCore.Mvc.Infrastructure.DefaultOutputFormatterSelector|Selected output formatter 'Microsoft.AspNetCore.Mvc.Formatters.NewtonsoftJsonOutputFormatter' and content type 'application/json' to write the response. 
2024-03-22 11:24:45.0529|INFO|Microsoft.AspNetCore.Mvc.Infrastructure.ObjectResultExecutor|Executing OkObjectResult, writing value of type 'LitZhu.WebApi.R'. 
2024-03-22 11:24:45.0917|TRACE|Microsoft.AspNetCore.Mvc.Infrastructure.ControllerActionInvoker|After executing action result Microsoft.AspNetCore.Mvc.OkObjectResult. 
2024-03-22 11:24:45.0917|TRACE|Microsoft.AspNetCore.Mvc.Infrastructure.ControllerActionInvoker|Result Filter: Before executing OnResultExecuted on filter Microsoft.AspNetCore.Mvc.Infrastructure.ClientErrorResultFilter. 
2024-03-22 11:24:45.0917|TRACE|Microsoft.AspNetCore.Mvc.Infrastructure.ControllerActionInvoker|Result Filter: After executing OnResultExecuted on filter Microsoft.AspNetCore.Mvc.Infrastructure.ClientErrorResultFilter. 
2024-03-22 11:24:45.0917|DEBUG|Microsoft.AspNetCore.Server.Kestrel.Transport.Sockets|Connection id "0HN2A3UBT50BK" received FIN. 
2024-03-22 11:24:45.0917|DEBUG|Microsoft.AspNetCore.Server.Kestrel.Transport.Sockets|Connection id "0HN2A3UBT50BK" sending FIN because: "The Socket transport's send loop completed gracefully." 
2024-03-22 11:24:45.0917|DEBUG|Microsoft.AspNetCore.Server.Kestrel.Connections|Connection id "0HN2A3UBT50BK" disconnecting. 
2024-03-22 11:24:45.0975|INFO|Microsoft.AspNetCore.Mvc.Infrastructure.ControllerActionInvoker|Executed action LitZhu.WebApi.Controllers.User.AuthController.SendEmailCode (LitZhu.WebApi) in 1976.0332ms 
2024-03-22 11:24:45.0975|INFO|Microsoft.AspNetCore.Routing.EndpointMiddleware|Executed endpoint 'LitZhu.WebApi.Controllers.User.AuthController.SendEmailCode (LitZhu.WebApi)' 
2024-03-22 11:24:45.0975|DEBUG|Microsoft.EntityFrameworkCore.Infrastructure|'UserDbContext' disposed. 
2024-03-22 11:24:45.0975|DEBUG|Microsoft.EntityFrameworkCore.Database.Connection|Disposing connection to database 'LitZhu' on server 'localhost'. 
2024-03-22 11:24:45.0975|DEBUG|Microsoft.EntityFrameworkCore.Database.Connection|Disposed connection to database 'LitZhu' on server 'localhost' (1ms). 
2024-03-22 11:24:45.0975|INFO|Microsoft.AspNetCore.Hosting.Diagnostics|Request finished HTTP/1.1 POST https://localhost:7290/api/Auth/SendEmailCode - 200 47 application/json;+charset=utf-8 2144.9120ms 
2024-03-22 11:24:45.0975|DEBUG|Microsoft.AspNetCore.Server.Kestrel.Connections|Connection id "0HN2A3UBT50BK" stopped. 
2024-03-22 11:24:55.0761|DEBUG|Microsoft.AspNetCore.Server.Kestrel.Connections|Connection id "0HN2A3UBT50BL" accepted. 
2024-03-22 11:24:55.0761|DEBUG|Microsoft.AspNetCore.Server.Kestrel.Connections|Connection id "0HN2A3UBT50BL" started. 
2024-03-22 11:24:55.0855|DEBUG|Microsoft.AspNetCore.Server.Kestrel.Https.Internal.HttpsConnectionMiddleware|Connection 0HN2A3UBT50BL established using the following protocol: Tls13 
2024-03-22 11:24:55.0855|INFO|Microsoft.AspNetCore.Hosting.Diagnostics|Request starting HTTP/1.1 POST https://localhost:7290/api/Auth/SendEmailCode - application/json 38 
2024-03-22 11:24:55.0855|TRACE|Microsoft.AspNetCore.HostFiltering.HostFilteringMiddleware|All hosts are allowed. 
2024-03-22 11:24:55.0855|DEBUG|Microsoft.AspNetCore.Routing.Matching.DfaMatcher|1 candidate(s) found for the request path '/api/Auth/SendEmailCode' 
2024-03-22 11:24:55.0855|DEBUG|Microsoft.AspNetCore.Routing.Matching.DfaMatcher|Endpoint 'LitZhu.WebApi.Controllers.User.AuthController.SendEmailCode (LitZhu.WebApi)' with route pattern 'api/Auth/SendEmailCode' is valid for the request path '/api/Auth/SendEmailCode' 
2024-03-22 11:24:55.0855|DEBUG|Microsoft.AspNetCore.Routing.EndpointRoutingMiddleware|Request matched endpoint 'LitZhu.WebApi.Controllers.User.AuthController.SendEmailCode (LitZhu.WebApi)' 
2024-03-22 11:24:55.0855|TRACE|Microsoft.AspNetCore.Routing.EndpointRoutingMiddleware|The endpoint does not specify the IRequestSizeLimitMetadata. 
2024-03-22 11:24:55.0855|DEBUG|Microsoft.AspNetCore.StaticFiles.StaticFileMiddleware|Static files was skipped as the request already matched an endpoint. 
2024-03-22 11:24:55.0855|DEBUG|Microsoft.AspNetCore.Authentication.JwtBearer.JwtBearerHandler|AuthenticationScheme: Bearer was not authenticated. 
2024-03-22 11:24:55.0855|INFO|Microsoft.AspNetCore.Routing.EndpointMiddleware|Executing endpoint 'LitZhu.WebApi.Controllers.User.AuthController.SendEmailCode (LitZhu.WebApi)' 
2024-03-22 11:24:55.0855|INFO|Microsoft.AspNetCore.Mvc.Infrastructure.ControllerActionInvoker|Route matched with {action = "SendEmailCode", controller = "Auth"}. Executing controller action with signature System.Threading.Tasks.Task`1[Microsoft.AspNetCore.Mvc.ActionResult`1[System.String]] SendEmailCode(LitZhu.WebApi.Controllers.User.SendEmailCodeRequest) on controller LitZhu.WebApi.Controllers.User.AuthController (LitZhu.WebApi). 
2024-03-22 11:24:55.0855|DEBUG|Microsoft.AspNetCore.Mvc.Infrastructure.ControllerActionInvoker|Execution plan of authorization filters (in the following order): None 
2024-03-22 11:24:55.0855|DEBUG|Microsoft.AspNetCore.Mvc.Infrastructure.ControllerActionInvoker|Execution plan of resource filters (in the following order): None 
2024-03-22 11:24:55.0855|DEBUG|Microsoft.AspNetCore.Mvc.Infrastructure.ControllerActionInvoker|Execution plan of action filters (in the following order): Microsoft.AspNetCore.Mvc.ModelBinding.UnsupportedContentTypeFilter (Order: -3000), Microsoft.AspNetCore.Mvc.Infrastructure.ModelStateInvalidFilter (Order: -2000) 
2024-03-22 11:24:55.0855|DEBUG|Microsoft.AspNetCore.Mvc.Infrastructure.ControllerActionInvoker|Execution plan of exception filters (in the following order): None 
2024-03-22 11:24:55.0855|DEBUG|Microsoft.AspNetCore.Mvc.Infrastructure.ControllerActionInvoker|Execution plan of result filters (in the following order): Microsoft.AspNetCore.Mvc.Infrastructure.ClientErrorResultFilter (Order: -2000) 
2024-03-22 11:24:55.0855|DEBUG|Microsoft.AspNetCore.Mvc.Infrastructure.ControllerActionInvoker|Executing controller factory for controller LitZhu.WebApi.Controllers.User.AuthController (LitZhu.WebApi) 
2024-03-22 11:24:55.1194|DEBUG|Microsoft.EntityFrameworkCore.Infrastructure|Entity Framework Core 8.0.1 initialized 'UserDbContext' using provider 'Pomelo.EntityFrameworkCore.MySql:8.0.1' with options: ServerVersion=8.0.23-mysql  
2024-03-22 11:24:55.1194|DEBUG|Microsoft.AspNetCore.Mvc.Infrastructure.ControllerActionInvoker|Executed controller factory for controller LitZhu.WebApi.Controllers.User.AuthController (LitZhu.WebApi) 
2024-03-22 11:24:55.1194|DEBUG|Microsoft.AspNetCore.Mvc.ModelBinding.ParameterBinder|Attempting to bind parameter 'req' of type 'LitZhu.WebApi.Controllers.User.SendEmailCodeRequest' ... 
2024-03-22 11:24:55.1194|DEBUG|Microsoft.AspNetCore.Mvc.ModelBinding.Binders.BodyModelBinder|Attempting to bind parameter 'req' of type 'LitZhu.WebApi.Controllers.User.SendEmailCodeRequest' using the name '' in request data ... 
2024-03-22 11:24:55.1194|DEBUG|Microsoft.AspNetCore.Mvc.ModelBinding.Binders.BodyModelBinder|Rejected input formatter 'Microsoft.AspNetCore.Mvc.Formatters.NewtonsoftJsonPatchInputFormatter' for content type 'application/json'. 
2024-03-22 11:24:55.1194|DEBUG|Microsoft.AspNetCore.Mvc.ModelBinding.Binders.BodyModelBinder|Selected input formatter 'Microsoft.AspNetCore.Mvc.Formatters.NewtonsoftJsonInputFormatter' for content type 'application/json'. 
2024-03-22 11:24:55.1194|DEBUG|Microsoft.AspNetCore.Server.Kestrel|Connection id "0HN2A3UBT50BL", Request id "0HN2A3UBT50BL:00000001": started reading request body. 
2024-03-22 11:24:55.1194|DEBUG|Microsoft.AspNetCore.Server.Kestrel|Connection id "0HN2A3UBT50BL", Request id "0HN2A3UBT50BL:00000001": done reading request body. 
2024-03-22 11:24:55.1194|DEBUG|Microsoft.AspNetCore.Mvc.ModelBinding.Binders.BodyModelBinder|Done attempting to bind parameter 'req' of type 'LitZhu.WebApi.Controllers.User.SendEmailCodeRequest'. 
2024-03-22 11:24:55.1194|DEBUG|Microsoft.AspNetCore.Mvc.ModelBinding.ParameterBinder|Done attempting to bind parameter 'req' of type 'LitZhu.WebApi.Controllers.User.SendEmailCodeRequest'. 
2024-03-22 11:24:55.1194|DEBUG|Microsoft.AspNetCore.Mvc.ModelBinding.ParameterBinder|Attempting to validate the bound parameter 'req' of type 'LitZhu.WebApi.Controllers.User.SendEmailCodeRequest' ... 
2024-03-22 11:24:55.1194|DEBUG|Microsoft.AspNetCore.Mvc.ModelBinding.ParameterBinder|Done attempting to validate the bound parameter 'req' of type 'LitZhu.WebApi.Controllers.User.SendEmailCodeRequest'. 
2024-03-22 11:24:55.1194|TRACE|Microsoft.AspNetCore.Mvc.Infrastructure.ControllerActionInvoker|Action Filter: Before executing OnActionExecuting on filter Microsoft.AspNetCore.Mvc.ModelBinding.UnsupportedContentTypeFilter. 
2024-03-22 11:24:55.1194|TRACE|Microsoft.AspNetCore.Mvc.Infrastructure.ControllerActionInvoker|Action Filter: After executing OnActionExecuting on filter Microsoft.AspNetCore.Mvc.ModelBinding.UnsupportedContentTypeFilter. 
2024-03-22 11:24:55.1194|TRACE|Microsoft.AspNetCore.Mvc.Infrastructure.ControllerActionInvoker|Action Filter: Before executing OnActionExecuting on filter Microsoft.AspNetCore.Mvc.Infrastructure.ModelStateInvalidFilter. 
2024-03-22 11:24:55.1194|TRACE|Microsoft.AspNetCore.Mvc.Infrastructure.ControllerActionInvoker|Action Filter: After executing OnActionExecuting on filter Microsoft.AspNetCore.Mvc.Infrastructure.ModelStateInvalidFilter. 
2024-03-22 11:24:55.1194|INFO|Microsoft.AspNetCore.Mvc.Infrastructure.ControllerActionInvoker|Executing action method LitZhu.WebApi.Controllers.User.AuthController.SendEmailCode (LitZhu.WebApi) - Validation state: Valid 
2024-03-22 11:24:55.1194|TRACE|Microsoft.AspNetCore.Mvc.Infrastructure.ControllerActionInvoker|Executing action method LitZhu.WebApi.Controllers.User.AuthController.SendEmailCode (LitZhu.WebApi) with arguments (SendEmailCodeRequest { Email = litzhuvich@foxmain.com }) 
2024-03-22 11:24:55.1194|DEBUG|Microsoft.EntityFrameworkCore.Database.Connection|Creating DbConnection. 
2024-03-22 11:24:55.1194|DEBUG|Microsoft.EntityFrameworkCore.Database.Connection|Created DbConnection. (0ms). 
2024-03-22 11:24:55.1194|DEBUG|Microsoft.EntityFrameworkCore.Database.Connection|Opening connection to database 'LitZhu' on server 'localhost'. 
2024-03-22 11:24:55.1422|DEBUG|Microsoft.EntityFrameworkCore.Database.Connection|Opened connection to database 'LitZhu' on server 'localhost'. 
2024-03-22 11:24:55.1422|DEBUG|Microsoft.EntityFrameworkCore.Database.Command|Creating DbCommand for 'ExecuteReader'. 
2024-03-22 11:24:55.1422|DEBUG|Microsoft.EntityFrameworkCore.Database.Command|Created DbCommand for 'ExecuteReader' (0ms). 
2024-03-22 11:24:55.1422|DEBUG|Microsoft.EntityFrameworkCore.Database.Command|Initialized DbCommand for 'ExecuteReader' (0ms). 
2024-03-22 11:24:55.1422|DEBUG|Microsoft.EntityFrameworkCore.Database.Command|Executing DbCommand [Parameters=[@__email_0='?' (Size = 4000)], CommandType='Text', CommandTimeout='30']
SELECT `t`.`Id`, `t`.`Avatar`, `t`.`CreationTime`, `t`.`DeletionTime`, `t`.`Email`, `t`.`Gender`, `t`.`IsDeleted`, `t`.`LastModificationTime`, `t`.`Password`, `t`.`Phone`, `t`.`Username`, `t`.`Id0`, `t`.`AccessFailedCount`, `t`.`CreationTime0`, `t`.`IsLockOut`, `t`.`LockOutEnd`, `t`.`UserId`, `t0`.`UserId`, `t0`.`RoleId`, `t0`.`Id`, `t0`.`CreationTime`, `t0`.`DeletionTime`, `t0`.`IsDeleted`, `t0`.`LastModificationTime`, `t0`.`RoleDesc`, `t0`.`RoleName`
FROM (
    SELECT `u`.`Id`, `u`.`Avatar`, `u`.`CreationTime`, `u`.`DeletionTime`, `u`.`Email`, `u`.`Gender`, `u`.`IsDeleted`, `u`.`LastModificationTime`, `u`.`Password`, `u`.`Phone`, `u`.`Username`, `u0`.`Id` AS `Id0`, `u0`.`AccessFailedCount`, `u0`.`CreationTime` AS `CreationTime0`, `u0`.`IsLockOut`, `u0`.`LockOutEnd`, `u0`.`UserId`
    FROM `Users` AS `u`
    LEFT JOIN `UserAccessFails` AS `u0` ON `u`.`Id` = `u0`.`UserId`
    WHERE NOT (`u`.`IsDeleted`) AND (`u`.`Email` = @__email_0)
    LIMIT 1
) AS `t`
LEFT JOIN (
    SELECT `u1`.`UserId`, `u1`.`RoleId`, `t1`.`Id`, `t1`.`CreationTime`, `t1`.`DeletionTime`, `t1`.`IsDeleted`, `t1`.`LastModificationTime`, `t1`.`RoleDesc`, `t1`.`RoleName`
    FROM `Users_Roles` AS `u1`
    INNER JOIN (
        SELECT `r`.`Id`, `r`.`CreationTime`, `r`.`DeletionTime`, `r`.`IsDeleted`, `r`.`LastModificationTime`, `r`.`RoleDesc`, `r`.`RoleName`
        FROM `Roles` AS `r`
        WHERE NOT (`r`.`IsDeleted`)
    ) AS `t1` ON `u1`.`RoleId` = `t1`.`Id`
) AS `t0` ON `t`.`Id` = `t0`.`UserId`
ORDER BY `t`.`Id`, `t`.`Id0`, `t0`.`UserId`, `t0`.`RoleId` 
2024-03-22 11:24:55.1567|INFO|Microsoft.EntityFrameworkCore.Database.Command|Executed DbCommand (14ms) [Parameters=[@__email_0='?' (Size = 4000)], CommandType='Text', CommandTimeout='30']
SELECT `t`.`Id`, `t`.`Avatar`, `t`.`CreationTime`, `t`.`DeletionTime`, `t`.`Email`, `t`.`Gender`, `t`.`IsDeleted`, `t`.`LastModificationTime`, `t`.`Password`, `t`.`Phone`, `t`.`Username`, `t`.`Id0`, `t`.`AccessFailedCount`, `t`.`CreationTime0`, `t`.`IsLockOut`, `t`.`LockOutEnd`, `t`.`UserId`, `t0`.`UserId`, `t0`.`RoleId`, `t0`.`Id`, `t0`.`CreationTime`, `t0`.`DeletionTime`, `t0`.`IsDeleted`, `t0`.`LastModificationTime`, `t0`.`RoleDesc`, `t0`.`RoleName`
FROM (
    SELECT `u`.`Id`, `u`.`Avatar`, `u`.`CreationTime`, `u`.`DeletionTime`, `u`.`Email`, `u`.`Gender`, `u`.`IsDeleted`, `u`.`LastModificationTime`, `u`.`Password`, `u`.`Phone`, `u`.`Username`, `u0`.`Id` AS `Id0`, `u0`.`AccessFailedCount`, `u0`.`CreationTime` AS `CreationTime0`, `u0`.`IsLockOut`, `u0`.`LockOutEnd`, `u0`.`UserId`
    FROM `Users` AS `u`
    LEFT JOIN `UserAccessFails` AS `u0` ON `u`.`Id` = `u0`.`UserId`
    WHERE NOT (`u`.`IsDeleted`) AND (`u`.`Email` = @__email_0)
    LIMIT 1
) AS `t`
LEFT JOIN (
    SELECT `u1`.`UserId`, `u1`.`RoleId`, `t1`.`Id`, `t1`.`CreationTime`, `t1`.`DeletionTime`, `t1`.`IsDeleted`, `t1`.`LastModificationTime`, `t1`.`RoleDesc`, `t1`.`RoleName`
    FROM `Users_Roles` AS `u1`
    INNER JOIN (
        SELECT `r`.`Id`, `r`.`CreationTime`, `r`.`DeletionTime`, `r`.`IsDeleted`, `r`.`LastModificationTime`, `r`.`RoleDesc`, `r`.`RoleName`
        FROM `Roles` AS `r`
        WHERE NOT (`r`.`IsDeleted`)
    ) AS `t1` ON `u1`.`RoleId` = `t1`.`Id`
) AS `t0` ON `t`.`Id` = `t0`.`UserId`
ORDER BY `t`.`Id`, `t`.`Id0`, `t0`.`UserId`, `t0`.`RoleId` 
2024-03-22 11:24:55.1567|DEBUG|Microsoft.EntityFrameworkCore.ChangeTracking|Context 'UserDbContext' started tracking 'Users' entity. Consider using 'DbContextOptionsBuilder.EnableSensitiveDataLogging' to see key values. 
2024-03-22 11:24:55.1567|DEBUG|Microsoft.EntityFrameworkCore.ChangeTracking|The navigation 'Users.UserAccessFail' was detected as changed. Consider using 'DbContextOptionsBuilder.EnableSensitiveDataLogging' to see key values. 
2024-03-22 11:24:55.1567|DEBUG|Microsoft.EntityFrameworkCore.ChangeTracking|Context 'UserDbContext' started tracking 'UserAccessFail' entity. Consider using 'DbContextOptionsBuilder.EnableSensitiveDataLogging' to see key values. 
2024-03-22 11:24:55.1567|DEBUG|Microsoft.EntityFrameworkCore.Database.Command|Closing data reader to 'LitZhu' on server 'localhost'. 
2024-03-22 11:24:55.1567|DEBUG|Microsoft.EntityFrameworkCore.Database.Command|A data reader for 'LitZhu' on server 'localhost' is being disposed after spending 1ms reading results. 
2024-03-22 11:24:55.1567|DEBUG|Microsoft.EntityFrameworkCore.Database.Connection|Closing connection to database 'LitZhu' on server 'localhost'. 
2024-03-22 11:24:55.1567|DEBUG|Microsoft.EntityFrameworkCore.Database.Connection|Closed connection to database 'LitZhu' on server 'localhost' (0ms). 
2024-03-22 11:24:55.1639|WARN|User.Infrastructure.EmailCodeSender|向邮箱地址：litzhuvich@foxmain.com , 发送验证码：24673 
2024-03-22 11:24:55.1639|INFO|Microsoft.AspNetCore.Mvc.Infrastructure.ControllerActionInvoker|Executed action method LitZhu.WebApi.Controllers.User.AuthController.SendEmailCode (LitZhu.WebApi), returned result Microsoft.AspNetCore.Mvc.OkObjectResult in 42.2077ms. 
2024-03-22 11:24:55.1639|TRACE|Microsoft.AspNetCore.Mvc.Infrastructure.ControllerActionInvoker|Action Filter: Before executing OnActionExecuted on filter Microsoft.AspNetCore.Mvc.Infrastructure.ModelStateInvalidFilter. 
2024-03-22 11:24:55.1639|TRACE|Microsoft.AspNetCore.Mvc.Infrastructure.ControllerActionInvoker|Action Filter: After executing OnActionExecuted on filter Microsoft.AspNetCore.Mvc.Infrastructure.ModelStateInvalidFilter. 
2024-03-22 11:24:55.1639|TRACE|Microsoft.AspNetCore.Mvc.Infrastructure.ControllerActionInvoker|Action Filter: Before executing OnActionExecuted on filter Microsoft.AspNetCore.Mvc.ModelBinding.UnsupportedContentTypeFilter. 
2024-03-22 11:24:55.1639|TRACE|Microsoft.AspNetCore.Mvc.Infrastructure.ControllerActionInvoker|Action Filter: After executing OnActionExecuted on filter Microsoft.AspNetCore.Mvc.ModelBinding.UnsupportedContentTypeFilter. 
2024-03-22 11:24:55.1639|TRACE|Microsoft.AspNetCore.Mvc.Infrastructure.ControllerActionInvoker|Result Filter: Before executing OnResultExecuting on filter Microsoft.AspNetCore.Mvc.Infrastructure.ClientErrorResultFilter. 
2024-03-22 11:24:55.1639|TRACE|Microsoft.AspNetCore.Mvc.Infrastructure.ControllerActionInvoker|Result Filter: After executing OnResultExecuting on filter Microsoft.AspNetCore.Mvc.Infrastructure.ClientErrorResultFilter. 
2024-03-22 11:24:55.1639|TRACE|Microsoft.AspNetCore.Mvc.Infrastructure.ControllerActionInvoker|Before executing action result Microsoft.AspNetCore.Mvc.OkObjectResult. 
2024-03-22 11:24:55.1639|DEBUG|Microsoft.AspNetCore.Mvc.Infrastructure.DefaultOutputFormatterSelector|List of registered output formatters, in the following order: Microsoft.AspNetCore.Mvc.Formatters.HttpNoContentOutputFormatter, Microsoft.AspNetCore.Mvc.Formatters.StringOutputFormatter, Microsoft.AspNetCore.Mvc.Formatters.StreamOutputFormatter, Microsoft.AspNetCore.Mvc.Formatters.NewtonsoftJsonOutputFormatter 
2024-03-22 11:24:55.1639|DEBUG|Microsoft.AspNetCore.Mvc.Infrastructure.DefaultOutputFormatterSelector|No information found on request to perform content negotiation. 
2024-03-22 11:24:55.1639|DEBUG|Microsoft.AspNetCore.Mvc.Infrastructure.DefaultOutputFormatterSelector|Attempting to select an output formatter without using a content type as no explicit content types were specified for the response. 
2024-03-22 11:24:55.1639|DEBUG|Microsoft.AspNetCore.Mvc.Infrastructure.DefaultOutputFormatterSelector|Attempting to select the first formatter in the output formatters list which can write the result. 
2024-03-22 11:24:55.1639|DEBUG|Microsoft.AspNetCore.Mvc.Infrastructure.DefaultOutputFormatterSelector|Selected output formatter 'Microsoft.AspNetCore.Mvc.Formatters.NewtonsoftJsonOutputFormatter' and content type 'application/json' to write the response. 
2024-03-22 11:24:55.1639|INFO|Microsoft.AspNetCore.Mvc.Infrastructure.ObjectResultExecutor|Executing OkObjectResult, writing value of type 'LitZhu.WebApi.R'. 
2024-03-22 11:24:55.1639|TRACE|Microsoft.AspNetCore.Mvc.Infrastructure.ControllerActionInvoker|After executing action result Microsoft.AspNetCore.Mvc.OkObjectResult. 
2024-03-22 11:24:55.1639|TRACE|Microsoft.AspNetCore.Mvc.Infrastructure.ControllerActionInvoker|Result Filter: Before executing OnResultExecuted on filter Microsoft.AspNetCore.Mvc.Infrastructure.ClientErrorResultFilter. 
2024-03-22 11:24:55.1639|TRACE|Microsoft.AspNetCore.Mvc.Infrastructure.ControllerActionInvoker|Result Filter: After executing OnResultExecuted on filter Microsoft.AspNetCore.Mvc.Infrastructure.ClientErrorResultFilter. 
2024-03-22 11:24:55.1639|INFO|Microsoft.AspNetCore.Mvc.Infrastructure.ControllerActionInvoker|Executed action LitZhu.WebApi.Controllers.User.AuthController.SendEmailCode (LitZhu.WebApi) in 74.3439ms 
2024-03-22 11:24:55.1639|INFO|Microsoft.AspNetCore.Routing.EndpointMiddleware|Executed endpoint 'LitZhu.WebApi.Controllers.User.AuthController.SendEmailCode (LitZhu.WebApi)' 
2024-03-22 11:24:55.1639|DEBUG|Microsoft.AspNetCore.Server.Kestrel.Connections|Connection id "0HN2A3UBT50BL" completed keep alive response. 
2024-03-22 11:24:55.1639|DEBUG|Microsoft.EntityFrameworkCore.Infrastructure|'UserDbContext' disposed. 
2024-03-22 11:24:55.1639|DEBUG|Microsoft.EntityFrameworkCore.Database.Connection|Disposing connection to database 'LitZhu' on server 'localhost'. 
2024-03-22 11:24:55.1639|DEBUG|Microsoft.EntityFrameworkCore.Database.Connection|Disposed connection to database 'LitZhu' on server 'localhost' (0ms). 
2024-03-22 11:24:55.1639|INFO|Microsoft.AspNetCore.Hosting.Diagnostics|Request finished HTTP/1.1 POST https://localhost:7290/api/Auth/SendEmailCode - 200 47 application/json;+charset=utf-8 82.1003ms 
2024-03-22 11:24:55.1639|DEBUG|Microsoft.AspNetCore.Server.Kestrel.Transport.Sockets|Connection id "0HN2A3UBT50BL" received FIN. 
2024-03-22 11:24:55.1639|DEBUG|Microsoft.AspNetCore.Server.Kestrel.Transport.Sockets|Connection id "0HN2A3UBT50BL" sending FIN because: "The Socket transport's send loop completed gracefully." 
2024-03-22 11:24:55.1639|DEBUG|Microsoft.AspNetCore.Server.Kestrel.Connections|Connection id "0HN2A3UBT50BL" disconnecting. 
2024-03-22 11:24:55.1639|DEBUG|Microsoft.AspNetCore.Server.Kestrel.Connections|Connection id "0HN2A3UBT50BL" stopped. 
2024-03-22 11:24:55.7602|DEBUG|Microsoft.AspNetCore.Server.Kestrel.Connections|Connection id "0HN2A3UBT50BM" accepted. 
2024-03-22 11:24:55.7602|DEBUG|Microsoft.AspNetCore.Server.Kestrel.Connections|Connection id "0HN2A3UBT50BM" started. 
2024-03-22 11:24:55.7663|DEBUG|Microsoft.AspNetCore.Server.Kestrel.Https.Internal.HttpsConnectionMiddleware|Connection 0HN2A3UBT50BM established using the following protocol: Tls13 
2024-03-22 11:24:55.7663|INFO|Microsoft.AspNetCore.Hosting.Diagnostics|Request starting HTTP/1.1 POST https://localhost:7290/api/Auth/SendEmailCode - application/json 38 
2024-03-22 11:24:55.7663|TRACE|Microsoft.AspNetCore.HostFiltering.HostFilteringMiddleware|All hosts are allowed. 
2024-03-22 11:24:55.7663|DEBUG|Microsoft.AspNetCore.Routing.Matching.DfaMatcher|1 candidate(s) found for the request path '/api/Auth/SendEmailCode' 
2024-03-22 11:24:55.7663|DEBUG|Microsoft.AspNetCore.Routing.Matching.DfaMatcher|Endpoint 'LitZhu.WebApi.Controllers.User.AuthController.SendEmailCode (LitZhu.WebApi)' with route pattern 'api/Auth/SendEmailCode' is valid for the request path '/api/Auth/SendEmailCode' 
2024-03-22 11:24:55.7663|DEBUG|Microsoft.AspNetCore.Routing.EndpointRoutingMiddleware|Request matched endpoint 'LitZhu.WebApi.Controllers.User.AuthController.SendEmailCode (LitZhu.WebApi)' 
2024-03-22 11:24:55.7663|TRACE|Microsoft.AspNetCore.Routing.EndpointRoutingMiddleware|The endpoint does not specify the IRequestSizeLimitMetadata. 
2024-03-22 11:24:55.7663|DEBUG|Microsoft.AspNetCore.StaticFiles.StaticFileMiddleware|Static files was skipped as the request already matched an endpoint. 
2024-03-22 11:24:55.7663|DEBUG|Microsoft.AspNetCore.Authentication.JwtBearer.JwtBearerHandler|AuthenticationScheme: Bearer was not authenticated. 
2024-03-22 11:24:55.7663|INFO|Microsoft.AspNetCore.Routing.EndpointMiddleware|Executing endpoint 'LitZhu.WebApi.Controllers.User.AuthController.SendEmailCode (LitZhu.WebApi)' 
2024-03-22 11:24:55.7663|INFO|Microsoft.AspNetCore.Mvc.Infrastructure.ControllerActionInvoker|Route matched with {action = "SendEmailCode", controller = "Auth"}. Executing controller action with signature System.Threading.Tasks.Task`1[Microsoft.AspNetCore.Mvc.ActionResult`1[System.String]] SendEmailCode(LitZhu.WebApi.Controllers.User.SendEmailCodeRequest) on controller LitZhu.WebApi.Controllers.User.AuthController (LitZhu.WebApi). 
2024-03-22 11:24:55.7663|DEBUG|Microsoft.AspNetCore.Mvc.Infrastructure.ControllerActionInvoker|Execution plan of authorization filters (in the following order): None 
2024-03-22 11:24:55.7663|DEBUG|Microsoft.AspNetCore.Mvc.Infrastructure.ControllerActionInvoker|Execution plan of resource filters (in the following order): None 
2024-03-22 11:24:55.7663|DEBUG|Microsoft.AspNetCore.Mvc.Infrastructure.ControllerActionInvoker|Execution plan of action filters (in the following order): Microsoft.AspNetCore.Mvc.ModelBinding.UnsupportedContentTypeFilter (Order: -3000), Microsoft.AspNetCore.Mvc.Infrastructure.ModelStateInvalidFilter (Order: -2000) 
2024-03-22 11:24:55.7663|DEBUG|Microsoft.AspNetCore.Mvc.Infrastructure.ControllerActionInvoker|Execution plan of exception filters (in the following order): None 
2024-03-22 11:24:55.7663|DEBUG|Microsoft.AspNetCore.Mvc.Infrastructure.ControllerActionInvoker|Execution plan of result filters (in the following order): Microsoft.AspNetCore.Mvc.Infrastructure.ClientErrorResultFilter (Order: -2000) 
2024-03-22 11:24:55.7663|DEBUG|Microsoft.AspNetCore.Mvc.Infrastructure.ControllerActionInvoker|Executing controller factory for controller LitZhu.WebApi.Controllers.User.AuthController (LitZhu.WebApi) 
2024-03-22 11:24:55.8598|DEBUG|Microsoft.EntityFrameworkCore.Infrastructure|Entity Framework Core 8.0.1 initialized 'UserDbContext' using provider 'Pomelo.EntityFrameworkCore.MySql:8.0.1' with options: ServerVersion=8.0.23-mysql  
2024-03-22 11:24:55.8598|DEBUG|Microsoft.AspNetCore.Mvc.Infrastructure.ControllerActionInvoker|Executed controller factory for controller LitZhu.WebApi.Controllers.User.AuthController (LitZhu.WebApi) 
2024-03-22 11:24:55.8598|DEBUG|Microsoft.AspNetCore.Mvc.ModelBinding.ParameterBinder|Attempting to bind parameter 'req' of type 'LitZhu.WebApi.Controllers.User.SendEmailCodeRequest' ... 
2024-03-22 11:24:55.8598|DEBUG|Microsoft.AspNetCore.Mvc.ModelBinding.Binders.BodyModelBinder|Attempting to bind parameter 'req' of type 'LitZhu.WebApi.Controllers.User.SendEmailCodeRequest' using the name '' in request data ... 
2024-03-22 11:24:55.8598|DEBUG|Microsoft.AspNetCore.Mvc.ModelBinding.Binders.BodyModelBinder|Rejected input formatter 'Microsoft.AspNetCore.Mvc.Formatters.NewtonsoftJsonPatchInputFormatter' for content type 'application/json'. 
2024-03-22 11:24:55.8598|DEBUG|Microsoft.AspNetCore.Mvc.ModelBinding.Binders.BodyModelBinder|Selected input formatter 'Microsoft.AspNetCore.Mvc.Formatters.NewtonsoftJsonInputFormatter' for content type 'application/json'. 
2024-03-22 11:24:55.8598|DEBUG|Microsoft.AspNetCore.Server.Kestrel|Connection id "0HN2A3UBT50BM", Request id "0HN2A3UBT50BM:00000001": started reading request body. 
2024-03-22 11:24:55.8598|DEBUG|Microsoft.AspNetCore.Server.Kestrel|Connection id "0HN2A3UBT50BM", Request id "0HN2A3UBT50BM:00000001": done reading request body. 
2024-03-22 11:24:55.8598|DEBUG|Microsoft.AspNetCore.Mvc.ModelBinding.Binders.BodyModelBinder|Done attempting to bind parameter 'req' of type 'LitZhu.WebApi.Controllers.User.SendEmailCodeRequest'. 
2024-03-22 11:24:55.8598|DEBUG|Microsoft.AspNetCore.Mvc.ModelBinding.ParameterBinder|Done attempting to bind parameter 'req' of type 'LitZhu.WebApi.Controllers.User.SendEmailCodeRequest'. 
2024-03-22 11:24:55.8598|DEBUG|Microsoft.AspNetCore.Mvc.ModelBinding.ParameterBinder|Attempting to validate the bound parameter 'req' of type 'LitZhu.WebApi.Controllers.User.SendEmailCodeRequest' ... 
2024-03-22 11:24:55.8598|DEBUG|Microsoft.AspNetCore.Mvc.ModelBinding.ParameterBinder|Done attempting to validate the bound parameter 'req' of type 'LitZhu.WebApi.Controllers.User.SendEmailCodeRequest'. 
2024-03-22 11:24:55.8598|TRACE|Microsoft.AspNetCore.Mvc.Infrastructure.ControllerActionInvoker|Action Filter: Before executing OnActionExecuting on filter Microsoft.AspNetCore.Mvc.ModelBinding.UnsupportedContentTypeFilter. 
2024-03-22 11:24:55.8598|TRACE|Microsoft.AspNetCore.Mvc.Infrastructure.ControllerActionInvoker|Action Filter: After executing OnActionExecuting on filter Microsoft.AspNetCore.Mvc.ModelBinding.UnsupportedContentTypeFilter. 
2024-03-22 11:24:55.8598|TRACE|Microsoft.AspNetCore.Mvc.Infrastructure.ControllerActionInvoker|Action Filter: Before executing OnActionExecuting on filter Microsoft.AspNetCore.Mvc.Infrastructure.ModelStateInvalidFilter. 
2024-03-22 11:24:55.8598|TRACE|Microsoft.AspNetCore.Mvc.Infrastructure.ControllerActionInvoker|Action Filter: After executing OnActionExecuting on filter Microsoft.AspNetCore.Mvc.Infrastructure.ModelStateInvalidFilter. 
2024-03-22 11:24:55.8598|INFO|Microsoft.AspNetCore.Mvc.Infrastructure.ControllerActionInvoker|Executing action method LitZhu.WebApi.Controllers.User.AuthController.SendEmailCode (LitZhu.WebApi) - Validation state: Valid 
2024-03-22 11:24:55.8598|TRACE|Microsoft.AspNetCore.Mvc.Infrastructure.ControllerActionInvoker|Executing action method LitZhu.WebApi.Controllers.User.AuthController.SendEmailCode (LitZhu.WebApi) with arguments (SendEmailCodeRequest { Email = litzhuvich@foxmain.com }) 
2024-03-22 11:24:55.8658|DEBUG|Microsoft.EntityFrameworkCore.Database.Connection|Creating DbConnection. 
2024-03-22 11:24:55.8658|DEBUG|Microsoft.EntityFrameworkCore.Database.Connection|Created DbConnection. (0ms). 
2024-03-22 11:24:55.8658|DEBUG|Microsoft.EntityFrameworkCore.Database.Connection|Opening connection to database 'LitZhu' on server 'localhost'. 
2024-03-22 11:24:55.8658|DEBUG|Microsoft.EntityFrameworkCore.Database.Connection|Opened connection to database 'LitZhu' on server 'localhost'. 
2024-03-22 11:24:55.8658|DEBUG|Microsoft.EntityFrameworkCore.Database.Command|Creating DbCommand for 'ExecuteReader'. 
2024-03-22 11:24:55.8658|DEBUG|Microsoft.EntityFrameworkCore.Database.Command|Created DbCommand for 'ExecuteReader' (0ms). 
2024-03-22 11:24:55.8658|DEBUG|Microsoft.EntityFrameworkCore.Database.Command|Initialized DbCommand for 'ExecuteReader' (1ms). 
2024-03-22 11:24:55.8658|DEBUG|Microsoft.EntityFrameworkCore.Database.Command|Executing DbCommand [Parameters=[@__email_0='?' (Size = 4000)], CommandType='Text', CommandTimeout='30']
SELECT `t`.`Id`, `t`.`Avatar`, `t`.`CreationTime`, `t`.`DeletionTime`, `t`.`Email`, `t`.`Gender`, `t`.`IsDeleted`, `t`.`LastModificationTime`, `t`.`Password`, `t`.`Phone`, `t`.`Username`, `t`.`Id0`, `t`.`AccessFailedCount`, `t`.`CreationTime0`, `t`.`IsLockOut`, `t`.`LockOutEnd`, `t`.`UserId`, `t0`.`UserId`, `t0`.`RoleId`, `t0`.`Id`, `t0`.`CreationTime`, `t0`.`DeletionTime`, `t0`.`IsDeleted`, `t0`.`LastModificationTime`, `t0`.`RoleDesc`, `t0`.`RoleName`
FROM (
    SELECT `u`.`Id`, `u`.`Avatar`, `u`.`CreationTime`, `u`.`DeletionTime`, `u`.`Email`, `u`.`Gender`, `u`.`IsDeleted`, `u`.`LastModificationTime`, `u`.`Password`, `u`.`Phone`, `u`.`Username`, `u0`.`Id` AS `Id0`, `u0`.`AccessFailedCount`, `u0`.`CreationTime` AS `CreationTime0`, `u0`.`IsLockOut`, `u0`.`LockOutEnd`, `u0`.`UserId`
    FROM `Users` AS `u`
    LEFT JOIN `UserAccessFails` AS `u0` ON `u`.`Id` = `u0`.`UserId`
    WHERE NOT (`u`.`IsDeleted`) AND (`u`.`Email` = @__email_0)
    LIMIT 1
) AS `t`
LEFT JOIN (
    SELECT `u1`.`UserId`, `u1`.`RoleId`, `t1`.`Id`, `t1`.`CreationTime`, `t1`.`DeletionTime`, `t1`.`IsDeleted`, `t1`.`LastModificationTime`, `t1`.`RoleDesc`, `t1`.`RoleName`
    FROM `Users_Roles` AS `u1`
    INNER JOIN (
        SELECT `r`.`Id`, `r`.`CreationTime`, `r`.`DeletionTime`, `r`.`IsDeleted`, `r`.`LastModificationTime`, `r`.`RoleDesc`, `r`.`RoleName`
        FROM `Roles` AS `r`
        WHERE NOT (`r`.`IsDeleted`)
    ) AS `t1` ON `u1`.`RoleId` = `t1`.`Id`
) AS `t0` ON `t`.`Id` = `t0`.`UserId`
ORDER BY `t`.`Id`, `t`.`Id0`, `t0`.`UserId`, `t0`.`RoleId` 
2024-03-22 11:24:55.8658|INFO|Microsoft.EntityFrameworkCore.Database.Command|Executed DbCommand (4ms) [Parameters=[@__email_0='?' (Size = 4000)], CommandType='Text', CommandTimeout='30']
SELECT `t`.`Id`, `t`.`Avatar`, `t`.`CreationTime`, `t`.`DeletionTime`, `t`.`Email`, `t`.`Gender`, `t`.`IsDeleted`, `t`.`LastModificationTime`, `t`.`Password`, `t`.`Phone`, `t`.`Username`, `t`.`Id0`, `t`.`AccessFailedCount`, `t`.`CreationTime0`, `t`.`IsLockOut`, `t`.`LockOutEnd`, `t`.`UserId`, `t0`.`UserId`, `t0`.`RoleId`, `t0`.`Id`, `t0`.`CreationTime`, `t0`.`DeletionTime`, `t0`.`IsDeleted`, `t0`.`LastModificationTime`, `t0`.`RoleDesc`, `t0`.`RoleName`
FROM (
    SELECT `u`.`Id`, `u`.`Avatar`, `u`.`CreationTime`, `u`.`DeletionTime`, `u`.`Email`, `u`.`Gender`, `u`.`IsDeleted`, `u`.`LastModificationTime`, `u`.`Password`, `u`.`Phone`, `u`.`Username`, `u0`.`Id` AS `Id0`, `u0`.`AccessFailedCount`, `u0`.`CreationTime` AS `CreationTime0`, `u0`.`IsLockOut`, `u0`.`LockOutEnd`, `u0`.`UserId`
    FROM `Users` AS `u`
    LEFT JOIN `UserAccessFails` AS `u0` ON `u`.`Id` = `u0`.`UserId`
    WHERE NOT (`u`.`IsDeleted`) AND (`u`.`Email` = @__email_0)
    LIMIT 1
) AS `t`
LEFT JOIN (
    SELECT `u1`.`UserId`, `u1`.`RoleId`, `t1`.`Id`, `t1`.`CreationTime`, `t1`.`DeletionTime`, `t1`.`IsDeleted`, `t1`.`LastModificationTime`, `t1`.`RoleDesc`, `t1`.`RoleName`
    FROM `Users_Roles` AS `u1`
    INNER JOIN (
        SELECT `r`.`Id`, `r`.`CreationTime`, `r`.`DeletionTime`, `r`.`IsDeleted`, `r`.`LastModificationTime`, `r`.`RoleDesc`, `r`.`RoleName`
        FROM `Roles` AS `r`
        WHERE NOT (`r`.`IsDeleted`)
    ) AS `t1` ON `u1`.`RoleId` = `t1`.`Id`
) AS `t0` ON `t`.`Id` = `t0`.`UserId`
ORDER BY `t`.`Id`, `t`.`Id0`, `t0`.`UserId`, `t0`.`RoleId` 
2024-03-22 11:24:55.8658|DEBUG|Microsoft.EntityFrameworkCore.ChangeTracking|Context 'UserDbContext' started tracking 'Users' entity. Consider using 'DbContextOptionsBuilder.EnableSensitiveDataLogging' to see key values. 
2024-03-22 11:24:55.8658|DEBUG|Microsoft.EntityFrameworkCore.ChangeTracking|The navigation 'Users.UserAccessFail' was detected as changed. Consider using 'DbContextOptionsBuilder.EnableSensitiveDataLogging' to see key values. 
2024-03-22 11:24:55.8658|DEBUG|Microsoft.EntityFrameworkCore.ChangeTracking|Context 'UserDbContext' started tracking 'UserAccessFail' entity. Consider using 'DbContextOptionsBuilder.EnableSensitiveDataLogging' to see key values. 
2024-03-22 11:24:55.8658|DEBUG|Microsoft.EntityFrameworkCore.Database.Command|Closing data reader to 'LitZhu' on server 'localhost'. 
2024-03-22 11:24:55.8658|DEBUG|Microsoft.EntityFrameworkCore.Database.Command|A data reader for 'LitZhu' on server 'localhost' is being disposed after spending 0ms reading results. 
2024-03-22 11:24:55.8658|DEBUG|Microsoft.EntityFrameworkCore.Database.Connection|Closing connection to database 'LitZhu' on server 'localhost'. 
2024-03-22 11:24:55.8658|DEBUG|Microsoft.EntityFrameworkCore.Database.Connection|Closed connection to database 'LitZhu' on server 'localhost' (0ms). 
2024-03-22 11:24:55.8803|WARN|User.Infrastructure.EmailCodeSender|向邮箱地址：litzhuvich@foxmain.com , 发送验证码：63948 
2024-03-22 11:24:55.8803|INFO|Microsoft.AspNetCore.Mvc.Infrastructure.ControllerActionInvoker|Executed action method LitZhu.WebApi.Controllers.User.AuthController.SendEmailCode (LitZhu.WebApi), returned result Microsoft.AspNetCore.Mvc.OkObjectResult in 16.8332ms. 
2024-03-22 11:24:55.8803|TRACE|Microsoft.AspNetCore.Mvc.Infrastructure.ControllerActionInvoker|Action Filter: Before executing OnActionExecuted on filter Microsoft.AspNetCore.Mvc.Infrastructure.ModelStateInvalidFilter. 
2024-03-22 11:24:55.8803|TRACE|Microsoft.AspNetCore.Mvc.Infrastructure.ControllerActionInvoker|Action Filter: After executing OnActionExecuted on filter Microsoft.AspNetCore.Mvc.Infrastructure.ModelStateInvalidFilter. 
2024-03-22 11:24:55.8803|TRACE|Microsoft.AspNetCore.Mvc.Infrastructure.ControllerActionInvoker|Action Filter: Before executing OnActionExecuted on filter Microsoft.AspNetCore.Mvc.ModelBinding.UnsupportedContentTypeFilter. 
2024-03-22 11:24:55.8803|TRACE|Microsoft.AspNetCore.Mvc.Infrastructure.ControllerActionInvoker|Action Filter: After executing OnActionExecuted on filter Microsoft.AspNetCore.Mvc.ModelBinding.UnsupportedContentTypeFilter. 
2024-03-22 11:24:55.8803|TRACE|Microsoft.AspNetCore.Mvc.Infrastructure.ControllerActionInvoker|Result Filter: Before executing OnResultExecuting on filter Microsoft.AspNetCore.Mvc.Infrastructure.ClientErrorResultFilter. 
2024-03-22 11:24:55.8803|TRACE|Microsoft.AspNetCore.Mvc.Infrastructure.ControllerActionInvoker|Result Filter: After executing OnResultExecuting on filter Microsoft.AspNetCore.Mvc.Infrastructure.ClientErrorResultFilter. 
2024-03-22 11:24:55.8803|TRACE|Microsoft.AspNetCore.Mvc.Infrastructure.ControllerActionInvoker|Before executing action result Microsoft.AspNetCore.Mvc.OkObjectResult. 
2024-03-22 11:24:55.8803|DEBUG|Microsoft.AspNetCore.Mvc.Infrastructure.DefaultOutputFormatterSelector|List of registered output formatters, in the following order: Microsoft.AspNetCore.Mvc.Formatters.HttpNoContentOutputFormatter, Microsoft.AspNetCore.Mvc.Formatters.StringOutputFormatter, Microsoft.AspNetCore.Mvc.Formatters.StreamOutputFormatter, Microsoft.AspNetCore.Mvc.Formatters.NewtonsoftJsonOutputFormatter 
2024-03-22 11:24:55.8803|DEBUG|Microsoft.AspNetCore.Mvc.Infrastructure.DefaultOutputFormatterSelector|No information found on request to perform content negotiation. 
2024-03-22 11:24:55.8803|DEBUG|Microsoft.AspNetCore.Mvc.Infrastructure.DefaultOutputFormatterSelector|Attempting to select an output formatter without using a content type as no explicit content types were specified for the response. 
2024-03-22 11:24:55.8803|DEBUG|Microsoft.AspNetCore.Mvc.Infrastructure.DefaultOutputFormatterSelector|Attempting to select the first formatter in the output formatters list which can write the result. 
2024-03-22 11:24:55.8803|DEBUG|Microsoft.AspNetCore.Mvc.Infrastructure.DefaultOutputFormatterSelector|Selected output formatter 'Microsoft.AspNetCore.Mvc.Formatters.NewtonsoftJsonOutputFormatter' and content type 'application/json' to write the response. 
2024-03-22 11:24:55.8803|INFO|Microsoft.AspNetCore.Mvc.Infrastructure.ObjectResultExecutor|Executing OkObjectResult, writing value of type 'LitZhu.WebApi.R'. 
2024-03-22 11:24:55.8803|TRACE|Microsoft.AspNetCore.Mvc.Infrastructure.ControllerActionInvoker|After executing action result Microsoft.AspNetCore.Mvc.OkObjectResult. 
2024-03-22 11:24:55.8803|TRACE|Microsoft.AspNetCore.Mvc.Infrastructure.ControllerActionInvoker|Result Filter: Before executing OnResultExecuted on filter Microsoft.AspNetCore.Mvc.Infrastructure.ClientErrorResultFilter. 
2024-03-22 11:24:55.8803|TRACE|Microsoft.AspNetCore.Mvc.Infrastructure.ControllerActionInvoker|Result Filter: After executing OnResultExecuted on filter Microsoft.AspNetCore.Mvc.Infrastructure.ClientErrorResultFilter. 
2024-03-22 11:24:55.8803|INFO|Microsoft.AspNetCore.Mvc.Infrastructure.ControllerActionInvoker|Executed action LitZhu.WebApi.Controllers.User.AuthController.SendEmailCode (LitZhu.WebApi) in 111.8907ms 
2024-03-22 11:24:55.8803|INFO|Microsoft.AspNetCore.Routing.EndpointMiddleware|Executed endpoint 'LitZhu.WebApi.Controllers.User.AuthController.SendEmailCode (LitZhu.WebApi)' 
2024-03-22 11:24:55.8803|DEBUG|Microsoft.AspNetCore.Server.Kestrel.Connections|Connection id "0HN2A3UBT50BM" completed keep alive response. 
2024-03-22 11:24:55.8803|DEBUG|Microsoft.EntityFrameworkCore.Infrastructure|'UserDbContext' disposed. 
2024-03-22 11:24:55.8803|DEBUG|Microsoft.EntityFrameworkCore.Database.Connection|Disposing connection to database 'LitZhu' on server 'localhost'. 
2024-03-22 11:24:55.8803|DEBUG|Microsoft.EntityFrameworkCore.Database.Connection|Disposed connection to database 'LitZhu' on server 'localhost' (0ms). 
2024-03-22 11:24:55.8803|INFO|Microsoft.AspNetCore.Hosting.Diagnostics|Request finished HTTP/1.1 POST https://localhost:7290/api/Auth/SendEmailCode - 200 47 application/json;+charset=utf-8 116.1648ms 
2024-03-22 11:24:55.9022|DEBUG|Microsoft.AspNetCore.Server.Kestrel.Transport.Sockets|Connection id "0HN2A3UBT50BM" received FIN. 
2024-03-22 11:24:55.9022|DEBUG|Microsoft.AspNetCore.Server.Kestrel.Transport.Sockets|Connection id "0HN2A3UBT50BM" sending FIN because: "The Socket transport's send loop completed gracefully." 
2024-03-22 11:24:55.9022|DEBUG|Microsoft.AspNetCore.Server.Kestrel.Connections|Connection id "0HN2A3UBT50BM" disconnecting. 
2024-03-22 11:24:55.9022|DEBUG|Microsoft.AspNetCore.Server.Kestrel.Connections|Connection id "0HN2A3UBT50BM" stopped. 
2024-03-22 11:26:02.8504|DEBUG|Microsoft.AspNetCore.Mvc.ModelBinding.ModelBinderFactory|Registered model binder providers, in the following order: Microsoft.AspNetCore.Mvc.ModelBinding.Binders.BinderTypeModelBinderProvider, Microsoft.AspNetCore.Mvc.ModelBinding.Binders.ServicesModelBinderProvider, Microsoft.AspNetCore.Mvc.ModelBinding.Binders.BodyModelBinderProvider, Microsoft.AspNetCore.Mvc.ModelBinding.Binders.HeaderModelBinderProvider, Microsoft.AspNetCore.Mvc.ModelBinding.Binders.FloatingPointTypeModelBinderProvider, Microsoft.AspNetCore.Mvc.ModelBinding.Binders.EnumTypeModelBinderProvider, Microsoft.AspNetCore.Mvc.ModelBinding.Binders.DateTimeModelBinderProvider, Microsoft.AspNetCore.Mvc.ModelBinding.Binders.SimpleTypeModelBinderProvider, Microsoft.AspNetCore.Mvc.ModelBinding.Binders.TryParseModelBinderProvider, Microsoft.AspNetCore.Mvc.ModelBinding.Binders.CancellationTokenModelBinderProvider, Microsoft.AspNetCore.Mvc.ModelBinding.Binders.ByteArrayModelBinderProvider, Microsoft.AspNetCore.Mvc.ModelBinding.Binders.FormFileModelBinderProvider, Microsoft.AspNetCore.Mvc.ModelBinding.Binders.FormCollectionModelBinderProvider, Microsoft.AspNetCore.Mvc.ModelBinding.Binders.KeyValuePairModelBinderProvider, Microsoft.AspNetCore.Mvc.ModelBinding.Binders.DictionaryModelBinderProvider, Microsoft.AspNetCore.Mvc.ModelBinding.Binders.ArrayModelBinderProvider, Microsoft.AspNetCore.Mvc.ModelBinding.Binders.CollectionModelBinderProvider, Microsoft.AspNetCore.Mvc.ModelBinding.Binders.ComplexObjectModelBinderProvider 
2024-03-22 11:26:02.9943|DEBUG|Microsoft.Extensions.Hosting.Internal.Host|Hosting starting 
2024-03-22 11:26:03.0365|INFO|Microsoft.AspNetCore.DataProtection.KeyManagement.XmlKeyManager|User profile is available. Using 'C:\Users\25968\AppData\Local\ASP.NET\DataProtection-Keys' as key repository and Windows DPAPI to encrypt keys at rest. 
2024-03-22 11:26:03.0365|DEBUG|Microsoft.AspNetCore.DataProtection.Repositories.FileSystemXmlRepository|Reading data from file 'C:\Users\25968\AppData\Local\ASP.NET\DataProtection-Keys\key-04331095-e001-4e86-a2a5-ac77c623d11c.xml'. 
2024-03-22 11:26:03.0523|DEBUG|Microsoft.AspNetCore.DataProtection.KeyManagement.XmlKeyManager|Found key {04331095-e001-4e86-a2a5-ac77c623d11c}. 
2024-03-22 11:26:03.0523|DEBUG|Microsoft.AspNetCore.DataProtection.KeyManagement.DefaultKeyResolver|Considering key {04331095-e001-4e86-a2a5-ac77c623d11c} with expiration date 2024-04-11 12:24:14Z as default key. 
2024-03-22 11:26:03.0674|DEBUG|Microsoft.AspNetCore.DataProtection.TypeForwardingActivator|Forwarded activator type request from Microsoft.AspNetCore.DataProtection.XmlEncryption.DpapiXmlDecryptor, Microsoft.AspNetCore.DataProtection, Version=8.0.0.0, Culture=neutral, PublicKeyToken=adb9793829ddae60 to Microsoft.AspNetCore.DataProtection.XmlEncryption.DpapiXmlDecryptor, Microsoft.AspNetCore.DataProtection, Culture=neutral, PublicKeyToken=adb9793829ddae60 
2024-03-22 11:26:03.0674|DEBUG|Microsoft.AspNetCore.DataProtection.XmlEncryption.DpapiXmlDecryptor|Decrypting secret element using Windows DPAPI. 
2024-03-22 11:26:03.0674|DEBUG|Microsoft.AspNetCore.DataProtection.TypeForwardingActivator|Forwarded activator type request from Microsoft.AspNetCore.DataProtection.AuthenticatedEncryption.ConfigurationModel.AuthenticatedEncryptorDescriptorDeserializer, Microsoft.AspNetCore.DataProtection, Version=8.0.0.0, Culture=neutral, PublicKeyToken=adb9793829ddae60 to Microsoft.AspNetCore.DataProtection.AuthenticatedEncryption.ConfigurationModel.AuthenticatedEncryptorDescriptorDeserializer, Microsoft.AspNetCore.DataProtection, Culture=neutral, PublicKeyToken=adb9793829ddae60 
2024-03-22 11:26:03.0674|DEBUG|Microsoft.AspNetCore.DataProtection.AuthenticatedEncryption.CngCbcAuthenticatedEncryptorFactory|Opening CNG algorithm 'AES' from provider '(null)' with chaining mode CBC. 
2024-03-22 11:26:03.0674|DEBUG|Microsoft.AspNetCore.DataProtection.AuthenticatedEncryption.CngCbcAuthenticatedEncryptorFactory|Opening CNG algorithm 'SHA256' from provider '(null)' with HMAC. 
2024-03-22 11:26:03.0674|DEBUG|Microsoft.AspNetCore.DataProtection.KeyManagement.KeyRingProvider|Using key {04331095-e001-4e86-a2a5-ac77c623d11c} as the default key. 
2024-03-22 11:26:03.0674|DEBUG|Microsoft.AspNetCore.DataProtection.Internal.DataProtectionHostedService|Key ring with default key {04331095-e001-4e86-a2a5-ac77c623d11c} was loaded during application startup. 
2024-03-22 11:26:03.3508|INFO|Microsoft.Hosting.Lifetime|Now listening on: https://localhost:7290 
2024-03-22 11:26:03.3508|INFO|Microsoft.Hosting.Lifetime|Now listening on: http://localhost:5167 
2024-03-22 11:26:03.3508|DEBUG|Microsoft.AspNetCore.Hosting.Diagnostics|Loaded hosting startup assembly LitZhu.WebApi 
2024-03-22 11:26:03.3508|DEBUG|Microsoft.AspNetCore.Hosting.Diagnostics|Loaded hosting startup assembly Microsoft.AspNetCore.Watch.BrowserRefresh 
2024-03-22 11:26:03.3508|DEBUG|Microsoft.AspNetCore.Hosting.Diagnostics|Loaded hosting startup assembly Microsoft.WebTools.BrowserLink.Net 
2024-03-22 11:26:03.3508|INFO|Microsoft.Hosting.Lifetime|Application started. Press Ctrl+C to shut down. 
2024-03-22 11:26:03.3508|INFO|Microsoft.Hosting.Lifetime|Hosting environment: Development 
2024-03-22 11:26:03.3508|INFO|Microsoft.Hosting.Lifetime|Content root path: D:\Desktop\website\litzhu\LitZhu_backend\LitZhu.WebApi 
2024-03-22 11:26:03.3508|DEBUG|Microsoft.Extensions.Hosting.Internal.Host|Hosting started 
2024-03-22 11:26:03.6504|DEBUG|Microsoft.AspNetCore.Server.Kestrel.Connections|Connection id "0HN2A3V6SBJIK" accepted. 
2024-03-22 11:26:03.6504|DEBUG|Microsoft.AspNetCore.Server.Kestrel.Connections|Connection id "0HN2A3V6SBJIK" started. 
2024-03-22 11:26:03.6504|DEBUG|Microsoft.AspNetCore.Server.Kestrel.Connections|Connection id "0HN2A3V6SBJIL" accepted. 
2024-03-22 11:26:03.6504|DEBUG|Microsoft.AspNetCore.Server.Kestrel.Connections|Connection id "0HN2A3V6SBJIL" started. 
2024-03-22 11:26:03.6792|DEBUG|Microsoft.AspNetCore.Server.Kestrel.Transport.Sockets|Connection id "0HN2A3V6SBJIK" received FIN. 
2024-03-22 11:26:03.6792|DEBUG|Microsoft.AspNetCore.Server.Kestrel.Transport.Sockets|Connection id "0HN2A3V6SBJIL" received FIN. 
2024-03-22 11:26:03.6792|DEBUG|Microsoft.AspNetCore.Server.Kestrel.Https.Internal.HttpsConnectionMiddleware|Failed to authenticate HTTPS connection. System.IO.IOException: Received an unexpected EOF or 0 bytes from the transport stream.
   at System.Net.Security.SslStream.ReceiveHandshakeFrameAsync[TIOAdapter](CancellationToken cancellationToken)
   at System.Net.Security.SslStream.ForceAuthenticationAsync[TIOAdapter](Boolean receiveFirst, Byte[] reAuthenticationData, CancellationToken cancellationToken)
   at System.Net.Security.SslStream.ProcessAuthenticationWithTelemetryAsync(Boolean isAsync, CancellationToken cancellationToken)
   at Microsoft.AspNetCore.Server.Kestrel.Https.Internal.HttpsConnectionMiddleware.OnConnectionAsync(ConnectionContext context)
2024-03-22 11:26:03.6792|DEBUG|Microsoft.AspNetCore.Server.Kestrel.Https.Internal.HttpsConnectionMiddleware|Failed to authenticate HTTPS connection. System.IO.IOException: Received an unexpected EOF or 0 bytes from the transport stream.
   at System.Net.Security.SslStream.ReceiveHandshakeFrameAsync[TIOAdapter](CancellationToken cancellationToken)
   at System.Net.Security.SslStream.ForceAuthenticationAsync[TIOAdapter](Boolean receiveFirst, Byte[] reAuthenticationData, CancellationToken cancellationToken)
   at System.Net.Security.SslStream.ProcessAuthenticationWithTelemetryAsync(Boolean isAsync, CancellationToken cancellationToken)
   at Microsoft.AspNetCore.Server.Kestrel.Https.Internal.HttpsConnectionMiddleware.OnConnectionAsync(ConnectionContext context)
2024-03-22 11:26:03.6974|DEBUG|Microsoft.AspNetCore.Server.Kestrel.Connections|Connection id "0HN2A3V6SBJIL" stopped. 
2024-03-22 11:26:03.6974|DEBUG|Microsoft.AspNetCore.Server.Kestrel.Connections|Connection id "0HN2A3V6SBJIK" stopped. 
2024-03-22 11:26:03.6974|DEBUG|Microsoft.AspNetCore.Server.Kestrel.Transport.Sockets|Connection id "0HN2A3V6SBJIK" sending FIN because: "The Socket transport's send loop completed gracefully." 
2024-03-22 11:26:03.6974|DEBUG|Microsoft.AspNetCore.Server.Kestrel.Transport.Sockets|Connection id "0HN2A3V6SBJIL" sending FIN because: "The Socket transport's send loop completed gracefully." 
2024-03-22 11:26:08.8212|DEBUG|Microsoft.AspNetCore.Server.Kestrel.Connections|Connection id "0HN2A3V6SBJIM" accepted. 
2024-03-22 11:26:08.8212|DEBUG|Microsoft.AspNetCore.Server.Kestrel.Connections|Connection id "0HN2A3V6SBJIM" started. 
2024-03-22 11:26:08.9359|DEBUG|Microsoft.AspNetCore.Server.Kestrel.Https.Internal.HttpsConnectionMiddleware|Connection 0HN2A3V6SBJIM established using the following protocol: Tls13 
2024-03-22 11:26:08.9918|TRACE|Microsoft.AspNetCore.Server.Kestrel.Http2|Connection id "0HN2A3V6SBJIM" sending SETTINGS frame for stream ID 0 with length 24 and flags NONE. 
2024-03-22 11:26:08.9918|TRACE|Microsoft.AspNetCore.Server.Kestrel.Http2|Connection id "0HN2A3V6SBJIM" sending WINDOW_UPDATE frame for stream ID 0 with length 4 and flags 0x0. 
2024-03-22 11:26:08.9918|TRACE|Microsoft.AspNetCore.Server.Kestrel.Http2|Connection id "0HN2A3V6SBJIM" received SETTINGS frame for stream ID 0 with length 24 and flags NONE. 
2024-03-22 11:26:08.9918|TRACE|Microsoft.AspNetCore.Server.Kestrel.Http2|Connection id "0HN2A3V6SBJIM" sending SETTINGS frame for stream ID 0 with length 0 and flags ACK. 
2024-03-22 11:26:08.9918|TRACE|Microsoft.AspNetCore.Server.Kestrel.Http2|Connection id "0HN2A3V6SBJIM" received WINDOW_UPDATE frame for stream ID 0 with length 4 and flags 0x0. 
2024-03-22 11:26:08.9918|TRACE|Microsoft.AspNetCore.Server.Kestrel.Http2|Connection id "0HN2A3V6SBJIM" received HEADERS frame for stream ID 1 with length 463 and flags END_STREAM, END_HEADERS, PRIORITY. 
2024-03-22 11:26:09.0429|TRACE|Microsoft.AspNetCore.Server.Kestrel.Http2|Connection id "0HN2A3V6SBJIM" received SETTINGS frame for stream ID 0 with length 0 and flags ACK. 
2024-03-22 11:26:09.0588|INFO|Microsoft.AspNetCore.Hosting.Diagnostics|Request starting HTTP/2 GET https://localhost:7290/swagger/index.html - - - 
2024-03-22 11:26:09.3484|DEBUG|Microsoft.AspNetCore.HostFiltering.HostFilteringMiddleware|Wildcard detected, all requests with hosts will be allowed. 
2024-03-22 11:26:09.3484|TRACE|Microsoft.AspNetCore.HostFiltering.HostFilteringMiddleware|All hosts are allowed. 
2024-03-22 11:26:09.4052|DEBUG|Microsoft.AspNetCore.Routing.Matching.DfaMatcher|No candidates found for the request path '/swagger/index.html' 
2024-03-22 11:26:09.4052|DEBUG|Microsoft.AspNetCore.Routing.EndpointRoutingMiddleware|Request did not match any endpoints 
2024-03-22 11:26:09.5315|DEBUG|Microsoft.AspNetCore.Watch.BrowserRefresh.BrowserRefreshMiddleware|Response markup is scheduled to include browser refresh script injection. 
2024-03-22 11:26:09.5364|TRACE|Microsoft.AspNetCore.Server.Kestrel.Http2|Connection id "0HN2A3V6SBJIM" sending HEADERS frame for stream ID 1 with length 66 and flags END_HEADERS. 
2024-03-22 11:26:09.5364|TRACE|Microsoft.AspNetCore.Server.Kestrel.Http2|Connection id "0HN2A3V6SBJIM" sending DATA frame for stream ID 1 with length 4096 and flags NONE. 
2024-03-22 11:26:09.5610|TRACE|Microsoft.AspNetCore.Server.Kestrel.Http2|Connection id "0HN2A3V6SBJIM" sending DATA frame for stream ID 1 with length 992 and flags NONE. 
2024-03-22 11:26:09.5610|TRACE|Microsoft.AspNetCore.Server.Kestrel.Http2|Connection id "0HN2A3V6SBJIM" sending DATA frame for stream ID 1 with length 81 and flags NONE. 
2024-03-22 11:26:09.5610|DEBUG|Microsoft.AspNetCore.Watch.BrowserRefresh.BrowserRefreshMiddleware|Response markup was updated to include browser refresh script injection. 
2024-03-22 11:26:09.5610|TRACE|Microsoft.AspNetCore.Server.Kestrel.Http2|Connection id "0HN2A3V6SBJIM" sending DATA frame for stream ID 1 with length 0 and flags END_STREAM. 
2024-03-22 11:26:09.5682|INFO|Microsoft.AspNetCore.Hosting.Diagnostics|Request finished HTTP/2 GET https://localhost:7290/swagger/index.html - 200 - text/html;charset=utf-8 519.9403ms 
2024-03-22 11:26:09.6965|TRACE|Microsoft.AspNetCore.Server.Kestrel.Http2|Connection id "0HN2A3V6SBJIM" received HEADERS frame for stream ID 3 with length 109 and flags END_STREAM, END_HEADERS, PRIORITY. 
2024-03-22 11:26:09.6965|INFO|Microsoft.AspNetCore.Hosting.Diagnostics|Request starting HTTP/2 GET https://localhost:7290/_framework/aspnetcore-browser-refresh.js - - - 
2024-03-22 11:26:09.6965|TRACE|Microsoft.AspNetCore.Server.Kestrel.Http2|Connection id "0HN2A3V6SBJIM" sending HEADERS frame for stream ID 3 with length 60 and flags END_HEADERS. 
2024-03-22 11:26:09.6965|TRACE|Microsoft.AspNetCore.Server.Kestrel.Http2|Connection id "0HN2A3V6SBJIM" sending DATA frame for stream ID 3 with length 13761 and flags NONE. 
2024-03-22 11:26:09.7129|TRACE|Microsoft.AspNetCore.Server.Kestrel.Http2|Connection id "0HN2A3V6SBJIM" sending DATA frame for stream ID 3 with length 0 and flags END_STREAM. 
2024-03-22 11:26:09.7129|INFO|Microsoft.AspNetCore.Hosting.Diagnostics|Request finished HTTP/2 GET https://localhost:7290/_framework/aspnetcore-browser-refresh.js - 200 13761 application/javascript;+charset=utf-8 13.0729ms 
2024-03-22 11:26:09.7641|TRACE|Microsoft.AspNetCore.Server.Kestrel.Http2|Connection id "0HN2A3V6SBJIM" received HEADERS frame for stream ID 5 with length 57 and flags END_STREAM, END_HEADERS, PRIORITY. 
2024-03-22 11:26:09.7641|INFO|Microsoft.AspNetCore.Hosting.Diagnostics|Request starting HTTP/2 GET https://localhost:7290/_vs/browserLink - - - 
2024-03-22 11:26:09.8121|TRACE|Microsoft.AspNetCore.Server.Kestrel.Http2|Connection id "0HN2A3V6SBJIM" sending HEADERS frame for stream ID 5 with length 119 and flags END_HEADERS. 
2024-03-22 11:26:09.8121|TRACE|Microsoft.AspNetCore.Server.Kestrel.Http2|Connection id "0HN2A3V6SBJIM" sending DATA frame for stream ID 5 with length 9986 and flags NONE. 
2024-03-22 11:26:09.8177|TRACE|Microsoft.AspNetCore.Server.Kestrel.Http2|Connection id "0HN2A3V6SBJIM" sending DATA frame for stream ID 5 with length 10240 and flags NONE. 
2024-03-22 11:26:09.8177|TRACE|Microsoft.AspNetCore.Server.Kestrel.Http2|Connection id "0HN2A3V6SBJIM" sending DATA frame for stream ID 5 with length 10240 and flags NONE. 
2024-03-22 11:26:09.8177|TRACE|Microsoft.AspNetCore.Server.Kestrel.Http2|Connection id "0HN2A3V6SBJIM" sending DATA frame for stream ID 5 with length 10240 and flags NONE. 
2024-03-22 11:26:09.8177|TRACE|Microsoft.AspNetCore.Server.Kestrel.Http2|Connection id "0HN2A3V6SBJIM" sending DATA frame for stream ID 5 with length 10240 and flags NONE. 
2024-03-22 11:26:09.8177|TRACE|Microsoft.AspNetCore.Server.Kestrel.Http2|Connection id "0HN2A3V6SBJIM" sending DATA frame for stream ID 5 with length 10240 and flags NONE. 
2024-03-22 11:26:09.8177|TRACE|Microsoft.AspNetCore.Server.Kestrel.Http2|Connection id "0HN2A3V6SBJIM" sending DATA frame for stream ID 5 with length 10240 and flags NONE. 
2024-03-22 11:26:09.8177|TRACE|Microsoft.AspNetCore.Server.Kestrel.Http2|Connection id "0HN2A3V6SBJIM" sending DATA frame for stream ID 5 with length 10240 and flags NONE. 
2024-03-22 11:26:09.8177|TRACE|Microsoft.AspNetCore.Server.Kestrel.Http2|Connection id "0HN2A3V6SBJIM" sending DATA frame for stream ID 5 with length 10240 and flags NONE. 
2024-03-22 11:26:09.8177|TRACE|Microsoft.AspNetCore.Server.Kestrel.Http2|Connection id "0HN2A3V6SBJIM" sending DATA frame for stream ID 5 with length 10240 and flags NONE. 
2024-03-22 11:26:09.8177|TRACE|Microsoft.AspNetCore.Server.Kestrel.Http2|Connection id "0HN2A3V6SBJIM" sending DATA frame for stream ID 5 with length 10240 and flags NONE. 
2024-03-22 11:26:09.8177|TRACE|Microsoft.AspNetCore.Server.Kestrel.Http2|Connection id "0HN2A3V6SBJIM" sending DATA frame for stream ID 5 with length 10240 and flags NONE. 
2024-03-22 11:26:09.8177|TRACE|Microsoft.AspNetCore.Server.Kestrel.Http2|Connection id "0HN2A3V6SBJIM" sending DATA frame for stream ID 5 with length 10240 and flags NONE. 
2024-03-22 11:26:09.8330|TRACE|Microsoft.AspNetCore.Server.Kestrel.Http2|Connection id "0HN2A3V6SBJIM" sending DATA frame for stream ID 5 with length 10240 and flags NONE. 
2024-03-22 11:26:09.8330|TRACE|Microsoft.AspNetCore.Server.Kestrel.Http2|Connection id "0HN2A3V6SBJIM" sending DATA frame for stream ID 5 with length 10240 and flags NONE. 
2024-03-22 11:26:09.8330|TRACE|Microsoft.AspNetCore.Server.Kestrel.Http2|Connection id "0HN2A3V6SBJIM" sending DATA frame for stream ID 5 with length 160 and flags NONE. 
2024-03-22 11:26:09.8330|INFO|Microsoft.AspNetCore.Hosting.Diagnostics|Request finished HTTP/2 GET https://localhost:7290/_vs/browserLink - 200 - text/javascript;+charset=UTF-8 71.8225ms 
2024-03-22 11:26:09.8330|TRACE|Microsoft.AspNetCore.Server.Kestrel.Http2|Connection id "0HN2A3V6SBJIM" sending DATA frame for stream ID 5 with length 0 and flags END_STREAM. 
2024-03-22 11:26:10.2380|TRACE|Microsoft.AspNetCore.Server.Kestrel.Http2|Connection id "0HN2A3V6SBJIM" received HEADERS frame for stream ID 7 with length 66 and flags END_STREAM, END_HEADERS, PRIORITY. 
2024-03-22 11:26:10.2393|INFO|Microsoft.AspNetCore.Hosting.Diagnostics|Request starting HTTP/2 GET https://localhost:7290/swagger/v1/swagger.json - - - 
2024-03-22 11:26:10.2393|TRACE|Microsoft.AspNetCore.HostFiltering.HostFilteringMiddleware|All hosts are allowed. 
2024-03-22 11:26:10.2393|DEBUG|Microsoft.AspNetCore.Routing.Matching.DfaMatcher|No candidates found for the request path '/swagger/v1/swagger.json' 
2024-03-22 11:26:10.2393|DEBUG|Microsoft.AspNetCore.Routing.EndpointRoutingMiddleware|Request did not match any endpoints 
2024-03-22 11:26:10.7662|TRACE|Microsoft.AspNetCore.Server.Kestrel.Http2|Connection id "0HN2A3V6SBJIM" sending HEADERS frame for stream ID 7 with length 65 and flags END_HEADERS. 
2024-03-22 11:26:10.7662|TRACE|Microsoft.AspNetCore.Server.Kestrel.Http2|Connection id "0HN2A3V6SBJIM" sending DATA frame for stream ID 7 with length 16384 and flags NONE. 
2024-03-22 11:26:10.7662|TRACE|Microsoft.AspNetCore.Server.Kestrel.Http2|Connection id "0HN2A3V6SBJIM" sending DATA frame for stream ID 7 with length 16384 and flags NONE. 
2024-03-22 11:26:10.7662|TRACE|Microsoft.AspNetCore.Server.Kestrel.Http2|Connection id "0HN2A3V6SBJIM" sending DATA frame for stream ID 7 with length 16384 and flags NONE. 
2024-03-22 11:26:10.7662|TRACE|Microsoft.AspNetCore.Server.Kestrel.Http2|Connection id "0HN2A3V6SBJIM" sending DATA frame for stream ID 7 with length 9384 and flags NONE. 
2024-03-22 11:26:10.7723|TRACE|Microsoft.AspNetCore.Server.Kestrel.Http2|Connection id "0HN2A3V6SBJIM" sending DATA frame for stream ID 7 with length 0 and flags END_STREAM. 
2024-03-22 11:26:10.7723|INFO|Microsoft.AspNetCore.Hosting.Diagnostics|Request finished HTTP/2 GET https://localhost:7290/swagger/v1/swagger.json - 200 - application/json;charset=utf-8 533.9571ms 
2024-03-22 11:26:11.1163|DEBUG|Microsoft.AspNetCore.Server.Kestrel.Transport.Sockets|Connection id "0HN2A3V6SBJIM" received FIN. 
2024-03-22 11:26:11.1163|DEBUG|Microsoft.AspNetCore.Server.Kestrel.Http2|The connection queue processing loop for 0HN2A3V6SBJIM completed. 
2024-03-22 11:26:11.1163|DEBUG|Microsoft.AspNetCore.Server.Kestrel.Http2|Connection id "0HN2A3V6SBJIM" is closed. The last processed stream ID was 7. 
2024-03-22 11:26:11.1163|DEBUG|Microsoft.AspNetCore.Server.Kestrel.Transport.Sockets|Connection id "0HN2A3V6SBJIM" sending FIN because: "The Socket transport's send loop completed gracefully." 
2024-03-22 11:26:11.1363|DEBUG|Microsoft.AspNetCore.Server.Kestrel.Connections|Connection id "0HN2A3V6SBJIM" stopped. 
2024-03-22 11:26:12.7653|DEBUG|Microsoft.AspNetCore.Server.Kestrel.Connections|Connection id "0HN2A3V6SBJIN" accepted. 
2024-03-22 11:26:12.7653|DEBUG|Microsoft.AspNetCore.Server.Kestrel.Connections|Connection id "0HN2A3V6SBJIN" started. 
2024-03-22 11:26:12.8374|DEBUG|Microsoft.AspNetCore.Server.Kestrel.Https.Internal.HttpsConnectionMiddleware|Connection 0HN2A3V6SBJIN established using the following protocol: Tls13 
2024-03-22 11:26:12.8374|INFO|Microsoft.AspNetCore.Hosting.Diagnostics|Request starting HTTP/1.1 POST https://localhost:7290/api/Auth/SendEmailCode - application/json 38 
2024-03-22 11:26:12.8374|TRACE|Microsoft.AspNetCore.HostFiltering.HostFilteringMiddleware|All hosts are allowed. 
2024-03-22 11:26:12.8522|DEBUG|Microsoft.AspNetCore.Routing.Matching.DfaMatcher|1 candidate(s) found for the request path '/api/Auth/SendEmailCode' 
2024-03-22 11:26:12.8522|DEBUG|Microsoft.AspNetCore.Routing.Matching.DfaMatcher|Endpoint 'LitZhu.WebApi.Controllers.User.AuthController.SendEmailCode (LitZhu.WebApi)' with route pattern 'api/Auth/SendEmailCode' is valid for the request path '/api/Auth/SendEmailCode' 
2024-03-22 11:26:12.8522|DEBUG|Microsoft.AspNetCore.Routing.EndpointRoutingMiddleware|Request matched endpoint 'LitZhu.WebApi.Controllers.User.AuthController.SendEmailCode (LitZhu.WebApi)' 
2024-03-22 11:26:12.8522|TRACE|Microsoft.AspNetCore.Routing.EndpointRoutingMiddleware|The endpoint does not specify the IRequestSizeLimitMetadata. 
2024-03-22 11:26:12.8522|DEBUG|Microsoft.AspNetCore.StaticFiles.StaticFileMiddleware|Static files was skipped as the request already matched an endpoint. 
2024-03-22 11:26:12.9709|DEBUG|Microsoft.AspNetCore.Authentication.JwtBearer.JwtBearerHandler|AuthenticationScheme: Bearer was not authenticated. 
2024-03-22 11:26:12.9749|INFO|Microsoft.AspNetCore.Routing.EndpointMiddleware|Executing endpoint 'LitZhu.WebApi.Controllers.User.AuthController.SendEmailCode (LitZhu.WebApi)' 
2024-03-22 11:26:13.0121|INFO|Microsoft.AspNetCore.Mvc.Infrastructure.ControllerActionInvoker|Route matched with {action = "SendEmailCode", controller = "Auth"}. Executing controller action with signature System.Threading.Tasks.Task`1[Microsoft.AspNetCore.Mvc.ActionResult`1[System.String]] SendEmailCode(LitZhu.WebApi.Controllers.User.SendEmailCodeRequest) on controller LitZhu.WebApi.Controllers.User.AuthController (LitZhu.WebApi). 
2024-03-22 11:26:13.0121|DEBUG|Microsoft.AspNetCore.Mvc.Infrastructure.ControllerActionInvoker|Execution plan of authorization filters (in the following order): None 
2024-03-22 11:26:13.0121|DEBUG|Microsoft.AspNetCore.Mvc.Infrastructure.ControllerActionInvoker|Execution plan of resource filters (in the following order): None 
2024-03-22 11:26:13.0121|DEBUG|Microsoft.AspNetCore.Mvc.Infrastructure.ControllerActionInvoker|Execution plan of action filters (in the following order): Microsoft.AspNetCore.Mvc.ModelBinding.UnsupportedContentTypeFilter (Order: -3000), Microsoft.AspNetCore.Mvc.Infrastructure.ModelStateInvalidFilter (Order: -2000) 
2024-03-22 11:26:13.0121|DEBUG|Microsoft.AspNetCore.Mvc.Infrastructure.ControllerActionInvoker|Execution plan of exception filters (in the following order): None 
2024-03-22 11:26:13.0121|DEBUG|Microsoft.AspNetCore.Mvc.Infrastructure.ControllerActionInvoker|Execution plan of result filters (in the following order): Microsoft.AspNetCore.Mvc.Infrastructure.ClientErrorResultFilter (Order: -2000) 
2024-03-22 11:26:13.0121|DEBUG|Microsoft.AspNetCore.Mvc.Infrastructure.ControllerActionInvoker|Executing controller factory for controller LitZhu.WebApi.Controllers.User.AuthController (LitZhu.WebApi) 
2024-03-22 11:26:13.2581|DEBUG|Microsoft.EntityFrameworkCore.Infrastructure|An additional 'IServiceProvider' was created for internal use by Entity Framework. An existing service provider was not used due to the following configuration changes: configuration changed for 'Core:ConfigureWarnings', configuration added for 'Pomelo.EntityFrameworkCore.MySql:ServerVersion', configuration added for 'Pomelo.EntityFrameworkCore.MySql:DisableBackslashEscaping', configuration added for 'Pomelo.EntityFrameworkCore.MySql:SetSqlModeOnOpen', configuration added for 'Pomelo.EntityFrameworkCore.MySql:DisableLineBreakToCharSubstition', configuration added for 'Pomelo.EntityFrameworkCore.MySql:DefaultDataTypeMappings', configuration added for 'Pomelo.EntityFrameworkCore.MySql:SchemaBehavior', configuration added for 'Pomelo.EntityFrameworkCore.MySql:SchemaNameTranslator', configuration added for 'Pomelo.EntityFrameworkCore.MySql:EnableIndexOptimizedBooleanColumns', configuration added for 'Pomelo.EntityFrameworkCore.MySql:LimitKeyedOrIndexedStringColumnLength', configuration added for 'Pomelo.EntityFrameworkCore.MySql:EnableStringComparisonTranslations', configuration added for 'Pomelo.EntityFrameworkCore.MySql:EnablePrimitiveCollectionsSupport'. 
2024-03-22 11:26:13.8591|DEBUG|Microsoft.EntityFrameworkCore.Model|The index {'UserId'} was not created on entity type 'UserRoles' as the properties are already covered by the index {'UserId', 'RoleId'}. 
2024-03-22 11:26:13.9627|WARN|Microsoft.EntityFrameworkCore.Model.Validation|Entity 'Users' has a global query filter defined and is the required end of a relationship with the entity 'UserAccessFail'. This may lead to unexpected results when the required entity is filtered out. Either configure the navigation as optional, or define matching query filters for both entities in the navigation. See https://go.microsoft.com/fwlink/?linkid=2131316 for more information. 
2024-03-22 11:26:13.9627|WARN|Microsoft.EntityFrameworkCore.Model.Validation|Entity 'Roles' has a global query filter defined and is the required end of a relationship with the entity 'UserRoles'. This may lead to unexpected results when the required entity is filtered out. Either configure the navigation as optional, or define matching query filters for both entities in the navigation. See https://go.microsoft.com/fwlink/?linkid=2131316 for more information. 
2024-03-22 11:26:14.1947|DEBUG|Microsoft.EntityFrameworkCore.Infrastructure|Entity Framework Core 8.0.1 initialized 'UserDbContext' using provider 'Pomelo.EntityFrameworkCore.MySql:8.0.1' with options: ServerVersion=8.0.23-mysql  
2024-03-22 11:26:14.4232|DEBUG|Microsoft.AspNetCore.Mvc.Infrastructure.ControllerActionInvoker|Executed controller factory for controller LitZhu.WebApi.Controllers.User.AuthController (LitZhu.WebApi) 
2024-03-22 11:26:14.4268|DEBUG|Microsoft.AspNetCore.Mvc.ModelBinding.ParameterBinder|Attempting to bind parameter 'req' of type 'LitZhu.WebApi.Controllers.User.SendEmailCodeRequest' ... 
2024-03-22 11:26:14.4268|DEBUG|Microsoft.AspNetCore.Mvc.ModelBinding.Binders.BodyModelBinder|Attempting to bind parameter 'req' of type 'LitZhu.WebApi.Controllers.User.SendEmailCodeRequest' using the name '' in request data ... 
2024-03-22 11:26:14.4268|DEBUG|Microsoft.AspNetCore.Mvc.ModelBinding.Binders.BodyModelBinder|Rejected input formatter 'Microsoft.AspNetCore.Mvc.Formatters.NewtonsoftJsonPatchInputFormatter' for content type 'application/json'. 
2024-03-22 11:26:14.4268|DEBUG|Microsoft.AspNetCore.Mvc.ModelBinding.Binders.BodyModelBinder|Selected input formatter 'Microsoft.AspNetCore.Mvc.Formatters.NewtonsoftJsonInputFormatter' for content type 'application/json'. 
2024-03-22 11:26:14.4268|DEBUG|Microsoft.AspNetCore.Server.Kestrel|Connection id "0HN2A3V6SBJIN", Request id "0HN2A3V6SBJIN:00000001": started reading request body. 
2024-03-22 11:26:14.4268|DEBUG|Microsoft.AspNetCore.Server.Kestrel|Connection id "0HN2A3V6SBJIN", Request id "0HN2A3V6SBJIN:00000001": done reading request body. 
2024-03-22 11:26:14.5294|DEBUG|Microsoft.AspNetCore.Mvc.ModelBinding.Binders.BodyModelBinder|Done attempting to bind parameter 'req' of type 'LitZhu.WebApi.Controllers.User.SendEmailCodeRequest'. 
2024-03-22 11:26:14.5294|DEBUG|Microsoft.AspNetCore.Mvc.ModelBinding.ParameterBinder|Done attempting to bind parameter 'req' of type 'LitZhu.WebApi.Controllers.User.SendEmailCodeRequest'. 
2024-03-22 11:26:14.5294|DEBUG|Microsoft.AspNetCore.Mvc.ModelBinding.ParameterBinder|Attempting to validate the bound parameter 'req' of type 'LitZhu.WebApi.Controllers.User.SendEmailCodeRequest' ... 
2024-03-22 11:26:14.5363|DEBUG|Microsoft.AspNetCore.Mvc.ModelBinding.ParameterBinder|Done attempting to validate the bound parameter 'req' of type 'LitZhu.WebApi.Controllers.User.SendEmailCodeRequest'. 
2024-03-22 11:26:14.5363|TRACE|Microsoft.AspNetCore.Mvc.Infrastructure.ControllerActionInvoker|Action Filter: Before executing OnActionExecuting on filter Microsoft.AspNetCore.Mvc.ModelBinding.UnsupportedContentTypeFilter. 
2024-03-22 11:26:14.5363|TRACE|Microsoft.AspNetCore.Mvc.Infrastructure.ControllerActionInvoker|Action Filter: After executing OnActionExecuting on filter Microsoft.AspNetCore.Mvc.ModelBinding.UnsupportedContentTypeFilter. 
2024-03-22 11:26:14.5363|TRACE|Microsoft.AspNetCore.Mvc.Infrastructure.ControllerActionInvoker|Action Filter: Before executing OnActionExecuting on filter Microsoft.AspNetCore.Mvc.Infrastructure.ModelStateInvalidFilter. 
2024-03-22 11:26:14.5363|TRACE|Microsoft.AspNetCore.Mvc.Infrastructure.ControllerActionInvoker|Action Filter: After executing OnActionExecuting on filter Microsoft.AspNetCore.Mvc.Infrastructure.ModelStateInvalidFilter. 
2024-03-22 11:26:14.5363|INFO|Microsoft.AspNetCore.Mvc.Infrastructure.ControllerActionInvoker|Executing action method LitZhu.WebApi.Controllers.User.AuthController.SendEmailCode (LitZhu.WebApi) - Validation state: Valid 
2024-03-22 11:26:14.5363|TRACE|Microsoft.AspNetCore.Mvc.Infrastructure.ControllerActionInvoker|Executing action method LitZhu.WebApi.Controllers.User.AuthController.SendEmailCode (LitZhu.WebApi) with arguments (SendEmailCodeRequest { Email = litzhuvich@foxmain.com }) 
2024-03-22 11:26:14.6421|DEBUG|Microsoft.EntityFrameworkCore.Query|Compiling query expression: 
'DbSet<Users>()
    .Include(x => x.UserAccessFail)
    .Include(x => x.UserRoles)
    .ThenInclude(ur => ur.Roles)
    .FirstOrDefault(x => x.Email == __email_0)' 
2024-03-22 11:26:14.7226|DEBUG|Microsoft.EntityFrameworkCore.Query|Including navigation: 'Users.UserAccessFail'. 
2024-03-22 11:26:14.7236|DEBUG|Microsoft.EntityFrameworkCore.Query|Including navigation: 'Users.UserRoles'. 
2024-03-22 11:26:14.7236|DEBUG|Microsoft.EntityFrameworkCore.Query|Including navigation: 'UserRoles.Roles'. 
2024-03-22 11:26:15.0154|DEBUG|Microsoft.EntityFrameworkCore.Query|Generated query execution expression: 
'queryContext => ShapedQueryCompilingExpressionVisitor.SingleOrDefaultAsync<Users>(
    asyncEnumerable: new SingleQueryingEnumerable<Users>(
        (RelationalQueryContext)queryContext, 
        RelationalCommandCache.QueryExpression(
            Client Projections:
                0 -> Dictionary<IProperty, int> { [Property: Users.Id (Guid) Required PK AfterSave:Throw ValueGenerated.OnAdd, 0], [Property: Users.Avatar (string), 1], [Property: Users.CreationTime (DateTime) Required, 2], [Property: Users.DeletionTime (DateTime?), 3], [Property: Users.Email (string), 4], [Property: Users.Gender (Gender) Required, 5], [Property: Users.IsDeleted (bool) Required Index, 6], [Property: Users.LastModificationTime (DateTime?), 7], [Property: Users.Password (string) Required MaxLength(100) ANSI, 8], [Property: Users.Phone (string), 9], [Property: Users.Username (string) Required Index MaxLength(10), 10] }
                1 -> Dictionary<IProperty, int> { [Property: UserAccessFail.Id (Guid) Required PK AfterSave:Throw ValueGenerated.OnAdd, 11], [Property: UserAccessFail.AccessFailedCount (int) Required, 12], [Property: UserAccessFail.CreationTime (DateTime) Required, 13], [Property: UserAccessFail.IsLockOut (bool) Required, 14], [Property: UserAccessFail.LockOutEnd (DateTime?), 15], [Property: UserAccessFail.UserId (Guid) Required FK Index, 16] }
                2 -> 0
                3 -> 11
                4 -> Dictionary<IProperty, int> { [Property: UserRoles.UserId (Guid) Required PK FK AfterSave:Throw, 17], [Property: UserRoles.RoleId (Guid) Required PK FK Index AfterSave:Throw, 18] }
                5 -> Dictionary<IProperty, int> { [Property: Roles.Id (Guid) Required PK AfterSave:Throw ValueGenerated.OnAdd, 19], [Property: Roles.CreationTime (DateTime) Required, 20], [Property: Roles.DeletionTime (DateTime?), 21], [Property: Roles.IsDeleted (bool) Required Index, 22], [Property: Roles.LastModificationTime (DateTime?), 23], [Property: Roles.RoleDesc (string) Required, 24], [Property: Roles.RoleName (string) Required MaxLength(10), 25] }
                6 -> 17
                7 -> 18
                8 -> 19
            SELECT t.Id, t.Avatar, t.CreationTime, t.DeletionTime, t.Email, t.Gender, t.IsDeleted, t.LastModificationTime, t.Password, t.Phone, t.Username, t.Id0, t.AccessFailedCount, t.CreationTime0, t.IsLockOut, t.LockOutEnd, t.UserId, t0.UserId, t0.RoleId, t0.Id, t0.CreationTime, t0.DeletionTime, t0.IsDeleted, t0.LastModificationTime, t0.RoleDesc, t0.RoleName
            FROM 
            (
                SELECT TOP(1) u.Id, u.Avatar, u.CreationTime, u.DeletionTime, u.Email, u.Gender, u.IsDeleted, u.LastModificationTime, u.Password, u.Phone, u.Username, u0.Id AS Id0, u0.AccessFailedCount, u0.CreationTime AS CreationTime0, u0.IsLockOut, u0.LockOutEnd, u0.UserId
                FROM Users AS u
                LEFT JOIN UserAccessFails AS u0 ON u.Id == u0.UserId
                WHERE (u.IsDeleted == FALSE) && (u.Email == @__email_0)
            ) AS t
            LEFT JOIN 
            (
                SELECT u1.UserId, u1.RoleId, t1.Id, t1.CreationTime, t1.DeletionTime, t1.IsDeleted, t1.LastModificationTime, t1.RoleDesc, t1.RoleName
                FROM Users_Roles AS u1
                INNER JOIN 
                (
                    SELECT r.Id, r.CreationTime, r.DeletionTime, r.IsDeleted, r.LastModificationTime, r.RoleDesc, r.RoleName
                    FROM Roles AS r
                    WHERE r.IsDeleted == FALSE
                ) AS t1 ON u1.RoleId == t1.Id
            ) AS t0 ON t.Id == t0.UserId
            ORDER BY t.Id ASC, t.Id0 ASC, t0.UserId ASC, t0.RoleId ASC), 
        null, 
        Func<QueryContext, DbDataReader, ResultContext, SingleQueryResultCoordinator, Users>, 
        User.Infrastructure.UserDbContext, 
        False, 
        False, 
        True
    ), 
    cancellationToken: queryContext.CancellationToken)' 
2024-03-22 11:26:15.0649|DEBUG|Microsoft.EntityFrameworkCore.Database.Connection|Creating DbConnection. 
2024-03-22 11:26:15.0746|DEBUG|Microsoft.EntityFrameworkCore.Database.Connection|Created DbConnection. (8ms). 
2024-03-22 11:26:15.0851|DEBUG|Microsoft.EntityFrameworkCore.Database.Connection|Opening connection to database 'LitZhu' on server 'localhost'. 
2024-03-22 11:26:15.2184|DEBUG|Microsoft.EntityFrameworkCore.Database.Connection|Opened connection to database 'LitZhu' on server 'localhost'. 
2024-03-22 11:26:15.2184|DEBUG|Microsoft.EntityFrameworkCore.Database.Command|Creating DbCommand for 'ExecuteReader'. 
2024-03-22 11:26:15.2238|DEBUG|Microsoft.EntityFrameworkCore.Database.Command|Created DbCommand for 'ExecuteReader' (2ms). 
2024-03-22 11:26:15.2238|DEBUG|Microsoft.EntityFrameworkCore.Database.Command|Initialized DbCommand for 'ExecuteReader' (16ms). 
2024-03-22 11:26:15.2456|DEBUG|Microsoft.EntityFrameworkCore.Database.Command|Executing DbCommand [Parameters=[@__email_0='?' (Size = 4000)], CommandType='Text', CommandTimeout='30']
SELECT `t`.`Id`, `t`.`Avatar`, `t`.`CreationTime`, `t`.`DeletionTime`, `t`.`Email`, `t`.`Gender`, `t`.`IsDeleted`, `t`.`LastModificationTime`, `t`.`Password`, `t`.`Phone`, `t`.`Username`, `t`.`Id0`, `t`.`AccessFailedCount`, `t`.`CreationTime0`, `t`.`IsLockOut`, `t`.`LockOutEnd`, `t`.`UserId`, `t0`.`UserId`, `t0`.`RoleId`, `t0`.`Id`, `t0`.`CreationTime`, `t0`.`DeletionTime`, `t0`.`IsDeleted`, `t0`.`LastModificationTime`, `t0`.`RoleDesc`, `t0`.`RoleName`
FROM (
    SELECT `u`.`Id`, `u`.`Avatar`, `u`.`CreationTime`, `u`.`DeletionTime`, `u`.`Email`, `u`.`Gender`, `u`.`IsDeleted`, `u`.`LastModificationTime`, `u`.`Password`, `u`.`Phone`, `u`.`Username`, `u0`.`Id` AS `Id0`, `u0`.`AccessFailedCount`, `u0`.`CreationTime` AS `CreationTime0`, `u0`.`IsLockOut`, `u0`.`LockOutEnd`, `u0`.`UserId`
    FROM `Users` AS `u`
    LEFT JOIN `UserAccessFails` AS `u0` ON `u`.`Id` = `u0`.`UserId`
    WHERE NOT (`u`.`IsDeleted`) AND (`u`.`Email` = @__email_0)
    LIMIT 1
) AS `t`
LEFT JOIN (
    SELECT `u1`.`UserId`, `u1`.`RoleId`, `t1`.`Id`, `t1`.`CreationTime`, `t1`.`DeletionTime`, `t1`.`IsDeleted`, `t1`.`LastModificationTime`, `t1`.`RoleDesc`, `t1`.`RoleName`
    FROM `Users_Roles` AS `u1`
    INNER JOIN (
        SELECT `r`.`Id`, `r`.`CreationTime`, `r`.`DeletionTime`, `r`.`IsDeleted`, `r`.`LastModificationTime`, `r`.`RoleDesc`, `r`.`RoleName`
        FROM `Roles` AS `r`
        WHERE NOT (`r`.`IsDeleted`)
    ) AS `t1` ON `u1`.`RoleId` = `t1`.`Id`
) AS `t0` ON `t`.`Id` = `t0`.`UserId`
ORDER BY `t`.`Id`, `t`.`Id0`, `t0`.`UserId`, `t0`.`RoleId` 
2024-03-22 11:26:15.2960|INFO|Microsoft.EntityFrameworkCore.Database.Command|Executed DbCommand (50ms) [Parameters=[@__email_0='?' (Size = 4000)], CommandType='Text', CommandTimeout='30']
SELECT `t`.`Id`, `t`.`Avatar`, `t`.`CreationTime`, `t`.`DeletionTime`, `t`.`Email`, `t`.`Gender`, `t`.`IsDeleted`, `t`.`LastModificationTime`, `t`.`Password`, `t`.`Phone`, `t`.`Username`, `t`.`Id0`, `t`.`AccessFailedCount`, `t`.`CreationTime0`, `t`.`IsLockOut`, `t`.`LockOutEnd`, `t`.`UserId`, `t0`.`UserId`, `t0`.`RoleId`, `t0`.`Id`, `t0`.`CreationTime`, `t0`.`DeletionTime`, `t0`.`IsDeleted`, `t0`.`LastModificationTime`, `t0`.`RoleDesc`, `t0`.`RoleName`
FROM (
    SELECT `u`.`Id`, `u`.`Avatar`, `u`.`CreationTime`, `u`.`DeletionTime`, `u`.`Email`, `u`.`Gender`, `u`.`IsDeleted`, `u`.`LastModificationTime`, `u`.`Password`, `u`.`Phone`, `u`.`Username`, `u0`.`Id` AS `Id0`, `u0`.`AccessFailedCount`, `u0`.`CreationTime` AS `CreationTime0`, `u0`.`IsLockOut`, `u0`.`LockOutEnd`, `u0`.`UserId`
    FROM `Users` AS `u`
    LEFT JOIN `UserAccessFails` AS `u0` ON `u`.`Id` = `u0`.`UserId`
    WHERE NOT (`u`.`IsDeleted`) AND (`u`.`Email` = @__email_0)
    LIMIT 1
) AS `t`
LEFT JOIN (
    SELECT `u1`.`UserId`, `u1`.`RoleId`, `t1`.`Id`, `t1`.`CreationTime`, `t1`.`DeletionTime`, `t1`.`IsDeleted`, `t1`.`LastModificationTime`, `t1`.`RoleDesc`, `t1`.`RoleName`
    FROM `Users_Roles` AS `u1`
    INNER JOIN (
        SELECT `r`.`Id`, `r`.`CreationTime`, `r`.`DeletionTime`, `r`.`IsDeleted`, `r`.`LastModificationTime`, `r`.`RoleDesc`, `r`.`RoleName`
        FROM `Roles` AS `r`
        WHERE NOT (`r`.`IsDeleted`)
    ) AS `t1` ON `u1`.`RoleId` = `t1`.`Id`
) AS `t0` ON `t`.`Id` = `t0`.`UserId`
ORDER BY `t`.`Id`, `t`.`Id0`, `t0`.`UserId`, `t0`.`RoleId` 
2024-03-22 11:26:15.3434|DEBUG|Microsoft.EntityFrameworkCore.ChangeTracking|Context 'UserDbContext' started tracking 'Users' entity. Consider using 'DbContextOptionsBuilder.EnableSensitiveDataLogging' to see key values. 
2024-03-22 11:26:15.3925|DEBUG|Microsoft.EntityFrameworkCore.ChangeTracking|The navigation 'Users.UserAccessFail' was detected as changed. Consider using 'DbContextOptionsBuilder.EnableSensitiveDataLogging' to see key values. 
2024-03-22 11:26:15.3957|DEBUG|Microsoft.EntityFrameworkCore.ChangeTracking|Context 'UserDbContext' started tracking 'UserAccessFail' entity. Consider using 'DbContextOptionsBuilder.EnableSensitiveDataLogging' to see key values. 
2024-03-22 11:26:15.4140|DEBUG|Microsoft.EntityFrameworkCore.Database.Command|Closing data reader to 'LitZhu' on server 'localhost'. 
2024-03-22 11:26:15.4140|DEBUG|Microsoft.EntityFrameworkCore.Database.Command|A data reader for 'LitZhu' on server 'localhost' is being disposed after spending 121ms reading results. 
2024-03-22 11:26:15.4140|DEBUG|Microsoft.EntityFrameworkCore.Database.Connection|Closing connection to database 'LitZhu' on server 'localhost'. 
2024-03-22 11:26:15.4305|DEBUG|Microsoft.EntityFrameworkCore.Database.Connection|Closed connection to database 'LitZhu' on server 'localhost' (6ms). 
2024-03-22 11:26:15.4470|WARN|User.Infrastructure.EmailCodeSender|向邮箱地址：litzhuvich@foxmain.com , 发送验证码：83605 
2024-03-22 11:26:15.4470|INFO|Microsoft.AspNetCore.Mvc.Infrastructure.ControllerActionInvoker|Executed action method LitZhu.WebApi.Controllers.User.AuthController.SendEmailCode (LitZhu.WebApi), returned result Microsoft.AspNetCore.Mvc.OkObjectResult in 903.5963ms. 
2024-03-22 11:26:15.4470|TRACE|Microsoft.AspNetCore.Mvc.Infrastructure.ControllerActionInvoker|Action Filter: Before executing OnActionExecuted on filter Microsoft.AspNetCore.Mvc.Infrastructure.ModelStateInvalidFilter. 
2024-03-22 11:26:15.4470|TRACE|Microsoft.AspNetCore.Mvc.Infrastructure.ControllerActionInvoker|Action Filter: After executing OnActionExecuted on filter Microsoft.AspNetCore.Mvc.Infrastructure.ModelStateInvalidFilter. 
2024-03-22 11:26:15.4470|TRACE|Microsoft.AspNetCore.Mvc.Infrastructure.ControllerActionInvoker|Action Filter: Before executing OnActionExecuted on filter Microsoft.AspNetCore.Mvc.ModelBinding.UnsupportedContentTypeFilter. 
2024-03-22 11:26:15.4470|TRACE|Microsoft.AspNetCore.Mvc.Infrastructure.ControllerActionInvoker|Action Filter: After executing OnActionExecuted on filter Microsoft.AspNetCore.Mvc.ModelBinding.UnsupportedContentTypeFilter. 
2024-03-22 11:26:15.4470|TRACE|Microsoft.AspNetCore.Mvc.Infrastructure.ControllerActionInvoker|Result Filter: Before executing OnResultExecuting on filter Microsoft.AspNetCore.Mvc.Infrastructure.ClientErrorResultFilter. 
2024-03-22 11:26:15.4470|TRACE|Microsoft.AspNetCore.Mvc.Infrastructure.ControllerActionInvoker|Result Filter: After executing OnResultExecuting on filter Microsoft.AspNetCore.Mvc.Infrastructure.ClientErrorResultFilter. 
2024-03-22 11:26:15.4470|TRACE|Microsoft.AspNetCore.Mvc.Infrastructure.ControllerActionInvoker|Before executing action result Microsoft.AspNetCore.Mvc.OkObjectResult. 
2024-03-22 11:26:15.4470|DEBUG|Microsoft.AspNetCore.Mvc.Infrastructure.DefaultOutputFormatterSelector|List of registered output formatters, in the following order: Microsoft.AspNetCore.Mvc.Formatters.HttpNoContentOutputFormatter, Microsoft.AspNetCore.Mvc.Formatters.StringOutputFormatter, Microsoft.AspNetCore.Mvc.Formatters.StreamOutputFormatter, Microsoft.AspNetCore.Mvc.Formatters.NewtonsoftJsonOutputFormatter 
2024-03-22 11:26:15.4585|DEBUG|Microsoft.AspNetCore.Mvc.Infrastructure.DefaultOutputFormatterSelector|No information found on request to perform content negotiation. 
2024-03-22 11:26:15.4585|DEBUG|Microsoft.AspNetCore.Mvc.Infrastructure.DefaultOutputFormatterSelector|Attempting to select an output formatter without using a content type as no explicit content types were specified for the response. 
2024-03-22 11:26:15.4585|DEBUG|Microsoft.AspNetCore.Mvc.Infrastructure.DefaultOutputFormatterSelector|Attempting to select the first formatter in the output formatters list which can write the result. 
2024-03-22 11:26:15.4585|DEBUG|Microsoft.AspNetCore.Mvc.Infrastructure.DefaultOutputFormatterSelector|Selected output formatter 'Microsoft.AspNetCore.Mvc.Formatters.NewtonsoftJsonOutputFormatter' and content type 'application/json' to write the response. 
2024-03-22 11:26:15.4585|INFO|Microsoft.AspNetCore.Mvc.Infrastructure.ObjectResultExecutor|Executing OkObjectResult, writing value of type 'LitZhu.WebApi.R'. 
2024-03-22 11:26:15.4880|TRACE|Microsoft.AspNetCore.Mvc.Infrastructure.ControllerActionInvoker|After executing action result Microsoft.AspNetCore.Mvc.OkObjectResult. 
2024-03-22 11:26:15.4882|TRACE|Microsoft.AspNetCore.Mvc.Infrastructure.ControllerActionInvoker|Result Filter: Before executing OnResultExecuted on filter Microsoft.AspNetCore.Mvc.Infrastructure.ClientErrorResultFilter. 
2024-03-22 11:26:15.4882|TRACE|Microsoft.AspNetCore.Mvc.Infrastructure.ControllerActionInvoker|Result Filter: After executing OnResultExecuted on filter Microsoft.AspNetCore.Mvc.Infrastructure.ClientErrorResultFilter. 
2024-03-22 11:26:15.4882|DEBUG|Microsoft.AspNetCore.Server.Kestrel.Transport.Sockets|Connection id "0HN2A3V6SBJIN" received FIN. 
2024-03-22 11:26:15.4882|DEBUG|Microsoft.AspNetCore.Server.Kestrel.Transport.Sockets|Connection id "0HN2A3V6SBJIN" sending FIN because: "The Socket transport's send loop completed gracefully." 
2024-03-22 11:26:15.4882|DEBUG|Microsoft.AspNetCore.Server.Kestrel.Connections|Connection id "0HN2A3V6SBJIN" disconnecting. 
2024-03-22 11:26:15.4882|INFO|Microsoft.AspNetCore.Mvc.Infrastructure.ControllerActionInvoker|Executed action LitZhu.WebApi.Controllers.User.AuthController.SendEmailCode (LitZhu.WebApi) in 2474.638ms 
2024-03-22 11:26:15.4882|INFO|Microsoft.AspNetCore.Routing.EndpointMiddleware|Executed endpoint 'LitZhu.WebApi.Controllers.User.AuthController.SendEmailCode (LitZhu.WebApi)' 
2024-03-22 11:26:15.4882|DEBUG|Microsoft.EntityFrameworkCore.Infrastructure|'UserDbContext' disposed. 
2024-03-22 11:26:15.4882|DEBUG|Microsoft.EntityFrameworkCore.Database.Connection|Disposing connection to database 'LitZhu' on server 'localhost'. 
2024-03-22 11:26:15.4882|DEBUG|Microsoft.EntityFrameworkCore.Database.Connection|Disposed connection to database 'LitZhu' on server 'localhost' (1ms). 
2024-03-22 11:26:15.4882|INFO|Microsoft.AspNetCore.Hosting.Diagnostics|Request finished HTTP/1.1 POST https://localhost:7290/api/Auth/SendEmailCode - 200 47 application/json;+charset=utf-8 2661.1908ms 
2024-03-22 11:26:15.4882|DEBUG|Microsoft.AspNetCore.Server.Kestrel.Connections|Connection id "0HN2A3V6SBJIN" stopped. 
2024-03-22 11:26:20.9163|DEBUG|Microsoft.AspNetCore.Server.Kestrel.Connections|Connection id "0HN2A3V6SBJIO" accepted. 
2024-03-22 11:26:20.9163|DEBUG|Microsoft.AspNetCore.Server.Kestrel.Connections|Connection id "0HN2A3V6SBJIO" started. 
2024-03-22 11:26:20.9320|DEBUG|Microsoft.AspNetCore.Server.Kestrel.Https.Internal.HttpsConnectionMiddleware|Connection 0HN2A3V6SBJIO established using the following protocol: Tls13 
2024-03-22 11:26:20.9320|INFO|Microsoft.AspNetCore.Hosting.Diagnostics|Request starting HTTP/1.1 POST https://localhost:7290/api/Auth/SendEmailCode - application/json 38 
2024-03-22 11:26:20.9320|TRACE|Microsoft.AspNetCore.HostFiltering.HostFilteringMiddleware|All hosts are allowed. 
2024-03-22 11:26:20.9320|DEBUG|Microsoft.AspNetCore.Routing.Matching.DfaMatcher|1 candidate(s) found for the request path '/api/Auth/SendEmailCode' 
2024-03-22 11:26:20.9320|DEBUG|Microsoft.AspNetCore.Routing.Matching.DfaMatcher|Endpoint 'LitZhu.WebApi.Controllers.User.AuthController.SendEmailCode (LitZhu.WebApi)' with route pattern 'api/Auth/SendEmailCode' is valid for the request path '/api/Auth/SendEmailCode' 
2024-03-22 11:26:20.9320|DEBUG|Microsoft.AspNetCore.Routing.EndpointRoutingMiddleware|Request matched endpoint 'LitZhu.WebApi.Controllers.User.AuthController.SendEmailCode (LitZhu.WebApi)' 
2024-03-22 11:26:20.9320|TRACE|Microsoft.AspNetCore.Routing.EndpointRoutingMiddleware|The endpoint does not specify the IRequestSizeLimitMetadata. 
2024-03-22 11:26:20.9320|DEBUG|Microsoft.AspNetCore.StaticFiles.StaticFileMiddleware|Static files was skipped as the request already matched an endpoint. 
2024-03-22 11:26:20.9320|DEBUG|Microsoft.AspNetCore.Authentication.JwtBearer.JwtBearerHandler|AuthenticationScheme: Bearer was not authenticated. 
2024-03-22 11:26:20.9320|INFO|Microsoft.AspNetCore.Routing.EndpointMiddleware|Executing endpoint 'LitZhu.WebApi.Controllers.User.AuthController.SendEmailCode (LitZhu.WebApi)' 
2024-03-22 11:26:20.9320|INFO|Microsoft.AspNetCore.Mvc.Infrastructure.ControllerActionInvoker|Route matched with {action = "SendEmailCode", controller = "Auth"}. Executing controller action with signature System.Threading.Tasks.Task`1[Microsoft.AspNetCore.Mvc.ActionResult`1[System.String]] SendEmailCode(LitZhu.WebApi.Controllers.User.SendEmailCodeRequest) on controller LitZhu.WebApi.Controllers.User.AuthController (LitZhu.WebApi). 
2024-03-22 11:26:20.9320|DEBUG|Microsoft.AspNetCore.Mvc.Infrastructure.ControllerActionInvoker|Execution plan of authorization filters (in the following order): None 
2024-03-22 11:26:20.9320|DEBUG|Microsoft.AspNetCore.Mvc.Infrastructure.ControllerActionInvoker|Execution plan of resource filters (in the following order): None 
2024-03-22 11:26:20.9320|DEBUG|Microsoft.AspNetCore.Mvc.Infrastructure.ControllerActionInvoker|Execution plan of action filters (in the following order): Microsoft.AspNetCore.Mvc.ModelBinding.UnsupportedContentTypeFilter (Order: -3000), Microsoft.AspNetCore.Mvc.Infrastructure.ModelStateInvalidFilter (Order: -2000) 
2024-03-22 11:26:20.9320|DEBUG|Microsoft.AspNetCore.Mvc.Infrastructure.ControllerActionInvoker|Execution plan of exception filters (in the following order): None 
2024-03-22 11:26:20.9320|DEBUG|Microsoft.AspNetCore.Mvc.Infrastructure.ControllerActionInvoker|Execution plan of result filters (in the following order): Microsoft.AspNetCore.Mvc.Infrastructure.ClientErrorResultFilter (Order: -2000) 
2024-03-22 11:26:20.9320|DEBUG|Microsoft.AspNetCore.Mvc.Infrastructure.ControllerActionInvoker|Executing controller factory for controller LitZhu.WebApi.Controllers.User.AuthController (LitZhu.WebApi) 
2024-03-22 11:26:20.9903|DEBUG|Microsoft.EntityFrameworkCore.Infrastructure|Entity Framework Core 8.0.1 initialized 'UserDbContext' using provider 'Pomelo.EntityFrameworkCore.MySql:8.0.1' with options: ServerVersion=8.0.23-mysql  
2024-03-22 11:26:20.9923|DEBUG|Microsoft.AspNetCore.Mvc.Infrastructure.ControllerActionInvoker|Executed controller factory for controller LitZhu.WebApi.Controllers.User.AuthController (LitZhu.WebApi) 
2024-03-22 11:26:20.9923|DEBUG|Microsoft.AspNetCore.Mvc.ModelBinding.ParameterBinder|Attempting to bind parameter 'req' of type 'LitZhu.WebApi.Controllers.User.SendEmailCodeRequest' ... 
2024-03-22 11:26:20.9923|DEBUG|Microsoft.AspNetCore.Mvc.ModelBinding.Binders.BodyModelBinder|Attempting to bind parameter 'req' of type 'LitZhu.WebApi.Controllers.User.SendEmailCodeRequest' using the name '' in request data ... 
2024-03-22 11:26:20.9923|DEBUG|Microsoft.AspNetCore.Mvc.ModelBinding.Binders.BodyModelBinder|Rejected input formatter 'Microsoft.AspNetCore.Mvc.Formatters.NewtonsoftJsonPatchInputFormatter' for content type 'application/json'. 
2024-03-22 11:26:20.9923|DEBUG|Microsoft.AspNetCore.Mvc.ModelBinding.Binders.BodyModelBinder|Selected input formatter 'Microsoft.AspNetCore.Mvc.Formatters.NewtonsoftJsonInputFormatter' for content type 'application/json'. 
2024-03-22 11:26:20.9923|DEBUG|Microsoft.AspNetCore.Server.Kestrel|Connection id "0HN2A3V6SBJIO", Request id "0HN2A3V6SBJIO:00000001": started reading request body. 
2024-03-22 11:26:20.9923|DEBUG|Microsoft.AspNetCore.Server.Kestrel|Connection id "0HN2A3V6SBJIO", Request id "0HN2A3V6SBJIO:00000001": done reading request body. 
2024-03-22 11:26:20.9923|DEBUG|Microsoft.AspNetCore.Mvc.ModelBinding.Binders.BodyModelBinder|Done attempting to bind parameter 'req' of type 'LitZhu.WebApi.Controllers.User.SendEmailCodeRequest'. 
2024-03-22 11:26:20.9923|DEBUG|Microsoft.AspNetCore.Mvc.ModelBinding.ParameterBinder|Done attempting to bind parameter 'req' of type 'LitZhu.WebApi.Controllers.User.SendEmailCodeRequest'. 
2024-03-22 11:26:20.9923|DEBUG|Microsoft.AspNetCore.Mvc.ModelBinding.ParameterBinder|Attempting to validate the bound parameter 'req' of type 'LitZhu.WebApi.Controllers.User.SendEmailCodeRequest' ... 
2024-03-22 11:26:20.9923|DEBUG|Microsoft.AspNetCore.Mvc.ModelBinding.ParameterBinder|Done attempting to validate the bound parameter 'req' of type 'LitZhu.WebApi.Controllers.User.SendEmailCodeRequest'. 
2024-03-22 11:26:20.9923|TRACE|Microsoft.AspNetCore.Mvc.Infrastructure.ControllerActionInvoker|Action Filter: Before executing OnActionExecuting on filter Microsoft.AspNetCore.Mvc.ModelBinding.UnsupportedContentTypeFilter. 
2024-03-22 11:26:20.9923|TRACE|Microsoft.AspNetCore.Mvc.Infrastructure.ControllerActionInvoker|Action Filter: After executing OnActionExecuting on filter Microsoft.AspNetCore.Mvc.ModelBinding.UnsupportedContentTypeFilter. 
2024-03-22 11:26:20.9923|TRACE|Microsoft.AspNetCore.Mvc.Infrastructure.ControllerActionInvoker|Action Filter: Before executing OnActionExecuting on filter Microsoft.AspNetCore.Mvc.Infrastructure.ModelStateInvalidFilter. 
2024-03-22 11:26:20.9923|TRACE|Microsoft.AspNetCore.Mvc.Infrastructure.ControllerActionInvoker|Action Filter: After executing OnActionExecuting on filter Microsoft.AspNetCore.Mvc.Infrastructure.ModelStateInvalidFilter. 
2024-03-22 11:26:20.9923|INFO|Microsoft.AspNetCore.Mvc.Infrastructure.ControllerActionInvoker|Executing action method LitZhu.WebApi.Controllers.User.AuthController.SendEmailCode (LitZhu.WebApi) - Validation state: Valid 
2024-03-22 11:26:20.9923|TRACE|Microsoft.AspNetCore.Mvc.Infrastructure.ControllerActionInvoker|Executing action method LitZhu.WebApi.Controllers.User.AuthController.SendEmailCode (LitZhu.WebApi) with arguments (SendEmailCodeRequest { Email = litzhuvich@foxmain.com }) 
2024-03-22 11:26:20.9923|DEBUG|Microsoft.EntityFrameworkCore.Database.Connection|Creating DbConnection. 
2024-03-22 11:26:20.9923|DEBUG|Microsoft.EntityFrameworkCore.Database.Connection|Created DbConnection. (0ms). 
2024-03-22 11:26:20.9923|DEBUG|Microsoft.EntityFrameworkCore.Database.Connection|Opening connection to database 'LitZhu' on server 'localhost'. 
2024-03-22 11:26:21.0264|DEBUG|Microsoft.EntityFrameworkCore.Database.Connection|Opened connection to database 'LitZhu' on server 'localhost'. 
2024-03-22 11:26:21.0264|DEBUG|Microsoft.EntityFrameworkCore.Database.Command|Creating DbCommand for 'ExecuteReader'. 
2024-03-22 11:26:21.0264|DEBUG|Microsoft.EntityFrameworkCore.Database.Command|Created DbCommand for 'ExecuteReader' (0ms). 
2024-03-22 11:26:21.0264|DEBUG|Microsoft.EntityFrameworkCore.Database.Command|Initialized DbCommand for 'ExecuteReader' (0ms). 
2024-03-22 11:26:21.0264|DEBUG|Microsoft.EntityFrameworkCore.Database.Command|Executing DbCommand [Parameters=[@__email_0='?' (Size = 4000)], CommandType='Text', CommandTimeout='30']
SELECT `t`.`Id`, `t`.`Avatar`, `t`.`CreationTime`, `t`.`DeletionTime`, `t`.`Email`, `t`.`Gender`, `t`.`IsDeleted`, `t`.`LastModificationTime`, `t`.`Password`, `t`.`Phone`, `t`.`Username`, `t`.`Id0`, `t`.`AccessFailedCount`, `t`.`CreationTime0`, `t`.`IsLockOut`, `t`.`LockOutEnd`, `t`.`UserId`, `t0`.`UserId`, `t0`.`RoleId`, `t0`.`Id`, `t0`.`CreationTime`, `t0`.`DeletionTime`, `t0`.`IsDeleted`, `t0`.`LastModificationTime`, `t0`.`RoleDesc`, `t0`.`RoleName`
FROM (
    SELECT `u`.`Id`, `u`.`Avatar`, `u`.`CreationTime`, `u`.`DeletionTime`, `u`.`Email`, `u`.`Gender`, `u`.`IsDeleted`, `u`.`LastModificationTime`, `u`.`Password`, `u`.`Phone`, `u`.`Username`, `u0`.`Id` AS `Id0`, `u0`.`AccessFailedCount`, `u0`.`CreationTime` AS `CreationTime0`, `u0`.`IsLockOut`, `u0`.`LockOutEnd`, `u0`.`UserId`
    FROM `Users` AS `u`
    LEFT JOIN `UserAccessFails` AS `u0` ON `u`.`Id` = `u0`.`UserId`
    WHERE NOT (`u`.`IsDeleted`) AND (`u`.`Email` = @__email_0)
    LIMIT 1
) AS `t`
LEFT JOIN (
    SELECT `u1`.`UserId`, `u1`.`RoleId`, `t1`.`Id`, `t1`.`CreationTime`, `t1`.`DeletionTime`, `t1`.`IsDeleted`, `t1`.`LastModificationTime`, `t1`.`RoleDesc`, `t1`.`RoleName`
    FROM `Users_Roles` AS `u1`
    INNER JOIN (
        SELECT `r`.`Id`, `r`.`CreationTime`, `r`.`DeletionTime`, `r`.`IsDeleted`, `r`.`LastModificationTime`, `r`.`RoleDesc`, `r`.`RoleName`
        FROM `Roles` AS `r`
        WHERE NOT (`r`.`IsDeleted`)
    ) AS `t1` ON `u1`.`RoleId` = `t1`.`Id`
) AS `t0` ON `t`.`Id` = `t0`.`UserId`
ORDER BY `t`.`Id`, `t`.`Id0`, `t0`.`UserId`, `t0`.`RoleId` 
2024-03-22 11:26:21.0467|INFO|Microsoft.EntityFrameworkCore.Database.Command|Executed DbCommand (19ms) [Parameters=[@__email_0='?' (Size = 4000)], CommandType='Text', CommandTimeout='30']
SELECT `t`.`Id`, `t`.`Avatar`, `t`.`CreationTime`, `t`.`DeletionTime`, `t`.`Email`, `t`.`Gender`, `t`.`IsDeleted`, `t`.`LastModificationTime`, `t`.`Password`, `t`.`Phone`, `t`.`Username`, `t`.`Id0`, `t`.`AccessFailedCount`, `t`.`CreationTime0`, `t`.`IsLockOut`, `t`.`LockOutEnd`, `t`.`UserId`, `t0`.`UserId`, `t0`.`RoleId`, `t0`.`Id`, `t0`.`CreationTime`, `t0`.`DeletionTime`, `t0`.`IsDeleted`, `t0`.`LastModificationTime`, `t0`.`RoleDesc`, `t0`.`RoleName`
FROM (
    SELECT `u`.`Id`, `u`.`Avatar`, `u`.`CreationTime`, `u`.`DeletionTime`, `u`.`Email`, `u`.`Gender`, `u`.`IsDeleted`, `u`.`LastModificationTime`, `u`.`Password`, `u`.`Phone`, `u`.`Username`, `u0`.`Id` AS `Id0`, `u0`.`AccessFailedCount`, `u0`.`CreationTime` AS `CreationTime0`, `u0`.`IsLockOut`, `u0`.`LockOutEnd`, `u0`.`UserId`
    FROM `Users` AS `u`
    LEFT JOIN `UserAccessFails` AS `u0` ON `u`.`Id` = `u0`.`UserId`
    WHERE NOT (`u`.`IsDeleted`) AND (`u`.`Email` = @__email_0)
    LIMIT 1
) AS `t`
LEFT JOIN (
    SELECT `u1`.`UserId`, `u1`.`RoleId`, `t1`.`Id`, `t1`.`CreationTime`, `t1`.`DeletionTime`, `t1`.`IsDeleted`, `t1`.`LastModificationTime`, `t1`.`RoleDesc`, `t1`.`RoleName`
    FROM `Users_Roles` AS `u1`
    INNER JOIN (
        SELECT `r`.`Id`, `r`.`CreationTime`, `r`.`DeletionTime`, `r`.`IsDeleted`, `r`.`LastModificationTime`, `r`.`RoleDesc`, `r`.`RoleName`
        FROM `Roles` AS `r`
        WHERE NOT (`r`.`IsDeleted`)
    ) AS `t1` ON `u1`.`RoleId` = `t1`.`Id`
) AS `t0` ON `t`.`Id` = `t0`.`UserId`
ORDER BY `t`.`Id`, `t`.`Id0`, `t0`.`UserId`, `t0`.`RoleId` 
2024-03-22 11:26:21.0467|DEBUG|Microsoft.EntityFrameworkCore.ChangeTracking|Context 'UserDbContext' started tracking 'Users' entity. Consider using 'DbContextOptionsBuilder.EnableSensitiveDataLogging' to see key values. 
2024-03-22 11:26:21.0467|DEBUG|Microsoft.EntityFrameworkCore.ChangeTracking|The navigation 'Users.UserAccessFail' was detected as changed. Consider using 'DbContextOptionsBuilder.EnableSensitiveDataLogging' to see key values. 
2024-03-22 11:26:21.0467|DEBUG|Microsoft.EntityFrameworkCore.ChangeTracking|Context 'UserDbContext' started tracking 'UserAccessFail' entity. Consider using 'DbContextOptionsBuilder.EnableSensitiveDataLogging' to see key values. 
2024-03-22 11:26:21.0467|DEBUG|Microsoft.EntityFrameworkCore.Database.Command|Closing data reader to 'LitZhu' on server 'localhost'. 
2024-03-22 11:26:21.0467|DEBUG|Microsoft.EntityFrameworkCore.Database.Command|A data reader for 'LitZhu' on server 'localhost' is being disposed after spending 2ms reading results. 
2024-03-22 11:26:21.0467|DEBUG|Microsoft.EntityFrameworkCore.Database.Connection|Closing connection to database 'LitZhu' on server 'localhost'. 
2024-03-22 11:26:21.0467|DEBUG|Microsoft.EntityFrameworkCore.Database.Connection|Closed connection to database 'LitZhu' on server 'localhost' (0ms). 
2024-03-22 11:26:21.0566|WARN|User.Infrastructure.EmailCodeSender|向邮箱地址：litzhuvich@foxmain.com , 发送验证码：45886 
2024-03-22 11:26:21.0566|INFO|Microsoft.AspNetCore.Mvc.Infrastructure.ControllerActionInvoker|Executed action method LitZhu.WebApi.Controllers.User.AuthController.SendEmailCode (LitZhu.WebApi), returned result Microsoft.AspNetCore.Mvc.OkObjectResult in 60.8601ms. 
2024-03-22 11:26:21.0566|TRACE|Microsoft.AspNetCore.Mvc.Infrastructure.ControllerActionInvoker|Action Filter: Before executing OnActionExecuted on filter Microsoft.AspNetCore.Mvc.Infrastructure.ModelStateInvalidFilter. 
2024-03-22 11:26:21.0566|TRACE|Microsoft.AspNetCore.Mvc.Infrastructure.ControllerActionInvoker|Action Filter: After executing OnActionExecuted on filter Microsoft.AspNetCore.Mvc.Infrastructure.ModelStateInvalidFilter. 
2024-03-22 11:26:21.0566|TRACE|Microsoft.AspNetCore.Mvc.Infrastructure.ControllerActionInvoker|Action Filter: Before executing OnActionExecuted on filter Microsoft.AspNetCore.Mvc.ModelBinding.UnsupportedContentTypeFilter. 
2024-03-22 11:26:21.0566|TRACE|Microsoft.AspNetCore.Mvc.Infrastructure.ControllerActionInvoker|Action Filter: After executing OnActionExecuted on filter Microsoft.AspNetCore.Mvc.ModelBinding.UnsupportedContentTypeFilter. 
2024-03-22 11:26:21.0566|TRACE|Microsoft.AspNetCore.Mvc.Infrastructure.ControllerActionInvoker|Result Filter: Before executing OnResultExecuting on filter Microsoft.AspNetCore.Mvc.Infrastructure.ClientErrorResultFilter. 
2024-03-22 11:26:21.0566|TRACE|Microsoft.AspNetCore.Mvc.Infrastructure.ControllerActionInvoker|Result Filter: After executing OnResultExecuting on filter Microsoft.AspNetCore.Mvc.Infrastructure.ClientErrorResultFilter. 
2024-03-22 11:26:21.0566|TRACE|Microsoft.AspNetCore.Mvc.Infrastructure.ControllerActionInvoker|Before executing action result Microsoft.AspNetCore.Mvc.OkObjectResult. 
2024-03-22 11:26:21.0566|DEBUG|Microsoft.AspNetCore.Mvc.Infrastructure.DefaultOutputFormatterSelector|List of registered output formatters, in the following order: Microsoft.AspNetCore.Mvc.Formatters.HttpNoContentOutputFormatter, Microsoft.AspNetCore.Mvc.Formatters.StringOutputFormatter, Microsoft.AspNetCore.Mvc.Formatters.StreamOutputFormatter, Microsoft.AspNetCore.Mvc.Formatters.NewtonsoftJsonOutputFormatter 
2024-03-22 11:26:21.0566|DEBUG|Microsoft.AspNetCore.Mvc.Infrastructure.DefaultOutputFormatterSelector|No information found on request to perform content negotiation. 
2024-03-22 11:26:21.0566|DEBUG|Microsoft.AspNetCore.Mvc.Infrastructure.DefaultOutputFormatterSelector|Attempting to select an output formatter without using a content type as no explicit content types were specified for the response. 
2024-03-22 11:26:21.0566|DEBUG|Microsoft.AspNetCore.Mvc.Infrastructure.DefaultOutputFormatterSelector|Attempting to select the first formatter in the output formatters list which can write the result. 
2024-03-22 11:26:21.0566|DEBUG|Microsoft.AspNetCore.Mvc.Infrastructure.DefaultOutputFormatterSelector|Selected output formatter 'Microsoft.AspNetCore.Mvc.Formatters.NewtonsoftJsonOutputFormatter' and content type 'application/json' to write the response. 
2024-03-22 11:26:21.0566|INFO|Microsoft.AspNetCore.Mvc.Infrastructure.ObjectResultExecutor|Executing OkObjectResult, writing value of type 'LitZhu.WebApi.R'. 
2024-03-22 11:26:21.0566|TRACE|Microsoft.AspNetCore.Mvc.Infrastructure.ControllerActionInvoker|After executing action result Microsoft.AspNetCore.Mvc.OkObjectResult. 
2024-03-22 11:26:21.0566|TRACE|Microsoft.AspNetCore.Mvc.Infrastructure.ControllerActionInvoker|Result Filter: Before executing OnResultExecuted on filter Microsoft.AspNetCore.Mvc.Infrastructure.ClientErrorResultFilter. 
2024-03-22 11:26:21.0566|TRACE|Microsoft.AspNetCore.Mvc.Infrastructure.ControllerActionInvoker|Result Filter: After executing OnResultExecuted on filter Microsoft.AspNetCore.Mvc.Infrastructure.ClientErrorResultFilter. 
2024-03-22 11:26:21.0566|INFO|Microsoft.AspNetCore.Mvc.Infrastructure.ControllerActionInvoker|Executed action LitZhu.WebApi.Controllers.User.AuthController.SendEmailCode (LitZhu.WebApi) in 119.9391ms 
2024-03-22 11:26:21.0566|INFO|Microsoft.AspNetCore.Routing.EndpointMiddleware|Executed endpoint 'LitZhu.WebApi.Controllers.User.AuthController.SendEmailCode (LitZhu.WebApi)' 
2024-03-22 11:26:21.0566|DEBUG|Microsoft.AspNetCore.Server.Kestrel.Connections|Connection id "0HN2A3V6SBJIO" completed keep alive response. 
2024-03-22 11:26:21.0566|DEBUG|Microsoft.EntityFrameworkCore.Infrastructure|'UserDbContext' disposed. 
2024-03-22 11:26:21.0566|DEBUG|Microsoft.EntityFrameworkCore.Database.Connection|Disposing connection to database 'LitZhu' on server 'localhost'. 
2024-03-22 11:26:21.0566|DEBUG|Microsoft.EntityFrameworkCore.Database.Connection|Disposed connection to database 'LitZhu' on server 'localhost' (0ms). 
2024-03-22 11:26:21.0566|INFO|Microsoft.AspNetCore.Hosting.Diagnostics|Request finished HTTP/1.1 POST https://localhost:7290/api/Auth/SendEmailCode - 200 47 application/json;+charset=utf-8 129.9035ms 
2024-03-22 11:26:21.1022|DEBUG|Microsoft.AspNetCore.Server.Kestrel.Transport.Sockets|Connection id "0HN2A3V6SBJIO" received FIN. 
2024-03-22 11:26:21.1022|DEBUG|Microsoft.AspNetCore.Server.Kestrel.Transport.Sockets|Connection id "0HN2A3V6SBJIO" sending FIN because: "The Socket transport's send loop completed gracefully." 
2024-03-22 11:26:21.1022|DEBUG|Microsoft.AspNetCore.Server.Kestrel.Connections|Connection id "0HN2A3V6SBJIO" disconnecting. 
2024-03-22 11:26:21.1035|DEBUG|Microsoft.AspNetCore.Server.Kestrel.Connections|Connection id "0HN2A3V6SBJIO" stopped. 
2024-03-22 11:27:57.9532|DEBUG|Microsoft.AspNetCore.Server.Kestrel.Connections|Connection id "0HN2A3V6SBJIP" accepted. 
2024-03-22 11:27:57.9532|DEBUG|Microsoft.AspNetCore.Server.Kestrel.Connections|Connection id "0HN2A3V6SBJIP" started. 
2024-03-22 11:27:57.9596|DEBUG|Microsoft.AspNetCore.Server.Kestrel.Https.Internal.HttpsConnectionMiddleware|Connection 0HN2A3V6SBJIP established using the following protocol: Tls13 
2024-03-22 11:27:57.9596|INFO|Microsoft.AspNetCore.Hosting.Diagnostics|Request starting HTTP/1.1 POST https://localhost:7290/api/Auth/SendEmailCode - application/json 38 
2024-03-22 11:27:57.9596|TRACE|Microsoft.AspNetCore.HostFiltering.HostFilteringMiddleware|All hosts are allowed. 
2024-03-22 11:27:57.9596|DEBUG|Microsoft.AspNetCore.Routing.Matching.DfaMatcher|1 candidate(s) found for the request path '/api/Auth/SendEmailCode' 
2024-03-22 11:27:57.9596|DEBUG|Microsoft.AspNetCore.Routing.Matching.DfaMatcher|Endpoint 'LitZhu.WebApi.Controllers.User.AuthController.SendEmailCode (LitZhu.WebApi)' with route pattern 'api/Auth/SendEmailCode' is valid for the request path '/api/Auth/SendEmailCode' 
2024-03-22 11:27:57.9596|DEBUG|Microsoft.AspNetCore.Routing.EndpointRoutingMiddleware|Request matched endpoint 'LitZhu.WebApi.Controllers.User.AuthController.SendEmailCode (LitZhu.WebApi)' 
2024-03-22 11:27:57.9596|TRACE|Microsoft.AspNetCore.Routing.EndpointRoutingMiddleware|The endpoint does not specify the IRequestSizeLimitMetadata. 
2024-03-22 11:27:57.9596|DEBUG|Microsoft.AspNetCore.StaticFiles.StaticFileMiddleware|Static files was skipped as the request already matched an endpoint. 
2024-03-22 11:27:57.9596|DEBUG|Microsoft.AspNetCore.Authentication.JwtBearer.JwtBearerHandler|AuthenticationScheme: Bearer was not authenticated. 
2024-03-22 11:27:57.9596|INFO|Microsoft.AspNetCore.Routing.EndpointMiddleware|Executing endpoint 'LitZhu.WebApi.Controllers.User.AuthController.SendEmailCode (LitZhu.WebApi)' 
2024-03-22 11:27:57.9596|INFO|Microsoft.AspNetCore.Mvc.Infrastructure.ControllerActionInvoker|Route matched with {action = "SendEmailCode", controller = "Auth"}. Executing controller action with signature System.Threading.Tasks.Task`1[Microsoft.AspNetCore.Mvc.ActionResult`1[System.String]] SendEmailCode(LitZhu.WebApi.Controllers.User.SendEmailCodeRequest) on controller LitZhu.WebApi.Controllers.User.AuthController (LitZhu.WebApi). 
2024-03-22 11:27:57.9596|DEBUG|Microsoft.AspNetCore.Mvc.Infrastructure.ControllerActionInvoker|Execution plan of authorization filters (in the following order): None 
2024-03-22 11:27:57.9596|DEBUG|Microsoft.AspNetCore.Mvc.Infrastructure.ControllerActionInvoker|Execution plan of resource filters (in the following order): None 
2024-03-22 11:27:57.9596|DEBUG|Microsoft.AspNetCore.Mvc.Infrastructure.ControllerActionInvoker|Execution plan of action filters (in the following order): Microsoft.AspNetCore.Mvc.ModelBinding.UnsupportedContentTypeFilter (Order: -3000), Microsoft.AspNetCore.Mvc.Infrastructure.ModelStateInvalidFilter (Order: -2000) 
2024-03-22 11:27:57.9596|DEBUG|Microsoft.AspNetCore.Mvc.Infrastructure.ControllerActionInvoker|Execution plan of exception filters (in the following order): None 
2024-03-22 11:27:57.9596|DEBUG|Microsoft.AspNetCore.Mvc.Infrastructure.ControllerActionInvoker|Execution plan of result filters (in the following order): Microsoft.AspNetCore.Mvc.Infrastructure.ClientErrorResultFilter (Order: -2000) 
2024-03-22 11:27:57.9596|DEBUG|Microsoft.AspNetCore.Mvc.Infrastructure.ControllerActionInvoker|Executing controller factory for controller LitZhu.WebApi.Controllers.User.AuthController (LitZhu.WebApi) 
2024-03-22 11:27:58.0529|DEBUG|Microsoft.EntityFrameworkCore.Infrastructure|Entity Framework Core 8.0.1 initialized 'UserDbContext' using provider 'Pomelo.EntityFrameworkCore.MySql:8.0.1' with options: ServerVersion=8.0.23-mysql  
2024-03-22 11:27:58.0529|DEBUG|Microsoft.AspNetCore.Mvc.Infrastructure.ControllerActionInvoker|Executed controller factory for controller LitZhu.WebApi.Controllers.User.AuthController (LitZhu.WebApi) 
2024-03-22 11:27:58.0529|DEBUG|Microsoft.AspNetCore.Mvc.ModelBinding.ParameterBinder|Attempting to bind parameter 'req' of type 'LitZhu.WebApi.Controllers.User.SendEmailCodeRequest' ... 
2024-03-22 11:27:58.0529|DEBUG|Microsoft.AspNetCore.Mvc.ModelBinding.Binders.BodyModelBinder|Attempting to bind parameter 'req' of type 'LitZhu.WebApi.Controllers.User.SendEmailCodeRequest' using the name '' in request data ... 
2024-03-22 11:27:58.0529|DEBUG|Microsoft.AspNetCore.Mvc.ModelBinding.Binders.BodyModelBinder|Rejected input formatter 'Microsoft.AspNetCore.Mvc.Formatters.NewtonsoftJsonPatchInputFormatter' for content type 'application/json'. 
2024-03-22 11:27:58.0529|DEBUG|Microsoft.AspNetCore.Mvc.ModelBinding.Binders.BodyModelBinder|Selected input formatter 'Microsoft.AspNetCore.Mvc.Formatters.NewtonsoftJsonInputFormatter' for content type 'application/json'. 
2024-03-22 11:27:58.0529|DEBUG|Microsoft.AspNetCore.Server.Kestrel|Connection id "0HN2A3V6SBJIP", Request id "0HN2A3V6SBJIP:00000001": started reading request body. 
2024-03-22 11:27:58.0529|DEBUG|Microsoft.AspNetCore.Server.Kestrel|Connection id "0HN2A3V6SBJIP", Request id "0HN2A3V6SBJIP:00000001": done reading request body. 
2024-03-22 11:27:58.0529|DEBUG|Microsoft.AspNetCore.Mvc.ModelBinding.Binders.BodyModelBinder|Done attempting to bind parameter 'req' of type 'LitZhu.WebApi.Controllers.User.SendEmailCodeRequest'. 
2024-03-22 11:27:58.0529|DEBUG|Microsoft.AspNetCore.Mvc.ModelBinding.ParameterBinder|Done attempting to bind parameter 'req' of type 'LitZhu.WebApi.Controllers.User.SendEmailCodeRequest'. 
2024-03-22 11:27:58.0529|DEBUG|Microsoft.AspNetCore.Mvc.ModelBinding.ParameterBinder|Attempting to validate the bound parameter 'req' of type 'LitZhu.WebApi.Controllers.User.SendEmailCodeRequest' ... 
2024-03-22 11:27:58.0529|DEBUG|Microsoft.AspNetCore.Mvc.ModelBinding.ParameterBinder|Done attempting to validate the bound parameter 'req' of type 'LitZhu.WebApi.Controllers.User.SendEmailCodeRequest'. 
2024-03-22 11:27:58.0529|TRACE|Microsoft.AspNetCore.Mvc.Infrastructure.ControllerActionInvoker|Action Filter: Before executing OnActionExecuting on filter Microsoft.AspNetCore.Mvc.ModelBinding.UnsupportedContentTypeFilter. 
2024-03-22 11:27:58.0529|TRACE|Microsoft.AspNetCore.Mvc.Infrastructure.ControllerActionInvoker|Action Filter: After executing OnActionExecuting on filter Microsoft.AspNetCore.Mvc.ModelBinding.UnsupportedContentTypeFilter. 
2024-03-22 11:27:58.0529|TRACE|Microsoft.AspNetCore.Mvc.Infrastructure.ControllerActionInvoker|Action Filter: Before executing OnActionExecuting on filter Microsoft.AspNetCore.Mvc.Infrastructure.ModelStateInvalidFilter. 
2024-03-22 11:27:58.0529|TRACE|Microsoft.AspNetCore.Mvc.Infrastructure.ControllerActionInvoker|Action Filter: After executing OnActionExecuting on filter Microsoft.AspNetCore.Mvc.Infrastructure.ModelStateInvalidFilter. 
2024-03-22 11:27:58.0529|INFO|Microsoft.AspNetCore.Mvc.Infrastructure.ControllerActionInvoker|Executing action method LitZhu.WebApi.Controllers.User.AuthController.SendEmailCode (LitZhu.WebApi) - Validation state: Valid 
2024-03-22 11:27:58.0529|TRACE|Microsoft.AspNetCore.Mvc.Infrastructure.ControllerActionInvoker|Executing action method LitZhu.WebApi.Controllers.User.AuthController.SendEmailCode (LitZhu.WebApi) with arguments (SendEmailCodeRequest { Email = litzhuvich@foxmain.com }) 
2024-03-22 11:27:58.0529|DEBUG|Microsoft.EntityFrameworkCore.Database.Connection|Creating DbConnection. 
2024-03-22 11:27:58.0529|DEBUG|Microsoft.EntityFrameworkCore.Database.Connection|Created DbConnection. (0ms). 
2024-03-22 11:27:58.0529|DEBUG|Microsoft.EntityFrameworkCore.Database.Connection|Opening connection to database 'LitZhu' on server 'localhost'. 
2024-03-22 11:27:58.0529|DEBUG|Microsoft.EntityFrameworkCore.Database.Connection|Opened connection to database 'LitZhu' on server 'localhost'. 
2024-03-22 11:27:58.0529|DEBUG|Microsoft.EntityFrameworkCore.Database.Command|Creating DbCommand for 'ExecuteReader'. 
2024-03-22 11:27:58.0529|DEBUG|Microsoft.EntityFrameworkCore.Database.Command|Created DbCommand for 'ExecuteReader' (0ms). 
2024-03-22 11:27:58.0529|DEBUG|Microsoft.EntityFrameworkCore.Database.Command|Initialized DbCommand for 'ExecuteReader' (0ms). 
2024-03-22 11:27:58.0529|DEBUG|Microsoft.EntityFrameworkCore.Database.Command|Executing DbCommand [Parameters=[@__email_0='?' (Size = 4000)], CommandType='Text', CommandTimeout='30']
SELECT `t`.`Id`, `t`.`Avatar`, `t`.`CreationTime`, `t`.`DeletionTime`, `t`.`Email`, `t`.`Gender`, `t`.`IsDeleted`, `t`.`LastModificationTime`, `t`.`Password`, `t`.`Phone`, `t`.`Username`, `t`.`Id0`, `t`.`AccessFailedCount`, `t`.`CreationTime0`, `t`.`IsLockOut`, `t`.`LockOutEnd`, `t`.`UserId`, `t0`.`UserId`, `t0`.`RoleId`, `t0`.`Id`, `t0`.`CreationTime`, `t0`.`DeletionTime`, `t0`.`IsDeleted`, `t0`.`LastModificationTime`, `t0`.`RoleDesc`, `t0`.`RoleName`
FROM (
    SELECT `u`.`Id`, `u`.`Avatar`, `u`.`CreationTime`, `u`.`DeletionTime`, `u`.`Email`, `u`.`Gender`, `u`.`IsDeleted`, `u`.`LastModificationTime`, `u`.`Password`, `u`.`Phone`, `u`.`Username`, `u0`.`Id` AS `Id0`, `u0`.`AccessFailedCount`, `u0`.`CreationTime` AS `CreationTime0`, `u0`.`IsLockOut`, `u0`.`LockOutEnd`, `u0`.`UserId`
    FROM `Users` AS `u`
    LEFT JOIN `UserAccessFails` AS `u0` ON `u`.`Id` = `u0`.`UserId`
    WHERE NOT (`u`.`IsDeleted`) AND (`u`.`Email` = @__email_0)
    LIMIT 1
) AS `t`
LEFT JOIN (
    SELECT `u1`.`UserId`, `u1`.`RoleId`, `t1`.`Id`, `t1`.`CreationTime`, `t1`.`DeletionTime`, `t1`.`IsDeleted`, `t1`.`LastModificationTime`, `t1`.`RoleDesc`, `t1`.`RoleName`
    FROM `Users_Roles` AS `u1`
    INNER JOIN (
        SELECT `r`.`Id`, `r`.`CreationTime`, `r`.`DeletionTime`, `r`.`IsDeleted`, `r`.`LastModificationTime`, `r`.`RoleDesc`, `r`.`RoleName`
        FROM `Roles` AS `r`
        WHERE NOT (`r`.`IsDeleted`)
    ) AS `t1` ON `u1`.`RoleId` = `t1`.`Id`
) AS `t0` ON `t`.`Id` = `t0`.`UserId`
ORDER BY `t`.`Id`, `t`.`Id0`, `t0`.`UserId`, `t0`.`RoleId` 
2024-03-22 11:27:58.0707|INFO|Microsoft.EntityFrameworkCore.Database.Command|Executed DbCommand (5ms) [Parameters=[@__email_0='?' (Size = 4000)], CommandType='Text', CommandTimeout='30']
SELECT `t`.`Id`, `t`.`Avatar`, `t`.`CreationTime`, `t`.`DeletionTime`, `t`.`Email`, `t`.`Gender`, `t`.`IsDeleted`, `t`.`LastModificationTime`, `t`.`Password`, `t`.`Phone`, `t`.`Username`, `t`.`Id0`, `t`.`AccessFailedCount`, `t`.`CreationTime0`, `t`.`IsLockOut`, `t`.`LockOutEnd`, `t`.`UserId`, `t0`.`UserId`, `t0`.`RoleId`, `t0`.`Id`, `t0`.`CreationTime`, `t0`.`DeletionTime`, `t0`.`IsDeleted`, `t0`.`LastModificationTime`, `t0`.`RoleDesc`, `t0`.`RoleName`
FROM (
    SELECT `u`.`Id`, `u`.`Avatar`, `u`.`CreationTime`, `u`.`DeletionTime`, `u`.`Email`, `u`.`Gender`, `u`.`IsDeleted`, `u`.`LastModificationTime`, `u`.`Password`, `u`.`Phone`, `u`.`Username`, `u0`.`Id` AS `Id0`, `u0`.`AccessFailedCount`, `u0`.`CreationTime` AS `CreationTime0`, `u0`.`IsLockOut`, `u0`.`LockOutEnd`, `u0`.`UserId`
    FROM `Users` AS `u`
    LEFT JOIN `UserAccessFails` AS `u0` ON `u`.`Id` = `u0`.`UserId`
    WHERE NOT (`u`.`IsDeleted`) AND (`u`.`Email` = @__email_0)
    LIMIT 1
) AS `t`
LEFT JOIN (
    SELECT `u1`.`UserId`, `u1`.`RoleId`, `t1`.`Id`, `t1`.`CreationTime`, `t1`.`DeletionTime`, `t1`.`IsDeleted`, `t1`.`LastModificationTime`, `t1`.`RoleDesc`, `t1`.`RoleName`
    FROM `Users_Roles` AS `u1`
    INNER JOIN (
        SELECT `r`.`Id`, `r`.`CreationTime`, `r`.`DeletionTime`, `r`.`IsDeleted`, `r`.`LastModificationTime`, `r`.`RoleDesc`, `r`.`RoleName`
        FROM `Roles` AS `r`
        WHERE NOT (`r`.`IsDeleted`)
    ) AS `t1` ON `u1`.`RoleId` = `t1`.`Id`
) AS `t0` ON `t`.`Id` = `t0`.`UserId`
ORDER BY `t`.`Id`, `t`.`Id0`, `t0`.`UserId`, `t0`.`RoleId` 
2024-03-22 11:27:58.0707|DEBUG|Microsoft.EntityFrameworkCore.ChangeTracking|Context 'UserDbContext' started tracking 'Users' entity. Consider using 'DbContextOptionsBuilder.EnableSensitiveDataLogging' to see key values. 
2024-03-22 11:27:58.0707|DEBUG|Microsoft.EntityFrameworkCore.ChangeTracking|The navigation 'Users.UserAccessFail' was detected as changed. Consider using 'DbContextOptionsBuilder.EnableSensitiveDataLogging' to see key values. 
2024-03-22 11:27:58.0707|DEBUG|Microsoft.EntityFrameworkCore.ChangeTracking|Context 'UserDbContext' started tracking 'UserAccessFail' entity. Consider using 'DbContextOptionsBuilder.EnableSensitiveDataLogging' to see key values. 
2024-03-22 11:27:58.0707|DEBUG|Microsoft.EntityFrameworkCore.Database.Command|Closing data reader to 'LitZhu' on server 'localhost'. 
2024-03-22 11:27:58.0707|DEBUG|Microsoft.EntityFrameworkCore.Database.Command|A data reader for 'LitZhu' on server 'localhost' is being disposed after spending 0ms reading results. 
2024-03-22 11:27:58.0707|DEBUG|Microsoft.EntityFrameworkCore.Database.Connection|Closing connection to database 'LitZhu' on server 'localhost'. 
2024-03-22 11:27:58.0707|DEBUG|Microsoft.EntityFrameworkCore.Database.Connection|Closed connection to database 'LitZhu' on server 'localhost' (0ms). 
2024-03-22 11:27:58.1113|WARN|User.Infrastructure.EmailCodeSender|向邮箱地址：litzhuvich@foxmain.com , 发送验证码：56227 
2024-03-22 11:27:58.1113|INFO|Microsoft.AspNetCore.Mvc.Infrastructure.ControllerActionInvoker|Executed action method LitZhu.WebApi.Controllers.User.AuthController.SendEmailCode (LitZhu.WebApi), returned result Microsoft.AspNetCore.Mvc.OkObjectResult in 55.5681ms. 
2024-03-22 11:27:58.1113|TRACE|Microsoft.AspNetCore.Mvc.Infrastructure.ControllerActionInvoker|Action Filter: Before executing OnActionExecuted on filter Microsoft.AspNetCore.Mvc.Infrastructure.ModelStateInvalidFilter. 
2024-03-22 11:27:58.1113|TRACE|Microsoft.AspNetCore.Mvc.Infrastructure.ControllerActionInvoker|Action Filter: After executing OnActionExecuted on filter Microsoft.AspNetCore.Mvc.Infrastructure.ModelStateInvalidFilter. 
2024-03-22 11:27:58.1113|TRACE|Microsoft.AspNetCore.Mvc.Infrastructure.ControllerActionInvoker|Action Filter: Before executing OnActionExecuted on filter Microsoft.AspNetCore.Mvc.ModelBinding.UnsupportedContentTypeFilter. 
2024-03-22 11:27:58.1113|TRACE|Microsoft.AspNetCore.Mvc.Infrastructure.ControllerActionInvoker|Action Filter: After executing OnActionExecuted on filter Microsoft.AspNetCore.Mvc.ModelBinding.UnsupportedContentTypeFilter. 
2024-03-22 11:27:58.1113|TRACE|Microsoft.AspNetCore.Mvc.Infrastructure.ControllerActionInvoker|Result Filter: Before executing OnResultExecuting on filter Microsoft.AspNetCore.Mvc.Infrastructure.ClientErrorResultFilter. 
2024-03-22 11:27:58.1113|TRACE|Microsoft.AspNetCore.Mvc.Infrastructure.ControllerActionInvoker|Result Filter: After executing OnResultExecuting on filter Microsoft.AspNetCore.Mvc.Infrastructure.ClientErrorResultFilter. 
2024-03-22 11:27:58.1113|TRACE|Microsoft.AspNetCore.Mvc.Infrastructure.ControllerActionInvoker|Before executing action result Microsoft.AspNetCore.Mvc.OkObjectResult. 
2024-03-22 11:27:58.1113|DEBUG|Microsoft.AspNetCore.Mvc.Infrastructure.DefaultOutputFormatterSelector|List of registered output formatters, in the following order: Microsoft.AspNetCore.Mvc.Formatters.HttpNoContentOutputFormatter, Microsoft.AspNetCore.Mvc.Formatters.StringOutputFormatter, Microsoft.AspNetCore.Mvc.Formatters.StreamOutputFormatter, Microsoft.AspNetCore.Mvc.Formatters.NewtonsoftJsonOutputFormatter 
2024-03-22 11:27:58.1113|DEBUG|Microsoft.AspNetCore.Mvc.Infrastructure.DefaultOutputFormatterSelector|No information found on request to perform content negotiation. 
2024-03-22 11:27:58.1113|DEBUG|Microsoft.AspNetCore.Mvc.Infrastructure.DefaultOutputFormatterSelector|Attempting to select an output formatter without using a content type as no explicit content types were specified for the response. 
2024-03-22 11:27:58.1113|DEBUG|Microsoft.AspNetCore.Mvc.Infrastructure.DefaultOutputFormatterSelector|Attempting to select the first formatter in the output formatters list which can write the result. 
2024-03-22 11:27:58.1113|DEBUG|Microsoft.AspNetCore.Mvc.Infrastructure.DefaultOutputFormatterSelector|Selected output formatter 'Microsoft.AspNetCore.Mvc.Formatters.NewtonsoftJsonOutputFormatter' and content type 'application/json' to write the response. 
2024-03-22 11:27:58.1113|INFO|Microsoft.AspNetCore.Mvc.Infrastructure.ObjectResultExecutor|Executing OkObjectResult, writing value of type 'LitZhu.WebApi.R'. 
2024-03-22 11:27:58.1113|TRACE|Microsoft.AspNetCore.Mvc.Infrastructure.ControllerActionInvoker|After executing action result Microsoft.AspNetCore.Mvc.OkObjectResult. 
2024-03-22 11:27:58.1113|TRACE|Microsoft.AspNetCore.Mvc.Infrastructure.ControllerActionInvoker|Result Filter: Before executing OnResultExecuted on filter Microsoft.AspNetCore.Mvc.Infrastructure.ClientErrorResultFilter. 
2024-03-22 11:27:58.1113|TRACE|Microsoft.AspNetCore.Mvc.Infrastructure.ControllerActionInvoker|Result Filter: After executing OnResultExecuted on filter Microsoft.AspNetCore.Mvc.Infrastructure.ClientErrorResultFilter. 
2024-03-22 11:27:58.1113|INFO|Microsoft.AspNetCore.Mvc.Infrastructure.ControllerActionInvoker|Executed action LitZhu.WebApi.Controllers.User.AuthController.SendEmailCode (LitZhu.WebApi) in 147.1148ms 
2024-03-22 11:27:58.1113|INFO|Microsoft.AspNetCore.Routing.EndpointMiddleware|Executed endpoint 'LitZhu.WebApi.Controllers.User.AuthController.SendEmailCode (LitZhu.WebApi)' 
2024-03-22 11:27:58.1113|DEBUG|Microsoft.AspNetCore.Server.Kestrel.Connections|Connection id "0HN2A3V6SBJIP" completed keep alive response. 
2024-03-22 11:27:58.1113|DEBUG|Microsoft.EntityFrameworkCore.Infrastructure|'UserDbContext' disposed. 
2024-03-22 11:27:58.1113|DEBUG|Microsoft.EntityFrameworkCore.Database.Connection|Disposing connection to database 'LitZhu' on server 'localhost'. 
2024-03-22 11:27:58.1138|DEBUG|Microsoft.EntityFrameworkCore.Database.Connection|Disposed connection to database 'LitZhu' on server 'localhost' (0ms). 
2024-03-22 11:27:58.1138|INFO|Microsoft.AspNetCore.Hosting.Diagnostics|Request finished HTTP/1.1 POST https://localhost:7290/api/Auth/SendEmailCode - 200 47 application/json;+charset=utf-8 153.9367ms 
2024-03-22 11:27:58.1138|DEBUG|Microsoft.AspNetCore.Server.Kestrel.Transport.Sockets|Connection id "0HN2A3V6SBJIP" received FIN. 
2024-03-22 11:27:58.1138|DEBUG|Microsoft.AspNetCore.Server.Kestrel.Transport.Sockets|Connection id "0HN2A3V6SBJIP" sending FIN because: "The Socket transport's send loop completed gracefully." 
2024-03-22 11:27:58.1138|DEBUG|Microsoft.AspNetCore.Server.Kestrel.Connections|Connection id "0HN2A3V6SBJIP" disconnecting. 
2024-03-22 11:27:58.1138|DEBUG|Microsoft.AspNetCore.Server.Kestrel.Connections|Connection id "0HN2A3V6SBJIP" stopped. 
2024-03-22 11:32:01.4359|DEBUG|Microsoft.AspNetCore.Mvc.ModelBinding.ModelBinderFactory|Registered model binder providers, in the following order: Microsoft.AspNetCore.Mvc.ModelBinding.Binders.BinderTypeModelBinderProvider, Microsoft.AspNetCore.Mvc.ModelBinding.Binders.ServicesModelBinderProvider, Microsoft.AspNetCore.Mvc.ModelBinding.Binders.BodyModelBinderProvider, Microsoft.AspNetCore.Mvc.ModelBinding.Binders.HeaderModelBinderProvider, Microsoft.AspNetCore.Mvc.ModelBinding.Binders.FloatingPointTypeModelBinderProvider, Microsoft.AspNetCore.Mvc.ModelBinding.Binders.EnumTypeModelBinderProvider, Microsoft.AspNetCore.Mvc.ModelBinding.Binders.DateTimeModelBinderProvider, Microsoft.AspNetCore.Mvc.ModelBinding.Binders.SimpleTypeModelBinderProvider, Microsoft.AspNetCore.Mvc.ModelBinding.Binders.TryParseModelBinderProvider, Microsoft.AspNetCore.Mvc.ModelBinding.Binders.CancellationTokenModelBinderProvider, Microsoft.AspNetCore.Mvc.ModelBinding.Binders.ByteArrayModelBinderProvider, Microsoft.AspNetCore.Mvc.ModelBinding.Binders.FormFileModelBinderProvider, Microsoft.AspNetCore.Mvc.ModelBinding.Binders.FormCollectionModelBinderProvider, Microsoft.AspNetCore.Mvc.ModelBinding.Binders.KeyValuePairModelBinderProvider, Microsoft.AspNetCore.Mvc.ModelBinding.Binders.DictionaryModelBinderProvider, Microsoft.AspNetCore.Mvc.ModelBinding.Binders.ArrayModelBinderProvider, Microsoft.AspNetCore.Mvc.ModelBinding.Binders.CollectionModelBinderProvider, Microsoft.AspNetCore.Mvc.ModelBinding.Binders.ComplexObjectModelBinderProvider 
2024-03-22 11:32:01.5924|DEBUG|Microsoft.Extensions.Hosting.Internal.Host|Hosting starting 
2024-03-22 11:32:01.6431|INFO|Microsoft.AspNetCore.DataProtection.KeyManagement.XmlKeyManager|User profile is available. Using 'C:\Users\25968\AppData\Local\ASP.NET\DataProtection-Keys' as key repository and Windows DPAPI to encrypt keys at rest. 
2024-03-22 11:32:01.6541|DEBUG|Microsoft.AspNetCore.DataProtection.Repositories.FileSystemXmlRepository|Reading data from file 'C:\Users\25968\AppData\Local\ASP.NET\DataProtection-Keys\key-04331095-e001-4e86-a2a5-ac77c623d11c.xml'. 
2024-03-22 11:32:01.6625|DEBUG|Microsoft.AspNetCore.DataProtection.KeyManagement.XmlKeyManager|Found key {04331095-e001-4e86-a2a5-ac77c623d11c}. 
2024-03-22 11:32:01.6625|DEBUG|Microsoft.AspNetCore.DataProtection.KeyManagement.DefaultKeyResolver|Considering key {04331095-e001-4e86-a2a5-ac77c623d11c} with expiration date 2024-04-11 12:24:14Z as default key. 
2024-03-22 11:32:01.6776|DEBUG|Microsoft.AspNetCore.DataProtection.TypeForwardingActivator|Forwarded activator type request from Microsoft.AspNetCore.DataProtection.XmlEncryption.DpapiXmlDecryptor, Microsoft.AspNetCore.DataProtection, Version=8.0.0.0, Culture=neutral, PublicKeyToken=adb9793829ddae60 to Microsoft.AspNetCore.DataProtection.XmlEncryption.DpapiXmlDecryptor, Microsoft.AspNetCore.DataProtection, Culture=neutral, PublicKeyToken=adb9793829ddae60 
2024-03-22 11:32:01.6776|DEBUG|Microsoft.AspNetCore.DataProtection.XmlEncryption.DpapiXmlDecryptor|Decrypting secret element using Windows DPAPI. 
2024-03-22 11:32:01.6776|DEBUG|Microsoft.AspNetCore.DataProtection.TypeForwardingActivator|Forwarded activator type request from Microsoft.AspNetCore.DataProtection.AuthenticatedEncryption.ConfigurationModel.AuthenticatedEncryptorDescriptorDeserializer, Microsoft.AspNetCore.DataProtection, Version=8.0.0.0, Culture=neutral, PublicKeyToken=adb9793829ddae60 to Microsoft.AspNetCore.DataProtection.AuthenticatedEncryption.ConfigurationModel.AuthenticatedEncryptorDescriptorDeserializer, Microsoft.AspNetCore.DataProtection, Culture=neutral, PublicKeyToken=adb9793829ddae60 
2024-03-22 11:32:01.6776|DEBUG|Microsoft.AspNetCore.DataProtection.AuthenticatedEncryption.CngCbcAuthenticatedEncryptorFactory|Opening CNG algorithm 'AES' from provider '(null)' with chaining mode CBC. 
2024-03-22 11:32:01.6776|DEBUG|Microsoft.AspNetCore.DataProtection.AuthenticatedEncryption.CngCbcAuthenticatedEncryptorFactory|Opening CNG algorithm 'SHA256' from provider '(null)' with HMAC. 
2024-03-22 11:32:01.6776|DEBUG|Microsoft.AspNetCore.DataProtection.KeyManagement.KeyRingProvider|Using key {04331095-e001-4e86-a2a5-ac77c623d11c} as the default key. 
2024-03-22 11:32:01.6776|DEBUG|Microsoft.AspNetCore.DataProtection.Internal.DataProtectionHostedService|Key ring with default key {04331095-e001-4e86-a2a5-ac77c623d11c} was loaded during application startup. 
2024-03-22 11:32:02.0048|INFO|Microsoft.Hosting.Lifetime|Now listening on: https://localhost:7290 
2024-03-22 11:32:02.0048|INFO|Microsoft.Hosting.Lifetime|Now listening on: http://localhost:5167 
2024-03-22 11:32:02.0048|DEBUG|Microsoft.AspNetCore.Hosting.Diagnostics|Loaded hosting startup assembly LitZhu.WebApi 
2024-03-22 11:32:02.0048|DEBUG|Microsoft.AspNetCore.Hosting.Diagnostics|Loaded hosting startup assembly Microsoft.AspNetCore.Watch.BrowserRefresh 
2024-03-22 11:32:02.0048|DEBUG|Microsoft.AspNetCore.Hosting.Diagnostics|Loaded hosting startup assembly Microsoft.WebTools.BrowserLink.Net 
2024-03-22 11:32:02.0048|INFO|Microsoft.Hosting.Lifetime|Application started. Press Ctrl+C to shut down. 
2024-03-22 11:32:02.0048|INFO|Microsoft.Hosting.Lifetime|Hosting environment: Development 
2024-03-22 11:32:02.0048|INFO|Microsoft.Hosting.Lifetime|Content root path: D:\Desktop\website\litzhu\LitZhu_backend\LitZhu.WebApi 
2024-03-22 11:32:02.0048|DEBUG|Microsoft.Extensions.Hosting.Internal.Host|Hosting started 
2024-03-22 11:32:02.3177|DEBUG|Microsoft.AspNetCore.Server.Kestrel.Connections|Connection id "0HN2A42HOS4EF" accepted. 
2024-03-22 11:32:02.3177|DEBUG|Microsoft.AspNetCore.Server.Kestrel.Connections|Connection id "0HN2A42HOS4EF" started. 
2024-03-22 11:32:02.3177|DEBUG|Microsoft.AspNetCore.Server.Kestrel.Transport.Sockets|Connection id "0HN2A42HOS4EF" received FIN. 
2024-03-22 11:32:02.3177|DEBUG|Microsoft.AspNetCore.Server.Kestrel.Transport.Sockets|Connection id "0HN2A42HOS4EG" received FIN. 
2024-03-22 11:32:02.3361|DEBUG|Microsoft.AspNetCore.Server.Kestrel.Connections|Connection id "0HN2A42HOS4EG" accepted. 
2024-03-22 11:32:02.3361|DEBUG|Microsoft.AspNetCore.Server.Kestrel.Connections|Connection id "0HN2A42HOS4EG" started. 
2024-03-22 11:32:02.3361|DEBUG|Microsoft.AspNetCore.Server.Kestrel.Https.Internal.HttpsConnectionMiddleware|Failed to authenticate HTTPS connection. System.IO.IOException: Received an unexpected EOF or 0 bytes from the transport stream.
   at System.Net.Security.SslStream.ReceiveHandshakeFrameAsync[TIOAdapter](CancellationToken cancellationToken)
   at System.Net.Security.SslStream.ForceAuthenticationAsync[TIOAdapter](Boolean receiveFirst, Byte[] reAuthenticationData, CancellationToken cancellationToken)
   at System.Net.Security.SslStream.ProcessAuthenticationWithTelemetryAsync(Boolean isAsync, CancellationToken cancellationToken)
   at Microsoft.AspNetCore.Server.Kestrel.Https.Internal.HttpsConnectionMiddleware.OnConnectionAsync(ConnectionContext context)
2024-03-22 11:32:02.3361|DEBUG|Microsoft.AspNetCore.Server.Kestrel.Https.Internal.HttpsConnectionMiddleware|Failed to authenticate HTTPS connection. System.IO.IOException: Received an unexpected EOF or 0 bytes from the transport stream.
   at System.Net.Security.SslStream.ReceiveHandshakeFrameAsync[TIOAdapter](CancellationToken cancellationToken)
   at System.Net.Security.SslStream.ForceAuthenticationAsync[TIOAdapter](Boolean receiveFirst, Byte[] reAuthenticationData, CancellationToken cancellationToken)
   at System.Net.Security.SslStream.ProcessAuthenticationWithTelemetryAsync(Boolean isAsync, CancellationToken cancellationToken)
   at Microsoft.AspNetCore.Server.Kestrel.Https.Internal.HttpsConnectionMiddleware.OnConnectionAsync(ConnectionContext context)
2024-03-22 11:32:02.3531|DEBUG|Microsoft.AspNetCore.Server.Kestrel.Connections|Connection id "0HN2A42HOS4EG" stopped. 
2024-03-22 11:32:02.3531|DEBUG|Microsoft.AspNetCore.Server.Kestrel.Connections|Connection id "0HN2A42HOS4EF" stopped. 
2024-03-22 11:32:02.3531|DEBUG|Microsoft.AspNetCore.Server.Kestrel.Transport.Sockets|Connection id "0HN2A42HOS4EF" sending FIN because: "The Socket transport's send loop completed gracefully." 
2024-03-22 11:32:02.3531|DEBUG|Microsoft.AspNetCore.Server.Kestrel.Transport.Sockets|Connection id "0HN2A42HOS4EG" sending FIN because: "The Socket transport's send loop completed gracefully." 
2024-03-22 11:32:06.1955|DEBUG|Microsoft.AspNetCore.Server.Kestrel.Connections|Connection id "0HN2A42HOS4EH" accepted. 
2024-03-22 11:32:06.1955|DEBUG|Microsoft.AspNetCore.Server.Kestrel.Connections|Connection id "0HN2A42HOS4EH" started. 
2024-03-22 11:32:06.2847|DEBUG|Microsoft.AspNetCore.Server.Kestrel.Https.Internal.HttpsConnectionMiddleware|Connection 0HN2A42HOS4EH established using the following protocol: Tls13 
2024-03-22 11:32:06.3295|TRACE|Microsoft.AspNetCore.Server.Kestrel.Http2|Connection id "0HN2A42HOS4EH" sending SETTINGS frame for stream ID 0 with length 24 and flags NONE. 
2024-03-22 11:32:06.3338|TRACE|Microsoft.AspNetCore.Server.Kestrel.Http2|Connection id "0HN2A42HOS4EH" sending WINDOW_UPDATE frame for stream ID 0 with length 4 and flags 0x0. 
2024-03-22 11:32:06.3338|TRACE|Microsoft.AspNetCore.Server.Kestrel.Http2|Connection id "0HN2A42HOS4EH" received SETTINGS frame for stream ID 0 with length 24 and flags NONE. 
2024-03-22 11:32:06.3338|TRACE|Microsoft.AspNetCore.Server.Kestrel.Http2|Connection id "0HN2A42HOS4EH" sending SETTINGS frame for stream ID 0 with length 0 and flags ACK. 
2024-03-22 11:32:06.3338|TRACE|Microsoft.AspNetCore.Server.Kestrel.Http2|Connection id "0HN2A42HOS4EH" received WINDOW_UPDATE frame for stream ID 0 with length 4 and flags 0x0. 
2024-03-22 11:32:06.3338|TRACE|Microsoft.AspNetCore.Server.Kestrel.Http2|Connection id "0HN2A42HOS4EH" received HEADERS frame for stream ID 1 with length 463 and flags END_STREAM, END_HEADERS, PRIORITY. 
2024-03-22 11:32:06.3635|TRACE|Microsoft.AspNetCore.Server.Kestrel.Http2|Connection id "0HN2A42HOS4EH" received SETTINGS frame for stream ID 0 with length 0 and flags ACK. 
2024-03-22 11:32:06.3764|INFO|Microsoft.AspNetCore.Hosting.Diagnostics|Request starting HTTP/2 GET https://localhost:7290/swagger/index.html - - - 
2024-03-22 11:32:06.5842|DEBUG|Microsoft.AspNetCore.HostFiltering.HostFilteringMiddleware|Wildcard detected, all requests with hosts will be allowed. 
2024-03-22 11:32:06.5842|TRACE|Microsoft.AspNetCore.HostFiltering.HostFilteringMiddleware|All hosts are allowed. 
2024-03-22 11:32:06.6186|DEBUG|Microsoft.AspNetCore.Routing.Matching.DfaMatcher|No candidates found for the request path '/swagger/index.html' 
2024-03-22 11:32:06.6186|DEBUG|Microsoft.AspNetCore.Routing.EndpointRoutingMiddleware|Request did not match any endpoints 
2024-03-22 11:32:06.7499|DEBUG|Microsoft.AspNetCore.Watch.BrowserRefresh.BrowserRefreshMiddleware|Response markup is scheduled to include browser refresh script injection. 
2024-03-22 11:32:06.7499|TRACE|Microsoft.AspNetCore.Server.Kestrel.Http2|Connection id "0HN2A42HOS4EH" sending HEADERS frame for stream ID 1 with length 66 and flags END_HEADERS. 
2024-03-22 11:32:06.7628|TRACE|Microsoft.AspNetCore.Server.Kestrel.Http2|Connection id "0HN2A42HOS4EH" sending DATA frame for stream ID 1 with length 4096 and flags NONE. 
2024-03-22 11:32:06.7713|TRACE|Microsoft.AspNetCore.Server.Kestrel.Http2|Connection id "0HN2A42HOS4EH" sending DATA frame for stream ID 1 with length 992 and flags NONE. 
2024-03-22 11:32:06.7713|TRACE|Microsoft.AspNetCore.Server.Kestrel.Http2|Connection id "0HN2A42HOS4EH" sending DATA frame for stream ID 1 with length 81 and flags NONE. 
2024-03-22 11:32:06.7713|DEBUG|Microsoft.AspNetCore.Watch.BrowserRefresh.BrowserRefreshMiddleware|Response markup was updated to include browser refresh script injection. 
2024-03-22 11:32:06.7713|TRACE|Microsoft.AspNetCore.Server.Kestrel.Http2|Connection id "0HN2A42HOS4EH" sending DATA frame for stream ID 1 with length 0 and flags END_STREAM. 
2024-03-22 11:32:06.7713|INFO|Microsoft.AspNetCore.Hosting.Diagnostics|Request finished HTTP/2 GET https://localhost:7290/swagger/index.html - 200 - text/html;charset=utf-8 410.5404ms 
2024-03-22 11:32:06.8258|TRACE|Microsoft.AspNetCore.Server.Kestrel.Http2|Connection id "0HN2A42HOS4EH" received HEADERS frame for stream ID 3 with length 109 and flags END_STREAM, END_HEADERS, PRIORITY. 
2024-03-22 11:32:06.8258|INFO|Microsoft.AspNetCore.Hosting.Diagnostics|Request starting HTTP/2 GET https://localhost:7290/_framework/aspnetcore-browser-refresh.js - - - 
2024-03-22 11:32:06.8323|TRACE|Microsoft.AspNetCore.Server.Kestrel.Http2|Connection id "0HN2A42HOS4EH" sending HEADERS frame for stream ID 3 with length 60 and flags END_HEADERS. 
2024-03-22 11:32:06.8323|TRACE|Microsoft.AspNetCore.Server.Kestrel.Http2|Connection id "0HN2A42HOS4EH" sending DATA frame for stream ID 3 with length 13761 and flags NONE. 
2024-03-22 11:32:06.8323|TRACE|Microsoft.AspNetCore.Server.Kestrel.Http2|Connection id "0HN2A42HOS4EH" sending DATA frame for stream ID 3 with length 0 and flags END_STREAM. 
2024-03-22 11:32:06.8323|INFO|Microsoft.AspNetCore.Hosting.Diagnostics|Request finished HTTP/2 GET https://localhost:7290/_framework/aspnetcore-browser-refresh.js - 200 13761 application/javascript;+charset=utf-8 7.7977ms 
2024-03-22 11:32:06.9340|TRACE|Microsoft.AspNetCore.Server.Kestrel.Http2|Connection id "0HN2A42HOS4EH" received HEADERS frame for stream ID 5 with length 57 and flags END_STREAM, END_HEADERS, PRIORITY. 
2024-03-22 11:32:06.9340|INFO|Microsoft.AspNetCore.Hosting.Diagnostics|Request starting HTTP/2 GET https://localhost:7290/_vs/browserLink - - - 
2024-03-22 11:32:06.9862|TRACE|Microsoft.AspNetCore.Server.Kestrel.Http2|Connection id "0HN2A42HOS4EH" sending HEADERS frame for stream ID 5 with length 149 and flags END_HEADERS. 
2024-03-22 11:32:06.9862|TRACE|Microsoft.AspNetCore.Server.Kestrel.Http2|Connection id "0HN2A42HOS4EH" sending DATA frame for stream ID 5 with length 9986 and flags NONE. 
2024-03-22 11:32:06.9911|TRACE|Microsoft.AspNetCore.Server.Kestrel.Http2|Connection id "0HN2A42HOS4EH" sending DATA frame for stream ID 5 with length 10240 and flags NONE. 
2024-03-22 11:32:06.9911|TRACE|Microsoft.AspNetCore.Server.Kestrel.Http2|Connection id "0HN2A42HOS4EH" sending DATA frame for stream ID 5 with length 10240 and flags NONE. 
2024-03-22 11:32:06.9911|TRACE|Microsoft.AspNetCore.Server.Kestrel.Http2|Connection id "0HN2A42HOS4EH" sending DATA frame for stream ID 5 with length 10240 and flags NONE. 
2024-03-22 11:32:06.9911|TRACE|Microsoft.AspNetCore.Server.Kestrel.Http2|Connection id "0HN2A42HOS4EH" sending DATA frame for stream ID 5 with length 10240 and flags NONE. 
2024-03-22 11:32:06.9911|TRACE|Microsoft.AspNetCore.Server.Kestrel.Http2|Connection id "0HN2A42HOS4EH" sending DATA frame for stream ID 5 with length 10240 and flags NONE. 
2024-03-22 11:32:06.9911|TRACE|Microsoft.AspNetCore.Server.Kestrel.Http2|Connection id "0HN2A42HOS4EH" sending DATA frame for stream ID 5 with length 10240 and flags NONE. 
2024-03-22 11:32:06.9911|TRACE|Microsoft.AspNetCore.Server.Kestrel.Http2|Connection id "0HN2A42HOS4EH" sending DATA frame for stream ID 5 with length 10240 and flags NONE. 
2024-03-22 11:32:06.9911|TRACE|Microsoft.AspNetCore.Server.Kestrel.Http2|Connection id "0HN2A42HOS4EH" sending DATA frame for stream ID 5 with length 10240 and flags NONE. 
2024-03-22 11:32:06.9911|TRACE|Microsoft.AspNetCore.Server.Kestrel.Http2|Connection id "0HN2A42HOS4EH" sending DATA frame for stream ID 5 with length 10240 and flags NONE. 
2024-03-22 11:32:06.9911|TRACE|Microsoft.AspNetCore.Server.Kestrel.Http2|Connection id "0HN2A42HOS4EH" sending DATA frame for stream ID 5 with length 10240 and flags NONE. 
2024-03-22 11:32:06.9911|TRACE|Microsoft.AspNetCore.Server.Kestrel.Http2|Connection id "0HN2A42HOS4EH" sending DATA frame for stream ID 5 with length 10240 and flags NONE. 
2024-03-22 11:32:07.0059|TRACE|Microsoft.AspNetCore.Server.Kestrel.Http2|Connection id "0HN2A42HOS4EH" sending DATA frame for stream ID 5 with length 10240 and flags NONE. 
2024-03-22 11:32:07.0059|TRACE|Microsoft.AspNetCore.Server.Kestrel.Http2|Connection id "0HN2A42HOS4EH" sending DATA frame for stream ID 5 with length 10240 and flags NONE. 
2024-03-22 11:32:07.0059|TRACE|Microsoft.AspNetCore.Server.Kestrel.Http2|Connection id "0HN2A42HOS4EH" sending DATA frame for stream ID 5 with length 10240 and flags NONE. 
2024-03-22 11:32:07.0059|TRACE|Microsoft.AspNetCore.Server.Kestrel.Http2|Connection id "0HN2A42HOS4EH" sending DATA frame for stream ID 5 with length 160 and flags NONE. 
2024-03-22 11:32:07.0059|INFO|Microsoft.AspNetCore.Hosting.Diagnostics|Request finished HTTP/2 GET https://localhost:7290/_vs/browserLink - 200 - text/javascript;+charset=UTF-8 76.9654ms 
2024-03-22 11:32:07.0059|TRACE|Microsoft.AspNetCore.Server.Kestrel.Http2|Connection id "0HN2A42HOS4EH" sending DATA frame for stream ID 5 with length 0 and flags END_STREAM. 
2024-03-22 11:32:07.3964|TRACE|Microsoft.AspNetCore.Server.Kestrel.Http2|Connection id "0HN2A42HOS4EH" received HEADERS frame for stream ID 7 with length 66 and flags END_STREAM, END_HEADERS, PRIORITY. 
2024-03-22 11:32:07.3964|INFO|Microsoft.AspNetCore.Hosting.Diagnostics|Request starting HTTP/2 GET https://localhost:7290/swagger/v1/swagger.json - - - 
2024-03-22 11:32:07.3964|TRACE|Microsoft.AspNetCore.HostFiltering.HostFilteringMiddleware|All hosts are allowed. 
2024-03-22 11:32:07.3964|DEBUG|Microsoft.AspNetCore.Routing.Matching.DfaMatcher|No candidates found for the request path '/swagger/v1/swagger.json' 
2024-03-22 11:32:07.3964|DEBUG|Microsoft.AspNetCore.Routing.EndpointRoutingMiddleware|Request did not match any endpoints 
2024-03-22 11:32:07.8347|TRACE|Microsoft.AspNetCore.Server.Kestrel.Http2|Connection id "0HN2A42HOS4EH" sending HEADERS frame for stream ID 7 with length 35 and flags END_HEADERS. 
2024-03-22 11:32:07.8347|TRACE|Microsoft.AspNetCore.Server.Kestrel.Http2|Connection id "0HN2A42HOS4EH" sending DATA frame for stream ID 7 with length 16384 and flags NONE. 
2024-03-22 11:32:07.8347|TRACE|Microsoft.AspNetCore.Server.Kestrel.Http2|Connection id "0HN2A42HOS4EH" sending DATA frame for stream ID 7 with length 16384 and flags NONE. 
2024-03-22 11:32:07.8347|TRACE|Microsoft.AspNetCore.Server.Kestrel.Http2|Connection id "0HN2A42HOS4EH" sending DATA frame for stream ID 7 with length 16384 and flags NONE. 
2024-03-22 11:32:07.8347|TRACE|Microsoft.AspNetCore.Server.Kestrel.Http2|Connection id "0HN2A42HOS4EH" sending DATA frame for stream ID 7 with length 9384 and flags NONE. 
2024-03-22 11:32:07.8347|TRACE|Microsoft.AspNetCore.Server.Kestrel.Http2|Connection id "0HN2A42HOS4EH" sending DATA frame for stream ID 7 with length 0 and flags END_STREAM. 
2024-03-22 11:32:07.8347|INFO|Microsoft.AspNetCore.Hosting.Diagnostics|Request finished HTTP/2 GET https://localhost:7290/swagger/v1/swagger.json - 200 - application/json;charset=utf-8 445.1791ms 
2024-03-22 11:32:08.5789|DEBUG|Microsoft.AspNetCore.Server.Kestrel.Transport.Sockets|Connection id "0HN2A42HOS4EH" received FIN. 
2024-03-22 11:32:08.5840|DEBUG|Microsoft.AspNetCore.Server.Kestrel.Http2|The connection queue processing loop for 0HN2A42HOS4EH completed. 
2024-03-22 11:32:08.5840|DEBUG|Microsoft.AspNetCore.Server.Kestrel.Http2|Connection id "0HN2A42HOS4EH" is closed. The last processed stream ID was 7. 
2024-03-22 11:32:08.5840|DEBUG|Microsoft.AspNetCore.Server.Kestrel.Transport.Sockets|Connection id "0HN2A42HOS4EH" sending FIN because: "The Socket transport's send loop completed gracefully." 
2024-03-22 11:32:08.5840|DEBUG|Microsoft.AspNetCore.Server.Kestrel.Connections|Connection id "0HN2A42HOS4EH" stopped. 
